road,roadName,totalAccidents,yearsWithAccidents
http://www.semanticweb.org/nicol/ontologies/2025/9/traffic/instance/road_6922202,Rijksweg A15,2779,3
http://www.semanticweb.org/nicol/ontologies/2025/9/traffic/instance/road_6924066,Rijksweg A15,621,3
http://www.semanticweb.org/nicol/ontologies/2025/9/traffic/instance/road_7379192,Ringweg-West,301,3
http://www.semanticweb.org/nicol/ontologies/2025/9/traffic/instance/road_7045322,Ringweg-Oost,284,3
http://www.semanticweb.org/nicol/ontologies/2025/9/traffic/instance/road_7072183,John F Kennedylaan,280,3
http://www.semanticweb.org/nicol/ontologies/2025/9/traffic/instance/road_721901494,Poot van Metz,244,3
http://www.semanticweb.org/nicol/ontologies/2025/9/traffic/instance/road_116455452,Rijksweg,206,3
http://www.semanticweb.org/nicol/ontologies/2025/9/traffic/instance/road_1359873422,Rijksweg A1 De Paal,201,3
http://www.semanticweb.org/nicol/ontologies/2025/9/traffic/instance/road_7089343,Beneluxplein,199,3
http://www.semanticweb.org/nicol/ontologies/2025/9/traffic/instance/road_509618594,Rijksweg,149,3
http://www.semanticweb.org/nicol/ontologies/2025/9/traffic/instance/road_941991302,Rijksweg,129,3
http://www.semanticweb.org/nicol/ontologies/2025/9/traffic/instance/road_6381894,Dr. W. Dreeslaan,122,3
http://www.semanticweb.org/nicol/ontologies/2025/9/traffic/instance/road_7302625,Rijksweg,116,3
http://www.semanticweb.org/nicol/ontologies/2025/9/traffic/instance/road_221205616,Ringweg-West,113,3
http://www.semanticweb.org/nicol/ontologies/2025/9/traffic/instance/road_759202112,Rijksweg,108,3
http://www.semanticweb.org/nicol/ontologies/2025/9/traffic/instance/road_6631085,Rijksweg,105,3
http://www.semanticweb.org/nicol/ontologies/2025/9/traffic/instance/road_7302620,Rijksweg,104,3
http://www.semanticweb.org/nicol/ontologies/2025/9/traffic/instance/road_1147959287,Waterlinieweg,102,3
http://www.semanticweb.org/nicol/ontologies/2025/9/traffic/instance/road_1359873414,Rijksweg A1 De Paal,99,3
http://www.semanticweb.org/nicol/ontologies/2025/9/traffic/instance/road_69054575,Rijksweg,99,3
http://www.semanticweb.org/nicol/ontologies/2025/9/traffic/instance/road_6711682,St. Annastraat,98,3
http://www.semanticweb.org/nicol/ontologies/2025/9/traffic/instance/road_947310929,Rijksweg,98,3
http://www.semanticweb.org/nicol/ontologies/2025/9/traffic/instance/road_133607744,Rijksweg,96,3
http://www.semanticweb.org/nicol/ontologies/2025/9/traffic/instance/road_1323520335,Provinciale weg,96,3
http://www.semanticweb.org/nicol/ontologies/2025/9/traffic/instance/road_6563983,Waadseewei,95,3
http://www.semanticweb.org/nicol/ontologies/2025/9/traffic/instance/road_6450228,Rijksweg,82,3
http://www.semanticweb.org/nicol/ontologies/2025/9/traffic/instance/road_509656647,Dassenbaan,79,3
http://www.semanticweb.org/nicol/ontologies/2025/9/traffic/instance/road_140826822,Westrandweg,77,3
http://www.semanticweb.org/nicol/ontologies/2025/9/traffic/instance/road_574026452,Ringbaan-Zuid,72,3
http://www.semanticweb.org/nicol/ontologies/2025/9/traffic/instance/road_7381798,Ringweg-West,69,3
http://www.semanticweb.org/nicol/ontologies/2025/9/traffic/instance/road_409314345,Gaasperdammerweg,66,3
http://www.semanticweb.org/nicol/ontologies/2025/9/traffic/instance/road_7489450,Troelstrakade,62,3
http://www.semanticweb.org/nicol/ontologies/2025/9/traffic/instance/road_952735550,Dassenbaan,60,3
http://www.semanticweb.org/nicol/ontologies/2025/9/traffic/instance/road_486782034,Ringweg-Zuid,59,3
http://www.semanticweb.org/nicol/ontologies/2025/9/traffic/instance/road_746743735,Zonweg,59,3
http://www.semanticweb.org/nicol/ontologies/2025/9/traffic/instance/road_6884681,Slenkweg,54,3
http://www.semanticweb.org/nicol/ontologies/2025/9/traffic/instance/road_1076440215,Einsteinweg,53,3
http://www.semanticweb.org/nicol/ontologies/2025/9/traffic/instance/road_388008049,Einsteinweg,53,3
http://www.semanticweb.org/nicol/ontologies/2025/9/traffic/instance/road_1093953832,Ringweg-Zuid,53,3
http://www.semanticweb.org/nicol/ontologies/2025/9/traffic/instance/road_1151517013,van Heuven Goedhartlaan,52,3
http://www.semanticweb.org/nicol/ontologies/2025/9/traffic/instance/road_682662372,Goudenregenstraat,52,3
http://www.semanticweb.org/nicol/ontologies/2025/9/traffic/instance/road_7476571,Spui,52,3
http://www.semanticweb.org/nicol/ontologies/2025/9/traffic/instance/road_968847006,Burgemeester van Sonweg,52,3
http://www.semanticweb.org/nicol/ontologies/2025/9/traffic/instance/road_1096119816,Rijksweg,52,3
http://www.semanticweb.org/nicol/ontologies/2025/9/traffic/instance/road_1097981340,Kempstraat,51,3
http://www.semanticweb.org/nicol/ontologies/2025/9/traffic/instance/road_79344203,Rijksstraatweg,50,3
http://www.semanticweb.org/nicol/ontologies/2025/9/traffic/instance/road_376761287,Maasroute,50,3
http://www.semanticweb.org/nicol/ontologies/2025/9/traffic/instance/road_39905805,Bosseweg,50,3
http://www.semanticweb.org/nicol/ontologies/2025/9/traffic/instance/road_6600993,Provincialeweg,49,3
http://www.semanticweb.org/nicol/ontologies/2025/9/traffic/instance/road_489564818,Eindhovenseweg-Zuid,49,3
http://www.semanticweb.org/nicol/ontologies/2025/9/traffic/instance/road_184794421,Nieuwe Leeuwarderweg,49,2
http://www.semanticweb.org/nicol/ontologies/2025/9/traffic/instance/road_7381723,Ringweg-Zuid,48,3
http://www.semanticweb.org/nicol/ontologies/2025/9/traffic/instance/road_491590642,Ringweg-West,47,3
http://www.semanticweb.org/nicol/ontologies/2025/9/traffic/instance/road_7493022,Hengelolaan,47,3
http://www.semanticweb.org/nicol/ontologies/2025/9/traffic/instance/road_1304040809,Gooiseweg,47,2
http://www.semanticweb.org/nicol/ontologies/2025/9/traffic/instance/road_6850623,Europaweg,46,3
http://www.semanticweb.org/nicol/ontologies/2025/9/traffic/instance/road_315069704,Dordtselaan,46,3
http://www.semanticweb.org/nicol/ontologies/2025/9/traffic/instance/road_621490784,Rijksweg,46,3
http://www.semanticweb.org/nicol/ontologies/2025/9/traffic/instance/road_43584249,Poot van Metz,46,3
http://www.semanticweb.org/nicol/ontologies/2025/9/traffic/instance/road_123379292,Ringweg-Noord,46,3
http://www.semanticweb.org/nicol/ontologies/2025/9/traffic/instance/road_1170344667,Provinciale weg,46,3
http://www.semanticweb.org/nicol/ontologies/2025/9/traffic/instance/road_79344275,Rijksstraatweg,45,3
http://www.semanticweb.org/nicol/ontologies/2025/9/traffic/instance/road_7080494,Helvoirtseweg,45,3
http://www.semanticweb.org/nicol/ontologies/2025/9/traffic/instance/road_7118540,Rijksweg,45,3
http://www.semanticweb.org/nicol/ontologies/2025/9/traffic/instance/road_6849016,Europaweg,44,3
http://www.semanticweb.org/nicol/ontologies/2025/9/traffic/instance/road_6678514,Rembrandtlaan,44,2
http://www.semanticweb.org/nicol/ontologies/2025/9/traffic/instance/road_858735028,Schipholweg,44,3
http://www.semanticweb.org/nicol/ontologies/2025/9/traffic/instance/road_541074543,Stadhouderskade,43,3
http://www.semanticweb.org/nicol/ontologies/2025/9/traffic/instance/road_142175517,Eindhovenseweg-Zuid,43,3
http://www.semanticweb.org/nicol/ontologies/2025/9/traffic/instance/road_7467810,Utrechtsebaan,43,3
http://www.semanticweb.org/nicol/ontologies/2025/9/traffic/instance/road_691294227,Nieuwe Binnenweg,42,3
http://www.semanticweb.org/nicol/ontologies/2025/9/traffic/instance/road_7204570,Haydnstraat,42,2
http://www.semanticweb.org/nicol/ontologies/2025/9/traffic/instance/road_7042488,Ringweg-Noord,42,3
http://www.semanticweb.org/nicol/ontologies/2025/9/traffic/instance/road_131302647,Schiedamseweg,42,3
http://www.semanticweb.org/nicol/ontologies/2025/9/traffic/instance/road_730222432,Weg der Verenigde Naties,42,3
http://www.semanticweb.org/nicol/ontologies/2025/9/traffic/instance/road_43658983,Poot van Metz,41,3
http://www.semanticweb.org/nicol/ontologies/2025/9/traffic/instance/road_7374869,Ringweg-Zuid,41,3
http://www.semanticweb.org/nicol/ontologies/2025/9/traffic/instance/road_7377783,Coentunnelweg,40,3
http://www.semanticweb.org/nicol/ontologies/2025/9/traffic/instance/road_47293800,Mathenesserweg,40,3
http://www.semanticweb.org/nicol/ontologies/2025/9/traffic/instance/road_130303139,Coolsingel,40,3
http://www.semanticweb.org/nicol/ontologies/2025/9/traffic/instance/road_7244012,Van Beethovenlaan,40,3
http://www.semanticweb.org/nicol/ontologies/2025/9/traffic/instance/road_59133167,Provincialeweg Zuna,40,3
http://www.semanticweb.org/nicol/ontologies/2025/9/traffic/instance/road_166715962,Rijksstraatweg,40,3
http://www.semanticweb.org/nicol/ontologies/2025/9/traffic/instance/road_761595811,IJdoornlaan,40,2
http://www.semanticweb.org/nicol/ontologies/2025/9/traffic/instance/road_375809547,Provincialeweg,39,3
http://www.semanticweb.org/nicol/ontologies/2025/9/traffic/instance/road_7481024,Leeghwaterplein,39,3
http://www.semanticweb.org/nicol/ontologies/2025/9/traffic/instance/road_859704530,Ringweg-West,39,3
http://www.semanticweb.org/nicol/ontologies/2025/9/traffic/instance/road_117425825,Afsluitdijk,39,3
http://www.semanticweb.org/nicol/ontologies/2025/9/traffic/instance/road_1359663076,Ringweg-Zuid,39,3
http://www.semanticweb.org/nicol/ontologies/2025/9/traffic/instance/road_6877064,Nijmeegseweg,39,3
http://www.semanticweb.org/nicol/ontologies/2025/9/traffic/instance/road_386870306,Cornelis Lelylaan,39,2
http://www.semanticweb.org/nicol/ontologies/2025/9/traffic/instance/road_1094472933,Rijksweg,38,3
http://www.semanticweb.org/nicol/ontologies/2025/9/traffic/instance/road_7367352,Mijdrechtse Zuwe,38,3
http://www.semanticweb.org/nicol/ontologies/2025/9/traffic/instance/road_510879586,Rijksweg,38,3
http://www.semanticweb.org/nicol/ontologies/2025/9/traffic/instance/road_184830145,Bosdreef,38,3
http://www.semanticweb.org/nicol/ontologies/2025/9/traffic/instance/road_135300308,Beresteinlaan,38,3
http://www.semanticweb.org/nicol/ontologies/2025/9/traffic/instance/road_7481055,Parallelweg,38,3
http://www.semanticweb.org/nicol/ontologies/2025/9/traffic/instance/road_49427623,Graafsebaan,38,3
http://www.semanticweb.org/nicol/ontologies/2025/9/traffic/instance/road_6848722,Europaweg,38,3
http://www.semanticweb.org/nicol/ontologies/2025/9/traffic/instance/road_26957030,Nieuwe Haagseweg,38,3
http://www.semanticweb.org/nicol/ontologies/2025/9/traffic/instance/road_138410817,Neerbosscheweg,38,3
http://www.semanticweb.org/nicol/ontologies/2025/9/traffic/instance/road_1146987276,Burgemeester Bechtweg,38,2
http://www.semanticweb.org/nicol/ontologies/2025/9/traffic/instance/road_818446583,Hoefkade,37,3
http://www.semanticweb.org/nicol/ontologies/2025/9/traffic/instance/road_7376163,De Ruijterkade,37,3
http://www.semanticweb.org/nicol/ontologies/2025/9/traffic/instance/road_7039945,IJburglaan,36,3
http://www.semanticweb.org/nicol/ontologies/2025/9/traffic/instance/road_65421585,Rozengracht,36,3
http://www.semanticweb.org/nicol/ontologies/2025/9/traffic/instance/road_7480753,Van der Kunstraat,36,3
http://www.semanticweb.org/nicol/ontologies/2025/9/traffic/instance/road_43584254,Poot van Metz,36,3
http://www.semanticweb.org/nicol/ontologies/2025/9/traffic/instance/road_667325194,Dedemsvaartweg,36,3
http://www.semanticweb.org/nicol/ontologies/2025/9/traffic/instance/road_7205596,Besterdring,36,3
http://www.semanticweb.org/nicol/ontologies/2025/9/traffic/instance/road_7370135,Ringweg-Zuid,36,3
http://www.semanticweb.org/nicol/ontologies/2025/9/traffic/instance/road_852173505,Ringweg-West,36,3
http://www.semanticweb.org/nicol/ontologies/2025/9/traffic/instance/road_56993702,Poot van Metz,35,3
http://www.semanticweb.org/nicol/ontologies/2025/9/traffic/instance/road_151150842,Waldorpstraat,35,3
http://www.semanticweb.org/nicol/ontologies/2025/9/traffic/instance/road_7368902,Ringweg-Zuid,35,3
http://www.semanticweb.org/nicol/ontologies/2025/9/traffic/instance/road_7148682,Broekdalerbaan,35,3
http://www.semanticweb.org/nicol/ontologies/2025/9/traffic/instance/road_35949853,Nieuwe Haagseweg,35,3
http://www.semanticweb.org/nicol/ontologies/2025/9/traffic/instance/road_231949803,Nieuwe Haagseweg,35,3
http://www.semanticweb.org/nicol/ontologies/2025/9/traffic/instance/road_6850635,Slenkweg,35,3
http://www.semanticweb.org/nicol/ontologies/2025/9/traffic/instance/road_6694802,Winterswijkseweg,34,3
http://www.semanticweb.org/nicol/ontologies/2025/9/traffic/instance/road_7381725,Nieuwe Haagseweg,34,3
http://www.semanticweb.org/nicol/ontologies/2025/9/traffic/instance/road_58660288,Dordtsestraatweg,34,3
http://www.semanticweb.org/nicol/ontologies/2025/9/traffic/instance/road_184222231,Lijnbaan,34,3
http://www.semanticweb.org/nicol/ontologies/2025/9/traffic/instance/road_6731226,Rijksweg,34,3
http://www.semanticweb.org/nicol/ontologies/2025/9/traffic/instance/road_208472730,Europaweg,34,3
http://www.semanticweb.org/nicol/ontologies/2025/9/traffic/instance/road_492055388,Rijksweg,34,3
http://www.semanticweb.org/nicol/ontologies/2025/9/traffic/instance/road_7131516,Maaseikerweg,34,3
http://www.semanticweb.org/nicol/ontologies/2025/9/traffic/instance/road_495535097,Ringweg-Oost,34,3
http://www.semanticweb.org/nicol/ontologies/2025/9/traffic/instance/road_7035084,Rijksweg,34,3
http://www.semanticweb.org/nicol/ontologies/2025/9/traffic/instance/road_232318556,Groene Kruisweg,34,2
http://www.semanticweb.org/nicol/ontologies/2025/9/traffic/instance/road_1306105603,Amstelveenseweg,34,2
http://www.semanticweb.org/nicol/ontologies/2025/9/traffic/instance/road_6957406,Wesselseweg,33,3
http://www.semanticweb.org/nicol/ontologies/2025/9/traffic/instance/road_6600980,Provincialeweg,33,3
http://www.semanticweb.org/nicol/ontologies/2025/9/traffic/instance/road_7373795,Overtoom,33,3
http://www.semanticweb.org/nicol/ontologies/2025/9/traffic/instance/road_545946445,Prinses Beatrixlaan,33,3
http://www.semanticweb.org/nicol/ontologies/2025/9/traffic/instance/road_7521846,Oudedijk,33,3
http://www.semanticweb.org/nicol/ontologies/2025/9/traffic/instance/road_7513665,Dordtselaan,33,3
http://www.semanticweb.org/nicol/ontologies/2025/9/traffic/instance/road_48655997,Tilburgseweg,33,3
http://www.semanticweb.org/nicol/ontologies/2025/9/traffic/instance/road_694328267,Hobbemastraat,33,3
http://www.semanticweb.org/nicol/ontologies/2025/9/traffic/instance/road_7480674,Waldorpstraat,33,3
http://www.semanticweb.org/nicol/ontologies/2025/9/traffic/instance/road_6947561,Linkermaasoeverweg,33,3
http://www.semanticweb.org/nicol/ontologies/2025/9/traffic/instance/road_6536394,Rondweg-Noord,33,3
http://www.semanticweb.org/nicol/ontologies/2025/9/traffic/instance/road_1004413417,Backer en Ruebweg,33,2
http://www.semanticweb.org/nicol/ontologies/2025/9/traffic/instance/road_532875267,Europaweg,33,2
http://www.semanticweb.org/nicol/ontologies/2025/9/traffic/instance/road_7118768,Rijksweg,32,3
http://www.semanticweb.org/nicol/ontologies/2025/9/traffic/instance/road_7044070,Ringweg-Oost,32,3
http://www.semanticweb.org/nicol/ontologies/2025/9/traffic/instance/road_509486307,Europaweg,32,3
http://www.semanticweb.org/nicol/ontologies/2025/9/traffic/instance/road_6594646,Kolkweg,32,3
http://www.semanticweb.org/nicol/ontologies/2025/9/traffic/instance/road_7382988,Ringweg-West,32,3
http://www.semanticweb.org/nicol/ontologies/2025/9/traffic/instance/road_345622189,Koningstraat,32,3
http://www.semanticweb.org/nicol/ontologies/2025/9/traffic/instance/road_1377476320,Hofplein,32,3
http://www.semanticweb.org/nicol/ontologies/2025/9/traffic/instance/road_6503655,IJsselallee,32,3
http://www.semanticweb.org/nicol/ontologies/2025/9/traffic/instance/road_721901496,Poot van Metz,32,3
http://www.semanticweb.org/nicol/ontologies/2025/9/traffic/instance/road_83069562,Afsluitdijk,31,3
http://www.semanticweb.org/nicol/ontologies/2025/9/traffic/instance/road_1034879252,Weg der Verenigde Naties,31,3
http://www.semanticweb.org/nicol/ontologies/2025/9/traffic/instance/road_740407528,Zeilstraat,31,3
http://www.semanticweb.org/nicol/ontologies/2025/9/traffic/instance/road_130106320,Westrandweg,31,3
http://www.semanticweb.org/nicol/ontologies/2025/9/traffic/instance/road_6836002,Delhuijzenweg,31,3
http://www.semanticweb.org/nicol/ontologies/2025/9/traffic/instance/road_1084015753,Torenstraat,31,3
http://www.semanticweb.org/nicol/ontologies/2025/9/traffic/instance/road_6683519,Nijverdalsestraat,31,3
http://www.semanticweb.org/nicol/ontologies/2025/9/traffic/instance/road_899924646,Rijksstraatweg,31,3
http://www.semanticweb.org/nicol/ontologies/2025/9/traffic/instance/road_82955400,Ringweg-Noord,31,3
http://www.semanticweb.org/nicol/ontologies/2025/9/traffic/instance/road_7040861,Ringweg-Noord,31,3
http://www.semanticweb.org/nicol/ontologies/2025/9/traffic/instance/road_7075232,Helvoirtseweg,31,3
http://www.semanticweb.org/nicol/ontologies/2025/9/traffic/instance/road_1329405594,Hilversumseweg,30,3
http://www.semanticweb.org/nicol/ontologies/2025/9/traffic/instance/road_1329405595,Hilversumseweg,30,3
http://www.semanticweb.org/nicol/ontologies/2025/9/traffic/instance/road_7041917,Ringweg-Noord,30,3
http://www.semanticweb.org/nicol/ontologies/2025/9/traffic/instance/road_793414764,Lage Witsiebaan,30,3
http://www.semanticweb.org/nicol/ontologies/2025/9/traffic/instance/road_1395719960,Erasmusweg,30,3
http://www.semanticweb.org/nicol/ontologies/2025/9/traffic/instance/road_691260982,Zaagmolenstraat,30,3
http://www.semanticweb.org/nicol/ontologies/2025/9/traffic/instance/road_928820585,van Heemstraweg-west,30,3
http://www.semanticweb.org/nicol/ontologies/2025/9/traffic/instance/road_739745380,Haarlemmerweg,30,3
http://www.semanticweb.org/nicol/ontologies/2025/9/traffic/instance/road_7068179,Amsterdamsestraatweg,30,3
http://www.semanticweb.org/nicol/ontologies/2025/9/traffic/instance/road_990425309,Verlengde Arnhemseweg,30,3
http://www.semanticweb.org/nicol/ontologies/2025/9/traffic/instance/road_822598789,Nieuwe Haagseweg,30,3
http://www.semanticweb.org/nicol/ontologies/2025/9/traffic/instance/road_224160844,'s-Gravendijkwal,30,2
http://www.semanticweb.org/nicol/ontologies/2025/9/traffic/instance/road_44788869,Vaillantlaan,29,3
http://www.semanticweb.org/nicol/ontologies/2025/9/traffic/instance/road_7512334,Strevelsweg,29,3
http://www.semanticweb.org/nicol/ontologies/2025/9/traffic/instance/road_7525948,Pompenburg,29,3
http://www.semanticweb.org/nicol/ontologies/2025/9/traffic/instance/road_6849046,Otterloseweg,29,3
http://www.semanticweb.org/nicol/ontologies/2025/9/traffic/instance/road_612237839,Wibautstraat,29,3
http://www.semanticweb.org/nicol/ontologies/2025/9/traffic/instance/road_6849015,Europaweg,29,3
http://www.semanticweb.org/nicol/ontologies/2025/9/traffic/instance/road_6875799,Pleijweg,29,3
http://www.semanticweb.org/nicol/ontologies/2025/9/traffic/instance/road_300547429,Kralingseplein,29,3
http://www.semanticweb.org/nicol/ontologies/2025/9/traffic/instance/road_6924019,Hoofdstraat,29,3
http://www.semanticweb.org/nicol/ontologies/2025/9/traffic/instance/road_127568194,Utrechtsebaan,29,3
http://www.semanticweb.org/nicol/ontologies/2025/9/traffic/instance/road_525708852,Hoge Poeldonk,29,3
http://www.semanticweb.org/nicol/ontologies/2025/9/traffic/instance/road_126730141,Beneluxweg,29,3
http://www.semanticweb.org/nicol/ontologies/2025/9/traffic/instance/road_576413311,Wolfsputter Baan,29,2
http://www.semanticweb.org/nicol/ontologies/2025/9/traffic/instance/road_126443283,Stationsweg,28,3
http://www.semanticweb.org/nicol/ontologies/2025/9/traffic/instance/road_7330191,Strevelsweg,28,3
http://www.semanticweb.org/nicol/ontologies/2025/9/traffic/instance/road_334140647,Beneluxweg,28,3
http://www.semanticweb.org/nicol/ontologies/2025/9/traffic/instance/road_6849019,Europaweg,28,3
http://www.semanticweb.org/nicol/ontologies/2025/9/traffic/instance/road_6971460,Nijkerkerstraat,28,3
http://www.semanticweb.org/nicol/ontologies/2025/9/traffic/instance/road_431656031,Amsterdamsestraatweg,28,3
http://www.semanticweb.org/nicol/ontologies/2025/9/traffic/instance/road_7518834,Schiedamseweg,28,3
http://www.semanticweb.org/nicol/ontologies/2025/9/traffic/instance/road_206686408,Vaillantlaan,28,3
http://www.semanticweb.org/nicol/ontologies/2025/9/traffic/instance/road_123504045,G.K. van Hogendorpweg,28,3
http://www.semanticweb.org/nicol/ontologies/2025/9/traffic/instance/road_7523175,Meent,28,3
http://www.semanticweb.org/nicol/ontologies/2025/9/traffic/instance/road_534911030,Stipdonk,28,3
http://www.semanticweb.org/nicol/ontologies/2025/9/traffic/instance/road_1331091270,Ringweg-Noord,28,3
http://www.semanticweb.org/nicol/ontologies/2025/9/traffic/instance/road_6612988,Westerweg,28,3
http://www.semanticweb.org/nicol/ontologies/2025/9/traffic/instance/road_103019741,Gronausestraat,28,3
http://www.semanticweb.org/nicol/ontologies/2025/9/traffic/instance/road_329801812,Provincialeweg,28,3
http://www.semanticweb.org/nicol/ontologies/2025/9/traffic/instance/road_996158628,Oldenzaalsestraat,27,3
http://www.semanticweb.org/nicol/ontologies/2025/9/traffic/instance/road_6619984,Schagerweg,27,3
http://www.semanticweb.org/nicol/ontologies/2025/9/traffic/instance/road_118925038,Pieter Calandlaan,27,3
http://www.semanticweb.org/nicol/ontologies/2025/9/traffic/instance/road_258138664,Zeeburgerdijk,27,3
http://www.semanticweb.org/nicol/ontologies/2025/9/traffic/instance/road_208555819,Vaillantlaan,27,3
http://www.semanticweb.org/nicol/ontologies/2025/9/traffic/instance/road_7301808,Provincialeweg,27,3
http://www.semanticweb.org/nicol/ontologies/2025/9/traffic/instance/road_7481336,Van der Vennestraat,27,3
http://www.semanticweb.org/nicol/ontologies/2025/9/traffic/instance/road_7477739,Lutherse Burgwal,27,3
http://www.semanticweb.org/nicol/ontologies/2025/9/traffic/instance/road_7118014,Rijksweg,27,3
http://www.semanticweb.org/nicol/ontologies/2025/9/traffic/instance/road_6642390,N99,27,3
http://www.semanticweb.org/nicol/ontologies/2025/9/traffic/instance/road_48243027,Tjalklaan,27,3
http://www.semanticweb.org/nicol/ontologies/2025/9/traffic/instance/road_6864719,Pleijweg,27,3
http://www.semanticweb.org/nicol/ontologies/2025/9/traffic/instance/road_7480762,Neherkade,27,3
http://www.semanticweb.org/nicol/ontologies/2025/9/traffic/instance/road_101244920,Loosduinseweg,27,3
http://www.semanticweb.org/nicol/ontologies/2025/9/traffic/instance/road_48542436,Spoorlaan,27,3
http://www.semanticweb.org/nicol/ontologies/2025/9/traffic/instance/road_135182236,Hoefkade,27,3
http://www.semanticweb.org/nicol/ontologies/2025/9/traffic/instance/road_953594617,Rijksweg,27,3
http://www.semanticweb.org/nicol/ontologies/2025/9/traffic/instance/road_504773533,Afsluitdijk,27,3
http://www.semanticweb.org/nicol/ontologies/2025/9/traffic/instance/road_7402713,Gedempte Oude Gracht,27,3
http://www.semanticweb.org/nicol/ontologies/2025/9/traffic/instance/road_48984543,Midden-Brabantweg,27,3
http://www.semanticweb.org/nicol/ontologies/2025/9/traffic/instance/road_82319062,Europaweg,27,2
http://www.semanticweb.org/nicol/ontologies/2025/9/traffic/instance/road_266432944,Coentunnelweg,26,3
http://www.semanticweb.org/nicol/ontologies/2025/9/traffic/instance/road_153093525,Melis Stokelaan,26,3
http://www.semanticweb.org/nicol/ontologies/2025/9/traffic/instance/road_48049137,Prinses Beatrixlaan,26,3
http://www.semanticweb.org/nicol/ontologies/2025/9/traffic/instance/road_7248744,Huijbergseweg,26,3
http://www.semanticweb.org/nicol/ontologies/2025/9/traffic/instance/road_7148679,Broekdalerbaan,26,3
http://www.semanticweb.org/nicol/ontologies/2025/9/traffic/instance/road_1094752311,Venloseweg,26,3
http://www.semanticweb.org/nicol/ontologies/2025/9/traffic/instance/road_1316394455,Zuidtangent,26,3
http://www.semanticweb.org/nicol/ontologies/2025/9/traffic/instance/road_7259549,Postweg,26,3
http://www.semanticweb.org/nicol/ontologies/2025/9/traffic/instance/road_6371490,Schoolstraat,26,3
http://www.semanticweb.org/nicol/ontologies/2025/9/traffic/instance/road_6831930,Marchantstraat,26,3
http://www.semanticweb.org/nicol/ontologies/2025/9/traffic/instance/road_6809163,Heinoseweg,26,3
http://www.semanticweb.org/nicol/ontologies/2025/9/traffic/instance/road_1031521436,Erasmusweg,26,3
http://www.semanticweb.org/nicol/ontologies/2025/9/traffic/instance/road_204305347,Paul Krugerlaan,26,3
http://www.semanticweb.org/nicol/ontologies/2025/9/traffic/instance/road_7491884,Zichtenburglaan,26,3
http://www.semanticweb.org/nicol/ontologies/2025/9/traffic/instance/road_1065864976,Oerlesestraat,26,3
http://www.semanticweb.org/nicol/ontologies/2025/9/traffic/instance/road_502838672,Poot van Metz,26,3
http://www.semanticweb.org/nicol/ontologies/2025/9/traffic/instance/road_7075218,Helvoirtseweg,26,3
http://www.semanticweb.org/nicol/ontologies/2025/9/traffic/instance/road_72524221,Schalk Burgerstraat,26,3
http://www.semanticweb.org/nicol/ontologies/2025/9/traffic/instance/road_1304107048,Schagerweg,26,3
http://www.semanticweb.org/nicol/ontologies/2025/9/traffic/instance/road_140684576,Midden-Brabantweg,26,3
http://www.semanticweb.org/nicol/ontologies/2025/9/traffic/instance/road_7374873,Ringweg-Zuid,26,3
http://www.semanticweb.org/nicol/ontologies/2025/9/traffic/instance/road_418363824,Gaasperdammerweg,26,3
http://www.semanticweb.org/nicol/ontologies/2025/9/traffic/instance/road_139347114,Nieuwe Utrechtseweg,26,3
http://www.semanticweb.org/nicol/ontologies/2025/9/traffic/instance/road_118909906,Coentunnelweg,26,3
http://www.semanticweb.org/nicol/ontologies/2025/9/traffic/instance/road_6864552,Europaweg,26,3
http://www.semanticweb.org/nicol/ontologies/2025/9/traffic/instance/road_231593691,Prins Mauritssingel,26,2
http://www.semanticweb.org/nicol/ontologies/2025/9/traffic/instance/road_6881888,Nijmeegseweg,25,3
http://www.semanticweb.org/nicol/ontologies/2025/9/traffic/instance/road_1032622274,Hoefkade,25,3
http://www.semanticweb.org/nicol/ontologies/2025/9/traffic/instance/road_123268765,Melis Stokelaan,25,3
http://www.semanticweb.org/nicol/ontologies/2025/9/traffic/instance/road_7522523,Zwart Janstraat,25,3
http://www.semanticweb.org/nicol/ontologies/2025/9/traffic/instance/road_139135440,Langereweg,25,3
http://www.semanticweb.org/nicol/ontologies/2025/9/traffic/instance/road_6633792,Provincialeweg,25,3
http://www.semanticweb.org/nicol/ontologies/2025/9/traffic/instance/road_128458970,Laan van Wateringse Veld,25,3
http://www.semanticweb.org/nicol/ontologies/2025/9/traffic/instance/road_7526988,1e Middellandstraat,25,3
http://www.semanticweb.org/nicol/ontologies/2025/9/traffic/instance/road_7202700,Korvelseweg,25,3
http://www.semanticweb.org/nicol/ontologies/2025/9/traffic/instance/road_6879707,Nijmeegseweg,25,3
http://www.semanticweb.org/nicol/ontologies/2025/9/traffic/instance/road_1202023154,Europaweg,25,3
http://www.semanticweb.org/nicol/ontologies/2025/9/traffic/instance/road_1092410199,Rijksweg,25,3
http://www.semanticweb.org/nicol/ontologies/2025/9/traffic/instance/road_7368971,Ringweg-Zuid,25,3
http://www.semanticweb.org/nicol/ontologies/2025/9/traffic/instance/road_334603581,Vijzelstraat,25,3
http://www.semanticweb.org/nicol/ontologies/2025/9/traffic/instance/road_23389486,Oostkanaalweg,25,3
http://www.semanticweb.org/nicol/ontologies/2025/9/traffic/instance/road_7489421,Hoefkade,25,3
http://www.semanticweb.org/nicol/ontologies/2025/9/traffic/instance/road_6965751,Grote Marktstraat,25,3
http://www.semanticweb.org/nicol/ontologies/2025/9/traffic/instance/road_7517410,Groene Kruisweg,25,3
http://www.semanticweb.org/nicol/ontologies/2025/9/traffic/instance/road_691296690,Nieuwe Binnenweg,25,3
http://www.semanticweb.org/nicol/ontologies/2025/9/traffic/instance/road_7024984,Veluwedreef,25,3
http://www.semanticweb.org/nicol/ontologies/2025/9/traffic/instance/road_7044785,Ringweg-Oost,25,3
http://www.semanticweb.org/nicol/ontologies/2025/9/traffic/instance/road_308591609,Burgemeester Patijnlaan,25,3
http://www.semanticweb.org/nicol/ontologies/2025/9/traffic/instance/road_7512446,Pleinweg,25,3
http://www.semanticweb.org/nicol/ontologies/2025/9/traffic/instance/road_706223363,Oldenzaalsestraat,25,3
http://www.semanticweb.org/nicol/ontologies/2025/9/traffic/instance/road_1014914605,Europaweg,25,3
http://www.semanticweb.org/nicol/ontologies/2025/9/traffic/instance/road_494763910,Ringweg-Noord,25,3
http://www.semanticweb.org/nicol/ontologies/2025/9/traffic/instance/road_144607527,Hengelosestraat,25,2
http://www.semanticweb.org/nicol/ontologies/2025/9/traffic/instance/road_78055852,Vlijmenseweg,25,2
http://www.semanticweb.org/nicol/ontologies/2025/9/traffic/instance/road_217652130,IJsselallee,24,2
http://www.semanticweb.org/nicol/ontologies/2025/9/traffic/instance/road_6968678,van Dedemstraat,24,3
http://www.semanticweb.org/nicol/ontologies/2025/9/traffic/instance/road_7368857,Ringweg-Zuid,24,3
http://www.semanticweb.org/nicol/ontologies/2025/9/traffic/instance/road_39911405,Ringweg-Noord,24,3
http://www.semanticweb.org/nicol/ontologies/2025/9/traffic/instance/road_64223642,Oldegaarde,24,3
http://www.semanticweb.org/nicol/ontologies/2025/9/traffic/instance/road_7080538,Helvoirtseweg,24,3
http://www.semanticweb.org/nicol/ontologies/2025/9/traffic/instance/road_6916499,Maas en Waalweg,24,3
http://www.semanticweb.org/nicol/ontologies/2025/9/traffic/instance/road_137321746,Wouwermanstraat,24,3
http://www.semanticweb.org/nicol/ontologies/2025/9/traffic/instance/road_164733430,Rijksweg,24,3
http://www.semanticweb.org/nicol/ontologies/2025/9/traffic/instance/road_375809533,Provincialeweg,24,3
http://www.semanticweb.org/nicol/ontologies/2025/9/traffic/instance/road_93262103,Moerweg,24,3
http://www.semanticweb.org/nicol/ontologies/2025/9/traffic/instance/road_7476057,Wagenstraat,24,3
http://www.semanticweb.org/nicol/ontologies/2025/9/traffic/instance/road_7474290,Theresiastraat,24,3
http://www.semanticweb.org/nicol/ontologies/2025/9/traffic/instance/road_41484798,Sandifortdreef,24,3
http://www.semanticweb.org/nicol/ontologies/2025/9/traffic/instance/road_6619089,Hertog Aalbrechtweg,24,3
http://www.semanticweb.org/nicol/ontologies/2025/9/traffic/instance/road_226297135,Middelweg,24,3
http://www.semanticweb.org/nicol/ontologies/2025/9/traffic/instance/road_6910173,Wagnerplein,24,3
http://www.semanticweb.org/nicol/ontologies/2025/9/traffic/instance/road_361263625,Mattemburghweg,24,3
http://www.semanticweb.org/nicol/ontologies/2025/9/traffic/instance/road_958516917,Hengelolaan,24,3
http://www.semanticweb.org/nicol/ontologies/2025/9/traffic/instance/road_7037130,Dammerweg,24,3
http://www.semanticweb.org/nicol/ontologies/2025/9/traffic/instance/road_801336007,Bosscheweg,24,3
http://www.semanticweb.org/nicol/ontologies/2025/9/traffic/instance/road_805016305,Rijksstraatweg,24,3
http://www.semanticweb.org/nicol/ontologies/2025/9/traffic/instance/road_7512818,Vaanweg,24,2
http://www.semanticweb.org/nicol/ontologies/2025/9/traffic/instance/road_7230296,Graaf Engelbertlaan,24,2
http://www.semanticweb.org/nicol/ontologies/2025/9/traffic/instance/road_93701462,Hereweg,23,3
http://www.semanticweb.org/nicol/ontologies/2025/9/traffic/instance/road_270499435,Neerbosscheweg,23,3
http://www.semanticweb.org/nicol/ontologies/2025/9/traffic/instance/road_7059163,Seinedreef,23,3
http://www.semanticweb.org/nicol/ontologies/2025/9/traffic/instance/road_7405837,Zijlweg,23,3
http://www.semanticweb.org/nicol/ontologies/2025/9/traffic/instance/road_140779958,Soestdijkseplein,23,3
http://www.semanticweb.org/nicol/ontologies/2025/9/traffic/instance/road_7477638,Boekhorststraat,23,3
http://www.semanticweb.org/nicol/ontologies/2025/9/traffic/instance/road_694323805,Hobbemastraat,23,3
http://www.semanticweb.org/nicol/ontologies/2025/9/traffic/instance/road_60843241,Melis Stokelaan,23,3
http://www.semanticweb.org/nicol/ontologies/2025/9/traffic/instance/road_7481102,Fruitweg,23,3
http://www.semanticweb.org/nicol/ontologies/2025/9/traffic/instance/road_845756246,Korvelseweg,23,3
http://www.semanticweb.org/nicol/ontologies/2025/9/traffic/instance/road_86115714,Bosscheweg,23,3
http://www.semanticweb.org/nicol/ontologies/2025/9/traffic/instance/road_694328265,Hobbemaplein,23,3
http://www.semanticweb.org/nicol/ontologies/2025/9/traffic/instance/road_1347766568,Zelderseweg,23,3
http://www.semanticweb.org/nicol/ontologies/2025/9/traffic/instance/road_849098326,Rijksweg,23,3
http://www.semanticweb.org/nicol/ontologies/2025/9/traffic/instance/road_6592630,Jaagweg,23,3
http://www.semanticweb.org/nicol/ontologies/2025/9/traffic/instance/road_7378679,Haarlemmerweg,23,3
http://www.semanticweb.org/nicol/ontologies/2025/9/traffic/instance/road_7450425,Breestraat,23,3
http://www.semanticweb.org/nicol/ontologies/2025/9/traffic/instance/road_122805561,Rijswijkseweg,23,3
http://www.semanticweb.org/nicol/ontologies/2025/9/traffic/instance/road_801336195,Rijksweg,23,3
http://www.semanticweb.org/nicol/ontologies/2025/9/traffic/instance/road_127271573,Graafsebaan,23,3
http://www.semanticweb.org/nicol/ontologies/2025/9/traffic/instance/road_7394786,Kruisweg,23,3
http://www.semanticweb.org/nicol/ontologies/2025/9/traffic/instance/road_1092346866,Ringweg-West,23,3
http://www.semanticweb.org/nicol/ontologies/2025/9/traffic/instance/road_203624187,Vaillantlaan,23,3
http://www.semanticweb.org/nicol/ontologies/2025/9/traffic/instance/road_129510106,Westvlietweg,23,3
http://www.semanticweb.org/nicol/ontologies/2025/9/traffic/instance/road_325822871,Maasboulevard,23,3
http://www.semanticweb.org/nicol/ontologies/2025/9/traffic/instance/road_547228590,Burgemeester Brokxlaan,23,3
http://www.semanticweb.org/nicol/ontologies/2025/9/traffic/instance/road_140381925,Havenpoortweg,23,3
http://www.semanticweb.org/nicol/ontologies/2025/9/traffic/instance/road_509603429,Linkermaasoeverweg,23,3
http://www.semanticweb.org/nicol/ontologies/2025/9/traffic/instance/road_6760595,Napoleonsweg Zuid,23,3
http://www.semanticweb.org/nicol/ontologies/2025/9/traffic/instance/road_7044096,Ringweg-Oost,23,3
http://www.semanticweb.org/nicol/ontologies/2025/9/traffic/instance/road_129481492,Erasmusweg,23,3
http://www.semanticweb.org/nicol/ontologies/2025/9/traffic/instance/road_887898619,Lage Valkseweg,23,3
http://www.semanticweb.org/nicol/ontologies/2025/9/traffic/instance/road_7233508,Bredaseweg,23,3
http://www.semanticweb.org/nicol/ontologies/2025/9/traffic/instance/road_198529206,Slotermeerlaan,23,3
http://www.semanticweb.org/nicol/ontologies/2025/9/traffic/instance/road_1092339683,Nieuwe Haagseweg,23,3
http://www.semanticweb.org/nicol/ontologies/2025/9/traffic/instance/road_421543338,Groenloseweg,23,3
http://www.semanticweb.org/nicol/ontologies/2025/9/traffic/instance/road_958516926,Vrederustlaan,23,3
http://www.semanticweb.org/nicol/ontologies/2025/9/traffic/instance/road_7558957,Groene Kruisweg,23,3
http://www.semanticweb.org/nicol/ontologies/2025/9/traffic/instance/road_82053483,Bosscheweg,23,3
http://www.semanticweb.org/nicol/ontologies/2025/9/traffic/instance/road_39911408,Ringweg-Noord,23,3
http://www.semanticweb.org/nicol/ontologies/2025/9/traffic/instance/road_7526516,Statenweg,23,2
http://www.semanticweb.org/nicol/ontologies/2025/9/traffic/instance/road_6788304,Doetinchemseweg,22,3
http://www.semanticweb.org/nicol/ontologies/2025/9/traffic/instance/road_7403580,Rijksweg,22,3
http://www.semanticweb.org/nicol/ontologies/2025/9/traffic/instance/road_7370511,Amsteldijk,22,3
http://www.semanticweb.org/nicol/ontologies/2025/9/traffic/instance/road_663571501,Langegracht,22,3
http://www.semanticweb.org/nicol/ontologies/2025/9/traffic/instance/road_7467809,Utrechtsebaan,22,3
http://www.semanticweb.org/nicol/ontologies/2025/9/traffic/instance/road_129889328,Paletplein,22,3
http://www.semanticweb.org/nicol/ontologies/2025/9/traffic/instance/road_49427622,Graafsebaan,22,3
http://www.semanticweb.org/nicol/ontologies/2025/9/traffic/instance/road_7385931,Pieter Calandlaan,22,3
http://www.semanticweb.org/nicol/ontologies/2025/9/traffic/instance/road_294798798,Grote Beer,22,3
http://www.semanticweb.org/nicol/ontologies/2025/9/traffic/instance/road_35928204,Jan Evertsenstraat,22,3
http://www.semanticweb.org/nicol/ontologies/2025/9/traffic/instance/road_7481657,Erasmusweg,22,3
http://www.semanticweb.org/nicol/ontologies/2025/9/traffic/instance/road_7414930,Haarlemmerstraat,22,3
http://www.semanticweb.org/nicol/ontologies/2025/9/traffic/instance/road_122805562,Rijswijkseweg,22,3
http://www.semanticweb.org/nicol/ontologies/2025/9/traffic/instance/road_59448915,Slinge,22,3
http://www.semanticweb.org/nicol/ontologies/2025/9/traffic/instance/road_509468556,Peeldijk,22,3
http://www.semanticweb.org/nicol/ontologies/2025/9/traffic/instance/road_6850968,Slenkweg,22,3
http://www.semanticweb.org/nicol/ontologies/2025/9/traffic/instance/road_6520755,Zuiderzeestraatweg,22,3
http://www.semanticweb.org/nicol/ontologies/2025/9/traffic/instance/road_298846930,Hurksestraat,22,3
http://www.semanticweb.org/nicol/ontologies/2025/9/traffic/instance/road_7488210,Erasmusweg,22,3
http://www.semanticweb.org/nicol/ontologies/2025/9/traffic/instance/road_112246480,Nieuwe Hoefweg,22,3
http://www.semanticweb.org/nicol/ontologies/2025/9/traffic/instance/road_7140329,Rijksweg,22,3
http://www.semanticweb.org/nicol/ontologies/2025/9/traffic/instance/road_6856454,Tatelaarweg,22,3
http://www.semanticweb.org/nicol/ontologies/2025/9/traffic/instance/road_48278114,Slinge,22,3
http://www.semanticweb.org/nicol/ontologies/2025/9/traffic/instance/road_7580854,Rijksweg,22,3
http://www.semanticweb.org/nicol/ontologies/2025/9/traffic/instance/road_139428939,Goeverneurlaan,22,3
http://www.semanticweb.org/nicol/ontologies/2025/9/traffic/instance/road_84506902,Eperweg,22,3
http://www.semanticweb.org/nicol/ontologies/2025/9/traffic/instance/road_6850904,Verlengde Arnhemseweg,22,3
http://www.semanticweb.org/nicol/ontologies/2025/9/traffic/instance/road_687410791,Midden-Brabantweg,22,3
http://www.semanticweb.org/nicol/ontologies/2025/9/traffic/instance/road_26436293,Deurneseweg,22,2
http://www.semanticweb.org/nicol/ontologies/2025/9/traffic/instance/road_6954242,Rijksweg,21,3
http://www.semanticweb.org/nicol/ontologies/2025/9/traffic/instance/road_169499814,Provinciale weg,21,3
http://www.semanticweb.org/nicol/ontologies/2025/9/traffic/instance/road_250183067,Kanaalstraat,21,3
http://www.semanticweb.org/nicol/ontologies/2025/9/traffic/instance/road_148351247,Nieuweweg,21,3
http://www.semanticweb.org/nicol/ontologies/2025/9/traffic/instance/road_7429288,Prins Bernhardlaan,21,3
http://www.semanticweb.org/nicol/ontologies/2025/9/traffic/instance/road_120366407,Leyweg,21,3
http://www.semanticweb.org/nicol/ontologies/2025/9/traffic/instance/road_7533221,Grote Markt,21,3
http://www.semanticweb.org/nicol/ontologies/2025/9/traffic/instance/road_7525923,Kruisplein,21,3
http://www.semanticweb.org/nicol/ontologies/2025/9/traffic/instance/road_756174196,Weena,21,3
http://www.semanticweb.org/nicol/ontologies/2025/9/traffic/instance/road_232321352,Hartelweg,21,3
http://www.semanticweb.org/nicol/ontologies/2025/9/traffic/instance/road_6583101,Medemblikkerweg,21,3
http://www.semanticweb.org/nicol/ontologies/2025/9/traffic/instance/road_221066735,Bilderdijkstraat,21,3
http://www.semanticweb.org/nicol/ontologies/2025/9/traffic/instance/road_6863522,IJsseloordweg,21,3
http://www.semanticweb.org/nicol/ontologies/2025/9/traffic/instance/road_6963997,Flevoweg,21,3
http://www.semanticweb.org/nicol/ontologies/2025/9/traffic/instance/road_6923052,Cuneraweg,21,3
http://www.semanticweb.org/nicol/ontologies/2025/9/traffic/instance/road_1144539450,Weg der Verenigde Naties,21,3
http://www.semanticweb.org/nicol/ontologies/2025/9/traffic/instance/road_7411649,Boulevard Barnaart,21,3
http://www.semanticweb.org/nicol/ontologies/2025/9/traffic/instance/road_7378711,Bos en Lommerweg,21,3
http://www.semanticweb.org/nicol/ontologies/2025/9/traffic/instance/road_740509801,Van Woustraat,21,3
http://www.semanticweb.org/nicol/ontologies/2025/9/traffic/instance/road_7441973,Europaweg,21,3
http://www.semanticweb.org/nicol/ontologies/2025/9/traffic/instance/road_71320351,Zuidplein,21,3
http://www.semanticweb.org/nicol/ontologies/2025/9/traffic/instance/road_440660434,Rijksweg,21,3
http://www.semanticweb.org/nicol/ontologies/2025/9/traffic/instance/road_98650448,Nieuwe Ebbingestraat,21,3
http://www.semanticweb.org/nicol/ontologies/2025/9/traffic/instance/road_482063101,Johan van Hasseltweg,21,3
http://www.semanticweb.org/nicol/ontologies/2025/9/traffic/instance/road_7523402,Coolsingel,21,3
http://www.semanticweb.org/nicol/ontologies/2025/9/traffic/instance/road_38282951,Nassaukade,21,3
http://www.semanticweb.org/nicol/ontologies/2025/9/traffic/instance/road_7370151,Ringweg-Zuid,21,3
http://www.semanticweb.org/nicol/ontologies/2025/9/traffic/instance/road_7382451,Ringweg-West,21,3
http://www.semanticweb.org/nicol/ontologies/2025/9/traffic/instance/road_711697568,Hoefkade,21,3
http://www.semanticweb.org/nicol/ontologies/2025/9/traffic/instance/road_846225145,Pleinweg,21,3
http://www.semanticweb.org/nicol/ontologies/2025/9/traffic/instance/road_6728583,Helmondsingel,21,3
http://www.semanticweb.org/nicol/ontologies/2025/9/traffic/instance/road_30807172,Lozerlaan,21,3
http://www.semanticweb.org/nicol/ontologies/2025/9/traffic/instance/road_249174921,Barneveldseweg,21,3
http://www.semanticweb.org/nicol/ontologies/2025/9/traffic/instance/road_26649036,Prins Hendrikkade,21,3
http://www.semanticweb.org/nicol/ontologies/2025/9/traffic/instance/road_7253849,Zoomweg-Zuid,21,3
http://www.semanticweb.org/nicol/ontologies/2025/9/traffic/instance/road_6781603,Varsseveldsestraatweg,21,3
http://www.semanticweb.org/nicol/ontologies/2025/9/traffic/instance/road_7114547,Maasroute,21,3
http://www.semanticweb.org/nicol/ontologies/2025/9/traffic/instance/road_6884363,Slenkweg,21,3
http://www.semanticweb.org/nicol/ontologies/2025/9/traffic/instance/road_6695602,Europaweg,21,3
http://www.semanticweb.org/nicol/ontologies/2025/9/traffic/instance/road_491581474,Ringweg-West,21,3
http://www.semanticweb.org/nicol/ontologies/2025/9/traffic/instance/road_576502947,Steenovens,21,3
http://www.semanticweb.org/nicol/ontologies/2025/9/traffic/instance/road_48244683,Spaanseweg,21,2
http://www.semanticweb.org/nicol/ontologies/2025/9/traffic/instance/road_6368605,Provinciale Weg,20,3
http://www.semanticweb.org/nicol/ontologies/2025/9/traffic/instance/road_6642406,Karel Doormanweg,20,3
http://www.semanticweb.org/nicol/ontologies/2025/9/traffic/instance/road_6619198,Schagerweg,20,3
http://www.semanticweb.org/nicol/ontologies/2025/9/traffic/instance/road_1344553874,van Lennepweg,20,3
http://www.semanticweb.org/nicol/ontologies/2025/9/traffic/instance/road_140460766,De la Reyweg,20,3
http://www.semanticweb.org/nicol/ontologies/2025/9/traffic/instance/road_311945399,Erasmusweg,20,3
http://www.semanticweb.org/nicol/ontologies/2025/9/traffic/instance/road_159921743,Laan op Zuid,20,3
http://www.semanticweb.org/nicol/ontologies/2025/9/traffic/instance/road_542334699,Groenstraat,20,3
http://www.semanticweb.org/nicol/ontologies/2025/9/traffic/instance/road_7225541,Tramsingel,20,3
http://www.semanticweb.org/nicol/ontologies/2025/9/traffic/instance/road_287708622,Oosttangent Noord,20,3
http://www.semanticweb.org/nicol/ontologies/2025/9/traffic/instance/road_6790434,Havenstraat,20,3
http://www.semanticweb.org/nicol/ontologies/2025/9/traffic/instance/road_1416140441,Thorbeckeweg,20,3
http://www.semanticweb.org/nicol/ontologies/2025/9/traffic/instance/road_7386502,Meer en Vaart,20,3
http://www.semanticweb.org/nicol/ontologies/2025/9/traffic/instance/road_7382122,Overtoom,20,3
http://www.semanticweb.org/nicol/ontologies/2025/9/traffic/instance/road_7451506,Haagweg,20,3
http://www.semanticweb.org/nicol/ontologies/2025/9/traffic/instance/road_129015951,Stationsplein,20,3
http://www.semanticweb.org/nicol/ontologies/2025/9/traffic/instance/road_6837887,Rijksstraatweg,20,3
http://www.semanticweb.org/nicol/ontologies/2025/9/traffic/instance/road_222138425,Bilderdijkstraat,20,3
http://www.semanticweb.org/nicol/ontologies/2025/9/traffic/instance/road_7476163,Hoefkade,20,3
http://www.semanticweb.org/nicol/ontologies/2025/9/traffic/instance/road_7330907,Spinozaweg,20,3
http://www.semanticweb.org/nicol/ontologies/2025/9/traffic/instance/road_7202717,Noordhoekring,20,3
http://www.semanticweb.org/nicol/ontologies/2025/9/traffic/instance/road_6629443,Breestraat,20,3
http://www.semanticweb.org/nicol/ontologies/2025/9/traffic/instance/road_7371712,Rokin,20,3
http://www.semanticweb.org/nicol/ontologies/2025/9/traffic/instance/road_306437426,Fruitweg,20,3
http://www.semanticweb.org/nicol/ontologies/2025/9/traffic/instance/road_691295467,Nieuwe Binnenweg,20,3
http://www.semanticweb.org/nicol/ontologies/2025/9/traffic/instance/road_7243990,Van Beethovenlaan,20,3
http://www.semanticweb.org/nicol/ontologies/2025/9/traffic/instance/road_378883937,Maasroute,20,3
http://www.semanticweb.org/nicol/ontologies/2025/9/traffic/instance/road_361263647,Zoomweg-Zuid,20,3
http://www.semanticweb.org/nicol/ontologies/2025/9/traffic/instance/road_6712282,Sevenumsedijk,20,3
http://www.semanticweb.org/nicol/ontologies/2025/9/traffic/instance/road_6882035,Hollandweg,20,3
http://www.semanticweb.org/nicol/ontologies/2025/9/traffic/instance/road_7074028,Heeswijk,20,3
http://www.semanticweb.org/nicol/ontologies/2025/9/traffic/instance/road_6596574,Kolkweg,20,3
http://www.semanticweb.org/nicol/ontologies/2025/9/traffic/instance/road_7370134,Ringweg-Zuid,20,3
http://www.semanticweb.org/nicol/ontologies/2025/9/traffic/instance/road_7481598,Fruitweg,20,3
http://www.semanticweb.org/nicol/ontologies/2025/9/traffic/instance/road_6805361,Almeloseweg,20,3
http://www.semanticweb.org/nicol/ontologies/2025/9/traffic/instance/road_6619196,Schagerweg,20,3
http://www.semanticweb.org/nicol/ontologies/2025/9/traffic/instance/road_7368906,Ringweg-Zuid,20,3
http://www.semanticweb.org/nicol/ontologies/2025/9/traffic/instance/road_7042478,Ringweg-Noord,20,3
http://www.semanticweb.org/nicol/ontologies/2025/9/traffic/instance/road_39370191,Vondelpark,20,3
http://www.semanticweb.org/nicol/ontologies/2025/9/traffic/instance/road_683964134,Parkstraat,20,3
http://www.semanticweb.org/nicol/ontologies/2025/9/traffic/instance/road_274383441,Ringweg-Oost,20,3
http://www.semanticweb.org/nicol/ontologies/2025/9/traffic/instance/road_512686522,Gooiseweg,20,3
http://www.semanticweb.org/nicol/ontologies/2025/9/traffic/instance/road_6850637,Slenkweg,20,3
http://www.semanticweb.org/nicol/ontologies/2025/9/traffic/instance/road_7326424,Groeninx van Zoelenlaan,20,3
http://www.semanticweb.org/nicol/ontologies/2025/9/traffic/instance/road_6368610,Provinciale Weg,20,3
http://www.semanticweb.org/nicol/ontologies/2025/9/traffic/instance/road_1286145170,Oudeweg,20,3
http://www.semanticweb.org/nicol/ontologies/2025/9/traffic/instance/road_1092353924,Coentunnelweg,20,3
http://www.semanticweb.org/nicol/ontologies/2025/9/traffic/instance/road_7382977,Ringweg-West,20,3
http://www.semanticweb.org/nicol/ontologies/2025/9/traffic/instance/road_46274684,Hoefweg,20,3
http://www.semanticweb.org/nicol/ontologies/2025/9/traffic/instance/road_221205619,Ringweg-West,20,3
http://www.semanticweb.org/nicol/ontologies/2025/9/traffic/instance/road_617004453,Marnixstraat,20,2
http://www.semanticweb.org/nicol/ontologies/2025/9/traffic/instance/road_1181854449,Marnixlaan,20,2
http://www.semanticweb.org/nicol/ontologies/2025/9/traffic/instance/road_6887465,Graafseweg,20,2
http://www.semanticweb.org/nicol/ontologies/2025/9/traffic/instance/road_1106848468,Basisweg,20,2
http://www.semanticweb.org/nicol/ontologies/2025/9/traffic/instance/road_256750489,Westpoortweg,20,2
http://www.semanticweb.org/nicol/ontologies/2025/9/traffic/instance/road_7145079,Kasteel-Traverse,20,2
http://www.semanticweb.org/nicol/ontologies/2025/9/traffic/instance/road_1393159886,Jan van Galenstraat,20,2
http://www.semanticweb.org/nicol/ontologies/2025/9/traffic/instance/road_7082817,Steenweg,19,3
http://www.semanticweb.org/nicol/ontologies/2025/9/traffic/instance/road_1169380564,Oranjesingel,19,3
http://www.semanticweb.org/nicol/ontologies/2025/9/traffic/instance/road_1148913762,Birkstraat,19,3
http://www.semanticweb.org/nicol/ontologies/2025/9/traffic/instance/road_891810569,Meer en Vaart,19,3
http://www.semanticweb.org/nicol/ontologies/2025/9/traffic/instance/road_89164872,Rijksstraatweg,19,3
http://www.semanticweb.org/nicol/ontologies/2025/9/traffic/instance/road_694389992,Paul Krugerlaan,19,3
http://www.semanticweb.org/nicol/ontologies/2025/9/traffic/instance/road_48288430,Hillevliet,19,3
http://www.semanticweb.org/nicol/ontologies/2025/9/traffic/instance/road_521805645,Aelbrechtskade,19,3
http://www.semanticweb.org/nicol/ontologies/2025/9/traffic/instance/road_7206523,Gasthuisring,19,3
http://www.semanticweb.org/nicol/ontologies/2025/9/traffic/instance/road_632186578,Reitse Hoevenstraat,19,3
http://www.semanticweb.org/nicol/ontologies/2025/9/traffic/instance/road_200969830,Haaksbergerstraat,19,3
http://www.semanticweb.org/nicol/ontologies/2025/9/traffic/instance/road_156495934,Oudedijk,19,3
http://www.semanticweb.org/nicol/ontologies/2025/9/traffic/instance/road_6872928,Stieltjesstraat,19,3
http://www.semanticweb.org/nicol/ontologies/2025/9/traffic/instance/road_1173772854,Eusebiusbuitensingel,19,3
http://www.semanticweb.org/nicol/ontologies/2025/9/traffic/instance/road_6626356,Wijkermeerweg,19,3
http://www.semanticweb.org/nicol/ontologies/2025/9/traffic/instance/road_59753348,Raamweg,19,3
http://www.semanticweb.org/nicol/ontologies/2025/9/traffic/instance/road_7481682,Anna Bijnslaan,19,3
http://www.semanticweb.org/nicol/ontologies/2025/9/traffic/instance/road_694321713,Jan Hendrikstraat,19,3
http://www.semanticweb.org/nicol/ontologies/2025/9/traffic/instance/road_1146470696,Vaillantlaan,19,3
http://www.semanticweb.org/nicol/ontologies/2025/9/traffic/instance/road_654020108,Westduinweg,19,3
http://www.semanticweb.org/nicol/ontologies/2025/9/traffic/instance/road_7449895,Hoge Rijndijk,19,3
http://www.semanticweb.org/nicol/ontologies/2025/9/traffic/instance/road_48984718,Midden-Brabantweg,19,3
http://www.semanticweb.org/nicol/ontologies/2025/9/traffic/instance/road_7166242,Kruisstraat,19,3
http://www.semanticweb.org/nicol/ontologies/2025/9/traffic/instance/road_6868389,Kapitteldijk,19,3
http://www.semanticweb.org/nicol/ontologies/2025/9/traffic/instance/road_27646380,Nieuwe Haagseweg,19,3
http://www.semanticweb.org/nicol/ontologies/2025/9/traffic/instance/road_694381878,Steijnlaan,19,3
http://www.semanticweb.org/nicol/ontologies/2025/9/traffic/instance/road_130343739,Oranjelaan,19,3
http://www.semanticweb.org/nicol/ontologies/2025/9/traffic/instance/road_7490578,Dedemsvaartweg,19,3
http://www.semanticweb.org/nicol/ontologies/2025/9/traffic/instance/road_101068504,Waldeck Pyrmontkade,19,3
http://www.semanticweb.org/nicol/ontologies/2025/9/traffic/instance/road_7518048,Vierambachtsstraat,19,3
http://www.semanticweb.org/nicol/ontologies/2025/9/traffic/instance/road_863035561,Maasroute,19,3
http://www.semanticweb.org/nicol/ontologies/2025/9/traffic/instance/road_792230758,Friesestraatweg,19,3
http://www.semanticweb.org/nicol/ontologies/2025/9/traffic/instance/road_1219889902,Franciscusdreef,19,3
http://www.semanticweb.org/nicol/ontologies/2025/9/traffic/instance/road_7381814,Ringweg-West,19,3
http://www.semanticweb.org/nicol/ontologies/2025/9/traffic/instance/road_7525851,Karel Doormanstraat,19,3
http://www.semanticweb.org/nicol/ontologies/2025/9/traffic/instance/road_30840031,Geert van Mesdagweg,19,3
http://www.semanticweb.org/nicol/ontologies/2025/9/traffic/instance/road_6600976,Provincialeweg,19,3
http://www.semanticweb.org/nicol/ontologies/2025/9/traffic/instance/road_7381713,Ringweg-Zuid,19,3
http://www.semanticweb.org/nicol/ontologies/2025/9/traffic/instance/road_1359668401,Ringweg-Zuid,19,3
http://www.semanticweb.org/nicol/ontologies/2025/9/traffic/instance/road_694373305,Loosduinsekade,19,3
http://www.semanticweb.org/nicol/ontologies/2025/9/traffic/instance/road_7112518,Maasroute,19,3
http://www.semanticweb.org/nicol/ontologies/2025/9/traffic/instance/road_43661252,Poot van Metz,19,3
http://www.semanticweb.org/nicol/ontologies/2025/9/traffic/instance/road_7616225,Stadsweide,19,3
http://www.semanticweb.org/nicol/ontologies/2025/9/traffic/instance/road_7533427,Grote Markt,19,3
http://www.semanticweb.org/nicol/ontologies/2025/9/traffic/instance/road_7369289,Rijnstraat,19,3
http://www.semanticweb.org/nicol/ontologies/2025/9/traffic/instance/road_140684781,Midden-Brabantweg,19,3
http://www.semanticweb.org/nicol/ontologies/2025/9/traffic/instance/road_531336969,Visarenddreef,19,3
http://www.semanticweb.org/nicol/ontologies/2025/9/traffic/instance/road_6616650,Rijksweg,19,3
http://www.semanticweb.org/nicol/ontologies/2025/9/traffic/instance/road_1359663062,Ringweg-Zuid,19,3
http://www.semanticweb.org/nicol/ontologies/2025/9/traffic/instance/road_821959208,Gaasperdammerweg,19,3
http://www.semanticweb.org/nicol/ontologies/2025/9/traffic/instance/road_6513845,Zuidveenseweg,19,3
http://www.semanticweb.org/nicol/ontologies/2025/9/traffic/instance/road_536903296,Luikerweg,19,3
http://www.semanticweb.org/nicol/ontologies/2025/9/traffic/instance/road_268145946,Hoofddorpdreef,19,3
http://www.semanticweb.org/nicol/ontologies/2025/9/traffic/instance/road_7382664,Ringweg-West,19,3
http://www.semanticweb.org/nicol/ontologies/2025/9/traffic/instance/road_243932786,Statenweg,19,2
http://www.semanticweb.org/nicol/ontologies/2025/9/traffic/instance/road_241793755,Hondsrugweg,19,2
http://www.semanticweb.org/nicol/ontologies/2025/9/traffic/instance/road_7157489,Insulindelaan,19,2
http://www.semanticweb.org/nicol/ontologies/2025/9/traffic/instance/road_6835584,Arnhemseweg,19,2
http://www.semanticweb.org/nicol/ontologies/2025/9/traffic/instance/road_238316444,Piet Heinkade,19,2
http://www.semanticweb.org/nicol/ontologies/2025/9/traffic/instance/road_1117907720,Rijksweg,18,3
http://www.semanticweb.org/nicol/ontologies/2025/9/traffic/instance/road_6863550,Europaweg,18,3
http://www.semanticweb.org/nicol/ontologies/2025/9/traffic/instance/road_590551539,Graafseweg,18,3
http://www.semanticweb.org/nicol/ontologies/2025/9/traffic/instance/road_221205618,Ringweg-West,18,3
http://www.semanticweb.org/nicol/ontologies/2025/9/traffic/instance/road_925890169,Maasboulevard,18,3
http://www.semanticweb.org/nicol/ontologies/2025/9/traffic/instance/road_342063315,Stationsplein,18,3
http://www.semanticweb.org/nicol/ontologies/2025/9/traffic/instance/road_696328779,Bosdreef,18,3
http://www.semanticweb.org/nicol/ontologies/2025/9/traffic/instance/road_1393645995,Putseweg,18,3
http://www.semanticweb.org/nicol/ontologies/2025/9/traffic/instance/road_7148680,Gemertseweg,18,3
http://www.semanticweb.org/nicol/ontologies/2025/9/traffic/instance/road_6943177,Gewandeweg,18,3
http://www.semanticweb.org/nicol/ontologies/2025/9/traffic/instance/road_7166299,Kruisstraat,18,3
http://www.semanticweb.org/nicol/ontologies/2025/9/traffic/instance/road_6731222,Rijksweg Noord,18,3
http://www.semanticweb.org/nicol/ontologies/2025/9/traffic/instance/road_6778260,Cauberg,18,3
http://www.semanticweb.org/nicol/ontologies/2025/9/traffic/instance/road_6862865,Europaweg,18,3
http://www.semanticweb.org/nicol/ontologies/2025/9/traffic/instance/road_6878437,Steenstraat,18,3
http://www.semanticweb.org/nicol/ontologies/2025/9/traffic/instance/road_6576146,Marktweg,18,3
http://www.semanticweb.org/nicol/ontologies/2025/9/traffic/instance/road_473979816,Stationsweg,18,3
http://www.semanticweb.org/nicol/ontologies/2025/9/traffic/instance/road_1254198644,IJsseloordweg,18,3
http://www.semanticweb.org/nicol/ontologies/2025/9/traffic/instance/road_356687599,Nelson Mandelaplein,18,3
http://www.semanticweb.org/nicol/ontologies/2025/9/traffic/instance/road_6671253,Breemarsweg,18,3
http://www.semanticweb.org/nicol/ontologies/2025/9/traffic/instance/road_7008423,Albert Schweitzerdreef,18,3
http://www.semanticweb.org/nicol/ontologies/2025/9/traffic/instance/road_7386863,Ookmeerweg,18,3
http://www.semanticweb.org/nicol/ontologies/2025/9/traffic/instance/road_221380396,Ringweg-West,18,3
http://www.semanticweb.org/nicol/ontologies/2025/9/traffic/instance/road_325879928,Marnixstraat,18,3
http://www.semanticweb.org/nicol/ontologies/2025/9/traffic/instance/road_694418082,Duinstraat,18,3
http://www.semanticweb.org/nicol/ontologies/2025/9/traffic/instance/road_150141919,Valkenboslaan,18,3
http://www.semanticweb.org/nicol/ontologies/2025/9/traffic/instance/road_7449873,Lammenschansweg,18,3
http://www.semanticweb.org/nicol/ontologies/2025/9/traffic/instance/road_130646523,Rijksstraatweg,18,3
http://www.semanticweb.org/nicol/ontologies/2025/9/traffic/instance/road_546580804,Calandstraat,18,3
http://www.semanticweb.org/nicol/ontologies/2025/9/traffic/instance/road_694362800,Beeklaan,18,3
http://www.semanticweb.org/nicol/ontologies/2025/9/traffic/instance/road_7316375,Koperstraat,18,3
http://www.semanticweb.org/nicol/ontologies/2025/9/traffic/instance/road_82806419,Vierhavensstraat,18,3
http://www.semanticweb.org/nicol/ontologies/2025/9/traffic/instance/road_7597974,Terneuzensestraat,18,2
http://www.semanticweb.org/nicol/ontologies/2025/9/traffic/instance/road_127271575,Graafsebaan,18,3
http://www.semanticweb.org/nicol/ontologies/2025/9/traffic/instance/road_987119484,Europaweg,18,3
http://www.semanticweb.org/nicol/ontologies/2025/9/traffic/instance/road_509335229,Europaweg,18,3
http://www.semanticweb.org/nicol/ontologies/2025/9/traffic/instance/road_1188271737,Napoleonsweg Noord,18,3
http://www.semanticweb.org/nicol/ontologies/2025/9/traffic/instance/road_732383196,Venloseweg,18,3
http://www.semanticweb.org/nicol/ontologies/2025/9/traffic/instance/road_459068446,Eindhovenseweg,18,3
http://www.semanticweb.org/nicol/ontologies/2025/9/traffic/instance/road_6660933,Lijsterstraat,18,3
http://www.semanticweb.org/nicol/ontologies/2025/9/traffic/instance/road_586586960,Twenteroute,18,3
http://www.semanticweb.org/nicol/ontologies/2025/9/traffic/instance/road_6810103,Nieuwe Deventerweg,18,3
http://www.semanticweb.org/nicol/ontologies/2025/9/traffic/instance/road_6621770,Steve Bikoweg,18,3
http://www.semanticweb.org/nicol/ontologies/2025/9/traffic/instance/road_7375161,Ringweg-Zuid,18,3
http://www.semanticweb.org/nicol/ontologies/2025/9/traffic/instance/road_7449232,Europaweg,18,3
http://www.semanticweb.org/nicol/ontologies/2025/9/traffic/instance/road_7490020,Vreeswijkstraat,18,3
http://www.semanticweb.org/nicol/ontologies/2025/9/traffic/instance/road_7517521,Mathenesserdijk,18,3
http://www.semanticweb.org/nicol/ontologies/2025/9/traffic/instance/road_48244682,Abraham van Stolkweg,18,3
http://www.semanticweb.org/nicol/ontologies/2025/9/traffic/instance/road_7254780,Antwerpsestraatweg,18,3
http://www.semanticweb.org/nicol/ontologies/2025/9/traffic/instance/road_7202194,Groenstraat,18,3
http://www.semanticweb.org/nicol/ontologies/2025/9/traffic/instance/road_721865178,Stipdonk,18,3
http://www.semanticweb.org/nicol/ontologies/2025/9/traffic/instance/road_6877057,Nijmeegseweg,18,3
http://www.semanticweb.org/nicol/ontologies/2025/9/traffic/instance/road_6846595,Elspeterweg,18,3
http://www.semanticweb.org/nicol/ontologies/2025/9/traffic/instance/road_6859057,Doesburgseweg,18,3
http://www.semanticweb.org/nicol/ontologies/2025/9/traffic/instance/road_320863816,Haagbeukweg,18,3
http://www.semanticweb.org/nicol/ontologies/2025/9/traffic/instance/road_7381760,Ringweg-Zuid,18,3
http://www.semanticweb.org/nicol/ontologies/2025/9/traffic/instance/road_376384560,Ceintuurbaan,18,3
http://www.semanticweb.org/nicol/ontologies/2025/9/traffic/instance/road_139175855,De Heemstraat,18,3
http://www.semanticweb.org/nicol/ontologies/2025/9/traffic/instance/road_151037585,Soestdijksekade,18,3
http://www.semanticweb.org/nicol/ontologies/2025/9/traffic/instance/road_4821010,'s-Gravenzandelaan,18,3
http://www.semanticweb.org/nicol/ontologies/2025/9/traffic/instance/road_7481574,Parallelweg,18,3
http://www.semanticweb.org/nicol/ontologies/2025/9/traffic/instance/road_7209372,Baden Powelllaan,18,3
http://www.semanticweb.org/nicol/ontologies/2025/9/traffic/instance/road_44778423,Kardinaal de Jongweg,18,3
http://www.semanticweb.org/nicol/ontologies/2025/9/traffic/instance/road_254282354,Ringweg-Oost,18,3
http://www.semanticweb.org/nicol/ontologies/2025/9/traffic/instance/road_140460773,Dierenselaan,18,3
http://www.semanticweb.org/nicol/ontologies/2025/9/traffic/instance/road_7489410,Veluweplein,18,3
http://www.semanticweb.org/nicol/ontologies/2025/9/traffic/instance/road_28299436,Barchman Wuytierslaan,18,3
http://www.semanticweb.org/nicol/ontologies/2025/9/traffic/instance/road_7376556,Ringweg-Noord,18,3
http://www.semanticweb.org/nicol/ontologies/2025/9/traffic/instance/road_7382990,Ringweg-West,18,3
http://www.semanticweb.org/nicol/ontologies/2025/9/traffic/instance/road_7043830,Ringweg-Oost,18,3
http://www.semanticweb.org/nicol/ontologies/2025/9/traffic/instance/road_7134786,Eindhovenseweg,18,3
http://www.semanticweb.org/nicol/ontologies/2025/9/traffic/instance/road_51697177,Utrechtsebaan,18,3
http://www.semanticweb.org/nicol/ontologies/2025/9/traffic/instance/road_49061938,Kalvermarkt,18,3
http://www.semanticweb.org/nicol/ontologies/2025/9/traffic/instance/road_6724604,Peelweg,18,3
http://www.semanticweb.org/nicol/ontologies/2025/9/traffic/instance/road_141775883,Afsluitdijk,18,3
http://www.semanticweb.org/nicol/ontologies/2025/9/traffic/instance/road_7008854,Albert Schweitzerdreef,18,3
http://www.semanticweb.org/nicol/ontologies/2025/9/traffic/instance/road_6613432,Oosttangent,18,3
http://www.semanticweb.org/nicol/ontologies/2025/9/traffic/instance/road_1266081878,Ringweg-Zuid,18,3
http://www.semanticweb.org/nicol/ontologies/2025/9/traffic/instance/road_75619096,Merwedestraat,18,3
http://www.semanticweb.org/nicol/ontologies/2025/9/traffic/instance/road_7044787,Ringweg-Oost,18,3
http://www.semanticweb.org/nicol/ontologies/2025/9/traffic/instance/road_1378154388,Zuilense Ring,18,3
http://www.semanticweb.org/nicol/ontologies/2025/9/traffic/instance/road_70330189,Wippolderlaan,18,3
http://www.semanticweb.org/nicol/ontologies/2025/9/traffic/instance/road_424283771,Amsterdamse Baan,18,3
http://www.semanticweb.org/nicol/ontologies/2025/9/traffic/instance/road_7385246,Nieuwe Haagseweg,18,3
http://www.semanticweb.org/nicol/ontologies/2025/9/traffic/instance/road_6875797,Pleijweg,18,3
http://www.semanticweb.org/nicol/ontologies/2025/9/traffic/instance/road_24584038,Wâldwei,18,3
http://www.semanticweb.org/nicol/ontologies/2025/9/traffic/instance/road_6849043,Delhuijzenweg,18,3
http://www.semanticweb.org/nicol/ontologies/2025/9/traffic/instance/road_7053731,Europalaan,18,2
http://www.semanticweb.org/nicol/ontologies/2025/9/traffic/instance/road_498547866,Weteringschans,18,2
http://www.semanticweb.org/nicol/ontologies/2025/9/traffic/instance/road_27124985,Zuiderzeeweg,18,2
http://www.semanticweb.org/nicol/ontologies/2025/9/traffic/instance/road_25877755,Postjesweg,18,2
http://www.semanticweb.org/nicol/ontologies/2025/9/traffic/instance/road_7329391,Beijerlandselaan,18,2
http://www.semanticweb.org/nicol/ontologies/2025/9/traffic/instance/road_51696609,Stadhoudersweg,18,2
http://www.semanticweb.org/nicol/ontologies/2025/9/traffic/instance/road_412634861,Auke Vleerstraat,18,2
http://www.semanticweb.org/nicol/ontologies/2025/9/traffic/instance/road_1184822872,Catharijnesingel,18,2
http://www.semanticweb.org/nicol/ontologies/2025/9/traffic/instance/road_7402341,Wijdesteeg,18,2
http://www.semanticweb.org/nicol/ontologies/2025/9/traffic/instance/road_872340179,Aalsterweg,18,2
http://www.semanticweb.org/nicol/ontologies/2025/9/traffic/instance/road_48964006,Rijksweg,17,3
http://www.semanticweb.org/nicol/ontologies/2025/9/traffic/instance/road_6632463,Parallelweg,17,3
http://www.semanticweb.org/nicol/ontologies/2025/9/traffic/instance/road_185105293,Amsterdamseweg,17,3
http://www.semanticweb.org/nicol/ontologies/2025/9/traffic/instance/road_7373050,Nassaukade,17,2
http://www.semanticweb.org/nicol/ontologies/2025/9/traffic/instance/road_7493251,Melis Stokelaan,17,3
http://www.semanticweb.org/nicol/ontologies/2025/9/traffic/instance/road_93248792,Rijksstraatweg,17,3
http://www.semanticweb.org/nicol/ontologies/2025/9/traffic/instance/road_7309134,Roer,17,3
http://www.semanticweb.org/nicol/ontologies/2025/9/traffic/instance/road_27394832,Vuurplaat,17,3
http://www.semanticweb.org/nicol/ontologies/2025/9/traffic/instance/road_7523395,Pompenburg,17,3
http://www.semanticweb.org/nicol/ontologies/2025/9/traffic/instance/road_7342796,Brugweg,17,3
http://www.semanticweb.org/nicol/ontologies/2025/9/traffic/instance/road_7157495,Insulindelaan,17,3
http://www.semanticweb.org/nicol/ontologies/2025/9/traffic/instance/road_98662818,Westerhaven,17,3
http://www.semanticweb.org/nicol/ontologies/2025/9/traffic/instance/road_1094514630,Europaweg,17,3
http://www.semanticweb.org/nicol/ontologies/2025/9/traffic/instance/road_6848681,Garderenseweg,17,3
http://www.semanticweb.org/nicol/ontologies/2025/9/traffic/instance/road_7059075,Theemsdreef,17,3
http://www.semanticweb.org/nicol/ontologies/2025/9/traffic/instance/road_6601069,Smaragdweg,17,3
http://www.semanticweb.org/nicol/ontologies/2025/9/traffic/instance/road_160526046,Karspeldreef,17,3
http://www.semanticweb.org/nicol/ontologies/2025/9/traffic/instance/road_148090632,Baden Powellweg,17,3
http://www.semanticweb.org/nicol/ontologies/2025/9/traffic/instance/road_901545258,Waldorpstraat,17,3
http://www.semanticweb.org/nicol/ontologies/2025/9/traffic/instance/road_7513279,Paul Krugerstraat,17,3
http://www.semanticweb.org/nicol/ontologies/2025/9/traffic/instance/road_7291241,Edisonweg,17,3
http://www.semanticweb.org/nicol/ontologies/2025/9/traffic/instance/road_419758450,Beukelsweg,17,3
http://www.semanticweb.org/nicol/ontologies/2025/9/traffic/instance/road_637730455,Molenheide,17,3
http://www.semanticweb.org/nicol/ontologies/2025/9/traffic/instance/road_652931200,Euregioweg,17,3
http://www.semanticweb.org/nicol/ontologies/2025/9/traffic/instance/road_6835646,Delhuijzenweg,17,3
http://www.semanticweb.org/nicol/ontologies/2025/9/traffic/instance/road_7622485,Zuiderbaan,17,3
http://www.semanticweb.org/nicol/ontologies/2025/9/traffic/instance/road_391038787,Leuvenumseweg,17,3
http://www.semanticweb.org/nicol/ontologies/2025/9/traffic/instance/road_1187859907,Lunterseweg,17,3
http://www.semanticweb.org/nicol/ontologies/2025/9/traffic/instance/road_142105269,Voorstraat,17,3
http://www.semanticweb.org/nicol/ontologies/2025/9/traffic/instance/road_368446943,Noodweg,17,3
http://www.semanticweb.org/nicol/ontologies/2025/9/traffic/instance/road_268934281,Rozenburgdreef,17,3
http://www.semanticweb.org/nicol/ontologies/2025/9/traffic/instance/road_336690907,Hoofddorpdreef,17,3
http://www.semanticweb.org/nicol/ontologies/2025/9/traffic/instance/road_7044098,Ringweg-Oost,17,3
http://www.semanticweb.org/nicol/ontologies/2025/9/traffic/instance/road_333638679,Stadhouderskade,17,2
http://www.semanticweb.org/nicol/ontologies/2025/9/traffic/instance/road_26977199,Amsteldijk,17,3
http://www.semanticweb.org/nicol/ontologies/2025/9/traffic/instance/road_173030278,Churchilllaan,17,3
http://www.semanticweb.org/nicol/ontologies/2025/9/traffic/instance/road_7477701,Paviljoensgracht,17,3
http://www.semanticweb.org/nicol/ontologies/2025/9/traffic/instance/road_25459004,Generaal Eisenhowerplein,17,3
http://www.semanticweb.org/nicol/ontologies/2025/9/traffic/instance/road_1246826946,Statenlaan,17,3
http://www.semanticweb.org/nicol/ontologies/2025/9/traffic/instance/road_112246539,Hogeveenseweg,17,3
http://www.semanticweb.org/nicol/ontologies/2025/9/traffic/instance/road_84075596,Hooigracht,17,3
http://www.semanticweb.org/nicol/ontologies/2025/9/traffic/instance/road_125227150,Schieweg,17,3
http://www.semanticweb.org/nicol/ontologies/2025/9/traffic/instance/road_7525939,West-Kruiskade,17,3
http://www.semanticweb.org/nicol/ontologies/2025/9/traffic/instance/road_7526990,West-Kruiskade,17,3
http://www.semanticweb.org/nicol/ontologies/2025/9/traffic/instance/road_7530598,Beukelsdijk,17,3
http://www.semanticweb.org/nicol/ontologies/2025/9/traffic/instance/road_264953495,Bruistensingel,17,3
http://www.semanticweb.org/nicol/ontologies/2025/9/traffic/instance/road_42556560,Poot van Metz,17,3
http://www.semanticweb.org/nicol/ontologies/2025/9/traffic/instance/road_6734078,Venloseweg,17,3
http://www.semanticweb.org/nicol/ontologies/2025/9/traffic/instance/road_6529207,Friesestraatweg,17,3
http://www.semanticweb.org/nicol/ontologies/2025/9/traffic/instance/road_6885637,Rijksweg,17,3
http://www.semanticweb.org/nicol/ontologies/2025/9/traffic/instance/road_7406500,Floris van Adrichemlaan,17,3
http://www.semanticweb.org/nicol/ontologies/2025/9/traffic/instance/road_37828011,Osdorper Ban,17,3
http://www.semanticweb.org/nicol/ontologies/2025/9/traffic/instance/road_100661508,Neherkade,17,3
http://www.semanticweb.org/nicol/ontologies/2025/9/traffic/instance/road_694373309,Loosduinsekade,17,3
http://www.semanticweb.org/nicol/ontologies/2025/9/traffic/instance/road_131437481,Martin Luther Kingweg,17,3
http://www.semanticweb.org/nicol/ontologies/2025/9/traffic/instance/road_7329424,Groene Hilledijk,17,3
http://www.semanticweb.org/nicol/ontologies/2025/9/traffic/instance/road_7161764,Michelangelolaan,17,3
http://www.semanticweb.org/nicol/ontologies/2025/9/traffic/instance/road_268934275,Hoofddorpdreef,17,3
http://www.semanticweb.org/nicol/ontologies/2025/9/traffic/instance/road_510856406,Coentunnelweg,17,3
http://www.semanticweb.org/nicol/ontologies/2025/9/traffic/instance/road_7371612,Nieuwezijds Voorburgwal,17,3
http://www.semanticweb.org/nicol/ontologies/2025/9/traffic/instance/road_694361299,Beeklaan,17,3
http://www.semanticweb.org/nicol/ontologies/2025/9/traffic/instance/road_7481105,Televisiestraat,17,3
http://www.semanticweb.org/nicol/ontologies/2025/9/traffic/instance/road_1175626696,Boxmeerseweg,17,3
http://www.semanticweb.org/nicol/ontologies/2025/9/traffic/instance/road_473950790,Middenpeelweg,17,3
http://www.semanticweb.org/nicol/ontologies/2025/9/traffic/instance/road_722740641,Zuidvliet,17,3
http://www.semanticweb.org/nicol/ontologies/2025/9/traffic/instance/road_800332649,Schipholweg,17,3
http://www.semanticweb.org/nicol/ontologies/2025/9/traffic/instance/road_7143995,Willem Prinzenstraat,17,3
http://www.semanticweb.org/nicol/ontologies/2025/9/traffic/instance/road_7148594,Gemertseweg,17,3
http://www.semanticweb.org/nicol/ontologies/2025/9/traffic/instance/road_6552392,Oostvaardersdijk,17,3
http://www.semanticweb.org/nicol/ontologies/2025/9/traffic/instance/road_440487130,Rijksstraatweg,17,3
http://www.semanticweb.org/nicol/ontologies/2025/9/traffic/instance/road_7335629,Zevenbergseweg,17,3
http://www.semanticweb.org/nicol/ontologies/2025/9/traffic/instance/road_6865082,Europaweg,17,3
http://www.semanticweb.org/nicol/ontologies/2025/9/traffic/instance/road_231490004,Drie Merenweg,17,3
http://www.semanticweb.org/nicol/ontologies/2025/9/traffic/instance/road_327152205,Wippolderlaan,17,2
http://www.semanticweb.org/nicol/ontologies/2025/9/traffic/instance/road_50323375,Postkoetsweg,17,3
http://www.semanticweb.org/nicol/ontologies/2025/9/traffic/instance/road_585254782,Haaksbergerstraat,17,3
http://www.semanticweb.org/nicol/ontologies/2025/9/traffic/instance/road_6500602,Ceintuurbaan,17,3
http://www.semanticweb.org/nicol/ontologies/2025/9/traffic/instance/road_6551999,Markerwaarddijk,17,3
http://www.semanticweb.org/nicol/ontologies/2025/9/traffic/instance/road_7041390,Buikslotermeerplein,17,3
http://www.semanticweb.org/nicol/ontologies/2025/9/traffic/instance/road_7377833,Ringweg-Noord,17,3
http://www.semanticweb.org/nicol/ontologies/2025/9/traffic/instance/road_385253144,Linkermaasoeverweg,17,3
http://www.semanticweb.org/nicol/ontologies/2025/9/traffic/instance/road_7184862,Luikerweg,17,3
http://www.semanticweb.org/nicol/ontologies/2025/9/traffic/instance/road_51707134,Afsluitdijk,17,3
http://www.semanticweb.org/nicol/ontologies/2025/9/traffic/instance/road_6508130,Hasselterweg,17,3
http://www.semanticweb.org/nicol/ontologies/2025/9/traffic/instance/road_126434579,Oostweg,17,3
http://www.semanticweb.org/nicol/ontologies/2025/9/traffic/instance/road_71610771,Europaweg,17,3
http://www.semanticweb.org/nicol/ontologies/2025/9/traffic/instance/road_500258049,Weg der Verenigde Naties,17,2
http://www.semanticweb.org/nicol/ontologies/2025/9/traffic/instance/road_59554689,Rotterdamseweg,17,2
http://www.semanticweb.org/nicol/ontologies/2025/9/traffic/instance/road_13879952,Karspeldreef,17,2
http://www.semanticweb.org/nicol/ontologies/2025/9/traffic/instance/road_901111075,Valkenburgerstraat,17,2
http://www.semanticweb.org/nicol/ontologies/2025/9/traffic/instance/road_743740427,Kinkerstraat,17,2
http://www.semanticweb.org/nicol/ontologies/2025/9/traffic/instance/road_6474937,Zuidkade,16,3
http://www.semanticweb.org/nicol/ontologies/2025/9/traffic/instance/road_385456103,Nijmeegseweg,16,3
http://www.semanticweb.org/nicol/ontologies/2025/9/traffic/instance/road_6988129,Maarsbergseweg,16,3
http://www.semanticweb.org/nicol/ontologies/2025/9/traffic/instance/road_758379044,Voorstraat,16,3
http://www.semanticweb.org/nicol/ontologies/2025/9/traffic/instance/road_141508489,Biltstraat,16,3
http://www.semanticweb.org/nicol/ontologies/2025/9/traffic/instance/road_6595330,Kolkweg,16,3
http://www.semanticweb.org/nicol/ontologies/2025/9/traffic/instance/road_971415571,IJdoornlaan,16,3
http://www.semanticweb.org/nicol/ontologies/2025/9/traffic/instance/road_599948034,Marnixstraat,16,2
http://www.semanticweb.org/nicol/ontologies/2025/9/traffic/instance/road_7382916,Haarlemmermeerstraat,16,3
http://www.semanticweb.org/nicol/ontologies/2025/9/traffic/instance/road_7490348,Loevesteinlaan,16,3
http://www.semanticweb.org/nicol/ontologies/2025/9/traffic/instance/road_38679377,Australiëweg,16,3
http://www.semanticweb.org/nicol/ontologies/2025/9/traffic/instance/road_7311076,Algeraweg,16,3
http://www.semanticweb.org/nicol/ontologies/2025/9/traffic/instance/road_7512775,Carnissesingel,16,3
http://www.semanticweb.org/nicol/ontologies/2025/9/traffic/instance/road_7338042,Overkampweg,16,3
http://www.semanticweb.org/nicol/ontologies/2025/9/traffic/instance/road_7525747,Doelwater,16,3
http://www.semanticweb.org/nicol/ontologies/2025/9/traffic/instance/road_421641043,Crooswijkseweg,16,3
http://www.semanticweb.org/nicol/ontologies/2025/9/traffic/instance/road_7329400,2e Rosestraat,16,2
http://www.semanticweb.org/nicol/ontologies/2025/9/traffic/instance/road_133559369,Franselaan,16,3
http://www.semanticweb.org/nicol/ontologies/2025/9/traffic/instance/road_7514678,Brielselaan,16,3
http://www.semanticweb.org/nicol/ontologies/2025/9/traffic/instance/road_7243928,Borchwerf,16,3
http://www.semanticweb.org/nicol/ontologies/2025/9/traffic/instance/road_716908586,Hurkske,16,3
http://www.semanticweb.org/nicol/ontologies/2025/9/traffic/instance/road_846384824,Volkelseweg,16,3
http://www.semanticweb.org/nicol/ontologies/2025/9/traffic/instance/road_6773626,Rijksweg Zuid,16,3
http://www.semanticweb.org/nicol/ontologies/2025/9/traffic/instance/road_837378232,Noord Esmarkerrondweg,16,3
http://www.semanticweb.org/nicol/ontologies/2025/9/traffic/instance/road_6971099,Nijkerkerstraat,16,3
http://www.semanticweb.org/nicol/ontologies/2025/9/traffic/instance/road_6668554,Weusthagstraat,16,3
http://www.semanticweb.org/nicol/ontologies/2025/9/traffic/instance/road_6816361,Zwolseweg,16,3
http://www.semanticweb.org/nicol/ontologies/2025/9/traffic/instance/road_163599419,Kerkewijk,16,3
http://www.semanticweb.org/nicol/ontologies/2025/9/traffic/instance/road_541380595,Amstelveenseweg,16,3
http://www.semanticweb.org/nicol/ontologies/2025/9/traffic/instance/road_7046905,Ringweg-Oost,16,3
http://www.semanticweb.org/nicol/ontologies/2025/9/traffic/instance/road_7489899,Zuiderparklaan,16,3
http://www.semanticweb.org/nicol/ontologies/2025/9/traffic/instance/road_602549448,1e Barendrechtseweg,16,3
http://www.semanticweb.org/nicol/ontologies/2025/9/traffic/instance/road_7533173,Piersonstraat,16,3
http://www.semanticweb.org/nicol/ontologies/2025/9/traffic/instance/road_1265832255,Marathonweg,16,3
http://www.semanticweb.org/nicol/ontologies/2025/9/traffic/instance/road_6835983,Delhuijzenweg,16,3
http://www.semanticweb.org/nicol/ontologies/2025/9/traffic/instance/road_6830294,Anklaarseweg,16,3
http://www.semanticweb.org/nicol/ontologies/2025/9/traffic/instance/road_7353907,Mijdrechtse Zuwe,16,3
http://www.semanticweb.org/nicol/ontologies/2025/9/traffic/instance/road_141330914,Utrechtseweg,16,3
http://www.semanticweb.org/nicol/ontologies/2025/9/traffic/instance/road_603792180,Hogering,16,3
http://www.semanticweb.org/nicol/ontologies/2025/9/traffic/instance/road_1363691942,Vleutenseweg,16,3
http://www.semanticweb.org/nicol/ontologies/2025/9/traffic/instance/road_1146509974,Provincialeweg,16,3
http://www.semanticweb.org/nicol/ontologies/2025/9/traffic/instance/road_1182409942,Straatweg,16,3
http://www.semanticweb.org/nicol/ontologies/2025/9/traffic/instance/road_7008205,Biltse Rading,16,3
http://www.semanticweb.org/nicol/ontologies/2025/9/traffic/instance/road_7068488,Maarssenbroeksedijk,16,3
http://www.semanticweb.org/nicol/ontologies/2025/9/traffic/instance/road_7404998,Zijlweg,16,3
http://www.semanticweb.org/nicol/ontologies/2025/9/traffic/instance/road_7391766,Schipholweg,16,3
http://www.semanticweb.org/nicol/ontologies/2025/9/traffic/instance/road_7492899,Melis Stokelaan,16,3
http://www.semanticweb.org/nicol/ontologies/2025/9/traffic/instance/road_700594134,Schuttersveld,16,3
http://www.semanticweb.org/nicol/ontologies/2025/9/traffic/instance/road_7525685,Kruiskade,16,3
http://www.semanticweb.org/nicol/ontologies/2025/9/traffic/instance/road_7329327,Hillevliet,16,3
http://www.semanticweb.org/nicol/ontologies/2025/9/traffic/instance/road_7119470,Maasroute,16,3
http://www.semanticweb.org/nicol/ontologies/2025/9/traffic/instance/road_7075833,Erasmusstraat,16,3
http://www.semanticweb.org/nicol/ontologies/2025/9/traffic/instance/road_72004744,Europaweg,16,3
http://www.semanticweb.org/nicol/ontologies/2025/9/traffic/instance/road_781620788,Napoleonsbaan Noord,16,3
http://www.semanticweb.org/nicol/ontologies/2025/9/traffic/instance/road_6395351,Floresstraat,16,3
http://www.semanticweb.org/nicol/ontologies/2025/9/traffic/instance/road_6874325,Groenestraat,16,3
http://www.semanticweb.org/nicol/ontologies/2025/9/traffic/instance/road_148105254,Schipholweg,16,3
http://www.semanticweb.org/nicol/ontologies/2025/9/traffic/instance/road_173029644,Voorschoterweg,16,3
http://www.semanticweb.org/nicol/ontologies/2025/9/traffic/instance/road_235158028,Gaagweg,16,3
http://www.semanticweb.org/nicol/ontologies/2025/9/traffic/instance/road_182029195,Aaltje Noordewierstraat,16,3
http://www.semanticweb.org/nicol/ontologies/2025/9/traffic/instance/road_165282309,Bezuidenhoutseweg,16,3
http://www.semanticweb.org/nicol/ontologies/2025/9/traffic/instance/road_691292785,Nieuwe Binnenweg,16,3
http://www.semanticweb.org/nicol/ontologies/2025/9/traffic/instance/road_373575584,Midden-Brabantweg,16,3
http://www.semanticweb.org/nicol/ontologies/2025/9/traffic/instance/road_6395609,Korreweg,16,3
http://www.semanticweb.org/nicol/ontologies/2025/9/traffic/instance/road_320096150,Rijksweg,16,3
http://www.semanticweb.org/nicol/ontologies/2025/9/traffic/instance/road_60841433,Haaksbergerstraat,16,3
http://www.semanticweb.org/nicol/ontologies/2025/9/traffic/instance/road_7073983,Provincialeweg,16,3
http://www.semanticweb.org/nicol/ontologies/2025/9/traffic/instance/road_6600962,Provincialeweg,16,3
http://www.semanticweb.org/nicol/ontologies/2025/9/traffic/instance/road_7377835,Coentunnelweg,16,3
http://www.semanticweb.org/nicol/ontologies/2025/9/traffic/instance/road_7378160,Spaarndammerstraat,16,3
http://www.semanticweb.org/nicol/ontologies/2025/9/traffic/instance/road_7471605,Rijksstraatweg,16,3
http://www.semanticweb.org/nicol/ontologies/2025/9/traffic/instance/road_135170252,Loosduinseweg,16,3
http://www.semanticweb.org/nicol/ontologies/2025/9/traffic/instance/road_311945414,Erasmusweg,16,3
http://www.semanticweb.org/nicol/ontologies/2025/9/traffic/instance/road_7489411,Ruijsdaelstraat,16,3
http://www.semanticweb.org/nicol/ontologies/2025/9/traffic/instance/road_7513216,Putsebocht,16,3
http://www.semanticweb.org/nicol/ontologies/2025/9/traffic/instance/road_395148275,Halsterseweg,16,3
http://www.semanticweb.org/nicol/ontologies/2025/9/traffic/instance/road_7262034,Heistraat,16,3
http://www.semanticweb.org/nicol/ontologies/2025/9/traffic/instance/road_7205771,Hoefstraat,16,3
http://www.semanticweb.org/nicol/ontologies/2025/9/traffic/instance/road_7140685,Helmondsingel,16,3
http://www.semanticweb.org/nicol/ontologies/2025/9/traffic/instance/road_6864544,Europaweg,16,3
http://www.semanticweb.org/nicol/ontologies/2025/9/traffic/instance/road_231599885,Dammenweg,16,3
http://www.semanticweb.org/nicol/ontologies/2025/9/traffic/instance/road_578853161,Kloosterheulweg,16,3
http://www.semanticweb.org/nicol/ontologies/2025/9/traffic/instance/road_6524796,Hanzeweg,16,3
http://www.semanticweb.org/nicol/ontologies/2025/9/traffic/instance/road_1395997274,Hildebrandstraat,16,3
http://www.semanticweb.org/nicol/ontologies/2025/9/traffic/instance/road_1395997294,Neherkade,16,3
http://www.semanticweb.org/nicol/ontologies/2025/9/traffic/instance/road_7302629,Rijksweg,16,3
http://www.semanticweb.org/nicol/ontologies/2025/9/traffic/instance/road_6530433,Waardweg,16,3
http://www.semanticweb.org/nicol/ontologies/2025/9/traffic/instance/road_500258050,Weg der Verenigde Naties,16,3
http://www.semanticweb.org/nicol/ontologies/2025/9/traffic/instance/road_6368612,Provinciale Weg,16,3
http://www.semanticweb.org/nicol/ontologies/2025/9/traffic/instance/road_458913512,Laan Corpus den Hoorn,16,3
http://www.semanticweb.org/nicol/ontologies/2025/9/traffic/instance/road_320192649,De Voortse Ring,16,3
http://www.semanticweb.org/nicol/ontologies/2025/9/traffic/instance/road_6847351,Zuiderzeestraatweg West,16,3
http://www.semanticweb.org/nicol/ontologies/2025/9/traffic/instance/road_7065545,Meerndijk,16,3
http://www.semanticweb.org/nicol/ontologies/2025/9/traffic/instance/road_243148213,Rijksweg,16,3
http://www.semanticweb.org/nicol/ontologies/2025/9/traffic/instance/road_7381722,Ringweg-Zuid,16,3
http://www.semanticweb.org/nicol/ontologies/2025/9/traffic/instance/road_1077688826,Utrechtsebaan,16,3
http://www.semanticweb.org/nicol/ontologies/2025/9/traffic/instance/road_7243966,Boulevard,16,3
http://www.semanticweb.org/nicol/ontologies/2025/9/traffic/instance/road_398814016,Laagravenseweg,16,3
http://www.semanticweb.org/nicol/ontologies/2025/9/traffic/instance/road_46269877,Hasselterweg,16,3
http://www.semanticweb.org/nicol/ontologies/2025/9/traffic/instance/road_1269325979,Ringweg-West,16,3
http://www.semanticweb.org/nicol/ontologies/2025/9/traffic/instance/road_7387183,Ookmeerweg,16,2
http://www.semanticweb.org/nicol/ontologies/2025/9/traffic/instance/road_210883266,Waarderweg,16,2
http://www.semanticweb.org/nicol/ontologies/2025/9/traffic/instance/road_1194025494,Einsteindreef,16,2
http://www.semanticweb.org/nicol/ontologies/2025/9/traffic/instance/road_1312873668,Julianaweg,15,3
http://www.semanticweb.org/nicol/ontologies/2025/9/traffic/instance/road_1034879251,Weg der Verenigde Naties,15,3
http://www.semanticweb.org/nicol/ontologies/2025/9/traffic/instance/road_23150454,Wesselseweg,15,3
http://www.semanticweb.org/nicol/ontologies/2025/9/traffic/instance/road_6821929,Jan Vermeerstraat,15,3
http://www.semanticweb.org/nicol/ontologies/2025/9/traffic/instance/road_6966870,Stadswei,15,3
http://www.semanticweb.org/nicol/ontologies/2025/9/traffic/instance/road_6976195,Barneveldseweg,15,3
http://www.semanticweb.org/nicol/ontologies/2025/9/traffic/instance/road_6649699,Gronausestraat,15,3
http://www.semanticweb.org/nicol/ontologies/2025/9/traffic/instance/road_26729821,Rijksweg,15,3
http://www.semanticweb.org/nicol/ontologies/2025/9/traffic/instance/road_6652443,Hengelosestraat,15,3
http://www.semanticweb.org/nicol/ontologies/2025/9/traffic/instance/road_6622564,Kogendijk,15,3
http://www.semanticweb.org/nicol/ontologies/2025/9/traffic/instance/road_7397691,Bennebroekerweg,15,3
http://www.semanticweb.org/nicol/ontologies/2025/9/traffic/instance/road_7372535,Stadhouderskade,15,3
http://www.semanticweb.org/nicol/ontologies/2025/9/traffic/instance/road_7476037,Gedempte Gracht,15,3
http://www.semanticweb.org/nicol/ontologies/2025/9/traffic/instance/road_7498931,Escamplaan,15,3
http://www.semanticweb.org/nicol/ontologies/2025/9/traffic/instance/road_749913250,Binckhorstlaan,15,3
http://www.semanticweb.org/nicol/ontologies/2025/9/traffic/instance/road_7481829,Erasmusweg,15,3
http://www.semanticweb.org/nicol/ontologies/2025/9/traffic/instance/road_34379704,Burgemeester Elsenweg,15,3
http://www.semanticweb.org/nicol/ontologies/2025/9/traffic/instance/road_152401329,Soestdijksekade,15,3
http://www.semanticweb.org/nicol/ontologies/2025/9/traffic/instance/road_7473907,Bezuidenhoutseweg,15,3
http://www.semanticweb.org/nicol/ontologies/2025/9/traffic/instance/road_7450737,2e Binnenvestgracht,15,3
http://www.semanticweb.org/nicol/ontologies/2025/9/traffic/instance/road_140460763,De la Reyweg,15,3
http://www.semanticweb.org/nicol/ontologies/2025/9/traffic/instance/road_90606034,Eerste Stationsstraat,15,3
http://www.semanticweb.org/nicol/ontologies/2025/9/traffic/instance/road_135203122,Moerweg,15,3
http://www.semanticweb.org/nicol/ontologies/2025/9/traffic/instance/road_7294236,Schuwacht,15,3
http://www.semanticweb.org/nicol/ontologies/2025/9/traffic/instance/road_424896166,Meent,15,2
http://www.semanticweb.org/nicol/ontologies/2025/9/traffic/instance/road_691221246,Straatweg,15,3
http://www.semanticweb.org/nicol/ontologies/2025/9/traffic/instance/road_586929319,Kleiweg,15,3
http://www.semanticweb.org/nicol/ontologies/2025/9/traffic/instance/road_199833186,Pleinweg,15,3
http://www.semanticweb.org/nicol/ontologies/2025/9/traffic/instance/road_1267913855,Slinge,15,3
http://www.semanticweb.org/nicol/ontologies/2025/9/traffic/instance/road_49076518,'s-Gravendijkwal,15,3
http://www.semanticweb.org/nicol/ontologies/2025/9/traffic/instance/road_7202737,Bredaseweg,15,3
http://www.semanticweb.org/nicol/ontologies/2025/9/traffic/instance/road_6951115,Bosschebaan,15,3
http://www.semanticweb.org/nicol/ontologies/2025/9/traffic/instance/road_7392665,St. Janstraat,15,3
http://www.semanticweb.org/nicol/ontologies/2025/9/traffic/instance/road_291617294,Wilhelminasingel,15,3
http://www.semanticweb.org/nicol/ontologies/2025/9/traffic/instance/road_6392579,Zaagmuldersweg,15,3
http://www.semanticweb.org/nicol/ontologies/2025/9/traffic/instance/road_511171435,Westerweg,15,3
http://www.semanticweb.org/nicol/ontologies/2025/9/traffic/instance/road_761225113,Beethovenstraat,15,3
http://www.semanticweb.org/nicol/ontologies/2025/9/traffic/instance/road_675184113,Rochussenstraat,15,3
http://www.semanticweb.org/nicol/ontologies/2025/9/traffic/instance/road_294562678,Franz Lisztstraat,15,3
http://www.semanticweb.org/nicol/ontologies/2025/9/traffic/instance/road_6818522,Hengeloseweg,15,3
http://www.semanticweb.org/nicol/ontologies/2025/9/traffic/instance/road_721529788,Velperweg,15,3
http://www.semanticweb.org/nicol/ontologies/2025/9/traffic/instance/road_160287325,Zuiderval,15,3
http://www.semanticweb.org/nicol/ontologies/2025/9/traffic/instance/road_481434587,Twenteroute,15,3
http://www.semanticweb.org/nicol/ontologies/2025/9/traffic/instance/road_7021868,Tussenring,15,3
http://www.semanticweb.org/nicol/ontologies/2025/9/traffic/instance/road_7057166,Kroonstraat,15,3
http://www.semanticweb.org/nicol/ontologies/2025/9/traffic/instance/road_143383894,Amersfoortsestraat,15,3
http://www.semanticweb.org/nicol/ontologies/2025/9/traffic/instance/road_144146723,Provincialeweg,15,3
http://www.semanticweb.org/nicol/ontologies/2025/9/traffic/instance/road_26716653,Mauritskade,15,3
http://www.semanticweb.org/nicol/ontologies/2025/9/traffic/instance/road_46590530,President Allendelaan,15,3
http://www.semanticweb.org/nicol/ontologies/2025/9/traffic/instance/road_389840340,'s-Gravendamseweg,15,3
http://www.semanticweb.org/nicol/ontologies/2025/9/traffic/instance/road_126443284,Wagenstraat,15,3
http://www.semanticweb.org/nicol/ontologies/2025/9/traffic/instance/road_93262102,Moerweg,15,3
http://www.semanticweb.org/nicol/ontologies/2025/9/traffic/instance/road_32136653,Houtwijklaan,15,3
http://www.semanticweb.org/nicol/ontologies/2025/9/traffic/instance/road_416925671,Soestdijkseplein,15,3
http://www.semanticweb.org/nicol/ontologies/2025/9/traffic/instance/road_59191062,Churchilllaan,15,3
http://www.semanticweb.org/nicol/ontologies/2025/9/traffic/instance/road_7556542,Eikenlaan,15,3
http://www.semanticweb.org/nicol/ontologies/2025/9/traffic/instance/road_43634353,Aert van Nesstraat,15,3
http://www.semanticweb.org/nicol/ontologies/2025/9/traffic/instance/road_1019264688,Groeninx van Zoelenlaan,15,3
http://www.semanticweb.org/nicol/ontologies/2025/9/traffic/instance/road_7201750,Broekhovenseweg,15,3
http://www.semanticweb.org/nicol/ontologies/2025/9/traffic/instance/road_147217656,Vestdijk,15,3
http://www.semanticweb.org/nicol/ontologies/2025/9/traffic/instance/road_987002801,Sloterbeekstraat,15,3
http://www.semanticweb.org/nicol/ontologies/2025/9/traffic/instance/road_6735663,Roermondseweg,15,3
http://www.semanticweb.org/nicol/ontologies/2025/9/traffic/instance/road_377273732,Rondweg,15,3
http://www.semanticweb.org/nicol/ontologies/2025/9/traffic/instance/road_350201771,Nijverdalsestraat,15,3
http://www.semanticweb.org/nicol/ontologies/2025/9/traffic/instance/road_603895873,Spoordreef,15,3
http://www.semanticweb.org/nicol/ontologies/2025/9/traffic/instance/road_1154119642,Provincialeweg,15,3
http://www.semanticweb.org/nicol/ontologies/2025/9/traffic/instance/road_635377673,Kanaalkade,15,3
http://www.semanticweb.org/nicol/ontologies/2025/9/traffic/instance/road_287963190,De Ruijterkade,15,3
http://www.semanticweb.org/nicol/ontologies/2025/9/traffic/instance/road_38524672,Ringweg-Noord,15,3
http://www.semanticweb.org/nicol/ontologies/2025/9/traffic/instance/road_222958729,Kempstraat,15,3
http://www.semanticweb.org/nicol/ontologies/2025/9/traffic/instance/road_7491824,Thorbeckelaan,15,3
http://www.semanticweb.org/nicol/ontologies/2025/9/traffic/instance/road_143566449,Papsouwselaan,15,3
http://www.semanticweb.org/nicol/ontologies/2025/9/traffic/instance/road_7579111,Rijksstraatweg,15,3
http://www.semanticweb.org/nicol/ontologies/2025/9/traffic/instance/road_7211883,Bredaseweg,15,3
http://www.semanticweb.org/nicol/ontologies/2025/9/traffic/instance/road_7253639,Zeelandweg,15,3
http://www.semanticweb.org/nicol/ontologies/2025/9/traffic/instance/road_7150784,Bosscheweg,15,3
http://www.semanticweb.org/nicol/ontologies/2025/9/traffic/instance/road_6646184,Nordhornsestraat,15,3
http://www.semanticweb.org/nicol/ontologies/2025/9/traffic/instance/road_6871343,Nijmeegsebaan,15,3
http://www.semanticweb.org/nicol/ontologies/2025/9/traffic/instance/road_367817424,Winthontlaan,15,3
http://www.semanticweb.org/nicol/ontologies/2025/9/traffic/instance/road_7407730,Binnenweg,15,3
http://www.semanticweb.org/nicol/ontologies/2025/9/traffic/instance/road_770417836,Weteringlaan,15,3
http://www.semanticweb.org/nicol/ontologies/2025/9/traffic/instance/road_694410271,Gevers Deynootweg,15,3
http://www.semanticweb.org/nicol/ontologies/2025/9/traffic/instance/road_7481613,Fruitweg,15,3
http://www.semanticweb.org/nicol/ontologies/2025/9/traffic/instance/road_706077760,Vaanweg,15,2
http://www.semanticweb.org/nicol/ontologies/2025/9/traffic/instance/road_6947391,Eerste Reitse Dreef,15,3
http://www.semanticweb.org/nicol/ontologies/2025/9/traffic/instance/road_31909964,Oosttangent Noord,15,3
http://www.semanticweb.org/nicol/ontologies/2025/9/traffic/instance/road_784197486,Het Haagje,15,3
http://www.semanticweb.org/nicol/ontologies/2025/9/traffic/instance/road_6839336,Rijksstraatweg,15,3
http://www.semanticweb.org/nicol/ontologies/2025/9/traffic/instance/road_6847404,Zuiderzeestraatweg West,15,3
http://www.semanticweb.org/nicol/ontologies/2025/9/traffic/instance/road_6790472,Bedrijvenweg,15,3
http://www.semanticweb.org/nicol/ontologies/2025/9/traffic/instance/road_7042490,Ringweg-Noord,15,3
http://www.semanticweb.org/nicol/ontologies/2025/9/traffic/instance/road_8113026,Dam,15,3
http://www.semanticweb.org/nicol/ontologies/2025/9/traffic/instance/road_7525926,Kruisplein,15,3
http://www.semanticweb.org/nicol/ontologies/2025/9/traffic/instance/road_103474092,Kennedylaan,15,3
http://www.semanticweb.org/nicol/ontologies/2025/9/traffic/instance/road_293851529,Ringweg-Noord,15,3
http://www.semanticweb.org/nicol/ontologies/2025/9/traffic/instance/road_679098490,Kanaaldijk-noord,15,3
http://www.semanticweb.org/nicol/ontologies/2025/9/traffic/instance/road_6456924,Friesestraatweg,15,3
http://www.semanticweb.org/nicol/ontologies/2025/9/traffic/instance/road_6802094,Nijverdalsestraat,15,3
http://www.semanticweb.org/nicol/ontologies/2025/9/traffic/instance/road_30985187,Ringweg-Zuid,15,3
http://www.semanticweb.org/nicol/ontologies/2025/9/traffic/instance/road_378320517,IJdoornlaan,15,3
http://www.semanticweb.org/nicol/ontologies/2025/9/traffic/instance/road_26132771,Frankeneng,15,3
http://www.semanticweb.org/nicol/ontologies/2025/9/traffic/instance/road_6863545,Europaweg,15,3
http://www.semanticweb.org/nicol/ontologies/2025/9/traffic/instance/road_1096119818,Rijksweg,15,3
http://www.semanticweb.org/nicol/ontologies/2025/9/traffic/instance/road_7381715,Ringweg-Zuid,15,3
http://www.semanticweb.org/nicol/ontologies/2025/9/traffic/instance/road_495535096,Ringweg-Oost,15,3
http://www.semanticweb.org/nicol/ontologies/2025/9/traffic/instance/road_7370159,Ringweg-Zuid,15,3
http://www.semanticweb.org/nicol/ontologies/2025/9/traffic/instance/road_801336267,Rijksweg,15,3
http://www.semanticweb.org/nicol/ontologies/2025/9/traffic/instance/road_1302361241,Eerste Weg,15,3
http://www.semanticweb.org/nicol/ontologies/2025/9/traffic/instance/road_6766635,Europaplein,15,3
http://www.semanticweb.org/nicol/ontologies/2025/9/traffic/instance/road_572186616,Plesmanlaan,15,3
http://www.semanticweb.org/nicol/ontologies/2025/9/traffic/instance/road_374810604,Gaasperdammerweg,15,3
http://www.semanticweb.org/nicol/ontologies/2025/9/traffic/instance/road_6669740,Rondweg,15,3
http://www.semanticweb.org/nicol/ontologies/2025/9/traffic/instance/road_6901571,Volkelseweg,15,3
http://www.semanticweb.org/nicol/ontologies/2025/9/traffic/instance/road_6695111,Misterweg,15,3
http://www.semanticweb.org/nicol/ontologies/2025/9/traffic/instance/road_1331091273,Ringweg-West,15,3
http://www.semanticweb.org/nicol/ontologies/2025/9/traffic/instance/road_26283529,Zamenhofdreef,15,2
http://www.semanticweb.org/nicol/ontologies/2025/9/traffic/instance/road_338409435,Wijchenseweg,15,2
http://www.semanticweb.org/nicol/ontologies/2025/9/traffic/instance/road_845188061,Beneluxlaan,15,2
http://www.semanticweb.org/nicol/ontologies/2025/9/traffic/instance/road_740587143,Westerweg,15,2
http://www.semanticweb.org/nicol/ontologies/2025/9/traffic/instance/road_27350410,Rondweg,15,2
http://www.semanticweb.org/nicol/ontologies/2025/9/traffic/instance/road_149777335,Zuigerplasdreef,15,2
http://www.semanticweb.org/nicol/ontologies/2025/9/traffic/instance/road_130303188,Vasteland,15,2
http://www.semanticweb.org/nicol/ontologies/2025/9/traffic/instance/road_7518042,Aelbrechtskade,15,2
http://www.semanticweb.org/nicol/ontologies/2025/9/traffic/instance/road_459053702,Europaweg,15,2
http://www.semanticweb.org/nicol/ontologies/2025/9/traffic/instance/road_923551541,Leenderweg,15,2
http://www.semanticweb.org/nicol/ontologies/2025/9/traffic/instance/road_509670753,Europaweg,15,2
http://www.semanticweb.org/nicol/ontologies/2025/9/traffic/instance/road_7157455,Eisenhowerlaan,15,2
http://www.semanticweb.org/nicol/ontologies/2025/9/traffic/instance/road_7527023,Weena,15,2
http://www.semanticweb.org/nicol/ontologies/2025/9/traffic/instance/road_321714900,Rijksweg,14,3
http://www.semanticweb.org/nicol/ontologies/2025/9/traffic/instance/road_6823291,Deventerweg,14,3
http://www.semanticweb.org/nicol/ontologies/2025/9/traffic/instance/road_6862905,IJsseloordweg,14,3
http://www.semanticweb.org/nicol/ontologies/2025/9/traffic/instance/road_6814458,Deventerweg,14,3
http://www.semanticweb.org/nicol/ontologies/2025/9/traffic/instance/road_6965253,Ceintuurbaan,14,3
http://www.semanticweb.org/nicol/ontologies/2025/9/traffic/instance/road_7066583,Karl Marxdreef,14,3
http://www.semanticweb.org/nicol/ontologies/2025/9/traffic/instance/road_79273376,Amsterdamsestraatweg,14,3
http://www.semanticweb.org/nicol/ontologies/2025/9/traffic/instance/road_815908229,Loevenhoutsedijk,14,3
http://www.semanticweb.org/nicol/ontologies/2025/9/traffic/instance/road_1229252542,Peperstraat,14,3
http://www.semanticweb.org/nicol/ontologies/2025/9/traffic/instance/road_6619182,Nollenweg,14,3
http://www.semanticweb.org/nicol/ontologies/2025/9/traffic/instance/road_481421105,Spaarndamseweg,14,3
http://www.semanticweb.org/nicol/ontologies/2025/9/traffic/instance/road_7040863,Ringweg-Noord,14,3
http://www.semanticweb.org/nicol/ontologies/2025/9/traffic/instance/road_7383022,Pieter Calandlaan,14,3
http://www.semanticweb.org/nicol/ontologies/2025/9/traffic/instance/road_38145604,Provincialeweg,14,3
http://www.semanticweb.org/nicol/ontologies/2025/9/traffic/instance/road_60783214,Hildebrandstraat,14,3
http://www.semanticweb.org/nicol/ontologies/2025/9/traffic/instance/road_7496312,Sportlaan,14,3
http://www.semanticweb.org/nicol/ontologies/2025/9/traffic/instance/road_7502735,Poeldijkseweg,14,3
http://www.semanticweb.org/nicol/ontologies/2025/9/traffic/instance/road_740400893,Zonweg,14,3
http://www.semanticweb.org/nicol/ontologies/2025/9/traffic/instance/road_7477715,Prinsegracht,14,3
http://www.semanticweb.org/nicol/ontologies/2025/9/traffic/instance/road_100876542,Groot Hertoginnelaan,14,3
http://www.semanticweb.org/nicol/ontologies/2025/9/traffic/instance/road_129481562,Laan van Oversteen,14,3
http://www.semanticweb.org/nicol/ontologies/2025/9/traffic/instance/road_494446409,Spoorsingel,14,3
http://www.semanticweb.org/nicol/ontologies/2025/9/traffic/instance/road_547760438,Lekstraat,14,3
http://www.semanticweb.org/nicol/ontologies/2025/9/traffic/instance/road_767857040,Hengelolaan,14,3
http://www.semanticweb.org/nicol/ontologies/2025/9/traffic/instance/road_386788579,Argonautenweg,14,3
http://www.semanticweb.org/nicol/ontologies/2025/9/traffic/instance/road_426887059,Vasteland,14,3
http://www.semanticweb.org/nicol/ontologies/2025/9/traffic/instance/road_7518011,Schiedamseweg,14,3
http://www.semanticweb.org/nicol/ontologies/2025/9/traffic/instance/road_132702848,Boezembocht,14,3
http://www.semanticweb.org/nicol/ontologies/2025/9/traffic/instance/road_325773891,Boompjes,14,3
http://www.semanticweb.org/nicol/ontologies/2025/9/traffic/instance/road_1264622261,'s-Gravendijkwal,14,3
http://www.semanticweb.org/nicol/ontologies/2025/9/traffic/instance/road_1341026559,Spinozaweg,14,2
http://www.semanticweb.org/nicol/ontologies/2025/9/traffic/instance/road_528537348,Vierhavensstraat,14,3
http://www.semanticweb.org/nicol/ontologies/2025/9/traffic/instance/road_45869097,Spuiboulevard,14,3
http://www.semanticweb.org/nicol/ontologies/2025/9/traffic/instance/road_59433215,Hillelaan,14,3
http://www.semanticweb.org/nicol/ontologies/2025/9/traffic/instance/road_7557813,Hartelweg,14,3
http://www.semanticweb.org/nicol/ontologies/2025/9/traffic/instance/road_7255634,Halsterseweg,14,3
http://www.semanticweb.org/nicol/ontologies/2025/9/traffic/instance/road_7224953,Backer en Ruebweg,14,3
http://www.semanticweb.org/nicol/ontologies/2025/9/traffic/instance/road_316373943,Gasthuisring,14,3
http://www.semanticweb.org/nicol/ontologies/2025/9/traffic/instance/road_6434920,Alteveer,14,3
http://www.semanticweb.org/nicol/ontologies/2025/9/traffic/instance/road_310427636,Boulevard 1945,14,3
http://www.semanticweb.org/nicol/ontologies/2025/9/traffic/instance/road_6508664,Werkerlaan,14,3
http://www.semanticweb.org/nicol/ontologies/2025/9/traffic/instance/road_6869248,Nieuwe Rijksweg,14,3
http://www.semanticweb.org/nicol/ontologies/2025/9/traffic/instance/road_228411165,Rijkerdreef,14,3
http://www.semanticweb.org/nicol/ontologies/2025/9/traffic/instance/road_6601687,Vondelstraat,14,3
http://www.semanticweb.org/nicol/ontologies/2025/9/traffic/instance/road_7387292,Zuidermolenweg,14,3
http://www.semanticweb.org/nicol/ontologies/2025/9/traffic/instance/road_1364048702,Hoefkade,14,3
http://www.semanticweb.org/nicol/ontologies/2025/9/traffic/instance/road_124809204,Groen van Prinstererlaan,14,3
http://www.semanticweb.org/nicol/ontologies/2025/9/traffic/instance/road_931180009,Terletstraat,14,3
http://www.semanticweb.org/nicol/ontologies/2025/9/traffic/instance/road_7339562,Brouwersdijk,14,3
http://www.semanticweb.org/nicol/ontologies/2025/9/traffic/instance/road_492373439,Colosseumweg,14,3
