site_id,speed_measurements,flow_measurements,avg_speed,avg_flow,max_speed,max_flow
PZH01_MST_0065_00,12,0,22.833333333333332,,47.0,
PZH01_MST_0029-00,12,0,10.833333333333334,,23.0,
PZH01_MST_0088_00,12,0,27.666666666666668,,45.0,
PZH01_MST_0661_00,12,0,20.666666666666668,,64.0,
PZH01_MST_0122_00,12,0,35.833333333333336,,76.0,
PZH01_MST_0088_01,12,0,15.666666666666666,,49.0,
PZH01_MST_0635_01_01,8,0,56.5,,61.0,
PZH01_MST_0661_01,12,0,28.166666666666668,,62.0,
PZH01_MST_0122_01,12,0,51.333333333333336,,86.0,
PZH01_MST_0635_01_00,8,0,51.25,,72.0,
PZH01_MST_0982_00,16,0,52.375,,93.0,
PZH01_MST_0684_00,12,0,23.333333333333332,,72.0,
PZH01_MST_0684_01,12,0,25.666666666666668,,79.0,
PZH01_MST_0935_01,12,0,37.166666666666664,,76.0,
PZH01_MST_0065_01,12,0,31.5,,49.0,
PZH01_MST_0935_00,12,0,40.5,,82.0,
PZH01_MST_0958_00,12,0,20.166666666666668,,34.0,
PZH01_MST_0958_01,12,0,12.0,,28.0,
PZH01_MST_0018_01,12,0,40.0,,83.0,
PZH01_MST_0832_01,12,0,36.333333333333336,,75.0,
PZH01_MST_0614_01,12,0,38.833333333333336,,80.0,
PZH01_MST_0614_00,12,0,24.0,,74.0,
PZH01_MST_0878_00,24,0,29.333333333333332,,63.0,
PZH01_MST_0076_01,12,0,36.0,,74.0,
PZH01_MST_0890_01,12,0,27.333333333333332,,84.0,
PZH01_MST_0832_00,12,0,28.0,,86.0,
PZH01_MST_0018_00,12,0,43.0,,90.0,
PZH01_MST_0031_01,12,0,-1.0,,-1.0,
PZH01_MST_0007_02,12,0,-1.0,,-1.0,
PZH01_MST_0867_00,12,0,26.5,,49.0,
PZH01_MST_0603_00,12,0,38.333333333333336,,88.0,
PZH01_MST_0031_00,12,0,1.3333333333333333,,6.0,
PZH01_MST_0924_00,12,0,28.666666666666668,,88.0,
PZH01_MST_0603_01,12,0,41.833333333333336,,65.0,
PZH01_MST_0867_01,12,0,32.333333333333336,,67.0,
PZH01_MST_0649_00,12,0,29.666666666666668,,62.0,
PZH01_MST_0890_00,12,0,19.666666666666668,,61.0,
PZH01_MST_0076_00,12,0,41.166666666666664,,86.0,
PZH01_MST_0924_01,12,0,24.666666666666668,,76.0,
PZH01_MST_0649_01,12,0,20.333333333333332,,63.0,
PZH01_MST_0672_01,12,0,26.333333333333332,,81.0,
PZH01_MST_0672_00,12,0,27.333333333333332,,84.0,
PZH01_MST_0007_00,24,0,-1.0,,-1.0,
PZH01_MST_0879_00,36,0,26.666666666666668,,73.0,
PZH01_MST_0856_02,24,0,17.916666666666668,,46.0,
PZH01_MST_0638_00,24,0,28.416666666666668,,73.0,
PZH01_MST_0913_00,24,0,25.583333333333332,,70.0,
PZH01_MST_0856_00,24,0,21.75,,54.0,
PZH01_MST_0638_02,24,0,31.833333333333332,,73.0,
PZH01_MST_0913_02,24,0,8.0,,53.0,
PZH01_MST_0969_00,24,0,25.833333333333332,,56.0,
PZH01_MST_0109_01,12,0,36.5,,75.0,
PZH01_MST_0109_00,12,0,51.833333333333336,,79.0,
PZH01_MST_0019_00,12,0,24.666666666666668,,76.0,
PZH01_MST_0019_01,12,0,38.333333333333336,,79.0,
PZH01_MST_0843_00,12,0,18.166666666666668,,39.0,
PZH01_MST_0820_01,12,0,25.833333333333332,,48.0,
PZH01_MST_0030_00,12,0,39.0,,86.0,
PZH01_MST_0820_00,12,0,23.666666666666668,,50.0,
PZH01_MST_0602_00,12,0,22.666666666666668,,70.0,
PZH01_MST_0030_01,12,0,22.333333333333332,,69.0,
PZH01_MST_0891_00,12,0,25.666666666666668,,79.0,
PZH01_MST_0891_01,12,0,34.333333333333336,,74.0,
PZH01_MST_0602_01,12,0,48.833333333333336,,81.0,
PZH01_MST_0650_01,12,0,19.0,,59.0,
PZH01_MST_0625_01,12,0,38.833333333333336,,65.0,
PZH01_MST_0625_00,12,0,14.333333333333334,,45.0,
PZH01_MST_0650_00,12,0,30.333333333333332,,64.0,
PZH01_MST_0673_01,12,0,25.666666666666668,,79.0,
PZH01_MST_0673_00,12,0,25.0,,77.0,
PZH01_MST_0843_01,12,0,17.333333333333332,,54.0,
PZH01_MST_0089_01,12,0,27.166666666666668,,58.0,
PZH01_MST_0121_00,12,0,40.333333333333336,,84.0,
PZH01_MST_0089_00,12,0,26.833333333333332,,56.0,
PZH01_MST_0121_01,12,0,34.333333333333336,,71.0,
PZH01_MST_0053_00,12,0,30.5,,62.0,
PZH01_MST_0981_01,8,0,58.75,,60.0,
PZH01_MST_0981_00,12,0,25.666666666666668,,55.0,
PZH01_MST_0053_01,12,0,26.333333333333332,,55.0,
PZH01_MST_0110_01,12,0,30.666666666666668,,94.0,
PZH01_MST_0110_00,12,0,42.0,,86.0,
PZH01_MST_0695_00,12,0,20.0,,62.0,
PZH01_MST_0970_00,12,0,9.5,,20.0,
PZH01_MST_0695_01,12,0,28.166666666666668,,59.0,
PZH01_MST_0970_01,12,0,35.166666666666664,,61.0,
PZH01_MST_0064_00,12,0,29.333333333333332,,61.0,
PZH01_MST_0064_01,12,0,26.0,,55.0,
PZH01_MST_0831_00,12,0,22.166666666666668,,46.0,
PZH01_MST_0831_01,12,0,30.5,,63.0,
PZH01_MST_0911_00,24,0,40.25,,105.0,
PZH01_MST_0911_02,24,0,32.666666666666664,,88.0,
PZH01_MST_0032_00,12,0,19.666666666666668,,61.0,
PZH01_MST_0627_00,12,0,23.666666666666668,,73.0,
PZH01_MST_0902_00,12,0,19.666666666666668,,61.0,
PZH01_MST_0604_01,12,0,38.666666666666664,,79.0,
PZH01_MST_0868_01,12,0,33.833333333333336,,75.0,
PZH01_MST_0604_00,12,0,41.833333333333336,,90.0,
PZH01_MST_0868_00,12,0,19.0,,59.0,
PZH01_MST_0032_01,12,0,28.0,,61.0,
PZH01_MST_0008_02,24,0,-1.0,,-1.0,
PZH01_MST_0627_01,12,0,36.666666666666664,,58.0,
PZH01_MST_0902_01,12,0,21.333333333333332,,66.0,
PZH01_MST_0671_00,12,0,40.333333333333336,,85.0,
PZH01_MST_0671_01,12,0,22.666666666666668,,70.0,
PZH01_MST_0008_00,24,0,13.75,,37.0,
PZH01_MST_0857_02,24,0,20.0,,71.0,
PZH01_MST_0880_00,12,0,23.666666666666668,,73.0,
PZH01_MST_0880_01,12,0,23.666666666666668,,73.0,
PZH01_MST_0020_00,12,0,25.333333333333332,,78.0,
PZH01_MST_0857_00,24,0,4.833333333333333,,19.0,
PZH01_MST_0020_01,12,0,39.833333333333336,,82.0,
PZH01_MST_0066_00,36,0,34.0,,88.0,
PZH01_MST_0087_00,12,0,15.0,,47.0,
PZH01_MST_0945_00,12,0,45.333333333333336,,72.0,
PZH01_MST_0683_00,24,0,18.333333333333332,,71.0,
PZH01_MST_0683_02,24,0,-1.0,,-1.0,
PZH01_MST_0055_01,12,0,29.166666666666668,,62.0,
PZH01_MST_0055_00,12,0,28.666666666666668,,62.0,
PZH01_MST_0087_01,12,0,26.0,,56.0,
PZH01_MST_0659_00,24,0,28.666666666666668,,103.0,
PZH01_MST_0934_00,12,0,21.333333333333332,,66.0,
PZH01_MST_0934_01,12,0,33.833333333333336,,72.0,
PZH01_MST_0842_00,12,0,25.5,,53.0,
PZH01_MST_0842_01,24,0,25.75,,67.0,
PZH01_MST_0615_00,12,0,38.333333333333336,,82.0,
PZH01_MST_0615_01,12,0,39.0,,82.0,
PZH01_MST_0021_01,12,0,38.333333333333336,,83.0,
PZH01_MST_0120_00,12,0,40.666666666666664,,64.0,
PZH01_MST_0923_01,12,0,21.333333333333332,,66.0,
PZH01_MST_0682_01,12,0,22.0,,68.0,
PZH01_MST_0923_00,12,0,36.0,,76.0,
PZH01_MST_0682_00,12,0,24.5,,53.0,
PZH01_MST_0980_01,12,0,43.0,,72.0,
PZH01_MST_0946_00,24,0,27.166666666666668,,60.0,
PZH01_MST_0054_01,12,0,28.5,,59.0,
PZH01_MST_0980_00,12,0,34.333333333333336,,70.0,
PZH01_MST_0054_00,12,0,42.666666666666664,,69.0,
PZH01_MST_0077_00,12,0,39.166666666666664,,80.0,
PZH01_MST_0077_01,12,0,38.5,,80.0,
PZH01_MST_0120_01,12,0,23.333333333333332,,72.0,
PZH01_MST_0119_00,24,0,19.916666666666668,,53.0,
PZH01_MST_0119_02,24,0,7.333333333333333,,49.0,
PZH01_MST_0979_00,12,0,27.5,,58.0,
PZH01_MST_0021_00,12,0,27.0,,83.0,
PZH01_MST_0979_01,12,0,29.833333333333332,,62.0,
PZH01_MST_0043_01,24,0,19.083333333333332,,80.0,
PZH01_MST_0637_01,8,0,25.5,,37.0,
PZH01_MST_0637_00,8,0,41.0,,55.0,
PZH01_MST_0912_00,24,0,25.666666666666668,,79.0,
PZH01_MST_0660_00,12,0,21.333333333333332,,66.0,
PZH01_MST_0912_02,24,0,25.333333333333332,,84.0,
PZH01_MST_0660_01,12,0,22.333333333333332,,69.0,
PZH01_MST_0108_01,12,0,21.833333333333332,,34.0,
PZH01_MST_0108_00,12,0,44.166666666666664,,71.0,
PZH01_MST_0830_01,12,0,17.666666666666668,,55.0,
PZH01_MST_0830_00,12,0,29.166666666666668,,49.0,
PZH01_MST_0968_01,24,0,22.0,,71.0,
PZH01_MST_0892_00,12,0,35.333333333333336,,108.0,
PZH01_MST_0869_01,12,0,35.666666666666664,,73.0,
PZH01_MST_0892_01,12,0,-1.0,,-1.0,
PZH01_MST_0901_00,12,0,-1.0,,-1.0,
PZH01_MST_0626_00,24,0,25.0,,55.0,
PZH01_MST_0099_01,24,0,22.666666666666668,,76.0,
PZH01_MST_0869_00,12,0,6.0,,17.0,
PZH01_MST_0901_01,12,0,-1.0,,-1.0,
PZH01_MST_0626_01,24,0,18.166666666666668,,57.0,
PZH01_MST_0957_00,12,0,17.666666666666668,,55.0,
PZH01_MST_0009_01,48,0,9.541666666666666,,54.0,
PZH01_MST_0009_00,24,0,24.75,,60.0,
PZH01_MST_0957_01,12,0,43.166666666666664,,53.0,
PZH01_MST_0043_00,24,0,21.583333333333332,,109.0,
PZH01_MST_0938_00,36,0,20.72222222222222,,52.0,
PZH01_MST_0915_02,24,0,34.75,,77.0,
PZH01_MST_0915_00,24,0,26.833333333333332,,89.0,
PZH01_MST_0669_00,12,0,19.333333333333332,,60.0,
PZH01_MST_0669_01,12,0,30.0,,61.0,
PZH01_MST_0835_01,12,0,17.333333333333332,,54.0,
PZH01_MST_0835_00,12,0,25.0,,54.0,
PZH01_MST_0113_00,12,0,27.666666666666668,,85.0,
PZH01_MST_0004_00,12,0,25.0,,77.0,
PZH01_MST_0950_00,24,0,5.166666666666667,,36.0,
PZH01_MST_0004_02,12,0,33.833333333333336,,73.0,
PZH01_MST_0113_01,12,0,38.5,,78.0,
PZH01_MST_0887_00,12,0,-1.0,,-1.0,
PZH01_MST_0623_00,12,0,19.333333333333332,,60.0,
PZH01_MST_0600_02,36,0,21.5,,54.0,
PZH01_MST_0623_01,12,0,16.333333333333332,,51.0,
PZH01_MST_0864_02,24,0,25.5,,67.0,
PZH01_MST_0887_01,12,0,38.666666666666664,,83.0,
PZH01_MST_0864_00,24,0,33.666666666666664,,88.0,
PZH01_MST_0600_00,24,0,24.916666666666668,,45.0,
PZH01_mst_0092_00,12,0,18.333333333333332,,57.0,
PZH01_MST_0102_01,12,0,7.166666666666667,,16.0,
PZH01_MST_0102_00,12,0,29.333333333333332,,62.0,
PZH01_MST_0949_02,24,0,22.583333333333332,,62.0,
PZH01_MST_0039_00,12,0,25.333333333333332,,78.0,
PZH01_MST_0853_01,12,0,19.0,,59.0,
PZH01_MST_0039_01,12,0,28.333333333333332,,58.0,
PZH01_MST_0853_00,12,0,19.333333333333332,,60.0,
PZH01_MST_0051_01,12,0,27.0,,61.0,
PZH01_MST_0962_00,36,0,21.72222222222222,,58.0,
PZH01_MST_0949_00,24,0,21.666666666666668,,74.0,
PZH01_MST_0051_00,12,0,47.0,,60.0,
PZH01_MST_0903_01,12,0,18.333333333333332,,57.0,
PZH01_MST_0903_00,12,0,24.666666666666668,,52.0,
PZH01_MST_0634_02,16,0,47.5,,80.0,
PZH01_MST_0634_00,16,0,51.5,,85.0,
PZH01_MST_0846_00,12,0,19.333333333333332,,60.0,
PZH01_MST_0846_01,12,0,28.833333333333332,,60.0,
PZH01_MST_0062_00,12,0,22.833333333333332,,49.0,
PZH01_MST_0062_01,12,0,41.666666666666664,,65.0,
PZH01_MST_0124_00,12,0,39.5,,81.0,
PZH01_MST_0124_01,12,0,26.0,,80.0,
PZH01_MST_0101_01,12,0,22.666666666666668,,51.0,
PZH01_MST_0101_00,12,0,5.333333333333333,,12.0,
PZH01_MST_0611_02,24,0,33.916666666666664,,85.0,
PZH01_MST_0073_00,36,0,12.555555555555555,,63.0,
PZH01_MST_0050_01,12,0,7.666666666666667,,17.0,
PZH01_MST_0611_00,24,0,44.666666666666664,,102.0,
PZH01_MST_0961_01,36,0,25.38888888888889,,77.0,
PZH01_MST_0961_00,24,0,28.5,,75.0,
PZH01_MST_0050_00,12,0,24.166666666666668,,52.0,
PZH01_MST_0927_01,12,0,40.166666666666664,,82.0,
PZH01_MST_0927_00,12,0,24.333333333333332,,75.0,
PZH01_MST_0658_00,24,0,10.833333333333334,,70.0,
PZH01_MST_0086_00,12,0,27.5,,60.0,
PZH01_MST_0086_01,12,0,22.5,,47.0,
PZH01_MST_0939_00,24,0,25.0,,79.0,
PZH01_MST_0916_00,24,0,13.5,,38.0,
PZH01_MST_0876_00,24,0,12.666666666666666,,60.0,
PZH01_MST_0670_02,24,0,7.333333333333333,,49.0,
PZH01_MST_0647_01,12,0,19.333333333333332,,60.0,
PZH01_MST_0647_00,12,0,39.833333333333336,,63.0,
PZH01_MST_0681_00,12,0,41.833333333333336,,87.0,
PZH01_MST_0876_02,24,0,34.166666666666664,,102.0,
PZH01_MST_0834_00,12,0,24.0,,74.0,
PZH01_MST_0834_01,12,0,37.5,,81.0,
PZH01_MST_0005_00,48,0,16.25,,59.0,
PZH01_MST_0005_01,36,0,21.22222222222222,,73.0,
PZH01_MST_0865_00,36,0,29.11111111111111,,66.0,
PZH01_MST_0681_01,12,0,34.666666666666664,,71.0,
PZH01_MST_0622_00,12,0,23.666666666666668,,73.0,
PZH01_MST_0670_00,24,0,16.5,,54.0,
PZH01_MST_0622_01,12,0,45.166666666666664,,75.0,
PZH01_MST_0865_02,24,0,33.583333333333336,,77.0,
PZH01_mst_0091_01,12,0,28.333333333333332,,59.0,
PZH01_MST_0854_00,24,0,13.5,,39.0,
PZH01_MST_0613_01,12,0,36.666666666666664,,77.0,
PZH01_MST_0877_01,12,0,39.0,,80.0,
PZH01_MST_0877_00,12,0,49.5,,78.0,
PZH01_MST_0613_00,12,0,25.333333333333332,,78.0,
PZH01_MST_0075_01,12,0,42.5,,67.0,
PZH01_MST_0075_00,12,0,38.833333333333336,,79.0,
PZH01_MST_0854_02,12,0,4.5,,12.0,
PZH01_MST_0052_00,12,0,22.833333333333332,,47.0,
PZH01_MST_0948_02,24,0,15.166666666666666,,42.0,
PZH01_MST_0017_01,12,0,24.666666666666668,,76.0,
PZH01_MST_0017_00,12,0,40.666666666666664,,85.0,
PZH01_MST_0948_00,24,0,17.583333333333332,,47.0,
PZH01_MST_0052_01,12,0,24.833333333333332,,52.0,
PZH01_MST_0845_01,12,0,33.0,,54.0,
PZH01_MST_0925_00,12,0,20.666666666666668,,64.0,
PZH01_MST_0845_00,12,0,24.166666666666668,,50.0,
PZH01_MST_0925_01,12,0,20.666666666666668,,64.0,
PZH01_MST_0656_01,12,0,33.333333333333336,,71.0,
PZH01_MST_0680_00,12,0,28.0,,86.0,
PZH01_MST_0680_01,12,0,25.333333333333332,,78.0,
PZH01_MST_0656_00,12,0,43.666666666666664,,133.0,
PZH01_MST_0679_00,12,0,31.333333333333332,,96.0,
PZH01_MST_0679_01,12,0,31.0,,95.0,
PZH01_MST_0914_00,24,0,19.666666666666668,,65.0,
PZH01_MST_0123_00,12,0,25.833333333333332,,60.0,
PZH01_MST_0123_01,12,0,29.5,,61.0,
PZH01_MST_0645_01,12,0,52.166666666666664,,82.0,
PZH01_MST_0914_02,24,0,30.333333333333332,,69.0,
PZH01_MST_0645_00,12,0,46.666666666666664,,72.0,
PZH01_MST_0983_00,16,0,39.5,,66.0,
PZH01_MST_0888_01,12,0,35.166666666666664,,72.0,
PZH01_MST_0112_00,12,0,29.166666666666668,,62.0,
PZH01_MST_0624_01,12,0,20.0,,62.0,
PZH01_MST_0112_01,12,0,31.666666666666668,,66.0,
PZH01_MST_0888_00,12,0,30.5,,63.0,
PZH01_MST_0624_00,12,0,20.333333333333332,,63.0,
PZH01_MST_0041_01,12,0,53.5,,84.0,
PZH01_MST_0959_00,24,0,19.666666666666668,,54.0,
PZH01_MST_0972_01,24,0,32.0,,84.0,
PZH01_MST_0041_00,12,0,60.0,,74.0,
PZH01_MST_0959_01,24,0,15.333333333333334,,55.0,
PZH01_MST_0972_00,16,0,29.25,,64.0,
PZH01_MST_0096_00,36,0,15.555555555555555,,35.0,
PZH01_MST_0833_00,12,0,17.333333333333332,,54.0,
PZH01_MST_0833_01,12,0,16.333333333333332,,51.0,
PZH01_MST_0006_01,36,0,24.72222222222222,,71.0,
PZH01_MST_0904_01,12,0,38.833333333333336,,81.0,
PZH01_MST_0006_00,24,0,17.5,,55.0,
PZH01_MST_0866_00,12,0,34.5,,73.0,
PZH01_MST_0904_00,12,0,24.0,,74.0,
PZH01_MST_0866_01,12,0,34.666666666666664,,72.0,
PZH01_MST_0889_01,12,0,40.5,,85.0,
PZH01_MST_0111_00,12,0,24.666666666666668,,76.0,
PZH01_MST_0111_01,12,0,37.833333333333336,,77.0,
PZH01_MST_0889_00,12,0,26.333333333333332,,81.0,
PZH01_MST_0971_01,36,0,17.77777777777778,,51.0,
PZH01_MST_0040_00,12,0,-1.0,,-1.0,
PZH01_MST_0063_00,12,0,10.0,,23.0,
PZH01_MST_0040_01,12,0,-1.0,,-1.0,
PZH01_MST_0063_01,12,0,10.0,,21.0,
PZH01_MST_0937_00,36,0,37.611111111111114,,102.0,
PZH01_MST_0029_01,12,0,30.0,,63.0,
PZH01_MST_0100_01,12,0,31.333333333333332,,50.0,
PZH01_MST_0612_00,12,0,27.333333333333332,,54.0,
PZH01_MST_0100_00,12,0,13.333333333333334,,42.0,
PZH01_MST_0074_01,24,0,0.5,,8.0,
PZH01_MST_0960_01,12,0,42.0,,73.0,
PZH01_MST_0074_00,12,0,37.333333333333336,,82.0,
PZH01_MST_0612_01,12,0,41.0,,68.0,
PZH01_MST_0668_01,12,0,37.833333333333336,,82.0,
PZH01_MST_0960_00,12,0,29.333333333333332,,62.0,
PZH01_MST_0668_00,12,0,35.0,,73.0,
PZH01_MST_0926_00,12,0,27.333333333333332,,84.0,
PZH01_MST_0844_01,12,0,26.166666666666668,,57.0,
PZH01_MST_0844_00,12,0,15.333333333333334,,48.0,
PZH01_MST_0926_01,12,0,47.0,,99.0,
PZH01_MST_0601_00,12,0,18.666666666666668,,58.0,
PZH01_MST_0085_00,12,0,24.166666666666668,,60.0,
PZH01_MST_0657_01,12,0,52.333333333333336,,81.0,
PZH01_MST_0657_00,12,0,24.666666666666668,,76.0,
PZH01_MST_0085_01,12,0,19.333333333333332,,60.0,
PZH01_MST_0601_01,12,0,48.833333333333336,,85.0,
PZH01_MST_0094_02,24,0,-1.0,,-1.0,
PZH01_MST_0690_00,24,0,16.333333333333332,,52.0,
PZH01_MST_0094_00,24,0,-1.0,,-1.0,
PZH01_MST_0013_02,36,0,-1.0,,-1.0,
PZH01_MST_0850_00,12,0,-1.0,,-1.0,
PZH01_MST_0036_00,12,0,35.833333333333336,,78.0,
PZH01_MST_0013_00,24,0,-1.0,,-1.0,
PZH01_MST_0071_01,12,0,41.333333333333336,,66.0,
PZH01_MST_0071_00,12,0,23.333333333333332,,72.0,
PZH01_MST_0036_01,12,0,41.0,,73.0,
PZH01_MST_0850_01,12,0,-1.0,,-1.0,
PZH01_MST_0929_02,24,0,39.0,,70.0,
PZH01_MST_0906_01,12,0,37.333333333333336,,78.0,
PZH01_MST_0608_00,24,0,-1.0,,-1.0,
PZH01_MST_0849_00,12,0,-1.0,,-1.0,
PZH01_MST_0849_01,12,0,-1.0,,-1.0,
PZH01_MST_0918_00,24,0,29.0,,70.0,
PZH01_MST_0826_00,12,0,29.666666666666668,,62.0,
PZH01_MST_0826_01,12,0,20.0,,62.0,
PZH01_MST_0666_00,12,0,30.0,,63.0,
PZH01_MST_0941_01,48,0,19.0,,51.0,
PZH01_MST_0918_02,24,0,23.833333333333332,,63.0,
PZH01_MST_0666_01,12,0,26.833333333333332,,58.0,
PZH01_MST_0620_01,12,0,49.0,,77.0,
PZH01_MST_0620_00,12,0,27.666666666666668,,85.0,
PZH01_MST_0906_00,12,0,46.0,,75.0,
PZH01_MST_0976_01,24,0,36.166666666666664,,63.0,
PZH01_MST_0976_00,24,0,28.083333333333332,,60.0,
PZH01_MST_0655_00,12,0,28.666666666666668,,88.0,
PZH01_MST_0116_00,12,0,43.166666666666664,,97.0,
PZH01_MST_0930_00,12,0,29.666666666666668,,61.0,
PZH01_MST_0116_01,12,0,26.0,,80.0,
PZH01_MST_0655_01,12,0,51.333333333333336,,86.0,
PZH01_MST_0930_01,12,0,22.333333333333332,,47.0,
PZH01_MST_0024_00,12,0,54.333333333333336,,84.0,
PZH01_MST_0024_01,12,0,38.333333333333336,,81.0,
PZH01_MST_0083_00,12,0,17.666666666666668,,55.0,
PZH01_MST_0083_01,12,0,18.666666666666668,,58.0,
PZH01_MST_0942_01,36,0,26.27777777777778,,68.0,
PZH01_MST_0667_01,12,0,23.666666666666668,,73.0,
PZH01_MST_0619_01,24,0,24.916666666666668,,65.0,
PZH01_MST_0619_00,12,0,22.333333333333332,,69.0,
PZH01__MST_0099_00,36,0,28.38888888888889,,85.0,
PZH01_MST_0837_00,12,0,27.0,,83.0,
PZH01_MST_0837_01,12,0,24.666666666666668,,76.0,
PZH01_MST_0667_00,12,0,35.0,,71.0,
PZH01_MST_0975_00,24,0,45.0,,84.0,
PZH01_MST_0115_01,12,0,27.666666666666668,,85.0,
PZH01_MST_0115_00,12,0,39.0,,81.0,
PZH01_MST_0631_00,12,0,30.166666666666668,,63.0,
PZH01_MST_0631_01,12,0,39.333333333333336,,87.0,
PZH01_MST_0862_00,48,0,15.333333333333334,,63.0,
PZH01_MST_0025_01,12,0,45.0,,71.0,
PZH01_MST_0002_01,12,0,26.166666666666668,,57.0,
PZH01_MST_0002_00,12,0,26.0,,55.0,
PZH01_MST_0636_01_00,8,0,29.0,,59.0,
PZH01_MST_0025_00,12,0,23.333333333333332,,72.0,
PZH01_MST_0636_01_01,8,0,58.25,,60.0,
PZH01_MST_0964_01,12,0,28.5,,66.0,
PZH01_MST_0104_00,12,0,53.833333333333336,,82.0,
PZH01_MST_0095_00,36,0,43.5,,72.0,
PZH01_MST_0104_01,12,0,34.5,,73.0,
PZH01_MST_0070_00,12,0,35.666666666666664,,75.0,
PZH01_MST_0689_00,36,0,13.333333333333334,,55.0,
PZH01_MST_0964_00,12,0,32.333333333333336,,71.0,
PZH01_MST_0070_01,12,0,31.333333333333332,,67.0,
PZH01_MST_0678_01,12,0,14.666666666666666,,46.0,
PZH01_MST_0896_01,12,0,34.666666666666664,,72.0,
PZH01_MST_0905_00,12,0,20.666666666666668,,64.0,
PZH01_MST_0905_01,12,0,21.0,,65.0,
PZH01_MST_0896_00,12,0,31.833333333333332,,65.0,
PZH01_MST_0919_00,12,0,28.0,,86.0,
PZH01_MST_0047_00,12,0,19.666666666666668,,41.0,
PZH01_MST_0848_01,12,0,18.333333333333332,,57.0,
PZH01_MST_0919_01,12,0,40.5,,86.0,
PZH01_MST_0848_00,12,0,20.0,,43.0,
PZH01_MST_0953_00,36,0,28.22222222222222,,98.0,
PZH01_MST_0047_01,12,0,28.333333333333332,,61.0,
PZH01_MST_0678_00,12,0,18.0,,40.0,
PZH01_MST_0126_01,12,0,16.666666666666668,,52.0,
PZH01_MST_0963_00,12,0,40.333333333333336,,65.0,
PZH01_MST_0940_01,36,0,35.333333333333336,,85.0,
PZH01_MST_0963_01,12,0,23.833333333333332,,51.0,
PZH01_MST_0126_00,12,0,27.833333333333332,,57.0,
PZH01_MST_0103_00,12,0,15.833333333333334,,29.0,
PZH01_MST_0103_01,12,0,50.166666666666664,,84.0,
PZH01_MST_0928_00,12,0,28.666666666666668,,61.0,
PZH01_MST_0897_01,12,0,30.333333333333332,,93.0,
PZH01_MST_0633_01,12,0,40.666666666666664,,64.0,
PZH01_MST_0897_00,12,0,34.0,,104.0,
PZH01_MST_0633_00,12,0,28.666666666666668,,64.0,
PZH01_MST_0093_00,24,0,36.25,,79.0,
PZH01_MST_0610_00,24,0,27.166666666666668,,75.0,
PZH01_MST_0874_00,24,0,21.083333333333332,,55.0,
PZH01_MST_0836_00,12,0,28.166666666666668,,58.0,
PZH01_MST_0072_00,12,0,18.333333333333332,,57.0,
PZH01_MST_0874_02,24,0,15.916666666666666,,45.0,
PZH01_MST_0610_02,24,0,32.5,,91.0,
PZH01_MST_0014_02,24,0,31.916666666666668,,87.0,
PZH01_MST_0014_00,24,0,36.666666666666664,,83.0,
PZH01_MST_0836_01,12,0,19.666666666666668,,61.0,
PZH01_MST_0676_00,12,0,26.666666666666668,,82.0,
PZH01_MST_0928_01,12,0,28.0,,59.0,
PZH01_MST_0951_01,24,0,23.916666666666668,,68.0,
PZH01_MST_0676_01,12,0,22.333333333333332,,69.0,
PZH01_MST_0825_00,12,0,25.0,,51.0,
PZH01_MST_0049_01,12,0,29.0,,48.0,
PZH01_MST_0863_00,24,0,15.666666666666666,,50.0,
PZH01_MST_0049_00,12,0,29.833333333333332,,46.0,
PZH01_MST_0003_01,12,0,17.0,,53.0,
PZH01_MST_0003_00,12,0,23.333333333333332,,72.0,
PZH01_MST_0917_00,48,0,24.333333333333332,,64.0,
PZH01_MST_0825_01,12,0,17.0,,39.0,
PZH01_MST_691_00,24,0,17.916666666666668,,57.0,
PZH01_MST_691_02,24,0,20.833333333333332,,71.0,
PZH01_MST_0907_01,12,0,40.333333333333336,,85.0,
PZH01_MST_0015_03,24,0,53.583333333333336,,99.0,
PZH01_MST_0907_00,12,0,41.5,,65.0,
PZH01_MST_0015_00,36,0,56.111111111111114,,145.0,
PZH01_MST_0852_00,12,0,20.666666666666668,,64.0,
PZH01_MST_0852_01,12,0,15.333333333333334,,48.0,
PZH01_MST_0677_01,12,0,40.833333333333336,,84.0,
PZH01_MST_0677_00,12,0,24.333333333333332,,75.0,
PZH01_MST_0952_00,36,0,19.61111111111111,,56.0,
PZH01_MST_0654_01,12,0,50.166666666666664,,78.0,
PZH01_MST_0952_03,24,0,38.833333333333336,,65.0,
PZH01_MST_0654_00,12,0,31.5,,67.0,
PZH01_MST_0048_00,12,0,20.333333333333332,,63.0,
PZH01_MST_0048_01,12,0,22.666666666666668,,70.0,
PZH01_MST_0621_00,12,0,41.5,,88.0,
PZH01_MST_0621_01,12,0,36.833333333333336,,78.0,
PZH01_MST_0847_00,12,0,29.166666666666668,,60.0,
PZH01_MST_0847_01,12,0,27.5,,59.0,
PZH01_MST_0082_00,12,0,22.0,,68.0,
PZH01_MST_0082_01,12,0,19.333333333333332,,60.0,
PZH01_MST_0824_01,12,0,29.5,,47.0,
PZH01_MST_0824_00,12,0,45.333333333333336,,74.0,
PZH01_MST_0125_01,12,0,37.5,,78.0,
PZH01_MST_0125_00,12,0,33.5,,71.0,
PZH01_MST_0643_00,12,0,44.5,,69.0,
PZH01_MST_0643_01,12,0,29.0,,59.0,
PZH01_MST_0929_00,24,0,26.333333333333332,,61.0,
PZH01_MST_0114_01,12,0,34.5,,70.0,
PZH01_MST_0114_00,12,0,25.666666666666668,,79.0,
PZH01_MST_0632_01,12,0,18.333333333333332,,39.0,
PZH01_MST_0632_00,12,0,30.0,,48.0,
PZH01_MST_0609_01,24,0,33.916666666666664,,87.0,
PZH01_MST_0886_00,12,0,22.333333333333332,,69.0,
PZH01_MST_0886_01,12,0,19.333333333333332,,60.0,
PZH01_MST_0974_00,24,0,20.5,,85.0,
PZH01_MST_0026_01,12,0,30.333333333333332,,62.0,
PZH01_MST_0699_00,12,0,27.5,,58.0,
PZH01_MST_0026_00,12,0,31.666666666666668,,65.0,
PZH01_MST_0699_01,12,0,17.666666666666668,,55.0,
PZH01_MST_0858_02,24,0,26.916666666666668,,73.0,
PZH01_MST_0829_00,12,0,27.5,,36.0,
PZH01_MST_0858_00,24,0,28.0,,60.0,
PZH01_MST_0617_00,12,0,23.333333333333332,,72.0,
PZH01_MST_0617_01,12,0,34.666666666666664,,76.0,
PZH01_MST_0921_00,12,0,23.0,,71.0,
PZH01_MST_0107_00,12,0,36.0,,77.0,
PZH01_MST_0107_01,12,0,44.5,,72.0,
PZH01_MST_0921_01,12,0,32.833333333333336,,70.0,
PZH01_MST_0909_00,12,0,34.5,,73.0,
PZH01_MST_0944_01,24,0,11.5,,74.0,
PZH01_MST_0909_01,12,0,33.833333333333336,,71.0,
PZH01_MST_0967_00,24,0,26.5,,85.0,
PZH01_MST_0870_02,24,0,41.5,,76.0,
PZH01_MST_0893_01,12,0,36.833333333333336,,81.0,
PZH01_MST_0079_01,12,0,26.833333333333332,,55.0,
PZH01_MST_0080_01,12,0,33.166666666666664,,69.0,
PZH01_MST_0652_00,12,0,35.833333333333336,,73.0,
PZH01_MST_0079_00,12,0,7.333333333333333,,19.0,
PZH01_MST_0080_00,12,0,36.666666666666664,,76.0,
PZH01_MST_0893_00,12,0,25.666666666666668,,79.0,
PZH01_MST_0056_01,12,0,25.166666666666668,,54.0,
PZH01_MST_0056_00,12,0,15.333333333333334,,48.0,
PZH01_MST_0675_00,24,0,13.166666666666666,,44.0,
PZH01_MST_0870_00,24,0,31.666666666666668,,82.0,
PZH01_MST_0675_02,24,0,18.083333333333332,,39.0,
PZH01_MST_0652_01,12,0,35.666666666666664,,73.0,
PZH01_MST_0641_01,8,0,59.5,,60.0,
PZH01_MST_0910_00,24,0,30.25,,78.0,
PZH01_MST_0641_00,8,0,37.5,,76.0,
PZH01_MST_0910_02,24,0,30.0,,80.0,
PZH01_MST_0010_00,24,0,40.083333333333336,,90.0,
PZH01_MST_0687_01,12,0,18.0,,56.0,
PZH01_MST_0687_00,12,0,20.333333333333332,,63.0,
PZH01_MST_0628_01,12,0,17.666666666666668,,55.0,
PZH01_MST_0628_00,12,0,22.666666666666668,,70.0,
PZH01_MST_0010_01,36,0,30.833333333333332,,84.0,
PZH01_MST_0045_00,36,0,18.555555555555557,,75.0,
PZH01_MST_0829_01,24,0,6.666666666666667,,45.0,
PZH01_MST_0955_02,24,0,19.583333333333332,,55.0,
PZH01_MST_0955_00,24,0,23.416666666666668,,52.0,
PZH01_MST_0092_01,12,0,20.0,,62.0,
PZH01_MST_0044_02,24,0,13.666666666666666,,49.0,
PZH01_MST_0067_00,36,0,27.0,,80.0,
PZH01_MST_0130_00,36,0,18.944444444444443,,47.0,
PZH01_MST_0130_03,12,0,13.0,,41.0,
PZH01_MST_0011_01,36,0,26.77777777777778,,86.0,
PZH01_MST_0011_00,36,0,40.94444444444444,,90.0,
PZH01_MST_0686_01,12,0,16.5,,36.0,
PZH01_MST_0871_00,24,0,38.083333333333336,,84.0,
PZH01_MST_0686_00,12,0,21.166666666666668,,49.0,
PZH01_MST_0871_02,24,0,38.0,,82.0,
PZH01_MST_0933_04,24,0,19.916666666666668,,54.0,
PZH01_MST_0933_00,48,0,23.541666666666668,,62.0,
PZH01_MST_0828_01,12,0,28.5,,59.0,
PZH01_MST_0828_00,12,0,20.666666666666668,,64.0,
PZH01_MST_0956_01,12,0,35.0,,75.0,
PZH01_MST_0044_00,24,0,31.0,,79.0,
PZH01_MST_0956_00,12,0,45.5,,121.0,
PZH01_MST_0616_01,24,0,37.5,,101.0,
PZH01_MST_0664_00,12,0,28.333333333333332,,60.0,
PZH01_MST_0664_01,12,0,26.0,,53.0,
PZH01_MST_0859_02,24,0,20.333333333333332,,72.0,
PZH01_MST_0129_02,12,0,38.666666666666664,,83.0,
PZH01_MST_0859_00,24,0,29.916666666666668,,56.0,
PZH01_MST_0616_00,12,0,43.0,,72.0,
PZH01_MST_0908_00,12,0,32.833333333333336,,72.0,
PZH01_MST_0922_01,12,0,26.0,,80.0,
PZH01_MST_0922_00,12,0,-1.0,,-1.0,
PZH01_MST_0908_01,12,0,38.166666666666664,,78.0,
PZH01_MST_0033_00,12,0,21.0,,65.0,
PZH01_MST_0033_01,12,0,19.666666666666668,,61.0,
PZH01_MST_0129_00,12,0,49.0,,77.0,
PZH01_MST_0653_01,12,0,19.666666666666668,,61.0,
PZH01_MST_0605_01,12,0,52.166666666666664,,82.0,
PZH01_MST_0081_01,12,0,46.5,,82.0,
PZH01_MST_0653_00,12,0,33.5,,74.0,
PZH01_MST_0078_00,12,0,40.5,,84.0,
PZH01_MST_0078_01,12,0,39.166666666666664,,81.0,
PZH01_MST_0081_00,12,0,28.833333333333332,,60.0,
PZH01_MST_0118_02,24,0,30.5,,79.0,
PZH01_MST_0605_00,12,0,35.833333333333336,,78.0,
PZH01_MST_0118_00,24,0,39.333333333333336,,76.0,
PZH01_MST_0978_00,24,0,35.333333333333336,,84.0,
PZH01_MST_0090_00,12,0,9.666666666666666,,21.0,
PZH01_MST_0069_01,12,0,37.0,,79.0,
PZH01_MST_0069_00,12,0,40.166666666666664,,73.0,
PZH01_MST_0839_01,12,0,25.666666666666668,,54.0,
PZH01_MST_0839_00,12,0,17.333333333333332,,54.0,
PZH01_MST_0090_01,12,0,25.166666666666668,,65.0,
PZH01_MST_0117_01,12,0,17.0,,53.0,
PZH01_MST_0931_01,12,0,39.833333333333336,,61.0,
PZH01_MST_0117_00,12,0,29.5,,69.0,
PZH01_MST_0931_00,12,0,50.833333333333336,,79.0,
PZH01_MST_0954_00,12,0,24.333333333333332,,75.0,
PZH01_MST_0860_00,36,0,41.666666666666664,,94.0,
PZH01_MST_0977_00,24,0,35.416666666666664,,69.0,
PZH01_MST_0954_01,12,0,34.5,,72.0,
PZH01_MST_0639_00,24,0,26.583333333333332,,71.0,
PZH01_MST_0639_01,24,0,31.583333333333332,,73.0,
PZH01_MST_0662_01,12,0,31.0,,67.0,
PZH01_MST_0618_00,12,0,25.666666666666668,,79.0,
PZH01_MST_0662_00,12,0,30.166666666666668,,64.0,
PZH01_MST_0920_01,12,0,28.666666666666668,,88.0,
PZH01_MST_0106_01,12,0,40.833333333333336,,86.0,
PZH01_MST_0618_01,12,0,50.833333333333336,,79.0,
PZH01_MST_0920_00,12,0,25.333333333333332,,78.0,
PZH01_MST_0106_00,12,0,12.666666666666666,,28.0,
PZH01_MST_0035_01,12,0,7.833333333333333,,17.0,
PZH01_MST_0966_01,24,0,32.166666666666664,,85.0,
PZH01_MST_0035_00,12,0,27.333333333333332,,56.0,
PZH01_MST_0630_01,8,0,-1.0,,-1.0,
PZH01_MST_0894_01,12,0,27.333333333333332,,84.0,
PZH01_MST_0607_02,24,0,43.083333333333336,,95.0,
PZH01_MST_0630_00,8,0,70.25,,106.0,
PZH01_MST_0651_00,12,0,39.333333333333336,,82.0,
PZH01_MST_0894_00,12,0,25.666666666666668,,79.0,
PZH01_MST_0607_00,24,0,32.833333333333336,,90.0,
PZH01_MST_0651_01,12,0,23.333333333333332,,72.0,
PZH01_MST_0697_01,12,0,28.333333333333332,,87.0,
PZH01_MST_0697_00,12,0,22.666666666666668,,70.0,
PZH01_MST_0640_00,12,0,22.333333333333332,,69.0,
PZH01_MST_0640_01,12,0,46.166666666666664,,72.0,
PZH01_MST_0663_00,12,0,25.5,,53.0,
PZH01_PZH01_MST_0962_03,32,0,38.5625,,69.0,
PZH01_MST_0105_01,12,0,40.166666666666664,,82.0,
PZH01_MST_0663_01,12,0,13.0,,41.0,
PZH01_MST_0105_00,12,0,26.333333333333332,,81.0,
PZH01_MST_0034_01,24,0,15.416666666666666,,66.0,
PZH01_MST_0057_00,12,0,28.166666666666668,,50.0,
PZH01_MST_0057_01,12,0,24.666666666666668,,51.0,
PZH01_MST_0965_01,12,0,27.5,,56.0,
PZH01_MST_0034_00,12,0,36.5,,76.0,
PZH01_MST_0965_00,12,0,30.666666666666668,,63.0,
PZH01_MST_0629_01,8,0,37.0,,75.0,
PZH01_MST_0629_00,8,0,54.75,,76.0,
PZH01_MST_0606_00,12,0,22.333333333333332,,69.0,
PZH01_MST_0895_00,12,0,36.0,,73.0,
PZH01_MST_0895_01,12,0,24.666666666666668,,76.0,
PZH01_MST_0606_01,12,0,24.0,,74.0,
PZH01_MST_0068_00,12,0,19.333333333333332,,44.0,
PZH01_MST_0068_01,12,0,52.5,,80.0,
PZH01_MST_0091_00,12,0,16.333333333333332,,51.0,
PZH01_MST_0012_00,24,0,-1.0,,-1.0,
PZH01_MST_0838_01,12,0,18.666666666666668,,58.0,
PZH01_MST_0838_00,12,0,19.0,,59.0,
PZH01_MST_0012_02,24,0,-1.0,,-1.0,
PZH01_MST_0685_01,12,0,17.666666666666668,,55.0,
PZH01_MST_0872_00,24,0,15.833333333333334,,51.0,
PZH01_MST_0943_01,36,0,37.5,,82.0,
PZH01_MST_0872_02,24,0,28.583333333333332,,77.0,
PZH01_MST_0685_00,12,0,21.333333333333332,,66.0,
PZH01_MST_0674_00,24,0,-1.0,,-1.0,
PZH01_MST_0674_02,24,0,-1.0,,-1.0,
PZH01_MST_0861_00,24,0,35.083333333333336,,90.0,
PZH01_MST_0001_01,12,0,-1.0,,-1.0,
PZH01_MST_0001_00,12,0,23.666666666666668,,73.0,
PZH01_MST_0932_01,12,0,31.166666666666668,,67.0,
PZH01_MST_0932_00,12,0,49.666666666666664,,76.0,
PZH01_PZH01_MST_0973_01,12,0,20.333333333333332,,63.0,
PZH01_MST_0827_00,12,0,23.666666666666668,,73.0,
PZH01_MST_0827_01,12,0,26.166666666666668,,56.0,
PZH01_PZH01_MST_0973_00,12,0,21.333333333333332,,66.0,
PGR06_PGR01_GB_024-0,12,0,11.333333333333334,,36.0,
PGR06_PGR01_GB_024-1,12,0,26.0,,66.0,
PGR06_PGR01_GB_010-0,12,0,12.0,,38.0,
PGR06_PGR01_GB_010-1,12,0,13.0,,41.0,
PGR06_PGR01_GB_016-1,12,0,12.0,,38.0,
PGR06_PGR01_GB_016-0,12,0,8.333333333333334,,27.0,
PGR06_PGR01_GB_015-0,12,0,13.0,,41.0,
PGR06_PGR01_GB_015-1,12,0,15.0,,47.0,
PGR06_PGR01_GB_014-0,12,0,12.666666666666666,,40.0,
PGR06_PGR01_GB_014-1,12,0,12.666666666666666,,40.0,
PGR06_PGR01_GB_013-0,12,0,18.666666666666668,,58.0,
PGR06_PGR01_GB_013-1,12,0,30.5,,63.0,
PFR07_101600_N351_ZW,12,0,39.5,,79.0,
PFR07_101602_N351_NO,12,0,39.0,,78.0,
PFR07_101619_N358_O,12,0,0.0,,0.0,
PFR07_656L_N351_O,8,0,57.0,,114.0,
PFR07_101609_N355_O,12,0,39.666666666666664,,83.0,
PFR07_101611_N356_NW,12,0,27.0,,81.0,
PFR07_101609_N355_W,12,0,40.666666666666664,,82.0,
PFR07_673L_N369_Z,8,0,53.0,,75.0,
PFR07_101619_N358_W,12,0,29.333333333333332,,88.0,
PFR07_677R_N392_ZO,8,0,13.5,,27.0,
PFR07_101624_N359_NO,12,0,43.166666666666664,,88.0,
PFR07_101621_N359_NW,12,0,31.666666666666668,,95.0,
PFR07_677L_N392_NW,8,0,0.0,,0.0,
PFR07_669L_N359_ZO,8,0,67.0,,90.0,
PFR07_101617_N357_ZW,12,0,29.0,,87.0,
PFR07_656R_N351_W,8,0,55.5,,74.0,
PFR07_681L_N924_N,8,0,0.0,,0.0,
PFR07_101607_N354_N,12,0,23.666666666666668,,71.0,
PFR07_101607_N354_Z,12,0,37.333333333333336,,76.0,
PFR07_101610_N355_O,12,0,39.5,,84.0,
PFR07_101604_N353_NW,12,0,27.666666666666668,,83.0,
PFR07_101632_N381_ZO,24,0,54.0,,100.0,
PFR07_101610_N355_W,12,0,24.666666666666668,,74.0,
PFR07_101625_N359_ZW,12,0,49.833333333333336,,101.0,
PFR07_662R_N355_NO,8,0,27.25,,37.0,
PFR07_671R_N361_W,8,0,0.0,,0.0,
PFR07_101646_N910_NW,12,0,27.0,,81.0,
PFR07_101637_N384_Z,12,0,30.666666666666668,,92.0,
PFR07_101626_N361_O,12,0,36.0,,108.0,
PFR07_101622_N359_ZW,12,0,41.166666666666664,,88.0,
PFR07_101635_N384_ZO,12,0,0.0,,0.0,
PFR07_101645_N910_ZO,12,0,26.0,,78.0,
PFR07_675R_N383_NW,8,0,40.5,,81.0,
PFR07_101637_N384_N,12,0,28.0,,84.0,
PFR07_101606_N354_NO,12,0,36.5,,73.0,
PFR07_657R_N353_N,8,0,26.0,,52.0,
PFR07_101626_N361_W,12,0,35.0,,105.0,
PFR07_101627_N361_ZW,12,0,41.5,,84.0,
PFR07_659L_N354_N,8,0,44.0,,88.0,
PFR07_101606_N354_ZW,12,0,41.833333333333336,,67.0,
PFR07_101603_N353_N,12,0,26.333333333333332,,79.0,
PFR07_101612_N356_N,24,0,43.666666666666664,,109.0,
PFR07_101639_N392_O,12,0,30.333333333333332,,91.0,
PFR07_101624_N359_ZW,12,0,33.0,,99.0,
PFR07_665L_N358_W,8,0,21.5,,43.0,
PFR07_101613_N356_N,24,0,51.833333333333336,,118.0,
PFR07_101615_N356_N,24,0,42.166666666666664,,110.0,
PFR07_661L_N355_NW,24,0,25.5,,65.0,
PFR07_101639_N392_W,12,0,26.666666666666668,,80.0,
PFR07_101603_N353_Z,12,0,0.0,,0.0,
PFR07_101613_N356_Z,24,0,25.833333333333332,,105.0,
PFR07_101615_N356_Z,24,0,50.916666666666664,,112.0,
PFR07_101612_N356_Z,24,0,43.75,,111.0,
PFR07_663R_N356_Z,8,0,34.0,,68.0,
PFR07_101611_N356_ZO,12,0,42.666666666666664,,91.0,
PFR07_660L_N354_NW,8,0,65.0,,95.0,
PFR07_668R_N359_W,8,0,59.5,,60.0,
PFR07_676R_N390_W,8,0,30.5,,61.0,
PFR07_680L_N919_N,8,0,32.5,,65.0,
PFR07_676L_N390_O,8,0,45.5,,63.0,
PFR07_101621_N359_ZO,12,0,52.666666666666664,,81.0,
PFR07_101602_N351_ZW,12,0,28.333333333333332,,85.0,
PFR07_667R_N358_ZO,8,0,30.0,,60.0,
PFR07_680R_N919_Z,8,0,44.0,,61.0,
PFR07_633R_N381_Z,12,0,47.0,,95.0,
PFR07_101600_N351_NO,12,0,25.0,,75.0,
PFR07_101649_N919_Z,12,0,24.0,,72.0,
PFR07_101644_N398_N,12,0,27.666666666666668,,83.0,
PFR07_101644_N398_Z,12,0,28.666666666666668,,86.0,
PFR07_101625_N359_NO,12,0,42.666666666666664,,88.0,
PFR07_101635_N384_NW,12,0,0.0,,0.0,
PFR07_665R_N358_O,8,0,26.5,,53.0,
PFR07_101631_N380_O,12,0,25.666666666666668,,77.0,
PFR07_101622_N359_NO,12,0,44.166666666666664,,89.0,
PFR07_101651_N927_O,12,0,38.0,,81.0,
PFR07_671L_N361_O,8,0,35.5,,71.0,
PFR07_101653_N928_ZW,12,0,29.666666666666668,,89.0,
PFR07_101650_N924_O,12,0,18.0,,54.0,
PFR07_101651_N927_W,12,0,30.666666666666668,,92.0,
PFR07_101650_N924_W,12,0,18.333333333333332,,55.0,
PFR07_664R_N358_ZW,8,0,35.0,,70.0,
PFR07_679L_N918_Z,8,0,0.0,,0.0,
PFR07_657L_N353_Z,8,0,24.5,,49.0,
PFR07_101631_N380_W,12,0,25.333333333333332,,76.0,
PFR07_101640_N392_NW,12,0,40.333333333333336,,83.0,
PFR07_669R_N359_NW,8,0,40.5,,81.0,
PFR07_101641_N393_O,12,0,24.666666666666668,,74.0,
PFR07_101641_N393_W,12,0,28.666666666666668,,86.0,
PFR07_101643_N393_Z,12,0,29.5,,60.0,
PFR07_101608_N355_O,24,0,59.833333333333336,,117.0,
PFR07_101646_N910_ZO,12,0,0.0,,0.0,
PFR07_101618_N358_W,12,0,42.666666666666664,,87.0,
PFR07_101608_N355_W,24,0,64.75,,112.0,
PFR07_101618_N358_O,12,0,0.0,,0.0,
PFR07_101645_N910_NW,12,0,39.0,,79.0,
PFR07_101643_N393_N,12,0,23.333333333333332,,70.0,
PFR07_101632_N381_NW,24,0,57.75,,103.0,
PFR07_672R_N369_O,8,0,64.0,,74.0,
PFR07_101629_N369_Z,12,0,35.5,,71.0,
PFR07_101647_N913_ZW,12,0,47.166666666666664,,97.0,
PFR07_101649_N919_N,12,0,35.833333333333336,,77.0,
PFR07_675L_N383_ZO,8,0,35.5,,71.0,
PFR07_101629_N369_N,12,0,23.0,,69.0,
PFR07_101654_N355_O,24,0,46.416666666666664,,101.0,
PFR07_678L_N917_NW,8,0,0.0,,0.0,
PFR07_101617_N357_NO,12,0,26.666666666666668,,80.0,
PFR07_101654_N355_W,24,0,31.833333333333332,,101.0,
PFR07_101605_N354_ZW,12,0,27.333333333333332,,82.0,
PFR07_633L_N381_N,12,0,29.666666666666668,,89.0,
PFR07_658R_N354_Z,8,0,38.5,,77.0,
PFR07_101648_N917_W,12,0,31.166666666666668,,63.0,
PFR07_101616_N357_Z,12,0,26.0,,78.0,
PFR07_674L_N381_N,24,0,25.5,,107.0,
PFR07_101616_N357_N,12,0,51.333333333333336,,82.0,
PFR07_101657_TRMW_Z,12,0,25.0,,75.0,
PFR07_101642_N393_ZW,12,0,33.0,,99.0,
PFR07_672L_N369_W,8,0,51.75,,73.0,
PFR07_101653_N928_NO,12,0,39.0,,79.0,
PFR07_662L_N355_ZW,8,0,27.0,,38.0,
PFR07_679R_N918_N,8,0,25.0,,50.0,
PFR07_670L_N359_Z,8,0,40.0,,80.0,
PFR07_101634_N383_Z,12,0,29.0,,87.0,
PFR07_101636_N384_NW,12,0,24.666666666666668,,74.0,
PFR07_101657_TRMW_N,12,0,28.333333333333332,,85.0,
PFR07_663L_N356_N,8,0,36.5,,73.0,
PFR07_666R_N358_Z,8,0,37.5,,75.0,
PFR07_101652_N924_W,12,0,39.0,,79.0,
PFR07_101648_N917_O,12,0,25.0,,75.0,
PFR07_101601_N351_ZW,12,0,37.5,,78.0,
PFR07_101634_N383_N,12,0,28.0,,84.0,
PFR07_659R_N354_Z,8,0,55.75,,78.0,
PFR07_101638_N392_W,12,0,24.666666666666668,,74.0,
PFR07_101640_N392_ZO,12,0,41.5,,84.0,
PFR07_678R_N917_ZO,8,0,24.0,,48.0,
PFR07_661R_N355_ZO,12,0,18.666666666666668,,56.0,
PFR07_101652_N924_O,12,0,29.0,,87.0,
PFR07_101614_N356_N,24,0,34.5,,106.0,
PFR07_101614_N356_Z,24,0,60.083333333333336,,114.0,
PFR07_101638_N392_O,12,0,26.666666666666668,,80.0,
PFR07_101623_N359_N,12,0,50.666666666666664,,78.0,
PFR07_101630_N380_O,12,0,24.166666666666668,,51.0,
PFR07_668L_N359_O,8,0,66.25,,72.0,
PFR07_101647_N913_NO,12,0,48.5,,98.0,
PFR07_101605_N354_NO,12,0,29.666666666666668,,89.0,
PFR07_101630_N380_W,12,0,24.333333333333332,,73.0,
PFR07_101601_N351_NO,12,0,24.666666666666668,,74.0,
PFR07_101655_N355_W,24,0,48.333333333333336,,105.0,
PFR07_670R_N359_N,8,0,39.0,,78.0,
PFR07_101655_N355_O,24,0,17.5,,105.0,
PFR07_667L_N358_NW,8,0,54.5,,75.0,
PFR07_101656_JSTRWG_W,12,0,25.666666666666668,,77.0,
PFR07_101636_N384_ZO,12,0,40.166666666666664,,86.0,
PFR07_673R_N369_N,8,0,50.25,,69.0,
PFR07_674R_N381_Z,24,0,50.916666666666664,,115.0,
PFR07_666L_N358_N,8,0,38.0,,76.0,
PFR07_660R_N354_ZO,8,0,43.0,,86.0,
PFR07_681R_N924_Z,8,0,39.0,,78.0,
PFR07_101620_N358_N,12,0,0.0,,0.0,
PFR07_101656_JSTRWG_O,12,0,26.333333333333332,,79.0,
PFR07_101620_N358_Z,12,0,0.0,,0.0,
PFR07_101642_N393_NO,12,0,25.333333333333332,,76.0,
PFR07_101604_N353_ZO,12,0,41.833333333333336,,86.0,
PFR07_101628_N361_N,12,0,43.0,,73.0,
PFR07_101623_N359_Z,12,0,38.833333333333336,,81.0,
PFR07_664L_N358_NO,8,0,24.0,,48.0,
PFR07_101628_N361_Z,12,0,21.333333333333332,,64.0,
PFR07_101627_N361_NO,12,0,47.333333333333336,,96.0,
PFR07_658L_N354_N,8,0,0.0,,0.0,
PGR08_G506_Bedumerweg_N_HTN2236,24,0,14.333333333333334,,46.0,
PGR08_N46_hmp_5.5_Re_HTN2219,36,0,31.27777777777778,,99.0,
PGR08_N46_hmp_5.5_Li_HTN2218,36,0,37.22222222222222,,84.0,
PGR08_G182_Hoendiep_O_HTN2224,12,0,20.0,,62.0,
PGR08_Westerhaven_N_V1_HTN2246,12,0,8.0,,32.0,
PGR08_Hereweg_N_HTN2228,24,0,7.166666666666667,,48.0,
PGR08_22500_N370_hmp_55.8_Li_HTN2209,24,0,36.333333333333336,,80.0,
PGR08_22903_N370_hmp_55._1_Li_HTN2208,24,0,40.0,,88.0,
PGR08_224_N370_hmp_57.0_Re_HTN2206,24,0,33.25,,89.0,
PGR08_Hoendiep_O_HNT2268,12,0,17.666666666666668,,55.0,
PGR08_VanKetwichVerschuurlaan_O_HTN2264,12,0,9.666666666666666,,31.0,
PGR08_EUROPAWEG_NW_HTN2230,36,0,20.833333333333332,,47.0,
PGR08_SintPetersburgweg_ZW_HTN2261,12,0,19.0,,59.0,
PGR08_Eendrachtskade_W_HTN2247,12,0,11.0,,35.0,
PGR08_03409_N355_hmp_51.8_Re_HTN2204,12,0,48.0,,78.0,
PGR08_22500_N370_hmp_55.8_Re_HTN2207,24,0,42.583333333333336,,83.0,
PGR08_Rijksstraatweg_Z_HTN2257,12,0,22.0,,48.0,
PGR08_Westersingel_N_HTN2244,12,0,11.333333333333334,,37.0,
PGR08_SintPetersburgweg_NO_HTN2261,12,0,28.0,,59.0,
PGR08_22309_N361_hmp_0.9_Li_HTN2213,12,0,35.5,,55.0,
PGR08_Rijksstraatweg_N_HTN2265,12,0,16.666666666666668,,52.0,
PGR08_315_N46_hmp_6.3_LI_HTN2216,36,0,37.833333333333336,,86.0,
PGR08_Zuiderpark_O_HTN2251,24,0,-1.0,,-1.0,
PGR08_G185_Rijksweg_O_HTN2234,12,0,15.833333333333334,,36.0,
PGR08_Eendrachtskade_O_HTN2248,12,0,11.666666666666666,,37.0,
PGR08_22803_N360_hmp_4.4_Li_HTN2220,12,0,36.666666666666664,,59.0,
PGR08_Rijksstraatweg_N_HTN2257,12,0,14.0,,44.0,
PGR08_224_N370_hmp_56.680_Li_HTN2210,24,0,37.5,,86.0,
PGR08_Meerweg_ZW_HTN2260,12,0,27.166666666666668,,58.0,
PGR08_JCKapteynlaan_N_HTN2238,12,0,26.666666666666668,,49.0,
PGR08_316_N46_hmp_12.8_Re_HTN2212,12,0,39.166666666666664,,80.0,
PGR08_N46_hmp_7.5_Li_HTN2214,36,0,37.72222222222222,,82.0,
PGR08_Stationsweg_O_HTN2250,12,0,-1.0,,-1.0,
PGR08_22711_N370_hmp_3.6_Li_HTN2267,36,0,32.27777777777778,,81.0,
PGR08_G172_Emmaviaduct__A7A28_Z_HTN2226,24,0,7.0,,47.0,
PGR08_22711_N370__hmp_3.6_Re_HTN2200,36,0,33.0,,77.0,
PGR08_G213_PetrusCampersingel_Z_HTN2239,12,0,23.833333333333332,,49.0,
PGR08_Rijksstraatweg_Z_HTN2265,12,0,16.333333333333332,,51.0,
PGR08_Hereweg_ZO_HTN2263,12,0,15.0,,47.0,
PGR08_Europaweg_NW_HTN2253,36,0,9.222222222222221,,45.0,
PGR08_N46_hmp_7.5_Re_HTN2215,36,0,38.833333333333336,,87.0,
PGR08_Emmasingel_O_V1_HTN2249,12,0,13.333333333333334,,42.0,
PGR08_LaanCorpusDenHoorn_O_HTN2221,24,0,14.166666666666666,,47.0,
PGR08_Rijksstraatweg_NW_HTN2258,12,0,15.0,,47.0,
PGR08_Zuiderpark_W_HTN2251,12,0,-1.0,,-1.0,
PGR08_Damsterdiep_W_HTN2235,12,0,21.833333333333332,,46.0,
PGR08_Stationsweg_W_HTN2250,36,0,12.222222222222221,,39.0,
PGR08_G114_Bedumerweg_Z_HTN2237,12,0,15.666666666666666,,49.0,
PGR08_Sontweg_ZW_HTN2262,12,0,19.5,,40.0,
PGR08_22803_N360_hmp_4.4_Re_HTN2220,12,0,16.666666666666668,,52.0,
PGR08_227_N370_hmp_0.2_Li_HTN2256,24,0,21.5,,54.0,
PGR08_N860_hmp_2.6_Li_HTN2259,12,0,29.166666666666668,,69.0,
PGR08_VanKetwichVerschuurlaan_W_HTN2264,12,0,12.0,,38.0,
PGR08_Damsterdiep_O_HTN2235,12,0,14.666666666666666,,46.0,
PGR08_Europaweg_NW_v2_HTN2266,24,0,11.166666666666666,,72.0,
PGR08_22309_N361_hmp_0.9_Re_HTN2213,12,0,15.0,,38.0,
PGR08_Schuitendiep_Z_V1_HTN2240,12,0,11.666666666666666,,37.0,
PGR08_EUROPAWEG_ZO_HTN2231,36,0,13.222222222222221,,65.0,
PGR08_223_N361_hmp_4.2_Re_HTN2211,12,0,38.833333333333336,,80.0,
PGR08_229_N370_hmp._53.9_Li_HTN2205,36,0,31.77777777777778,,75.0,
PGR08_227_N370_hmp_0.3_Re_HTN2203,36,0,22.0,,76.0,
PGR08_Hereweg_Z_HTN2228,24,0,7.333333333333333,,49.0,
PGR08_G506_Bedumerweg_Z_HTN2236,24,0,15.0,,51.0,
PGR08_Lopendediep_ZW_V1_HTN2243,12,0,12.0,,38.0,
PGR08_22701_N370_hmp_1.2_Li_HTN2202,24,0,28.833333333333332,,67.0,
PGR08_Schuitendiep_N_V1_HTN2241,12,0,-1.0,,-1.0,
PGR08_Lopendediep_NO_HTN2242,24,0,5.0,,35.0,
PGR08_Aweg_ZW_HTN2245,24,0,14.583333333333334,,43.0,
PGR08_223_N361_hmp_4.2_Li_HTN2211,12,0,25.333333333333332,,78.0,
PGR08_JohanVanZwedenlaan_Z_HTN2223,12,0,18.333333333333332,,57.0,
PGR08_22701_N370_hmp_1.2_Re_HTN2202,24,0,28.416666666666668,,74.0,
PGR08_Emmasingel_W_V1_HTN2249,12,0,14.666666666666666,,40.0,
PGR08_Aweg_NO_HTN2245,12,0,16.5,,36.0,
PGR08_G2756_Europaweg_ZO_HTN2233,24,0,15.166666666666666,,49.0,
PGR08_N860_hmp_2.6_Re_HTN2259,12,0,25.666666666666668,,79.0,
PGR08_G460_Griffeweg_O_HTN2252,12,0,13.333333333333334,,42.0,
PGR08_315_N46_hmp_6.3_Re_HTN2217,36,0,26.0,,84.0,
PGR08_LaanCorpusDenHoorn_W_HTN2221,24,0,15.333333333333334,,49.0,
PGR08_G180_LaanCorpusDenHoorn_NW_HTN2222,24,0,9.916666666666666,,33.0,
PGR08_G460_Griffeweg_W_HTN2252,12,0,16.666666666666668,,37.0,
PGR08_G114_Bedumerweg_N_HTN2237,12,0,22.166666666666668,,49.0,
PGR08_Hoendiep_W_HTN2268,12,0,15.333333333333334,,48.0,
PGR08_G172_Emmaviaduct_N_HTN2227,36,0,15.5,,45.0,
PGR08_G2756_Europaweg_NW_HTN2232,24,0,15.0,,48.0,
PGR08_22903_N370_hmp_55.1_Re_HTN2208,24,0,37.75,,87.0,
PGR08_G213_PetrusCampersingel_N_HTN2239,12,0,14.666666666666666,,46.0,
PGR08_G185_Rijksweg_W_HTN2234,12,0,16.666666666666668,,38.0,
PGR08_Westersingel_Z_HTN2244,12,0,9.0,,29.0,
PGR08_316_N46_hmp_12.8_Li_HTN2212,12,0,31.333333333333332,,96.0,
PGR08_03409_N355_hmp_51.8_Li_HTN2204,12,0,33.0,,68.0,
PGR08_229_N370_hmp_53.9_Re_HTN2205,36,0,28.61111111111111,,80.0,
PGR08_Europaweg_ZO_v2_HTN2229,24,0,24.333333333333332,,77.0,
PGR08_22703_N370_hmp_2.0_Li_HTN2201,24,0,29.916666666666668,,71.0,
PGR08_G180_LaanCorpusDenHoorn_ZO_HTN2222,24,0,5.5,,38.0,
PGR08_G181_Hoendiep_O_HTN2225,12,0,16.0,,50.0,
PGR08_JCKapteynlaan_Z_HTN2238,12,0,11.666666666666666,,37.0,
PGR08_22703_N370_hmp_2.0_Re_HTN2255,24,0,22.5,,70.0,
PGR08_Meerweg_NO_HTN2260,12,0,33.166666666666664,,70.0,
PGR08_Rijksstraatweg_ZO_HTN2258,12,0,-1.0,,-1.0,
PGR08_Hereweg_NW_HTN2263,12,0,14.666666666666666,,46.0,
PGR08_JohanVanZwedenlaan_N_HTN2223,12,0,17.666666666666668,,55.0,
PGR08_G182_Hoendiep_W_HTN2224,12,0,-1.0,,-1.0,
PGR08_G181_Hoendiep_W_HTN2225,12,0,11.666666666666666,,37.0,
PGR08_Europaweg_ZO_HTN2254,36,0,8.222222222222221,,40.0,
PGR08_Sontweg_NO_HTN2262,12,0,20.5,,44.0,
POV07_N743_Hmp_56.003_Re_HTN374,12,0,-1.0,,-1.0,
POV07_N377_Hmp_18.517_Li_HTN341,12,0,57.0,,91.0,
POV07_N757_Hmp_5.212_Re_HTN370,12,0,36.5,,76.0,
POV07_N333_Hmp_12.01_Re_HTN392,12,0,39.833333333333336,,81.0,
POV07_N759_Hmp_2.3_Li_HTN399,12,0,-1.0,,-1.0,
POV07_N331_Hmp_22.825_Re_HTN391,12,0,26.666666666666668,,82.0,
POV07_N332_Hmp_12.132_Re_HTN383,12,0,28.333333333333332,,87.0,
POV07_N758_Hmp_8.701_Re_HTN344,12,0,38.333333333333336,,86.0,
POV07_N346_Hmp_27.346_Li_HTN379,12,0,39.166666666666664,,83.0,
POV07_N331_Hmp_5.5_Re_HTN389,12,0,54.5,,84.0,
POV07_N343_Hmp_42.114_Re_HTN376,12,0,40.5,,84.0,
POV07_N340_Hmp_63.033_Re_HTN337,12,0,-1.0,,-1.0,
POV07_N347_Hmp_35.7_Re_HTN339,12,0,23.0,,71.0,
POV07_N346_Hmp_45.911_Re_HTN386,12,0,37.833333333333336,,78.0,
POV07_N764_Hmp_13.0_Re_HTN388,24,0,25.333333333333332,,68.0,
POV07_N331_Hmp_5.5_Li_HTN389,12,0,38.833333333333336,,82.0,
POV07_N731_Hmp_3.200_Re_HTN380,12,0,-1.0,,-1.0,
POV07_N343_Hmp_42.114_Li_HTN376,12,0,49.833333333333336,,78.0,
POV07_N346_Hmp_45.911_Li_HTN386,12,0,33.333333333333336,,69.0,
POV07_N34_Hmp_40.2_Re_HTN358,12,0,44.166666666666664,,90.0,
POV07_N377_Hmp_35.440_Re_HTN377,12,0,29.166666666666668,,67.0,
POV07_N764_Hmp_9.740_Li_HTN367,12,0,28.333333333333332,,87.0,
POV07_N377_Hmp_21.667_Li_HTN342,24,0,40.333333333333336,,83.0,
POV07_N733_Hmp_4.153_Li_HTN382,12,0,29.5,,61.0,
POV07_N344_Hmp_58.732_Li_HTN355,12,0,-1.0,,-1.0,
POV07_N34_Hmp_17.600_Re_HTN372,12,0,26.333333333333332,,81.0,
POV07_N737_Hmp_4.220_Li_HTN346,12,0,25.333333333333332,,78.0,
POV07_N761_Hmp_9.9_Re_HTN393,12,0,25.666666666666668,,79.0,
POV07_N347_Hmp_22.1_Re_HTN354,12,0,25.666666666666668,,79.0,
POV07_N347_Hmp_3.9_Li_HTN384,12,0,51.666666666666664,,79.0,
POV07_N340_Hmp_69.306_Li_HTN340,24,0,52.25,,100.0,
POV07_N763_Hmp_6.103_Li_HTN368,12,0,-1.0,,-1.0,
POV07_N348_Hmp_52.327_Li_HTN349,12,0,27.666666666666668,,85.0,
POV07_N342_Hmp_63.402_Li_HTN396,12,0,38.0,,79.0,
POV07_N332_Hmp_12.132_Li_HTN383,12,0,29.666666666666668,,91.0,
POV07_N334_Hmp_12.096_Re_HTN378,12,0,29.333333333333332,,90.0,
POV07_N350_Hmp_1.3_Re_HTN363,12,0,36.166666666666664,,81.0,
POV07_N340_Hmp_63.033_Li_HTN337,12,0,27.0,,83.0,
POV07_N733_Hmp_4.153_Re_HTN382,12,0,31.666666666666668,,68.0,
POV07_N73_Hmp_4.725_Re_HTN395,12,0,17.666666666666668,,55.0,
POV07_N346_Hmp_27.346_Re_HTN379,12,0,26.333333333333332,,81.0,
POV07_N348_Hmp_71.012_Re_HTN371,12,0,29.0,,89.0,
POV07_N343_Hmp_35.8_Re_HTN362,12,0,41.333333333333336,,88.0,
POV07_N333_Hmp_12.01_Li_HTN392,12,0,25.0,,77.0,
POV07_N758_Hmp_8.701_Li_HTN344,12,0,35.166666666666664,,73.0,
POV07_N348_Hmp_64.4_Li_HTN348,12,0,34.0,,71.0,
POV07_N751_Hmp_9.990_Re_HTN375,12,0,41.833333333333336,,87.0,
POV07_N731_Hmp_3.200_Li_HTN380,12,0,25.0,,77.0,
POV07_Eibergsestraat_Re_HTN366,12,0,41.666666666666664,,73.0,
POV07_N739_Hmp_5.694_Re_HTN385,12,0,23.0,,71.0,
POV07_N344_Hmp_58.732_Re_HTN355,12,0,39.0,,80.0,
POV07_N377_Hmp_18.517_Re_HTN341,12,0,33.5,,68.0,
POV07_N764_Hmp_13.0_Li_HTN388,24,0,22.0,,73.0,
POV07_N764_Hmp_9.740_Re_HTN367,12,0,39.5,,80.0,
POV07_N34_Hmp_30.5_Li_HTN338,12,0,53.5,,81.0,
POV07_N760_Hmp_9.6_Re_HTN390,12,0,25.333333333333332,,78.0,
POV07_N307_Hmp_108.4_Li_HTN334,12,0,37.666666666666664,,77.0,
POV07_N340_Hmp_51.7_Li_HTN336,24,0,22.583333333333332,,100.0,
POV07_N337_Hmp_5.314_Re_HTN359,12,0,37.166666666666664,,81.0,
POV07_N348_Hmp_71.012_Li_HTN371,12,0,29.666666666666668,,91.0,
POV07_N377_Hmp_10.986_Li_HTN373,12,0,45.666666666666664,,75.0,
POV07_N343_Hmp_22.9_Li_HTN356,12,0,39.0,,87.0,
POV07_N343_Hmp_35.8_Li_HTN362,12,0,39.0,,84.0,
POV07_N737_Hmp_4.220_Re_HTN346,12,0,33.5,,74.0,
POV07_N343_Hmp_15.0_Re_HTN361,12,0,27.166666666666668,,56.0,
POV07_N347_Hmp_25.5_Re_HTN353,12,0,25.666666666666668,,79.0,
POV07_N349_Hmp_14.305_Re_HTN381,12,0,25.666666666666668,,79.0,
POV07_N342_Hmp_59.2_Li_HTN394,12,0,43.0,,88.0,
POV07_N342_Hmp_54.4_Re_HTN387,12,0,21.166666666666668,,44.0,
POV07_N73_Hmp_4.725_Li_HTN395,12,0,31.0,,63.0,
POV07_N349_Hmp_4.5_Li_HTN360,12,0,28.666666666666668,,88.0,
POV07_N331_Hmp_12.509_Li_HTN369,12,0,25.333333333333332,,78.0,
POV07_N347_Hmp_3.9_Re_HTN384,12,0,39.333333333333336,,80.0,
POV07_N340_Hmp_69.306_Re_HTN340,24,0,44.75,,102.0,
POV07_N34_Hmp_17.600_Li_HTN372,12,0,24.666666666666668,,76.0,
POV07_N334_Hmp_18.9_Li_HTN365,12,0,27.0,,83.0,
POV07_N761_Hmp_9.9_Li_HTN393,12,0,41.5,,85.0,
POV07_N763_Hmp_6.103_Re_HTN368,12,0,-1.0,,-1.0,
POV07_N334_Hmp_12.096_Li_HTN378,12,0,22.333333333333332,,69.0,
POV07_N34_Hmp_40.2_Li_HTN358,12,0,57.833333333333336,,88.0,
POV07_N350_Hmp_11.390_Li_HTN347,12,0,39.166666666666664,,81.0,
POV07_N348_Hmp_64.4_Re_HTN348,12,0,21.333333333333332,,66.0,
POV07_N738_Hmp_7.93_Li_HTN397,12,0,25.666666666666668,,79.0,
POV07_N347_Hmp_14.47_Li_HTN398,12,0,40.166666666666664,,82.0,
POV07_N346_Hmp_36.0_Re_HTN364,12,0,56.666666666666664,,89.0,
POV07_N34_Hmp_30.5_Re_HTN338,12,0,54.5,,83.0,
POV07_N307_Hmp_108.4_Re_HTN334,12,0,20.333333333333332,,43.0,
POV07_N765_Hmp_16.6_Li_HTN345,12,0,26.0,,80.0,
POV07_N350_Hmp_11.390_Re_HTN347,12,0,39.666666666666664,,82.0,
POV07_N377_Hmp_24.793_Li_HTN343,12,0,46.333333333333336,,96.0,
POV07_N341_Hmp_10.493_Li_HTN357,12,0,39.333333333333336,,85.0,
POV07_N751_Hmp_9.990_Li_HTN375,12,0,25.666666666666668,,79.0,
POV07_N350_Hmp_1.3_Li_HTN363,12,0,-1.0,,-1.0,
POV07_N347_Hmp_25.5_Li_HTN353,12,0,26.0,,80.0,
POV07_N331_Hmp_12.509_Re_HTN369,12,0,26.0,,80.0,
POV07_N349_Hmp_14.305_Li_HTN381,12,0,25.0,,77.0,
POV07_N757_Hmp_5.212_Li_HTN370,12,0,25.666666666666668,,79.0,
POV07_N337_Hmp_5.314_Li_HTN359,12,0,40.333333333333336,,84.0,
POV07_N340_Hmp_51.7_Re_HTN336,24,0,52.083333333333336,,99.0,
POV07_N377_Hmp_10.986_Re_HTN373,12,0,40.166666666666664,,86.0,
POV07_N334_Hmp_18.9_Re_HTN365,12,0,25.333333333333332,,78.0,
POV07_N760_Hmp_9.6_Li_HTN390,12,0,34.833333333333336,,72.0,
POV07_N739_Hmp_5.694_Li_HTN385,12,0,26.333333333333332,,81.0,
POV07_Eibergsestraat_Li_HTN366,12,0,40.5,,85.0,
POV07_N743_Hmp_56.003_Li_HTN374,12,0,25.0,,77.0,
POV07_N342_Hmp_54.4_Li_HTN387,12,0,43.333333333333336,,89.0,
POV07_N759_Hmp_2.3_Re_HTN399,12,0,-1.0,,-1.0,
POV07_N343_Hmp_22.9_Re_HTN356,12,0,44.5,,93.0,
POV07_N349_Hmp_4.5_Re_HTN360,12,0,26.333333333333332,,81.0,
POV07_N342_Hmp_59.2_Re_HTN394,12,0,38.0,,78.0,
POV07_N347_Hmp_35.7_Li_HTN339,12,0,-1.0,,-1.0,
POV07_N738_Hmp_7.93_Re_HTN397,12,0,39.166666666666664,,80.0,
POV07_N377_Hmp_35.440_Li_HTN377,12,0,37.166666666666664,,82.0,
POV07_N377_Hmp_21.667_Re_HTN342,24,0,31.416666666666668,,67.0,
POV07_N347_Hmp_14.47_Re_HTN398,12,0,54.0,,85.0,
POV07_N348_Hmp_52.327_Re_HTN349,12,0,60.5,,107.0,
POV07_N342_Hmp_63.402_Re_HTN396,12,0,28.0,,86.0,
POV07_N343_Hmp_15.0_Li_HTN361,12,0,38.833333333333336,,61.0,
POV07_N347_Hmp_22.1_Li_HTN354,12,0,48.0,,76.0,
POV07_N346_Hmp_36.0_Li_HTN364,12,0,-1.0,,-1.0,
POV07_N377_Hmp_24.793_Re_HTN343,12,0,46.333333333333336,,94.0,
POV07_N341_Hmp_10.493_Re_HTN357,12,0,26.666666666666668,,82.0,
POV07_N765_Hmp_16.6_Re_HTN345,12,0,44.666666666666664,,91.0,
POV07_N331_Hmp_22.825_Li_HTN391,12,0,27.0,,83.0,
PGL10_N320-01_hmp_1.16_Li_HTN2589,24,0,47.416666666666664,,100.0,
PGL10_A326-01_hmp_1.35_Re_HTN2754,24,0,37.416666666666664,,96.0,
PGL10_N309-14_hmp_51.32_Re_HTN2544,12,0,35.833333333333336,,75.0,
PGL10_N834-09_hmp_6.77_Li_HTN2701,12,0,40.833333333333336,,85.0,
PGL10_N800-02_hmp_16.90_Re_HTN2666,12,0,46.666666666666664,,76.0,
PGL10_N815-01_hmp_4.58_Li_HTN2678,12,0,22.333333333333332,,69.0,
PGL10_N847-03_hmp_2.99_Re_HTN2718,12,0,38.166666666666664,,82.0,
PGL10_N838-03_hmp_2.92_Li_HTN2707,12,0,47.5,,75.0,
PGL10_N271-03_hmp_126.10_Li_HTN2522,12,0,34.0,,69.0,
PGL10_N802-01_hmp_6.30_Re_HTN2668,12,0,40.666666666666664,,83.0,
PGL10_N303-04_hmp_11.94_Li_HTN2531,12,0,26.333333333333332,,56.0,
PGL10_N224-03_hmp_18.65_Li_HTN2511,12,0,-1.0,,-1.0,
PGL10_A325-11_hmp_20.12_Re_HTN2508,24,0,13.333333333333334,,33.0,
PGL10_N332-01_hmp_23.38_Re_HTN2731,12,0,42.833333333333336,,89.0,
PGL10_A326-03_hmp_6.04_Li_HTN2509,24,0,53.916666666666664,,99.0,
PGL10_N783-04_hmp_3.54_Re_HTN2647,12,0,27.333333333333332,,84.0,
PGL10_N795-01_hmp_5.10_Li_HTN2662,12,0,-1.0,,-1.0,
PGL10_N322-19_hmp_60.0_Li_HTN2775,12,0,63.166666666666664,,105.0,
PGL10_N314-05_hmp_19.59_Re_HTN2562,12,0,27.333333333333332,,84.0,
PGL10_A348-031_hmp_7.8_Re_HTN806,24,0,43.416666666666664,,120.0,
PGL10_N303-05_hmp_19.38_Re_HTN2532,12,0,23.333333333333332,,72.0,
PGL10_N346-10_hmp_17.36_Li_HTN2780,12,0,33.0,,73.0,
PGL10_N327-08_hmp_13.30_Li_HTN2613,12,0,41.833333333333336,,86.0,
PGL10_N831-14_hmp_14.94_Li_HTN2694,12,0,28.5,,58.0,
PGL10_N786-07_hmp_6.80_Li_HTN2782,12,0,14.0,,44.0,
PGL10_N348-97_hmp_33.54_Re_HTN2720,12,0,18.333333333333332,,57.0,
PGL10_N310-07_hmp_68.23_Re_HTN2547,12,0,44.0,,89.0,
PGL10_N322-08_hmp_31.09_Li_HTN2597,12,0,39.666666666666664,,84.0,
PGL10_N324-06_hmp_7.89_Re_HTN2604,12,0,41.166666666666664,,95.0,
PGL10_N327-02_hmp_4.99_Re_HTN2612,12,0,29.0,,89.0,
PGL10_N322-01_hmp_15.35_Li_HTN2601,12,0,34.333333333333336,,76.0,
PGL10_N785-10_hmp_15.74_Re_HTN2649,12,0,31.166666666666668,,67.0,
PGL10_N301-02_hmp_12.70_Li_HTN2525,12,0,31.5,,67.0,
PGL10_N310-26_hmp_104.19_Re_HTN2551,12,0,22.666666666666668,,47.0,
PGL10_N814-02_hmp_2.35_Li_HTN2677,12,0,23.333333333333332,,72.0,
PGL10_N302-08_hmp_123.67_Re_HTN2528,12,0,23.666666666666668,,73.0,
PGL10_N309-03_hmp_33.36_Re_HTN2545,12,0,32.166666666666664,,66.0,
PGL10_N346-07_hmp_14.31_Li_HTN2634,12,0,1.3333333333333333,,6.0,
PGL10_N348-13_hmp_23.02_Re_HTN2635,24,0,41.666666666666664,,103.0,
PGL10_N322-10_hmp_34.08_Re_HTN2594,12,0,53.666666666666664,,84.0,
PGL10_N314-04_hmp_16.40_Re_HTN2559,12,0,41.5,,84.0,
PGL10_N785-01_hmp_10.80_Re_HTN2650,12,0,49.0,,75.0,
PGL10_N786-15_hmp_15.37_Li_HTN2653,12,0,29.0,,89.0,
PGL10_N315-23_hmp_40.20_Re_HTN2729,12,0,31.0,,68.0,
PGL10_N309-07_hmp_35.82_Li_HTN2542,12,0,24.666666666666668,,76.0,
PGL10_N309-01_hmp_30.58_Li_HTN2540,12,0,25.666666666666668,,79.0,
PGL10_N322-16_hmp_48.49_Re_HTN2599,12,0,24.333333333333332,,75.0,
PGL10_N225-08_hmp_61.35_Li_HTN2516,12,0,-1.0,,-1.0,
PGL10_N839-03_hmp_3.65_Li_HTN2709,12,0,20.5,,43.0,
PGL10_N316-18_hmp_20.28_Re_HTN2572,12,0,47.166666666666664,,119.0,
PGL10_N345-08_hmp_12.57_Li_HTN2761,12,0,50.333333333333336,,80.0,
PGL10_N332-03_hmp_26.91_Li_HTN2618,12,0,47.666666666666664,,75.0,
PGL10_N786-04_hmp_4.30_Li_HTN2651,12,0,38.333333333333336,,79.0,
PGL10_N810-04_hmp_2.78_Li_HTN2671,12,0,35.0,,71.0,
PGL10_N788-07_hmp_20.50_Re_HTN2655,12,0,22.0,,68.0,
PGL10_N315-18_hmp_36.21_Li_HTN2565,12,0,40.0,,81.0,
PGL10_N310-12_hmp_76.23_Li_HTN2553,12,0,26.0,,80.0,
PGL10_N317-15_hmp_13.71_Li_HTN2579,12,0,37.333333333333336,,77.0,
PGL10_N348-30_hmp_41.47_Li_HTN2637,12,0,26.0,,80.0,
PGL10_N813-11_hmp_11.88_Li_HTN2675,12,0,28.5,,59.0,
PGL10_N000-02_hmp_00_Re_HTN2770,12,0,26.333333333333332,,81.0,
PGL10_N330-10_hmp_18.26_Re_HTN2616,12,0,25.666666666666668,,79.0,
PGL10_N786-13_hmp_13.00_Li_HTN2784,12,0,27.333333333333332,,84.0,
PGL10_N830-04_hmp_13.32_Li_HTN2691,12,0,25.666666666666668,,79.0,
PGL10_N818-02_hmp_3.97_Li_HTN2681,12,0,25.0,,77.0,
PGL10_N320-10_hmp_22.70_Re_HTN2592,12,0,40.0,,84.0,
PGL10_N348-14_hmp_26.90_Li_HTN2756,12,0,40.0,,82.0,
PGL10_N811-03_hmp_3.30_Li_HTN2673,12,0,26.333333333333332,,81.0,
PGL10_N839-04_hmp_5.0_Li_HTN2766,24,0,26.083333333333332,,67.0,
PGL10_N846-02_hmp_10.51_Re_HTN2717,12,0,27.333333333333332,,84.0,
PGL10_N320-04_hmp_8.30_Li_HTN2593,12,0,42.166666666666664,,86.0,
PGL10_N792-08_hmp_15.58_Li_HTN2730,12,0,23.666666666666668,,73.0,
PGL10_N824-02_hmp_6.03_Li_HTN2686,12,0,41.166666666666664,,86.0,
PGL10_N843-05_hmp_7.72_Re_HTN2713,12,0,21.666666666666668,,67.0,
PGL10_N225-01_hmp_50.16_Li_HTN2517,12,0,37.5,,79.0,
PGL10_N312-01_hmp_3.06_Re_HTN2555,12,0,22.0,,68.0,
PGL10_N839-08_hmp_8.60_Re_HTN2708,12,0,23.0,,71.0,
PGL10_N834-12_hmp_9.19_Re_HTN2702,12,0,25.0,,77.0,
PGL10_N320-03_hmp_5.40_Re_HTN2591,12,0,15.666666666666666,,49.0,
PGL10_N844-03_hmp_3.44_Re_HTN2714,12,0,27.0,,59.0,
PGL10_N302-01_hmp_104.96_Re_HTN2526,24,0,50.833333333333336,,104.0,
PGL10_N316-06_hmp_5.16_Re_HTN2571,12,0,-1.0,,-1.0,
PGL10_N225-04_hmp_56.72_Li_HTN2519,12,0,50.833333333333336,,79.0,
PGL10_N316-23_hmp_26.07_Re_HTN2573,12,0,-1.0,,-1.0,
PGL10_N788-03_hmp_16.79_Re_HTN2656,12,0,27.666666666666668,,85.0,
PGL10_N317-02_hmp_2.49_Re_HTN2575,12,0,42.833333333333336,,66.0,
PGL10_A325-09_hmp_14.50_Re_HTN2505,36,0,47.888888888888886,,92.0,
PGL10_N786-08_hmp_8.47_Re_HTN2652,12,0,36.166666666666664,,75.0,
PGL10_N346-06_hmp_9.86_Re_HTN2632,12,0,24.0,,74.0,
PGL10_N785-06_hmp_14.07_Li_HTN2736,12,0,16.333333333333332,,51.0,
PGL10_N345-02_hmp_3.20_Re_HTN2631,24,0,34.25,,88.0,
PGL10_N346-12_hmp_21.60_Li_HTN2633,12,0,27.0,,83.0,
PGL10_N833-01_hmp_6.94_Re_HTN2699,12,0,40.833333333333336,,85.0,
PGL10_N315-05_hmp_10.98_Re_HTN2569,12,0,38.5,,79.0,
PGL10_N322-21_hmp_62.0_Li_HTN2776,12,0,53.0,,82.0,
PGL10_N317-23_hmp_56.70_Re_HTN2746,12,0,27.666666666666668,,85.0,
PGL10_N318-02_hmp_3.49_Li_HTN2580,12,0,38.166666666666664,,78.0,
PGL10_N317-07_hmp_7.74_Re_HTN2745,12,0,39.166666666666664,,80.0,
PGL10_N327-04_hmp_8.02_Re_HTN2611,12,0,32.833333333333336,,67.0,
PGL10_N831-100_hmp_13.28_Re_HTN2696,12,0,38.333333333333336,,64.0,
PGL10_N836-07_hmp_19.43_Li_HTN2739,12,0,17.333333333333332,,54.0,
PGL10_N841-02_hmp_2.96_Re_HTN2711,12,0,23.0,,71.0,
PGL10_N787-03_hmp_14.13_Re_HTN2654,12,0,39.666666666666664,,82.0,
PGL10_N348-05_hmp_13.35_Li_HTN2774,24,0,12.75,,67.0,
PGL10_N313-03_hmp_3.21_Re_HTN2558,12,0,25.333333333333332,,78.0,
PGL10_N835-02_hmp_0.93_Li_HTN2735,12,0,18.333333333333332,,57.0,
PGL10_N309-12_hmp_46.75_Li_HTN2771,12,0,46.833333333333336,,78.0,
PGL10_N325-15_hmp_22.75_Re_HTN2608,24,0,5.166666666666667,,13.0,
PGL10_N314-08_hmp_22.92_Li_HTN2563,12,0,40.5,,64.0,
PGL10_N822-02_hmp_2.21_Li_HTN2684,12,0,24.0,,74.0,
PGL10_N345-10_hmp_16.21_Re_HTN2630,12,0,36.166666666666664,,59.0,
PGL10_N816-02_hmp_5.52_Re_HTN2679,12,0,37.5,,81.0,
PGL10_N812-02_hmp_1.65_Re_HTN2674,12,0,19.0,,59.0,
PGL10_N325-16_hmp_24.63_Re_HTN2607,24,0,5.833333333333333,,16.0,
PGL10_N836-03_hmp_17.10_Re_HTN2704,12,0,24.0,,74.0,
PGL10_N302-07_hmp_119.97_Li_HTN2529,12,0,41.333333333333336,,88.0,
PGL10_N348-17_hmp_31.10_Re_HTN2520,12,0,17.666666666666668,,55.0,
PGL10_A348-04_hmp_9.00_Re_HTN807,24,0,4.666666666666667,,29.0,
PGL10_N789-05_hmp_9.32_Re_HTN2741,12,0,35.166666666666664,,73.0,
PGL10_N348-07_hmp_14.75_Li_HTN2758,12,0,29.833333333333332,,62.0,
PGL10_A348-03_hmp_5.98_Li_HTN805,36,0,36.44444444444444,,120.0,
PGL10_N787-02_hmp_12.5_Li_HTN2768,12,0,21.0,,65.0,
PGL10_N820-02_hmp_2.87_Re_HTN2683,12,0,35.5,,77.0,
PGL10_N811-05_hmp_6.14_Re_HTN2672,12,0,36.333333333333336,,74.0,
PGL10_N324-08_hmp_9.77_Re_HTN2605,12,0,38.0,,61.0,
PGL10_N224-07_hmp_32.70_Re_HTN2515,12,0,40.833333333333336,,85.0,
PGL10_N233-02_hmp_12.36_Li_HTN2501,12,0,42.166666666666664,,79.0,
PGL10_N000-03_hmp_00_Re_HTN2783,12,0,15.666666666666666,,49.0,
PGL10_N329-05_hmp_16.56_Li_HTN2615,12,0,39.833333333333336,,91.0,
PGL10_N344-11_hmp_51.43_Li_HTN2627,12,0,34.333333333333336,,71.0,
PGL10_A348-011_hmp_2.4_Re_HTN802,24,0,51.666666666666664,,111.0,
PGL10_N271-02_hmp_125.24_Re_HTN2733,12,0,26.5,,58.0,
PGL10_N304-10_hmp_25.35_Re_HTN2762,24,0,34.25,,94.0,
PGL10_N315-07_hmp_17.31_Re_HTN2567,12,0,27.333333333333332,,84.0,
PGL10_N814-01_hmp_1.52_Li_HTN2723,12,0,33.833333333333336,,71.0,
PGL10_N301-09_hmp_17.24_Li_HTN2752,12,0,21.0,,65.0,
PGL10_N797-01_hmp_1.54_Re_HTN2664,12,0,18.0,,56.0,
PGL10_N322-99_hmp_55.97_Re_HTN2602,12,0,58.333333333333336,,77.0,
PGL10_N304-02_hmp_5.42_Li_HTN2535,12,0,40.333333333333336,,83.0,
PGL10_N335-05_hmp_10.13_Li_HTN2619,12,0,41.0,,84.0,
PGL10_N304-02_hmp_5.42_Re_HTN2535,12,0,40.833333333333336,,84.0,
PGL10_N345-12_hmp_17.31_Re_HTN2778,12,0,33.666666666666664,,69.0,
PGL10_N322-99_hmp_55.97_Li_HTN2602,12,0,52.833333333333336,,80.0,
PGL10_N323-01_hmp_4.15_Re_HTN2603,24,0,47.916666666666664,,106.0,
PGL10_N797-01_hmp_1.54_Li_HTN2664,12,0,19.0,,59.0,
PGL10_N815-03_hmp_6.34_Li_HTN2728,12,0,19.333333333333332,,60.0,
PGL10_N830-14_hmp_24.20_Li_HTN2692,12,0,45.166666666666664,,72.0,
PGL10_N318-09_hmp_15.17_Li_HTN2581,12,0,23.666666666666668,,73.0,
PGL10_N322-12_hmp_38.4_Li_HTN2772,12,0,37.5,,79.0,
PGL10_N319-16_hmp_39.67_Re_HTN2584,12,0,26.666666666666668,,82.0,
PGL10_N317-29_hmp_64.12_Re_HTN2577,12,0,26.0,,80.0,
PGL10_N804-03_hmp_6.38_Re_HTN2669,12,0,21.333333333333332,,66.0,
PGL10_N348-09_hmp_16.65_Re_HTN2750,12,0,17.333333333333332,,54.0,
PGL10_N781-03_hmp_4.65_Li_HTN2722,24,0,30.5,,79.0,
PGL10_N800-06_hmp_24.37_Li_HTN2743,12,0,20.666666666666668,,64.0,
PGL10_N836-09_hmp_20.15_Re_HTN2737,12,0,24.5,,51.0,
PGL10_N348-06_hmp_14.12_Li_HTN2643,24,0,47.416666666666664,,92.0,
PGL10_N344-02_hmp_32.18_Li_HTN2625,12,0,25.333333333333332,,78.0,
PGL10_N324-01_hmp_3.76_Li_HTN2734,24,0,25.333333333333332,,84.0,
PGL10_N348-20_hmp_32.01_Re_HTN2641,12,0,25.166666666666668,,52.0,
PGL10_N781-03_hmp_4.65_Re_HTN2722,24,0,26.333333333333332,,82.0,
PGL10_A348-04_hmp_9.00_Li_HTN807,24,0,49.666666666666664,,115.0,
PGL10_N233-05_hmp_15.57_Re_HTN2504,24,0,32.916666666666664,,74.0,
PGL10_N310-02_hmp_58.53_Li_HTN2546,12,0,26.0,,80.0,
PGL10_N814-01_hmp_1.52_Re_HTN2723,12,0,24.0,,74.0,
PGL10_N768-01_hmp_1.25_Re_HTN2759,12,0,39.333333333333336,,82.0,
PGL10_N322-12_hmp_38.4_Re_HTN2772,12,0,42.166666666666664,,89.0,
PGL10_N317-29_hmp_64.12_Li_HTN2577,12,0,25.333333333333332,,78.0,
PGL10_N827-01_hmp_0.18_Re_HTN2689,12,0,33.0,,57.0,
PGL10_N345-13_hmp_19.3_Re_HTN2629,12,0,48.5,,76.0,
PGL10_N301-01_hmp_11.40_Li_HTN2523,12,0,40.166666666666664,,83.0,
PGL10_A348-01_hmp_1.6_Re_HTN801,24,0,51.0,,113.0,
PGL10_N339-04_hmp_4.88_Li_HTN2624,12,0,-1.0,,-1.0,
PGL10_N348-08_hmp_15.65_Li_HTN2642,24,0,24.166666666666668,,60.0,
PGL10_N233-04_hmp_14.64_Li_HTN2503,12,0,39.0,,80.0,
PGL10_N311-03_hmp_4.00_Re_HTN2554,12,0,28.166666666666668,,60.0,
PGL10_N319-18_hmp_44.00_Li_HTN2742,12,0,20.333333333333332,,63.0,
PGL10_N318-02_hmp_3.49_Re_HTN2580,12,0,28.0,,86.0,
PGL10_N000-01_hmp_14.22_Li_HTN2769,12,0,24.666666666666668,,76.0,
PGL10_N792-05_hmp_10.32_Li_HTN2660,12,0,-1.0,,-1.0,
PGL10_N308-08_hmp_61.5_Re_HTN2779,12,0,52.0,,81.0,
PGL10_N815-03_hmp_6.34_Re_HTN2728,12,0,37.166666666666664,,60.0,
PGL10_N840-04_hmp_7.31_Re_HTN2710,12,0,36.833333333333336,,80.0,
PGL10_N319-23_hmp_50.60_Li_HTN2585,12,0,31.333333333333332,,64.0,
PGL10_N344-02_hmp_32.18_Re_HTN2625,12,0,-1.0,,-1.0,
PGL10_N336-07_hmp_16.41_Li_HTN2620,12,0,51.833333333333336,,81.0,
PGL10_N836-07_hmp_19.43_Re_HTN2739,12,0,11.5,,26.0,
PGL10_N800-06_hmp_24.37_Re_HTN2743,12,0,20.333333333333332,,63.0,
PGL10_N831-100_hmp_13.28_Li_HTN2696,12,0,53.0,,65.0,
PGL10_N792-02_hmp_5.75_Li_HTN2659,12,0,18.833333333333332,,40.0,
PGL10_N316-03_hmp_2.7_Re_HTN2773,12,0,28.666666666666668,,88.0,
PGL10_N336-05_hmp_9.51_Re_HTN2621,12,0,18.666666666666668,,58.0,
PGL10_N348-09_hmp_16.65_Li_HTN2750,12,0,25.5,,55.0,
PGL10_N345-02_hmp_3.20_Li_HTN2631,24,0,25.833333333333332,,83.0,
PGL10_N325-03_hmp_3.83_Re_HTN2606,12,0,27.0,,83.0,
PGL10_N345-04_hmp_6.19_Li_HTN2628,12,0,24.666666666666668,,76.0,
PGL10_N317-31_hmp_66.10_Re_HTN2578,12,0,25.333333333333332,,78.0,
PGL10_N302-07_hmp_119.97_Re_HTN2529,12,0,26.333333333333332,,81.0,
PGL10_N825-01_hmp_4.19_Re_HTN2687,12,0,-1.0,,-1.0,
PGL10_N000-02_hmp_00_Li_HTN2770,12,0,25.666666666666668,,79.0,
PGL10_N798-03_hmp_14.81_Re_HTN2665,12,0,44.166666666666664,,68.0,
PGL10_N312-07_hmp_14.30_Li_HTN2557,12,0,28.5,,71.0,
PGL10_N344-05_hmp_44.25_Re_HTN2626,12,0,26.333333333333332,,81.0,
PGL10_N345-08_hmp_12.57_Re_HTN2761,12,0,38.5,,80.0,
PGL10_A348-031_hmp_7.8_Li_HTN806,24,0,36.833333333333336,,114.0,
PGL10_N818-02_hmp_3.97_Re_HTN2681,12,0,42.5,,87.0,
PGL10_N314-14_hmp_31.20_Li_HTN2560,12,0,41.5,,87.0,
PGL10_N782-03_hmp_4.81_Re_HTN2646,12,0,23.0,,71.0,
PGL10_N830-04_hmp_13.32_Re_HTN2691,12,0,37.0,,77.0,
PGL10_N834-08_hmp_4.63_Li_HTN2700,12,0,24.5,,52.0,
PGL10_N346-06_hmp_9.86_Li_HTN2632,12,0,33.0,,74.0,
PGL10_N325-03_hmp_3.83_Li_HTN2606,12,0,52.0,,81.0,
PGL10_N835-07_hmp_6.10_Li_HTN2703,12,0,51.666666666666664,,88.0,
PGL10_N787-02_hmp_12.5_Re_HTN2768,12,0,22.0,,68.0,
PGL10_N309-12_hmp_46.75_Re_HTN2771,12,0,53.166666666666664,,86.0,
PGL10_N314-04_hmp_16.40_Li_HTN2559,12,0,53.5,,82.0,
PGL10_N324-08_hmp_9.77_Li_HTN2605,12,0,20.666666666666668,,64.0,
PGL10_N302-08_hmp_123.67_Li_HTN2528,12,0,26.333333333333332,,81.0,
PGL10_N233-02_hmp_12.36_Re_HTN2501,12,0,36.5,,77.0,
PGL10_N811-03_hmp_3.30_Re_HTN2673,12,0,30.333333333333332,,93.0,
PGL10_A348-03_hmp_5.98_Re_HTN805,24,0,46.25,,117.0,
PGL10_A348-01_hmp_1.6_Li_HTN801,24,0,43.333333333333336,,120.0,
PGL10_N835-07_hmp_6.10_Re_HTN2703,12,0,38.166666666666664,,79.0,
PGL10_N325-16_hmp_24.63_Li_HTN2607,24,0,41.75,,79.0,
PGL10_N233-04_hmp_14.64_Re_HTN2503,12,0,51.0,,82.0,
PGL10_N308-08_hmp_61.5_Li_HTN2779,12,0,26.666666666666668,,82.0,
PGL10_N225-01_hmp_50.16_Re_HTN2517,12,0,36.5,,75.0,
PGL10_N233-05_hmp_15.57_Li_HTN2504,24,0,29.25,,62.0,
PGL10_N345-04_hmp_6.19_Re_HTN2628,12,0,39.333333333333336,,80.0,
PGL10_N000-01_hmp_14.22_Re_HTN2769,12,0,49.833333333333336,,83.0,
PGL10_N319-11_hmp_25.28_Re_HTN2583,12,0,40.0,,81.0,
PGL10_N330-10_hmp_18.26_Li_HTN2616,12,0,26.0,,80.0,
PGL10_N814-02_hmp_2.35_Re_HTN2677,12,0,23.666666666666668,,73.0,
PGL10_A325-10_hmp_15.89_Li_HTN2507,24,0,36.166666666666664,,97.0,
PGL10_N336-07_hmp_16.41_Re_HTN2620,12,0,26.666666666666668,,82.0,
PGL10_N348-05_hmp_13.35_Re_HTN2774,24,0,13.0,,83.0,
PGL10_N345-13_hmp_19.3_Li_HTN2629,12,0,39.0,,81.0,
PGL10_N309-03_hmp_33.36_Li_HTN2545,12,0,34.166666666666664,,70.0,
PGL10_N224-11_hmp_46.61_Li_HTN2513,12,0,35.0,,75.0,
PGL10_N316-18_hmp_20.28_Li_HTN2572,12,0,41.0,,93.0,
PGL10_N348-06_hmp_14.12_Re_HTN2643,24,0,26.833333333333332,,103.0,
PGL10_N840-04_hmp_7.31_Li_HTN2710,12,0,27.666666666666668,,85.0,
PGL10_A326-02_hmp_2.89_Re_HTN2506,24,0,46.25,,121.0,
PGL10_N817-02_hmp_1.30_Li_HTN2680,12,0,52.166666666666664,,82.0,
PGL10_N810-04_hmp_2.78_Re_HTN2671,12,0,36.333333333333336,,75.0,
PGL10_N336-05_hmp_9.51_Li_HTN2621,12,0,20.5,,47.0,
PGL10_N316-03_hmp_2.7_Li_HTN2773,12,0,26.333333333333332,,81.0,
PGL10_N339-04_hmp_4.88_Re_HTN2624,12,0,35.333333333333336,,75.0,
PGL10_N784-06_hmp_3.8_Re_HTN2760,24,0,38.833333333333336,,81.0,
PGL10_N786-04_hmp_4.30_Re_HTN2651,12,0,24.0,,74.0,
PGL10_N225-12_hmp_64.60_Li_HTN2518,12,0,14.333333333333334,,45.0,
PGL10_N848-02_hmp_3.09_Li_HTN2719,12,0,26.0,,80.0,
PGL10_N830-14_hmp_24.20_Re_HTN2692,12,0,21.666666666666668,,67.0,
PGL10_N843-05_hmp_7.72_Li_HTN2713,12,0,21.333333333333332,,66.0,
PGL10_N320-03_hmp_5.40_Li_HTN2591,12,0,37.333333333333336,,78.0,
PGL10_A348-011_hmp_2.4_Li_HTN802,24,0,49.916666666666664,,114.0,
PGL10_N303-05_hmp_19.38_Li_HTN2532,12,0,23.666666666666668,,73.0,
PGL10_N786-07_hmp_6.80_Re_HTN2782,12,0,15.333333333333334,,48.0,
PGL10_N327-02_hmp_4.99_Li_HTN2612,12,0,27.0,,83.0,
PGL10_N317-15_hmp_13.71_Re_HTN2579,12,0,31.666666666666668,,66.0,
PGL10_N834-09_hmp_6.77_Re_HTN2701,12,0,-1.0,,-1.0,
PGL10_N815-01_hmp_4.58_Re_HTN2678,12,0,28.0,,59.0,
PGL10_N309-14_hmp_51.32_Li_HTN2544,12,0,35.833333333333336,,73.0,
PGL10_N322-19_hmp_60.0_Re_HTN2775,12,0,54.333333333333336,,87.0,
PGL10_N344-11_hmp_51.43_Re_HTN2627,12,0,35.0,,79.0,
PGL10_N324-06_hmp_7.89_Li_HTN2604,12,0,26.666666666666668,,82.0,
PGL10_N322-08_hmp_31.09_Re_HTN2597,12,0,34.166666666666664,,71.0,
PGL10_N785-01_hmp_10.80_Li_HTN2650,12,0,23.666666666666668,,73.0,
PGL10_N847-03_hmp_2.99_Li_HTN2718,12,0,24.666666666666668,,76.0,
PGL10_N327-08_hmp_13.30_Re_HTN2613,12,0,40.666666666666664,,87.0,
PGL10_N346-10_hmp_17.36_Re_HTN2780,12,0,38.5,,79.0,
PGL10_N831-14_hmp_14.94_Re_HTN2694,12,0,26.0,,54.0,
PGL10_N345-10_hmp_16.21_Li_HTN2630,12,0,52.166666666666664,,86.0,
PGL10_N835-02_hmp_0.93_Re_HTN2735,12,0,25.833333333333332,,64.0,
PGL10_N346-07_hmp_14.31_Re_HTN2634,12,0,12.333333333333334,,39.0,
PGL10_N310-12_hmp_76.23_Re_HTN2553,12,0,24.333333333333332,,75.0,
PGL10_N319-03_hmp_7.51_Re_HTN2747,12,0,38.0,,78.0,
PGL10_N225-08_hmp_61.35_Re_HTN2516,12,0,-1.0,,-1.0,
PGL10_N322-16_hmp_48.49_Li_HTN2599,12,0,41.5,,87.0,
PGL10_N833-01_hmp_6.94_Li_HTN2699,12,0,29.666666666666668,,91.0,
PGL10_A325-11_hmp_20.12_Li_HTN2508,24,0,40.583333333333336,,88.0,
PGL10_N836-03_hmp_17.10_Li_HTN2704,12,0,47.833333333333336,,74.0,
PGL10_N812-02_hmp_1.65_Li_HTN2674,12,0,32.833333333333336,,67.0,
PGL10_N817-02_hmp_1.30_Re_HTN2680,12,0,24.333333333333332,,75.0,
PGL10_N838-03_hmp_2.92_Re_HTN2707,12,0,23.666666666666668,,73.0,
PGL10_N786-15_hmp_15.37_Re_HTN2653,12,0,48.5,,74.0,
PGL10_N224-07_hmp_32.70_Li_HTN2515,12,0,53.5,,90.0,
PGL10_N789-01_hmp_2.24_Re_HTN2657,12,0,18.333333333333332,,57.0,
PGL10_N811-05_hmp_6.14_Li_HTN2672,12,0,38.5,,80.0,
PGL10_N327-04_hmp_8.02_Li_HTN2611,12,0,26.0,,80.0,
PGL10_N336-01_hmp_7.05_Li_HTN2749,12,0,17.0,,53.0,
PGL10_N830-01_hmp_5.76_Re_HTN2744,12,0,30.0,,92.0,
PGL10_N319-052_hmp_15.85_Re_HTN2582,12,0,21.666666666666668,,67.0,
PGL10_N315-05_hmp_10.98_Li_HTN2569,12,0,29.333333333333332,,62.0,
PGL10_N836-17_hmp_28.60_Li_HTN2705,12,0,32.0,,78.0,
PGL10_N000-03_hmp_00_Li_HTN2783,12,0,-1.0,,-1.0,
PGL10_N348-97_hmp_33.54_Li_HTN2720,12,0,29.5,,62.0,
PGL10_N788-03_hmp_16.79_Li_HTN2656,12,0,43.166666666666664,,95.0,
PGL10_N302-01_hmp_104.96_Li_HTN2526,24,0,43.0,,92.0,
PGL10_N271-03_hmp_126.10_Re_HTN2522,12,0,35.5,,59.0,
PGL10_N802-01_hmp_6.30_Li_HTN2668,12,0,27.333333333333332,,84.0,
PGL10_N310-23_hmp_95.18_Re_HTN2550,12,0,19.333333333333332,,60.0,
PGL10_N816-02_hmp_5.52_Li_HTN2679,12,0,25.333333333333332,,78.0,
PGL10_N314-05_hmp_19.59_Li_HTN2562,12,0,35.0,,72.0,
PGL10_N224-11_hmp_46.61_Re_HTN2513,12,0,25.666666666666668,,79.0,
PGL10_N848-02_hmp_3.09_Re_HTN2719,12,0,39.833333333333336,,82.0,
PGL10_N348-07_hmp_14.75_Re_HTN2758,12,0,18.333333333333332,,57.0,
PGL10_N310-07_hmp_68.23_Li_HTN2547,12,0,26.666666666666668,,82.0,
PGL10_A348-02_hmp_3.96_Re_HTN803,24,0,37.666666666666664,,128.0,
PGL10_N309-09_hmp_38.71_Re_HTN2543,12,0,15.333333333333334,,48.0,
PGL10_N784-06_hmp_3.8_Li_HTN2760,24,0,28.75,,55.0,
PGL10_N319-11_hmp_25.28_Li_HTN2583,12,0,38.833333333333336,,81.0,
PGL10_N800-02_hmp_16.90_Li_HTN2666,12,0,42.333333333333336,,87.0,
PGL10_N312-07_hmp_14.30_Re_HTN2557,12,0,38.0,,81.0,
PGL10_A348-021_hmp_5.0_Li_HTN804,24,0,43.25,,107.0,
PGL10_N224-03_hmp_18.65_Re_HTN2511,12,0,-1.0,,-1.0,
PGL10_N316-23_hmp_26.07_Li_HTN2573,12,0,25.333333333333332,,78.0,
PGL10_N322-21_hmp_62.0_Re_HTN2776,12,0,40.5,,83.0,
PGL10_N314-08_hmp_22.92_Re_HTN2563,12,0,34.166666666666664,,76.0,
PGL10_N316-06_hmp_5.16_Li_HTN2571,12,0,-1.0,,-1.0,
PGL10_N346-12_hmp_21.60_Re_HTN2633,12,0,52.0,,84.0,
PGL10_A326-02_hmp_2.89_Li_HTN2506,24,0,34.666666666666664,,113.0,
PGL10_N310-22_hmp_88.82_Li_HTN2549,12,0,33.333333333333336,,70.0,
PGL10_N781-01_hmp_2.76_Re_HTN2645,12,0,1.3333333333333333,,6.0,
PGL10_N788-07_hmp_20.50_Li_HTN2655,12,0,29.5,,61.0,
PGL10_N839-08_hmp_8.60_Li_HTN2708,12,0,25.333333333333332,,78.0,
PGL10_N314-14_hmp_31.20_Re_HTN2560,12,0,25.333333333333332,,78.0,
PGL10_N824-02_hmp_6.03_Re_HTN2686,12,0,30.666666666666668,,94.0,
PGL10_N844-02_hmp_1.71_Li_HTN2715,12,0,20.0,,41.0,
PGL10_N309-11_hmp_41.68_Re_HTN2541,12,0,26.333333333333332,,81.0,
PGL10_N839-03_hmp_3.65_Re_HTN2709,12,0,29.833333333333332,,62.0,
PGL10_N225-12_hmp_64.60_Re_HTN2518,12,0,18.333333333333332,,57.0,
PGL10_N344-05_hmp_44.25_Li_HTN2626,12,0,34.333333333333336,,73.0,
PGL10_N842-04_hmp_5.10_Li_HTN2712,12,0,24.666666666666668,,76.0,
PGL10_N348-26_hmp_38.15_Re_HTN2757,12,0,23.333333333333332,,72.0,
PGL10_N785-06_hmp_14.07_Re_HTN2736,12,0,22.333333333333332,,48.0,
PGL10_N224-06_hmp_30.40_Li_HTN2512,12,0,27.333333333333332,,84.0,
PGL10_N325-01_hmp_0.64_Li_HTN2732,12,0,34.0,,71.0,
PGL10_N348-14_hmp_26.90_Re_HTN2756,12,0,52.5,,80.0,
PGL10_N832-05_hmp_5.21_Li_HTN2698,12,0,26.0,,80.0,
PGL10_N322-10_hmp_34.08_Li_HTN2594,12,0,42.666666666666664,,67.0,
PGL10_N801-02_hmp_4.25_Re_HTN2667,12,0,27.666666666666668,,85.0,
PGL10_N309-01_hmp_30.58_Re_HTN2540,12,0,43.166666666666664,,71.0,
PGL10_N301-01_hmp_11.40_Re_HTN2523,12,0,31.0,,65.0,
PGL10_N320-04_hmp_8.30_Re_HTN2593,12,0,26.333333333333332,,81.0,
PGL10_N325-17_hmp_26.11_Re_HTN2609,24,0,11.583333333333334,,30.0,
PGL10_N845-03_hmp_6.30_Li_HTN2716,12,0,29.666666666666668,,91.0,
PGL10_N798-03_hmp_14.81_Li_HTN2665,12,0,30.833333333333332,,63.0,
PGL10_N308-04_hmp_58.10_Li_HTN2538,12,0,32.5,,66.0,
PGL10_N317-31_hmp_66.10_Li_HTN2578,12,0,28.333333333333332,,87.0,
PGL10_N319-18_hmp_44.00_Re_HTN2742,12,0,30.166666666666668,,65.0,
PGL10_N332-03_hmp_26.91_Re_HTN2618,12,0,51.333333333333336,,79.0,
PGL10_A348-021_hmp_5.0_Re_HTN804,24,0,35.5,,113.0,
PGL10_N813-11_hmp_11.88_Re_HTN2675,12,0,25.833333333333332,,53.0,
PGL10_N338-07_hmp_11.39_Re_HTN2623,12,0,35.833333333333336,,76.0,
PGL10_N792-02_hmp_5.75_Re_HTN2659,12,0,17.666666666666668,,55.0,
PGL10_N327-12_hmp_17.22_Re_HTN2614,12,0,-1.0,,-1.0,
PGL10_N322-03_hmp_23.58_Li_HTN2598,12,0,38.666666666666664,,79.0,
PGL10_N309-07_hmp_35.82_Re_HTN2542,12,0,22.666666666666668,,70.0,
PGL10_N315-13_hmp_28.73_Re_HTN2564,12,0,40.0,,82.0,
PGL10_A325-10_hmp_15.89_Re_HTN2507,24,0,27.416666666666668,,53.0,
PGL10_N786-13_hmp_13.00_Re_HTN2784,12,0,24.333333333333332,,75.0,
PGL10_N830-06_hmp_19.03_Re_HTN2690,12,0,35.166666666666664,,75.0,
PGL10_N825-01_hmp_4.19_Li_HTN2687,12,0,-1.0,,-1.0,
PGL10_N315-18_hmp_36.21_Re_HTN2565,12,0,25.333333333333332,,78.0,
PGL10_N348-10_hmp_17.39_Li_HTN2639,12,0,51.666666666666664,,84.0,
PGL10_N834-08_hmp_4.63_Re_HTN2700,12,0,21.0,,65.0,
PGL10_N763-01_hmp_8.86_Li_HTN2644,12,0,-1.0,,-1.0,
PGL10_N311-03_hmp_4.00_Li_HTN2554,12,0,19.0,,59.0,
PGL10_N348-13_hmp_23.02_Li_HTN2635,24,0,15.333333333333334,,97.0,
PGL10_A326-01_hmp_1.35_Li_HTN2754,36,0,45.05555555555556,,122.0,
PGL10_N301-02_hmp_12.70_Re_HTN2525,12,0,26.0,,45.0,
PGL10_N804-03_hmp_6.38_Li_HTN2669,12,0,19.0,,59.0,
PGL10_A326-03_hmp_6.04_Re_HTN2509,24,0,38.666666666666664,,106.0,
PGL10_N303-02_hmp_5.3_Li_HTN2765,12,0,25.666666666666668,,79.0,
PGL10_N319-16_hmp_39.67_Li_HTN2584,12,0,40.5,,82.0,
PGL10_N836-09_hmp_20.15_Li_HTN2737,12,0,13.666666666666666,,43.0,
PGL10_N782-03_hmp_4.81_Li_HTN2646,12,0,32.166666666666664,,67.0,
PGL10_N304-04_hmp_12.75_Li_HTN2536,12,0,28.333333333333332,,87.0,
PGL10_A325-08_hmp_13.9_Re_HTN2764,24,0,34.333333333333336,,108.0,
PGL10_N794-01_hmp_15.50_Re_HTN2661,12,0,23.0,,71.0,
PGL10_N314-10_hmp_25.44_Li_HTN2561,12,0,40.833333333333336,,90.0,
PGL10_N820-02_hmp_2.87_Li_HTN2683,12,0,-1.0,,-1.0,
PGL10_N346-11_hmp_19.10_Re_HTN2781,12,0,59.5,,93.0,
PGL10_N345-12_hmp_17.31_Li_HTN2778,12,0,40.5,,82.0,
PGL10_N315-07_hmp_17.31_Li_HTN2567,12,0,43.166666666666664,,90.0,
PGL10_N813-06_hmp_6.97_Li_HTN2727,12,0,34.5,,79.0,
PGL10_N304-10_hmp_25.35_Li_HTN2762,24,0,30.5,,75.0,
PGL10_N304-04_hmp_12.75_Re_HTN2536,12,0,26.666666666666668,,82.0,
PGL10_N319-23_hmp_50.60_Re_HTN2585,12,0,35.833333333333336,,74.0,
PGL10_N763-01_hmp_8.86_Re_HTN2644,12,0,10.0,,32.0,
PGL10_N784-01_hmp_2.10_Li_HTN2648,12,0,39.0,,67.0,
PGL10_N301-09_hmp_17.24_Re_HTN2752,12,0,38.166666666666664,,61.0,
PGL10_A325-08_hmp_13.9_Li_HTN2764,24,0,42.25,,115.0,
PGL10_N319-08_hmp_20.84_Re_HTN2587,12,0,39.666666666666664,,85.0,
PGL10_N325-18_hmp_27.10_Li_HTN2610,36,0,38.22222222222222,,83.0,
PGL10_N310-02_hmp_58.53_Re_HTN2546,12,0,26.666666666666668,,82.0,
PGL10_N348-16_hmp_30.52_Li_HTN2640,12,0,30.0,,61.0,
PGL10_N323-01_hmp_4.15_Li_HTN2603,24,0,59.833333333333336,,110.0,
PGL10_N813-06_hmp_6.97_Re_HTN2727,12,0,25.333333333333332,,78.0,
PGL10_N303-02_hmp_5.3_Re_HTN2765,12,0,27.0,,83.0,
PGL10_N335-05_hmp_10.13_Re_HTN2619,12,0,40.833333333333336,,87.0,
PGL10_N324-01_hmp_3.76_Re_HTN2734,24,0,28.333333333333332,,99.0,
PGL10_N786-11_hmp_10.9_Re_HTN2767,12,0,31.333333333333332,,67.0,
PGL10_N319-08_hmp_20.84_Li_HTN2587,12,0,22.333333333333332,,69.0,
PGL10_N317-19_hmp_50.75_Li_HTN2576,12,0,27.333333333333332,,84.0,
PGL10_N314-10_hmp_25.44_Re_HTN2561,12,0,25.666666666666668,,79.0,
PGL10_N837-07_hmp_7.01_Li_HTN2706,12,0,27.0,,83.0,
PGL10_N301-12_hmp_23.61_Li_HTN2524,12,0,29.0,,61.0,
PGL10_N822-02_hmp_2.21_Re_HTN2684,12,0,21.666666666666668,,67.0,
PGL10_N831-98_hmp_11.91_Re_HTN2697,12,0,16.666666666666668,,52.0,
PGL10_N346-11_hmp_19.10_Li_HTN2781,12,0,27.0,,83.0,
PGL10_A348-02_hmp_3.96_Li_HTN803,24,0,41.833333333333336,,110.0,
PGL10_N302-05_hmp_111.09_Re_HTN2530,12,0,32.833333333333336,,67.0,
PGL10_N318-09_hmp_15.17_Re_HTN2581,12,0,40.5,,83.0,
PGL10_N792-05_hmp_10.32_Re_HTN2660,12,0,24.0,,74.0,
PGL10_N782-07_hmp_7.95_Li_HTN2740,12,0,20.666666666666668,,64.0,
PGL10_N830-06_hmp_19.03_Li_HTN2690,12,0,21.666666666666668,,67.0,
PGL10_N348-08_hmp_15.65_Re_HTN2642,24,0,24.333333333333332,,62.0,
PGL10_N831-98_hmp_11.91_Li_HTN2697,12,0,24.333333333333332,,75.0,
PGL10_N826-03_hmp_3.88_Re_HTN2688,12,0,-1.0,,-1.0,
PGL10_N327-12_hmp_17.22_Li_HTN2614,12,0,-1.0,,-1.0,
PGL10_N845-03_hmp_6.30_Re_HTN2716,12,0,40.5,,83.0,
PGL10_N322-30_hmp_65.13_Re_HTN2595,12,0,42.5,,87.0,
PGL10_N819-01_hmp_4.89_Li_HTN2682,12,0,20.666666666666668,,64.0,
PGL10_N841-02_hmp_2.96_Li_HTN2711,12,0,25.666666666666668,,79.0,
PGL10_N348-20_hmp_32.01_Li_HTN2641,12,0,29.666666666666668,,48.0,
PGL10_N310-25_hmp_102.30_Li_HTN2552,12,0,25.333333333333332,,78.0,
PGL10_N330-02_hmp_3.48_Re_HTN2617,12,0,21.333333333333332,,66.0,
PGL10_N325-18_hmp_27.10_Re_HTN2610,36,0,23.11111111111111,,67.0,
PGL10_N831-07_hmp_10.51_Re_HTN2695,12,0,22.666666666666668,,70.0,
PGL10_N844-03_hmp_3.44_Li_HTN2714,12,0,27.666666666666668,,57.0,
PGL10_N789-05_hmp_9.32_Li_HTN2741,12,0,21.666666666666668,,67.0,
PGL10_N322-30_hmp_65.13_Li_HTN2595,12,0,65.5,,83.0,
PGL10_N768-01_hmp_1.25_Li_HTN2759,12,0,28.333333333333332,,87.0,
PGL10_N794-01_hmp_15.50_Li_HTN2661,12,0,45.5,,73.0,
PGL10_N837-07_hmp_7.01_Re_HTN2706,12,0,27.666666666666668,,85.0,
PGL10_N827-01_hmp_0.18_Li_HTN2689,12,0,18.666666666666668,,58.0,
PGL10_N316-15_hmp_15.99_Re_HTN2574,12,0,27.666666666666668,,85.0,
PGL10_N309-11_hmp_41.68_Li_HTN2541,12,0,27.333333333333332,,84.0,
PGL10_N319-13_hmp_32.92_Li_HTN2588,12,0,30.5,,64.0,
PGL10_N302-05_hmp_111.09_Li_HTN2530,12,0,26.0,,80.0,
PGL10_N224-14_hmp_51.12_Li_HTN2514,24,0,25.666666666666668,,80.0,
PGL10_N796-02_hmp_2.80_Li_HTN2663,12,0,26.333333333333332,,81.0,
PGL10_N792-08_hmp_15.58_Re_HTN2730,12,0,41.0,,84.0,
PGL10_N325-15_hmp_22.75_Li_HTN2608,24,0,43.25,,103.0,
PGL10_N839-04_hmp_5.0_Re_HTN2766,24,0,22.833333333333332,,80.0,
PGL10_N787-03_hmp_14.13_Li_HTN2654,12,0,37.666666666666664,,80.0,
PGL10_N304-05_hmp_19.60_Li_HTN2537,12,0,24.666666666666668,,76.0,
PGL10_N786-11_hmp_10.9_Li_HTN2767,12,0,28.666666666666668,,60.0,
PGL10_N303-06_hmp_23.34_Li_HTN2533,12,0,16.0,,50.0,
PGL10_N271-02_hmp_125.24_Li_HTN2733,12,0,20.5,,42.0,
PGL10_N224-06_hmp_30.40_Re_HTN2512,12,0,40.5,,87.0,
PGL10_N315-09_hmp_21.00_Re_HTN2566,12,0,28.0,,86.0,
PGL10_N784-01_hmp_2.10_Re_HTN2648,12,0,29.333333333333332,,60.0,
PGL10_N837-05_hmp_4.85_Li_HTN2738,12,0,23.666666666666668,,50.0,
PGL10_N348-18_hmp_31.53_Re_HTN2521,12,0,19.0,,59.0,
PGL10_N831-01_hmp_5.89_Re_HTN2693,12,0,24.333333333333332,,75.0,
PGL10_N801-02_hmp_4.25_Li_HTN2667,12,0,28.0,,86.0,
PGL10_N320-08_hmp_19.17_Re_HTN2590,12,0,39.333333333333336,,81.0,
PGL10_N315-03_hmp_8.01_Li_HTN2568,12,0,39.833333333333336,,85.0,
PGL10_N315-03_hmp_8.01_Re_HTN2568,12,0,27.333333333333332,,84.0,
PGL10_N325-01_hmp_0.64_Re_HTN2732,12,0,39.5,,80.0,
PGL10_N781-02_hmp_3.62_Li_HTN2721,24,0,31.583333333333332,,86.0,
PGL10_N304-05_hmp_19.60_Re_HTN2537,12,0,38.166666666666664,,79.0,
PGL10_N319-22_hmp_47.39_Re_HTN2586,12,0,24.666666666666668,,76.0,
PGL10_N790-02_hmp_1.45_Re_HTN2658,12,0,15.333333333333334,,48.0,
PGL10_N319-13_hmp_32.92_Re_HTN2588,12,0,26.833333333333332,,56.0,
PGL10_N831-01_hmp_5.89_Li_HTN2693,12,0,23.333333333333332,,72.0,
PGL10_N338-03_hmp_5.52_Re_HTN2622,12,0,35.833333333333336,,73.0,
PGL10_A325-09_hmp_14.50_Li_HTN2505,36,0,48.0,,109.0,
PGL10_N308-04_hmp_58.10_Re_HTN2538,12,0,38.5,,78.0,
PGL10_N320-10_hmp_22.70_Li_HTN2592,12,0,23.333333333333332,,72.0,
PGL10_N310-22_hmp_88.82_Re_HTN2549,12,0,22.0,,68.0,
PGL10_N317-02_hmp_2.49_Li_HTN2575,12,0,50.333333333333336,,79.0,
PGL10_N348-10_hmp_17.39_Re_HTN2639,12,0,28.0,,86.0,
PGL10_N329-05_hmp_16.56_Re_HTN2615,12,0,27.666666666666668,,85.0,
PGL10_N348-18_hmp_31.53_Li_HTN2521,12,0,19.666666666666668,,61.0,
PGL10_N315-09_hmp_21.00_Li_HTN2566,12,0,25.0,,77.0,
PGL10_N813-02_hmp_1.50_Re_HTN2676,12,0,21.0,,65.0,
PGL10_N303-06_hmp_23.34_Re_HTN2533,12,0,28.0,,60.0,
PGL10_N315-13_hmp_28.73_Li_HTN2564,12,0,27.0,,83.0,
PGL10_N844-02_hmp_1.71_Re_HTN2715,12,0,22.166666666666668,,50.0,
PGL10_N313-03_hmp_3.21_Li_HTN2558,12,0,41.5,,86.0,
PGL10_N348-99_hmp_35.96_Li_HTN2748,12,0,40.0,,85.0,
PGL10_N322-05_hmp_28.42_Re_HTN2596,12,0,35.5,,75.0,
PGL10_N338-03_hmp_5.52_Li_HTN2622,12,0,34.5,,70.0,
PGL10_N781-02_hmp_3.62_Re_HTN2721,24,0,48.666666666666664,,97.0,
PGL10_N836-17_hmp_28.60_Re_HTN2705,12,0,16.0,,50.0,
PGL10_N225-04_hmp_56.72_Re_HTN2519,12,0,22.0,,68.0,
PGL10_N319-22_hmp_47.39_Li_HTN2586,12,0,38.333333333333336,,80.0,
PGL10_N317-23_hmp_56.70_Li_HTN2746,12,0,43.5,,89.0,
PGL10_N348-99_hmp_35.96_Re_HTN2748,12,0,26.333333333333332,,81.0,
PGL10_N790-02_hmp_1.45_Li_HTN2658,12,0,29.166666666666668,,60.0,
PGL10_N832-05_hmp_5.21_Re_HTN2698,12,0,31.833333333333332,,65.0,
PGL10_N317-07_hmp_7.74_Li_HTN2745,12,0,38.0,,78.0,
PGL10_N813-02_hmp_1.50_Li_HTN2676,12,0,19.166666666666668,,32.0,
PGL10_N322-05_hmp_28.42_Li_HTN2596,12,0,49.166666666666664,,79.0,
PGL10_N348-17_hmp_31.10_Li_HTN2520,12,0,19.333333333333332,,60.0,
PGL10_N224-14_hmp_51.12_Re_HTN2514,24,0,35.416666666666664,,92.0,
PGL10_N320-08_hmp_19.17_Li_HTN2590,12,0,39.666666666666664,,82.0,
PGL10_N785-10_hmp_15.74_Li_HTN2649,12,0,22.0,,68.0,
PGL10_N319-03_hmp_7.51_Li_HTN2747,12,0,41.166666666666664,,84.0,
PGL10_N322-03_hmp_23.58_Re_HTN2598,12,0,45.166666666666664,,92.0,
PGL10_N301-12_hmp_23.61_Re_HTN2524,12,0,28.666666666666668,,60.0,
PGL10_N837-05_hmp_4.85_Re_HTN2738,12,0,27.0,,57.0,
PGL10_N330-02_hmp_3.48_Li_HTN2617,12,0,31.5,,65.0,
PGL10_N830-01_hmp_5.76_Li_HTN2744,12,0,27.666666666666668,,85.0,
PGL10_N336-01_hmp_7.05_Re_HTN2749,12,0,16.0,,50.0,
PGL10_N310-25_hmp_102.30_Re_HTN2552,12,0,38.166666666666664,,78.0,
PGL10_N831-07_hmp_10.51_Li_HTN2695,12,0,23.666666666666668,,73.0,
PGL10_N325-17_hmp_26.11_Li_HTN2609,24,0,22.833333333333332,,51.0,
PGL10_N338-07_hmp_11.39_Li_HTN2623,12,0,38.666666666666664,,82.0,
PGL10_N348-30_hmp_41.47_Re_HTN2637,12,0,23.666666666666668,,73.0,
PGL10_N795-01_hmp_5.10_Re_HTN2662,12,0,43.5,,92.0,
PGL10_N826-03_hmp_3.88_Li_HTN2688,12,0,24.0,,74.0,
PGL10_N310-26_hmp_104.19_Li_HTN2551,12,0,16.0,,33.0,
PGL10_N782-07_hmp_7.95_Re_HTN2740,12,0,19.333333333333332,,60.0,
PGL10_N819-01_hmp_4.89_Re_HTN2682,12,0,24.0,,74.0,
PGL10_N796-02_hmp_2.80_Re_HTN2663,12,0,24.333333333333332,,75.0,
PGL10_N322-01_hmp_15.35_Re_HTN2601,12,0,25.666666666666668,,79.0,
PGL10_N310-23_hmp_95.18_Li_HTN2550,12,0,27.666666666666668,,59.0,
PGL10_N786-08_hmp_8.47_Li_HTN2652,12,0,27.666666666666668,,85.0,
PGL10_N319-052_hmp_15.85_Li_HTN2582,12,0,37.166666666666664,,76.0,
PGL10_N846-02_hmp_10.51_Li_HTN2717,12,0,13.0,,41.0,
PGL10_N317-19_hmp_50.75_Re_HTN2576,12,0,35.166666666666664,,74.0,
PGL10_N842-04_hmp_5.10_Re_HTN2712,12,0,26.0,,80.0,
PGL10_N789-01_hmp_2.24_Li_HTN2657,12,0,-1.0,,-1.0,
PGL10_N309-09_hmp_38.71_Li_HTN2543,12,0,23.0,,41.0,
PGL10_N316-15_hmp_15.99_Li_HTN2574,12,0,25.0,,77.0,
PGL10_N781-01_hmp_2.76_Li_HTN2645,12,0,34.0,,71.0,
PGL10_N320-01_hmp_1.16_Re_HTN2589,24,0,50.916666666666664,,99.0,
PGL10_N348-16_hmp_30.52_Re_HTN2640,12,0,38.0,,85.0,
PGL10_N348-26_hmp_38.15_Li_HTN2757,12,0,39.333333333333336,,85.0,
PGL10_N303-04_hmp_11.94_Re_HTN2531,12,0,38.5,,65.0,
PGL10_N834-12_hmp_9.19_Li_HTN2702,12,0,25.0,,77.0,
PGL10_N312-01_hmp_3.06_Li_HTN2555,12,0,21.0,,65.0,
PGL10_N783-04_hmp_3.54_Li_HTN2647,12,0,37.0,,83.0,
PGL10_N315-23_hmp_40.20_Li_HTN2729,12,0,27.333333333333332,,58.0,
GEO0B_R_RWSTI261,24,0,54.25,,117.0,
GEO0B_R_RWSTI358763,24,0,26.25,,57.0,
GEO0B_R_RWSTI358766,24,0,28.5,,64.0,
GEO0B_R_RWSTI265,12,0,28.666666666666668,,86.0,
GEO0B_R_0_RWSTI363290,12,0,30.0,,90.0,
GEO0B_R_RWSTI263,24,0,36.083333333333336,,112.0,
GEO0B_R_RWSTI361816,24,0,63.5,,108.0,
GEO0B_R_RWSTI357557,12,0,22.333333333333332,,67.0,
GEO0B_R_RWSTI362904,24,0,50.916666666666664,,92.0,
GEO0B_R_RWSTI362909,24,0,45.916666666666664,,118.0,
GEO0B_R_RWSTI358762,12,0,22.0,,66.0,
GEO0B_R_RWSTI358411,12,0,29.5,,62.0,
GEO0B_R_RWSTI357320,36,0,11.555555555555555,,39.0,
GEO0B_R_RWSTI358533,36,0,24.0,,69.0,
GEO0B_R_RWSTI358413,12,0,22.833333333333332,,52.0,
GEO0B_R_RWSTI358897,12,0,0.0,,0.0,
GEO0B_R_RWSTI357681,24,0,51.0,,101.0,
GEO0B_R_RWSTI358657,12,0,32.333333333333336,,51.0,
GEO0B_R_RWSTI357680,24,0,65.33333333333333,,103.0,
GEO0B_R_RWSTI253,24,0,39.333333333333336,,127.0,
GEO0B_R_RWSTI358658,12,0,18.5,,38.0,
GEO0B_R_RWSTI358538,12,0,39.0,,78.0,
GEO0B_R_RWSTI251,24,0,17.666666666666668,,106.0,
GEO0B_R_RWSTI357329,12,0,39.0,,82.0,
GEO0B_R_RWSTI357328,12,0,22.333333333333332,,67.0,
GEO0B_R_RWSTI255,12,0,31.0,,72.0,
GEO0B_TIID_8134,12,0,37.5,,80.0,
GEO0B_R_RWSTI358530,24,0,44.166666666666664,,89.0,
GEO0B_R_RWSTI357322,36,0,28.88888888888889,,76.0,
GEO0B_R_RWSTI357319,24,0,16.0,,50.0,
GEO0B_R_RWSTI361832,24,0,53.0,,123.0,
GEO0B_R_RWSTI357573,24,0,37.666666666666664,,98.0,
GEO0B_R_RWSTI361831,24,0,49.166666666666664,,109.0,
GEO0B_R_RWSTI357694,12,0,23.0,,69.0,
GEO0B_R_RWSTI360746,24,0,17.5,,105.0,
GEO0B_R_RWSTI357691,24,0,32.583333333333336,,80.0,
GEO0B_R_RWSTI362803,24,0,64.0,,108.0,
GEO0B_R_RWSTI359516,12,0,0.0,,0.0,
GEO0B_R_RWSTI368,12,0,50.166666666666664,,80.0,
GEO0B_R_RWSTI366,36,0,56.166666666666664,,103.0,
GEO0B_R_RWSTI362927,24,0,36.833333333333336,,118.0,
GEO0B_R_RWSTI357698,12,0,24.0,,72.0,
GEO0B_R_RWSTI357697,12,0,36.166666666666664,,76.0,
GEO0B_R_RWSTI357333,36,0,19.38888888888889,,47.0,
GEO0B_R_RWSTI360731,24,0,48.833333333333336,,128.0,
GEO0B_R_RWSTI360852,12,0,22.5,,58.0,
GEO0B_R_RWSTI360853,12,0,12.333333333333334,,37.0,
GEO0B_R_RWSTI358679,12,0,21.0,,63.0,
GEO0B_R_RWSTI358439,12,0,37.666666666666664,,88.0,
GEO0B_R_RWSTI350,24,0,61.75,,130.0,
GEO0B_R_RWSTI357109,24,0,23.083333333333332,,59.0,
GEO0B_R_RWSTI361706,24,0,49.25,,106.0,
GEO0B_R_RWSTI361705,24,0,60.25,,111.0,
GEO0B_R_RWSTI358672,24,0,11.25,,26.0,
GEO0B_R_RWSTI362919,24,0,50.916666666666664,,108.0,
GEO0B_R_RWSTI358323,12,0,18.0,,54.0,
GEO0B_R_RWSTI357473,24,0,60.25,,114.0,
GEO0B_R_RWSTI358447,24,0,9.083333333333334,,25.0,
GEO0B_R_RWSTI340,24,0,46.0,,116.0,
GEO0B_R_RWSTI361735,36,0,51.05555555555556,,103.0,
GEO0B_R_RWSTI346,12,0,0.0,,0.0,
GEO0B_R_RWSTI587,24,0,46.25,,98.0,
GEO0B_R_RWSTI343,24,0,43.75,,118.0,
GEO0B_R_RWSTI585,24,0,55.25,,112.0,
GEO0B_R_RWSTI357479,24,0,13.583333333333334,,55.0,
GEO0B_R_RWSTI358440,12,0,35.0,,73.0,
GEO0B_R_RWSTI358441,24,0,20.0,,42.0,
GEO0B_R_RWSTI589,24,0,47.333333333333336,,88.0,
GEO0B_R_RWSTI358564,24,0,32.166666666666664,,100.0,
GEO0B_R_RWSTI358334,12,0,27.0,,81.0,
GEO0B_R_RWSTI358214,12,0,40.5,,83.0,
GEO0B_R_RWSTI358579,24,0,20.5,,79.0,
GEO0B_R_RWSTI360878,24,0,37.166666666666664,,123.0,
GEO0B_R_RWSTI360879,24,0,42.833333333333336,,140.0,
GEO0B_R_RWSTI357480,12,0,0.0,,0.0,
GEO0B_R_RWSTI361848,24,0,43.916666666666664,,112.0,
GEO0B_R_RWSTI358450,12,0,0.0,,0.0,
GEO0B_R_1_RWSTI363388,12,0,47.666666666666664,,110.0,
GEO0B_TIID_8296,24,0,23.083333333333332,,96.0,
GEO0B_R_RWSTI338,24,0,29.416666666666668,,127.0,
GEO0B_R_RWSTI337,12,0,21.0,,47.0,
GEO0B_R_RWSTI358453,12,0,41.0,,84.0,
GEO0B_R_RWSTI336,12,0,30.333333333333332,,91.0,
GEO0B_R_RWSTI358454,12,0,0.0,,0.0,
GEO0B_R_RWSTI360880,24,0,23.833333333333332,,101.0,
GEO0B_R_RWSTI357012,24,0,9.25,,19.0,
GEO0B_R_RWSTI362964,24,0,52.25,,107.0,
GEO0B_R_RWSTI357011,24,0,15.833333333333334,,38.0,
GEO0B_R_RWSTI357251,12,0,0.0,,0.0,
GEO0B_R_RWSTI358349,24,0,33.833333333333336,,72.0,
GEO0B_TIID_8389,12,0,40.333333333333336,,82.0,
GEO0B_R_RWSTI328,24,0,44.333333333333336,,120.0,
GEO0B_R_RWSTI358598,12,0,16.666666666666668,,50.0,
GEO0B_R_RWSTI358599,12,0,26.0,,52.0,
GEO0B_R_RWSTI361985,24,0,56.833333333333336,,106.0,
GEO0B_R_RWSTI359205,12,0,50.0,,77.0,
GEO0B_R_RWSTI358479,12,0,0.0,,0.0,
GEO0B_R_RWSTI359207,12,0,41.833333333333336,,84.0,
GEO0B_R_RWSTI362836,12,0,56.333333333333336,,87.0,
GEO0B_R_RWSTI362835,12,0,50.5,,101.0,
GEO0B_R_RWSTI312,12,0,24.333333333333332,,73.0,
GEO0B_R_1_RWSTI363046,24,0,54.083333333333336,,114.0,
GEO0B_R_RWSTI357028,12,0,21.333333333333332,,64.0,
GEO0B_R_RWSTI358352,12,0,40.833333333333336,,92.0,
GEO0B_R_RWSTI359200,36,0,13.277777777777779,,43.0,
GEO0B_R_RWSTI358474,12,0,0.0,,0.0,
GEO0B_R_RWSTI358475,12,0,38.666666666666664,,78.0,
GEO0B_R_RWSTI357035,12,0,26.666666666666668,,55.0,
GEO0B_R_RWSTI358127,12,0,26.333333333333332,,79.0,
GEO0B_R_RWSTI358128,36,0,0.0,,0.0,
GEO0B_R_RWSTI358007,12,0,11.0,,22.0,
GEO0B_R_RWSTI358008,12,0,34.666666666666664,,74.0,
GEO0B_R_RWSTI358009,12,0,47.166666666666664,,98.0,
GEO0B_R_RWSTI357391,24,0,13.75,,41.0,
GEO0B_R_RWSTI302,12,0,34.0,,102.0,
GEO0B_R_RWSTI301,24,0,52.083333333333336,,117.0,
GEO0B_R_RWSTI300,24,0,58.916666666666664,,123.0,
GEO0B_R_RWSTI783,24,0,34.75,,73.0,
GEO0B_R_RWSTI358120,12,0,6.166666666666667,,11.0,
GEO0B_R_RWSTI358121,12,0,31.5,,70.0,
GEO0B_R_RWSTI304,12,0,33.0,,99.0,
GEO0B_R_RWSTI303,12,0,51.666666666666664,,80.0,
GEO0B_R_RWSTI357390,24,0,18.833333333333332,,43.0,
GEO0B_R_RWSTI357166,24,0,28.583333333333332,,77.0,
GEO0B_R_RWSTI358379,24,0,49.166666666666664,,109.0,
GEO0B_R_RWSTI362854,24,0,55.666666666666664,,102.0,
GEO0B_R_RWSTI362974,24,0,18.333333333333332,,38.0,
GEO0B_R_RWSTI0254,12,0,45.5,,94.0,
GEO0B_R_RWSTI650,24,0,39.416666666666664,,107.0,
GEO0B_R_RWSTI358250,12,0,22.333333333333332,,67.0,
GEO0B_R_RWSTI359582,24,0,52.0,,116.0,
GEO0B_R_RWSTI361409,24,0,49.25,,107.0,
GEO0B_R_RWSTI_363049,24,0,34.333333333333336,,93.0,
GEO0B_R_RWSTI358010,12,0,0.0,,0.0,
GEO0B_R_RWSTI358252,12,0,19.166666666666668,,41.0,
GEO0B_R_RWSTI357048,12,0,0.0,,0.0,
GEO0B_R_RWSTI358256,12,0,31.0,,64.0,
GEO0B_R_1_RWSTI358764,12,0,32.0,,64.0,
GEO0B_R_RWSTI648,24,0,48.0,,108.0,
GEO0B_R_0_RWSTI361603,12,0,49.666666666666664,,77.0,
GEO0B_R_RWS_306,48,0,49.333333333333336,,115.0,
GEO0B_R_RWSTI361410,24,0,51.583333333333336,,112.0,
GEO0B_R_RWSTI357057,12,0,13.0,,24.0,
GEO0B_R_RWS_307,48,0,0.0,,0.0,
GEO0B_R_RWSTI360109,12,0,16.333333333333332,,49.0,
GEO0B_R_RWSTI357292,12,0,40.0,,80.0,
GEO0B_Z_RWSTIN285,24,0,23.5,,51.0,
GEO0B_Z_RWSTIN284,24,0,9.083333333333334,,31.0,
GEO0B_R_RWSTI641,24,0,56.5,,124.0,
GEO0B_Z_RWSTIN282,24,0,15.333333333333334,,42.0,
GEO0B_R_RWSTI358145,12,0,42.833333333333336,,65.0,
GEO0B_Z_RWSTIN286,24,0,22.916666666666668,,50.0,
GEO0B_R_RWSTI638,24,0,59.0,,111.0,
GEO0B_R_RWS_310,36,0,0.0,,0.0,
GEO0B_R_RWS_311,36,0,0.0,,0.0,
GEO0B_R_RWSTI361304,12,0,26.0,,78.0,
GEO0B_R_RWSTI361303,12,0,28.333333333333332,,85.0,
GEO0B_R_RWSTI362875,24,0,60.833333333333336,,117.0,
GEO0B_R_RWSTI359249,12,0,39.333333333333336,,83.0,
GEO0B_R_RWSTI362996,24,0,58.0,,114.0,
GEO0B_R_RWSTI363601,12,0,54.833333333333336,,89.0,
GEO0B_R_RWSTI361549,24,0,0.0,,0.0,
GEO0B_R_RWSTI357063,24,0,12.5,,75.0,
GEO0B_R_RWSTI357062,36,0,40.77777777777778,,89.0,
GEO0B_R_RWSTI361548,24,0,0.0,,0.0,
GEO0B_R_RWSTI361305,12,0,30.666666666666668,,92.0,
GEO0B_R_RWSTI363603,12,0,22.0,,66.0,
GEO0B_R_RWSTI358271,12,0,37.0,,66.0,
GEO0B_R_RWSTI358392,12,0,24.666666666666668,,74.0,
GEO0B_R_RWSTI358393,12,0,27.333333333333332,,82.0,
GEO0B_R_RWSTI631,36,0,54.666666666666664,,114.0,
GEO0B_R_RWSTI358152,12,0,20.666666666666668,,38.0,
GEO0B_R_RWSTI359242,12,0,38.5,,91.0,
GEO0B_R_RWSTI358153,12,0,37.5,,76.0,
GEO0B_R_RWSTI359244,12,0,21.666666666666668,,65.0,
GEO0B_R_RWSTI634,24,0,60.5,,121.0,
GEO0B_R_1_RWSTI358742,12,0,5.0,,15.0,
GEO0B_R_1_RWSTI362955,24,0,0.0,,0.0,
GEO0B_R_0_RWSTI362955,12,0,23.333333333333332,,70.0,
GEO0B_R_RWSTI361674,24,0,46.25,,124.0,
GEO0B_R_RWSTI362547,24,0,54.166666666666664,,100.0,
GEO0B_R_RWSTI361337,36,0,39.05555555555556,,95.0,
GEO0B_R_RWSTI359379,12,0,26.333333333333332,,79.0,
GEO0B_R_RWSTI361336,12,0,22.333333333333332,,67.0,
GEO0B_R_RWSTI363639,24,0,54.666666666666664,,111.0,
GEO0B_R_RWSTI357197,12,0,22.333333333333332,,46.0,
GEO0B_R_RWSTI361455,24,0,50.833333333333336,,113.0,
GEO0B_R_RWSTI363512,12,0,47.333333333333336,,96.0,
GEO0B_R_RWSTI357196,12,0,21.0,,63.0,
GEO0B_R_RWSTI357194,12,0,33.833333333333336,,55.0,
GEO0B_R_RWSTI357193,24,0,24.083333333333332,,54.0,
GEO0B_R_RWSTI362548,12,0,44.333333333333336,,73.0,
GEO0B_R_RWSTI358161,12,0,0.0,,0.0,
GEO0B_R_RWSTI358283,12,0,35.0,,71.0,
GEO0B_R_RWSTI359252,12,0,29.666666666666668,,64.0,
GEO0B_R_RWSTI358284,12,0,29.666666666666668,,89.0,
GEO0B_TIID_915,24,0,58.916666666666664,,112.0,
GEO0B_R_RWSTI359254,12,0,21.666666666666668,,65.0,
GEO0B_R_RWSTI359255,12,0,0.0,,0.0,
GEO0B_R_RWSTI359135,24,0,30.583333333333332,,66.0,
GEO0B_R_0_RWSTI360660,12,0,0.0,,0.0,
GEO0B_R_RWSTI359136,24,0,19.833333333333332,,54.0,
GEO0B_R_RWSTI359378,12,0,41.5,,85.0,
GEO0B_R_RWSTI358160,12,0,0.0,,0.0,
GEO0B_R_RWSTI363400,24,0,50.333333333333336,,114.0,
GEO0B_R_RWSTI363401,24,0,42.833333333333336,,112.0,
GEO0B_R_RWSTI361325,12,0,25.0,,75.0,
GEO0B_R_RWSTI363506,12,0,44.833333333333336,,91.0,
GEO0B_R_RWSTI363627,12,0,50.666666666666664,,86.0,
GEO0B_R_RWSTI362534,12,0,25.0,,75.0,
GEO0B_R_RWSTI361324,12,0,24.666666666666668,,74.0,
GEO0B_R_RWSTI363628,24,0,51.583333333333336,,112.0,
GEO0B_R_RWSTI357088,24,0,23.833333333333332,,84.0,
GEO0B_R_RWSTI363507,24,0,14.166666666666666,,85.0,
GEO0B_R_RWSTI361323,12,0,0.0,,0.0,
GEO0B_R_RWSTI363508,24,0,23.333333333333332,,81.0,
GEO0B_R_RWSTI361329,12,0,25.666666666666668,,77.0,
GEO0B_R_RWSTI363503,12,0,29.666666666666668,,89.0,
GEO0B_R_RWSTI362416,24,0,63.0,,126.0,
GEO0B_R_RWSTI610,24,0,5.833333333333333,,17.0,
GEO0B_R_RWSTI358293,12,0,26.666666666666668,,80.0,
GEO0B_R_RWSTI358294,12,0,0.0,,0.0,
GEO0B_R_RWSTI359142,12,0,22.0,,66.0,
GEO0B_R_RWSTI358295,12,0,18.333333333333332,,55.0,
GEO0B_R_RWSTI359145,12,0,21.666666666666668,,65.0,
GEO0B_R_RWSTI358290,12,0,10.666666666666666,,32.0,
GEO0B_R_RWSTI358291,12,0,11.666666666666666,,35.0,
GEO0B_R_RWSTI359380,12,0,34.833333333333336,,71.0,
GEO0B_R_RWSTI358292,12,0,19.0,,57.0,
GEO0B_R_RWSTI361450,24,0,24.5,,105.0,
GEO0B_R_RWSTI363510,12,0,46.0,,92.0,
GEO0B_R_RWSTI363511,12,0,30.666666666666668,,92.0,
GEO0B_R_RWSTI362543,36,0,49.55555555555556,,102.0,
GEO0B_R_RWSTI362327,24,0,53.25,,118.0,
GEO0B_Z_RWSTIN127,24,0,30.75,,66.0,
GEO0B_R_RWSTI362568,24,0,50.583333333333336,,108.0,
GEO0B_Z_RWSTIN126,24,0,23.333333333333332,,74.0,
GEO0B_R_RWSTI362204,36,0,15.555555555555555,,97.0,
GEO0B_Z_RWSTIN125,24,0,24.166666666666668,,76.0,
GEO0B_R_RWSTI363413,24,0,55.166666666666664,,124.0,
GEO0B_R_RWSTI359151,12,0,19.666666666666668,,59.0,
GEO0B_R_RWSTI358065,24,0,20.5,,82.0,
GEO0B_R_RWSTI359033,24,0,39.833333333333336,,98.0,
GEO0B_R_RWSTI358066,12,0,37.5,,76.0,
GEO0B_R_RWSTI601,24,0,41.083333333333336,,107.0,
GEO0B_R_0_RWSTI361537,12,0,25.666666666666668,,77.0,
GEO0B_R_RWSTI359150,12,0,20.666666666666668,,62.0,
GEO0B_R_RWSTI363663,24,0,59.166666666666664,,113.0,
GEO0B_R_RWSTI361360,24,0,0.0,,0.0,
GEO0B_R_RWSTI363422,24,0,41.5,,110.0,
GEO0B_R_RWSTI363302,24,0,51.833333333333336,,122.0,
GEO0B_R_RWSTI361243,24,0,56.75,,120.0,
GEO0B_R_RWSTI361348,24,0,45.166666666666664,,98.0,
GEO0B_R_RWSTI361104,12,0,53.166666666666664,,83.0,
GEO0B_R_RWSTI363645,24,0,67.75,,127.0,
GEO0B_Z_RWSTIN119,24,0,17.583333333333332,,51.0,
GEO0B_R_RWSTI361349,12,0,21.0,,63.0,
GEO0B_R_RWSTI359041,12,0,29.0,,87.0,
GEO0B_TIID_8437,12,0,52.0,,78.0,
GEO0B_R_RWSTI363652,24,0,61.5,,121.0,
GEO0B_R_RWSTI361350,24,0,37.333333333333336,,94.0,
GEO0B_R_RWSTI361474,24,0,0.0,,0.0,
GEO0B_R_RWSTI362320,24,0,53.916666666666664,,123.0,
GEO0B_R_RWSTI363439,12,0,23.666666666666668,,71.0,
GEO0B_R_RWSTI4104,12,0,0.0,,0.0,
GEO0B_R_RWSTI363319,12,0,18.0,,54.0,
GEO0B_R_RWSTI360168,24,0,7.833333333333333,,47.0,
GEO0B_R_RWSTI4108,24,0,14.166666666666666,,85.0,
GEO0B_R_RWSTI4226,12,0,9.5,,22.0,
GEO0B_R_RWSTI4106,12,0,24.333333333333332,,73.0,
GEO0B_R_RWSTI4348,48,0,29.791666666666668,,81.0,
GEO0B_R_RWSTI363559,24,0,0.0,,0.0,
GEO0B_R_RWSTI4341,24,0,29.166666666666668,,69.0,
GEO0B_R_RWSTI358089,12,0,34.833333333333336,,70.0,
GEO0B_R_0_RWSTI362883,12,0,30.333333333333332,,91.0,
GEO0B_R_1_RWSTI362883,24,0,57.583333333333336,,111.0,
GEO0B_R_RWSTI363201,12,0,26.333333333333332,,79.0,
GEO0B_R_RWSTI363323,24,0,57.833333333333336,,114.0,
GEO0B_R_RWSTI362470,24,0,50.916666666666664,,110.0,
GEO0B_R_RWSTI363445,12,0,25.0,,75.0,
GEO0B_R_RWSTI361387,24,0,41.666666666666664,,107.0,
GEO0B_R_RWSTI363440,12,0,41.333333333333336,,84.0,
GEO0B_R_RWSTI363320,24,0,43.25,,112.0,
GEO0B_R_RWSTI363441,12,0,22.0,,66.0,
GEO0B_TIID_664,24,0,53.583333333333336,,102.0,
GEO0B_R_RWSTI363304,24,0,64.58333333333333,,128.0,
GEO0B_R_RWSTI363305,24,0,51.5,,120.0,
GEO0B_R_RWSTI363306,12,0,14.0,,42.0,
GEO0B_R_RWSTI358095,24,0,0.0,,0.0,
GEO0B_R_1_RWSTI362890,24,0,0.0,,0.0,
GEO0B_R_0_RWSTI362890,12,0,0.0,,0.0,
GEO0B_R_RWSTI358090,24,0,35.5,,115.0,
GEO0B_R_1_RWSTI359335,36,0,48.0,,121.0,
GEO0B_R_RWSTI358092,36,0,48.5,,112.0,
GEO0B_R_RWSTI358093,12,0,0.0,,0.0,
GEO0B_R_RWSTI358094,24,0,42.583333333333336,,93.0,
GEO0B_R_RWSTI361010,24,0,18.166666666666668,,109.0,
GEO0B_R_0_RWSTI363509,12,0,14.333333333333334,,43.0,
GEO0B_R_1_RWSTI363509,12,0,34.333333333333336,,76.0,
GEO0B_R_0_RWSTI359335,24,0,49.333333333333336,,102.0,
GEO0B_Z_RWSTIN205,24,0,42.5,,106.0,
GEO0B_TIID_897,24,0,44.0,,113.0,
GEO0B_Z_RWSTIN203,24,0,42.75,,113.0,
GEO0B_Z_RWSTIN202,24,0,41.583333333333336,,93.0,
GEO0B_R_RWSTI3113,12,0,24.666666666666668,,74.0,
GEO0B_Z_RWSTIN209,24,0,50.0,,114.0,
GEO0B_Z_RWSTIN208,24,0,64.0,,107.0,
GEO0B_Z_RWSTIN207,24,0,34.5,,105.0,
GEO0B_R_RWSTI363338,24,0,22.0,,58.0,
GEO0B_R_RWSTI363339,12,0,30.666666666666668,,62.0,
GEO0B_R_RWSTI356922,12,0,25.0,,75.0,
GEO0B_R_RWSTI356921,12,0,35.666666666666664,,74.0,
GEO0B_R_RWSTI359199,24,0,15.0,,47.0,
GEO0B_Z_RWSTIN201,24,0,47.666666666666664,,102.0,
GEO0B_Z_RWSTIN200,24,0,35.083333333333336,,72.0,
GEO0B_R_0_RWSTI362544,12,0,27.833333333333332,,61.0,
GEO0B_R_RWSTI356917,12,0,25.333333333333332,,76.0,
GEO0B_R_RWSTI361280,12,0,38.666666666666664,,81.0,
GEO0B_R_1_RWSTI362544,24,0,53.75,,107.0,
GEO0B_R_RWSTI363343,12,0,0.0,,0.0,
GEO0B_R_RWSTI360075,12,0,20.0,,40.0,
GEO0B_R_RWSTI361284,12,0,29.0,,87.0,
GEO0B_R_RWSTI362373,12,0,50.166666666666664,,89.0,
GEO0B_R_RWSTI361162,12,0,31.0,,93.0,
GEO0B_R_RWSTI360193,12,0,21.833333333333332,,44.0,
GEO0B_R_RWSTI361047,24,0,44.5,,142.0,
GEO0B_R_RWSTI361046,24,0,43.0,,110.0,
GEO0B_R_RWSTI363340,12,0,25.333333333333332,,51.0,
GEO0B_R_RWSTI363341,12,0,13.666666666666666,,41.0,
GEO0B_R_RWSTI363342,12,0,0.0,,0.0,
GEO0B_R_RWSTI363329,12,0,35.0,,105.0,
GEO0B_R_RWSTI362238,24,0,53.583333333333336,,118.0,
GEO0B_R_RWSTI4310,24,0,0.0,,0.0,
GEO0B_R_RWSTI363326,24,0,0.0,,0.0,
GEO0B_R_0_RWSTI350,12,0,0.0,,0.0,
GEO0B_R_1_RWSTI359557,24,0,43.25,,115.0,
GEO0B_R_RWSTI363333,36,0,51.388888888888886,,110.0,
GEO0B_R_RWSTI363455,24,0,53.583333333333336,,118.0,
GEO0B_R_RWSTI360188,24,0,0.0,,0.0,
GEO0B_R_RWSTI360189,12,0,15.666666666666666,,47.0,
GEO0B_R_0_RWSTI359557,12,0,0.0,,0.0,
GEO0B_R_RWSTI363451,24,0,0.0,,0.0,
GEO0B_R_RWSTI360187,12,0,21.5,,45.0,
GEO0B_TIID_872,24,0,48.666666666666664,,105.0,
GEO0B_R_RWSTI4145,24,0,39.333333333333336,,97.0,
GEO0B_R_RWSTI363358,12,0,51.166666666666664,,103.0,
GEO0B_R_RWSTI357910,12,0,30.666666666666668,,92.0,
GEO0B_R_RWSTI357911,12,0,29.0,,87.0,
GEO0B_R_RWSTI363118,24,0,51.416666666666664,,111.0,
GEO0B_R_RWSTI357912,12,0,45.5,,92.0,
GEO0B_R_RWSTI363119,24,0,43.833333333333336,,117.0,
GEO0B_R_1_RWSTI360660,24,0,57.0,,132.0,
GEO0B_TIID_1094,24,0,53.75,,123.0,
GEO0B_R_RWSTI363480,24,0,43.416666666666664,,95.0,
GEO0B_R_RWSTI363360,24,0,0.0,,0.0,
GEO0B_R_RWSTI363365,24,0,48.166666666666664,,105.0,
GEO0B_R_RWSTI363366,24,0,54.75,,118.0,
GEO0B_R_RWSTI363367,24,0,50.25,,111.0,
GEO0B_R_RWSTI363368,24,0,36.833333333333336,,113.0,
GEO0B_R_RWSTI361189,12,0,0.0,,0.0,
GEO0B_TIID_882,12,0,15.666666666666666,,47.0,
GEO0B_R_RWSTI362156,12,0,26.5,,57.0,
GEO0B_R_RWSTI363364,24,0,0.0,,0.0,
GEO0B_R_RWSTI362155,12,0,21.0,,63.0,
GEO0B_R_RWSTI4257,12,0,29.0,,87.0,
GEO0B_TIID_745,24,0,49.833333333333336,,113.0,
GEO0B_R_RWSTI363469,24,0,2.5833333333333335,,12.0,
GEO0B_R_RWSTI363348,12,0,27.666666666666668,,83.0,
GEO0B_R_RWSTI363349,24,0,14.166666666666666,,85.0,
GEO0B_R_RWSTI4259,12,0,41.166666666666664,,83.0,
GEO0B_R_RWSTI4018,12,0,38.666666666666664,,65.0,
GEO0B_TIID_625,24,0,45.25,,98.0,
GEO0B_R_1_RWSTI_357551,24,0,33.333333333333336,,104.0,
GEO0B_R_0_RWSTI361244,12,0,0.0,,0.0,
GEO0B_R_0_RWSTI363424,12,0,57.333333333333336,,91.0,
GEO0B_R_1_RWSTI362973,24,0,57.75,,111.0,
GEO0B_R_RWSTI363476,12,0,0.0,,0.0,
GEO0B_R_0_RWSTI_357551,12,0,23.0,,69.0,
GEO0B_R_RWSTI363478,12,0,19.333333333333332,,58.0,
GEO0B_R_RWSTI363115,24,0,41.583333333333336,,108.0,
GEO0B_R_RWSTI363471,24,0,51.25,,128.0,
GEO0B_R_RWSTI363474,24,0,47.666666666666664,,117.0,
GEO0B_TIID_613,24,0,60.5,,108.0,
GEO0B_TIID_855,12,0,25.333333333333332,,51.0,
GEO0B_TIID_857,12,0,34.166666666666664,,73.0,
GEO0B_R_RWSTI363019,12,0,22.0,,66.0,
GEO0B_R_1_RWSTI358278,24,0,44.5,,122.0,
GEO0B_R_RWSTI361083,12,0,20.333333333333332,,61.0,
GEO0B_R_1_RWSTI361537,24,0,66.33333333333333,,111.0,
GEO0B_R_RWSTI361082,12,0,25.0,,75.0,
GEO0B_R_RWSTI361081,12,0,32.666666666666664,,98.0,
GEO0B_R_RWSTI361080,12,0,26.666666666666668,,80.0,
GEO0B_R_RWSTI363387,12,0,32.666666666666664,,98.0,
GEO0B_R_RWSTI362297,24,0,70.25,,123.0,
GEO0B_R_RWSTI363266,24,0,24.666666666666668,,95.0,
GEO0B_R_RWSTI363269,24,0,38.666666666666664,,125.0,
GEO0B_R_RWSTI361089,12,0,43.5,,89.0,
GEO0B_R_RWSTI361088,12,0,25.666666666666668,,77.0,
GEO0B_R_RWSTI362298,24,0,37.333333333333336,,118.0,
GEO0B_R_RWSTI363265,24,0,26.083333333333332,,79.0,
GEO0B_R_RWSTI4235,12,0,42.333333333333336,,86.0,
GEO0B_R_RWSTI4236,12,0,30.666666666666668,,92.0,
GEO0B_R_RWSTI4233,12,0,41.0,,83.0,
GEO0B_R_RWSTI4234,12,0,53.833333333333336,,86.0,
GEO0B_R_RWSTI4237,12,0,39.333333333333336,,80.0,
GEO0B_R_RWSTI363129,24,0,43.25,,115.0,
GEO0B_R_RWSTI4479,24,0,22.583333333333332,,94.0,
GEO0B_TIID_848,24,0,58.916666666666664,,110.0,
GEO0B_R_RWSTI4231,12,0,28.666666666666668,,86.0,
GEO0B_R_RWSTI4110,12,0,36.166666666666664,,74.0,
GEO0B_R_RWSTI4232,12,0,41.833333333333336,,85.0,
GEO0B_R_RWSTI4111,36,0,37.833333333333336,,108.0,
GEO0B_R_RWSTI363376,24,0,48.916666666666664,,113.0,
GEO0B_R_RWSTI357816,12,0,45.333333333333336,,93.0,
GEO0B_R_RWSTI363372,24,0,41.25,,109.0,
GEO0B_R_RWSTI363010,24,0,0.0,,0.0,
GEO0B_R_RWSTI363375,24,0,49.916666666666664,,111.0,
GEO0B_R_RWSTI363496,12,0,61.0,,97.0,
GEO0B_R_RWSTI4187,12,0,13.666666666666666,,41.0,
GEO0B_R_RWSTI363283,12,0,27.666666666666668,,83.0,
GEO0B_R_RWSTI363288,24,0,53.916666666666664,,128.0,
GEO0B_R_RWSTI363289,24,0,54.166666666666664,,120.0,
GEO0B_R_RWSTI363048,48,0,42.791666666666664,,100.0,
GEO0B_R_RWSTI363284,12,0,0.0,,0.0,
GEO0B_R_0_RWSTI358529,12,0,0.0,,0.0,
GEO0B_R_RWSTI357601,24,0,0.0,,0.0,
GEO0B_R_0_RWSTI362372,12,0,25.666666666666668,,77.0,
GEO0B_R_RWSTI357600,12,0,54.333333333333336,,86.0,
GEO0B_R_1_RWSTI362372,24,0,54.083333333333336,,114.0,
GEO0B_R_RWSTI361090,12,0,26.666666666666668,,56.0,
GEO0B_R_0_RWSTI363468,12,0,0.0,,0.0,
GEO0B_R_RWSTI363270,24,0,52.0,,117.0,
GEO0B_R_RWSTI363392,24,0,44.833333333333336,,122.0,
GEO0B_R_RWSTI363271,12,0,34.333333333333336,,103.0,
GEO0B_R_RWSTI363393,24,0,67.58333333333333,,127.0,
GEO0B_R_RWSTI363272,24,0,15.5,,93.0,
GEO0B_R_RWSTI363399,24,0,43.25,,113.0,
GEO0B_R_RWSTI363278,24,0,22.166666666666668,,83.0,
GEO0B_R_RWSTI363279,12,0,42.833333333333336,,89.0,
GEO0B_R_RWSTI363273,24,0,20.583333333333332,,85.0,
GEO0B_R_RWSTI363274,12,0,35.666666666666664,,107.0,
GEO0B_R_0_RWSTI357552,12,0,37.333333333333336,,79.0,
GEO0B_R_RWSTI363396,24,0,53.166666666666664,,117.0,
GEO0B_R_RWSTI359912,12,0,42.0,,86.0,
GEO0B_R_RWSTI358824,12,0,23.0,,69.0,
GEO0B_R_0_RWSTI363350,12,0,25.666666666666668,,53.0,
GEO0B_R_RWSTI357732,24,0,46.833333333333336,,103.0,
GEO0B_R_RWSTI357731,24,0,32.0,,69.0,
GEO0B_R_RWSTI357610,24,0,21.583333333333332,,56.0,
GEO0B_R_RWSTI363060,36,0,49.611111111111114,,97.0,
GEO0B_R_RWSTI363183,12,0,0.0,,0.0,
GEO0B_R_RWSTI363184,12,0,21.666666666666668,,44.0,
GEO0B_R_RWSTI357606,24,0,18.833333333333332,,36.0,
GEO0B_R_1_RWSTI363479,24,0,45.666666666666664,,130.0,
GEO0B_R_RWSTI363065,24,0,44.583333333333336,,112.0,
GEO0B_R_RWSTI363066,24,0,51.25,,147.0,
GEO0B_R_RWSTI363067,12,0,46.0,,93.0,
GEO0B_R_RWSTI358831,12,0,78.0,,98.0,
GEO0B_R_RWSTI358957,12,0,11.666666666666666,,35.0,
GEO0B_R_RWSTI357626,12,0,42.333333333333336,,85.0,
GEO0B_R_RWSTI363291,24,0,18.25,,74.0,
GEO0B_R_0_RWSTI363369,12,0,31.666666666666668,,95.0,
GEO0B_R_RWSTI358705,12,0,17.666666666666668,,53.0,
GEO0B_R_RWSTI358827,12,0,0.0,,0.0,
GEO0B_R_RWSTI358828,12,0,0.0,,0.0,
GEO0B_R_RWSTI363174,24,0,51.75,,110.0,
GEO0B_R_0_RWSTI358742,12,0,25.0,,75.0,
GEO0B_R_RWSTI363175,24,0,79.33333333333333,,123.0,
GEO0B_R_RWSTI363296,24,0,14.0,,84.0,
GEO0B_R_RWSTI363297,12,0,29.333333333333332,,88.0,
GEO0B_R_RWSTI363298,24,0,14.0,,84.0,
GEO0B_R_RWSTI358968,24,0,21.833333333333332,,61.0,
GEO0B_R_RWSTI357513,12,0,23.333333333333332,,70.0,
GEO0B_R_RWSTI358960,12,0,18.666666666666668,,56.0,
GEO0B_TIID_1011,24,0,65.58333333333333,,134.0,
GEO0B_TIID_1010,24,0,50.5,,111.0,
GEO0B_TIID_1258,24,0,39.5,,127.0,
GEO0B_TIID_1014,24,0,73.75,,111.0,
GEO0B_R_RWSTI357628,24,0,31.833333333333332,,96.0,
GEO0B_TIID_1255,24,0,65.58333333333333,,114.0,
GEO0B_R_RWSTI358958,12,0,23.333333333333332,,70.0,
GEO0B_R_RWSTI358610,24,0,0.0,,0.0,
GEO0B_R_RWSTI360912,12,0,21.333333333333332,,45.0,
GEO0B_R_0_RWSTI362171,12,0,0.0,,0.0,
GEO0B_R_RWSTI360913,12,0,14.0,,42.0,
GEO0B_R_0_RWSTI363386,12,0,28.666666666666668,,86.0,
GEO0B_R_0_RWSTI363389,12,0,0.0,,0.0,
GEO0B_R_0_RWSTI363388,12,0,47.0,,99.0,
GEO0B_R_RWSTI363194,12,0,27.333333333333332,,82.0,
GEO0B_TIID_1269,24,0,47.25,,128.0,
GEO0B_R_1_RWSTI363424,24,0,0.0,,0.0,
GEO0B_R_RWSTI358620,12,0,38.666666666666664,,81.0,
GEO0B_R_RWSTI357895,12,0,24.0,,72.0,
GEO0B_R_RWSTI358621,12,0,14.333333333333334,,43.0,
GEO0B_R_RWSTI358623,12,0,24.0,,72.0,
GEO0B_R_RWSTI359835,12,0,15.0,,45.0,
GEO0B_R_RWSTI360945,24,0,40.0,,101.0,
GEO0B_R_RWSTI43,12,0,0.0,,0.0,
GEO0B_R_RWSTI359836,12,0,23.5,,56.0,
GEO0B_R_RWSTI359837,12,0,17.0,,51.0,
GEO0B_R_RWSTI359958,12,0,35.333333333333336,,75.0,
GEO0B_R_RWSTI358869,12,0,39.833333333333336,,71.0,
GEO0B_R_RWSTI357659,24,0,34.75,,76.0,
GEO0B_R_RWSTI357658,12,0,38.0,,78.0,
GEO0B_R_RWSTI358860,12,0,18.0,,54.0,
GEO0B_R_RWSTI358752,24,0,21.666666666666668,,62.0,
GEO0B_R_RWSTI357783,24,0,34.0,,86.0,
GEO0B_R_RWSTI358753,12,0,34.5,,70.0,
GEO0B_R_RWSTI357660,12,0,21.666666666666668,,44.0,
GEO0B_R_RWSTI358754,12,0,7.666666666666667,,23.0,
GEO0B_R_RWSTI358757,24,0,18.5,,59.0,
GEO0B_R_RWSTI358516,12,0,39.5,,80.0,
GEO0B_R_RWSTI357307,24,0,20.75,,54.0,
GEO0B_R_RWSTI357667,12,0,0.0,,0.0,
GEO0B_R_RWSTI357788,12,0,31.666666666666668,,95.0,
GEO0B_R_RWSTI357304,36,0,15.055555555555555,,41.0,
GEO0B_R_RWSTI4198,24,0,37.5,,122.0,
GEO0B_R_0_RWSTI363046,12,0,23.333333333333332,,70.0,
GEO0B_R_RWSTI358750,12,0,21.333333333333332,,64.0,
GEO0B_R_RWSTI357785,12,0,24.333333333333332,,73.0,
GEO0B_R_RWSTI356574,24,0,34.0,,74.0,
GEO0B_R_RWSTI357300,24,0,0.0,,0.0,
GEO0B_R_RWSTI358751,24,0,0.0,,0.0,
GEO0B_R_0_RWSTI363049,12,0,18.0,,54.0,
GEO0B_R_RWSTI4191,24,0,12.583333333333334,,29.0,
GEO0B_R_RWSTI359838,12,0,18.0,,54.0,
GEO0C_Z_RWSTI476,24,0,61.5,,101.0,
GEO0C_Z_RWSTI361908,24,0,64.66666666666667,,113.0,
GEO0C_Z_RWSTI478,24,0,64.58333333333333,,102.0,
GEO0C_Z_RWSTI361907,24,0,69.41666666666667,,106.0,
GEO0C_Z_RWSTI1124,24,0,59.416666666666664,,108.0,
GEO0C_Z_RWSTI358858,12,0,14.333333333333334,,43.0,
GEO0C_Z_RWSTI44,36,0,30.0,,115.0,
GEO0C_Z_RWSTI1244,24,0,36.666666666666664,,116.0,
GEO0C_Z_RWSTI360816,12,0,0.0,,0.0,
GEO0C_Z_RWSTI42,24,0,47.75,,109.0,
GEO0C_Z_RWSTI1126,24,0,52.166666666666664,,112.0,
GEO0C_Z_RWSTI1246,24,0,61.75,,115.0,
GEO0C_Z_RWSTI358854,12,0,22.666666666666668,,47.0,
GEO0C_Z_RWSTI358733,12,0,29.666666666666668,,89.0,
GEO0C_Z_RWSTI358976,12,0,41.833333333333336,,90.0,
GEO0C_Z_RWSTI357400,12,0,24.0,,50.0,
GEO0C_Z_RWSTI356794,12,0,0.0,,0.0,
GEO0C_Z_RWSTI356793,12,0,0.0,,0.0,
GEO0C_Z_RWSTI356678,12,0,20.333333333333332,,61.0,
GEO0C_Z_RWSTI358852,12,0,48.666666666666664,,77.0,
GEO0C_Z_RWSTI358731,24,0,16.666666666666668,,36.0,
GEO0C_Z_RWSTI356677,12,0,23.5,,48.0,
GEO0C_Z_RWSTI49,24,0,54.916666666666664,,132.0,
GEO0C_Z_RWSTI358853,12,0,31.833333333333332,,69.0,
GEO0C_Z_RWSTI356676,12,0,15.333333333333334,,27.0,
GEO0C_Z_RWSTI356680,24,0,45.416666666666664,,130.0,
GEO0C_Z_RWSTI360812,12,0,19.666666666666668,,59.0,
GEO0C_Z_1_RWSTIN033,24,0,34.833333333333336,,111.0,
GEO0C_Z_RWSTI230,24,0,61.833333333333336,,104.0,
GEO0C_Z_RWSTI474,24,0,66.0,,118.0,
GEO0C_Z_RWSTI344,24,0,56.416666666666664,,111.0,
GEO0C_Z_RWSTI1231,24,0,10.5,,63.0,
GEO0C_Z_RWSTI349,24,0,50.5,,110.0,
GEO0C_Z_RWSTI1235,24,0,49.333333333333336,,113.0,
GEO0C_Z_RWSTI1238,12,0,30.666666666666668,,92.0,
GEO0C_Z_RWSTI356685,24,0,47.416666666666664,,102.0,
GEO0C_Z_RWSTI356688,12,0,25.666666666666668,,77.0,
GEO0C_Z_RWSTI356693,12,0,26.0,,78.0,
GEO0C_Z_RWSTI582,12,0,28.833333333333332,,58.0,
GEO0C_Z_RWSTI340,24,0,61.666666666666664,,115.0,
GEO0C_Z_RWSTI220,24,0,55.416666666666664,,107.0,
GEO0C_Z_RWSTI584,12,0,23.0,,69.0,
GEO0C_Z_RWSTI333,24,0,57.333333333333336,,111.0,
GEO0C_Z_RWSTI2111,24,0,54.416666666666664,,102.0,
GEO0C_Z_RWSTI334,24,0,62.916666666666664,,125.0,
GEO0C_Z_RWSTI1262,12,0,42.833333333333336,,89.0,
GEO0C_Z_RWSTI576,12,0,19.333333333333332,,58.0,
GEO0C_Z_RWSTI1023,24,0,72.0,,110.0,
GEO0C_Z_RWSTI1264,12,0,41.666666666666664,,86.0,
GEO0C_Z_RWSTI67,24,0,51.583333333333336,,92.0,
GEO0C_Z_RWSTI1025,24,0,56.0,,108.0,
GEO0C_Z_RWSTI360958,12,0,36.5,,77.0,
GEO0C_Z_RWSTI338,24,0,67.75,,115.0,
GEO0C_Z_RWSTI1266,12,0,28.0,,84.0,
GEO0C_Z_RWSTI360717,12,0,38.833333333333336,,80.0,
GEO0C_Z_RWSTI218,24,0,48.833333333333336,,108.0,
GEO0C_Z_RWSTI1148,24,0,51.166666666666664,,111.0,
GEO0C_Z_RWSTI219,36,0,38.611111111111114,,109.0,
GEO0C_Z_RWSTI356576,12,0,0.0,,0.0,
GEO0C_Z_RWSTI356697,12,0,28.833333333333332,,60.0,
GEO0C_Z_RWSTI1028,24,0,55.166666666666664,,107.0,
GEO0C_Z_RWSTI356575,12,0,0.0,,0.0,
GEO0C_Z_RWSTI356696,12,0,0.0,,0.0,
GEO0C_Z_RWSTI358878,12,0,26.333333333333332,,53.0,
GEO0C_Z_RWSTI356694,12,0,0.0,,0.0,
GEO0C_Z_RWSTI356573,12,0,13.666666666666666,,41.0,
GEO0C_Z_RWSTI358874,12,0,35.5,,71.0,
GEO0C_Z_RWSTI359842,36,0,44.22222222222222,,114.0,
GEO0C_Z_RWSTI356578,12,0,15.0,,45.0,
GEO0C_Z_RWSTI358875,12,0,22.333333333333332,,67.0,
GEO0C_Z_RWSTI356577,12,0,15.666666666666666,,47.0,
GEO0C_Z_0_RWSTI362182,12,0,32.0,,65.0,
GEO0C_Z_RWSTI361923,36,0,43.611111111111114,,107.0,
GEO0C_Z_1_RWSTI362182,12,0,27.0,,81.0,
GEO0C_Z_RWSTI72,24,0,52.5,,97.0,
GEO0C_Z_RWSTI571,12,0,29.333333333333332,,88.0,
GEO0C_Z_RWSTI1270,12,0,0.0,,0.0,
GEO0C_Z_RWSTI330,24,0,70.58333333333333,,122.0,
GEO0C_R_RWSTI511,24,0,46.583333333333336,,101.0,
GEO0C_Z_RWSTI574,12,0,33.833333333333336,,70.0,
GEO0C_Z_RWSTI322,24,0,48.583333333333336,,99.0,
GEO0C_Z_RWSTI323,24,0,48.083333333333336,,107.0,
GEO0C_Z_RWSTI1130,12,0,38.333333333333336,,77.0,
GEO0C_Z_RWSTI1132,12,0,23.0,,69.0,
GEO0C_Z_RWSTI568,24,0,32.583333333333336,,89.0,
GEO0C_Z_RWSTI205,24,0,43.416666666666664,,114.0,
GEO0C_Z_RWSTI2104,12,0,25.333333333333332,,76.0,
GEO0C_Z_RWSTI358649,12,0,17.666666666666668,,53.0,
GEO0C_Z_RWSTI1013,24,0,56.25,,106.0,
GEO0C_Z_RWSTI569,12,0,29.333333333333332,,88.0,
GEO0C_Z_RWSTI2105,36,0,59.94444444444444,,107.0,
GEO0C_Z_RWSTI207,24,0,79.91666666666667,,121.0,
GEO0C_Z_RWSTI75,24,0,56.5,,113.0,
GEO0C_Z_RWSTI2103,24,0,50.166666666666664,,92.0,
GEO0C_Z_RWSTI358887,12,0,33.0,,99.0,
GEO0C_Z_RWSTI358647,12,0,22.666666666666668,,68.0,
GEO0C_Z_RWSTI358642,12,0,30.666666666666668,,92.0,
GEO0C_Z_RWSTI356589,12,0,19.666666666666668,,59.0,
GEO0C_Z_RWSTI356588,48,0,26.958333333333332,,80.0,
GEO0C_Z_RWSTI356594,12,0,27.666666666666668,,83.0,
GEO0C_R_RWSTI502,24,0,60.166666666666664,,120.0,
GEO0C_Z_RWSTI561,12,0,42.5,,91.0,
GEO0C_R_RWSTI500,36,0,32.44444444444444,,107.0,
GEO0C_Z_RWSTI360960,12,0,25.0,,55.0,
GEO0C_Z_RWSTI311,24,0,63.75,,106.0,
GEO0C_Z_RWSTI2012,12,0,38.666666666666664,,80.0,
GEO0C_Z_RWS_508,24,0,32.166666666666664,,58.0,
GEO0C_Z_RWSTI796,24,0,86.5,,120.0,
GEO0C_Z_RWSTI1042,24,0,54.5,,102.0,
GEO0C_Z_RWS_509,24,0,60.166666666666664,,117.0,
GEO0C_Z_RWSTI313,24,0,36.666666666666664,,117.0,
GEO0C_Z_RWSTI2010,24,0,62.333333333333336,,125.0,
GEO0C_Z_RWSTI1045,36,0,37.55555555555556,,108.0,
GEO0C_Z_RWSTI1165,12,0,28.0,,84.0,
GEO0C_Z_RWSTI557,12,0,32.333333333333336,,97.0,
GEO0C_Z_RWSTI2137,36,0,48.27777777777778,,104.0,
GEO0C_Z_RWSTI558,12,0,31.666666666666668,,64.0,
GEO0C_Z_RWSTI360618,12,0,26.333333333333332,,79.0,
GEO0C_Z_RWS_505,12,0,29.0,,87.0,
GEO0C_Z_RWSTI317,24,0,59.916666666666664,,118.0,
GEO0C_Z_RWSTI2135,24,0,49.416666666666664,,106.0,
GEO0C_Z_RWSTI361825,12,0,30.0,,90.0,
GEO0C_Z_RWS_506,12,0,42.166666666666664,,87.0,
GEO0C_Z_RWSTI1169,24,0,46.416666666666664,,96.0,
GEO0C_Z_RWS_507,24,0,47.666666666666664,,106.0,
GEO0C_Z_RWSTI319,24,0,67.91666666666667,,112.0,
GEO0C_Z_RWSTI356598,12,0,38.5,,77.0,
GEO0C_Z_RWSTI356596,12,0,34.833333333333336,,71.0,
GEO0C_Z_RWSTI359869,12,0,27.0,,81.0,
GEO0C_Z_RWSTI359501,12,0,29.0,,87.0,
GEO0C_Z_0_RWSTI357721,12,0,22.0,,66.0,
GEO0C_Z_RWSTI1171,24,0,46.5,,102.0,
GEO0C_Z_RWSTI792,24,0,70.41666666666667,,116.0,
GEO0C_Z_RWSTI2141,12,0,52.833333333333336,,80.0,
GEO0C_Z_RWSTI794,24,0,69.91666666666667,,123.0,
GEO0C_Z_RWSTI2001,12,0,28.333333333333332,,85.0,
GEO0C_Z_0_RWSTI356987,24,0,54.833333333333336,,103.0,
GEO0C_Z_RWSTI787,24,0,57.75,,107.0,
GEO0C_Z_RWSTI1154,24,0,41.0,,110.0,
GEO0C_Z_RWSTI667,24,0,34.25,,76.0,
GEO0C_Z_RWS_515,24,0,50.333333333333336,,84.0,
GEO0C_Z_RWS_516,24,0,49.75,,99.0,
GEO0C_Z_RWSTI548,12,0,18.666666666666668,,56.0,
GEO0C_Z_RWSTI2003,24,0,75.33333333333333,,111.0,
GEO0C_Z_RWSTI1038,24,0,55.333333333333336,,105.0,
GEO0C_Z_RWSTI2124,24,0,58.75,,107.0,
GEO0C_Z_RWS_517,24,0,55.833333333333336,,102.0,
GEO0C_Z_RWSTI307,24,0,45.416666666666664,,120.0,
GEO0C_Z_RWSTI549,12,0,29.333333333333332,,62.0,
GEO0C_Z_RWSTI1279,12,0,46.0,,95.0,
GEO0C_Z_RWSTI358546,12,0,7.833333333333333,,20.0,
GEO0C_Z_RWSTI309,12,0,27.0,,81.0,
GEO0C_Z_RWSTI358547,12,0,38.0,,81.0,
GEO0C_Z_RWSTI359636,12,0,9.666666666666666,,29.0,
GEO0C_Z_RWS_513,24,0,40.833333333333336,,107.0,
GEO0C_Z_RWS_514,24,0,55.666666666666664,,106.0,
GEO0C_Z_RWSTI358542,12,0,33.166666666666664,,67.0,
GEO0C_Z_RWSTI358300,24,0,52.583333333333336,,95.0,
GEO0C_Z_RWSTI358543,12,0,26.0,,78.0,
GEO0C_Z_RWSTI358544,24,0,50.666666666666664,,108.0,
GEO0C_Z_RWSTI357578,12,0,28.0,,58.0,
GEO0C_Z_RWSTI358545,24,0,58.083333333333336,,111.0,
GEO0C_Z_RWS_510,24,0,53.416666666666664,,98.0,
GEO0C_Z_RWSTI358791,36,0,59.166666666666664,,132.0,
GEO0C_Z_RWSTI358794,12,0,33.0,,68.0,
GEO0C_Z_0_RWSTI361285,12,0,33.0,,99.0,
GEO0C_Z_RWSTI357583,12,0,28.666666666666668,,58.0,
GEO0C_Z_RWSTI357582,12,0,23.166666666666668,,50.0,
GEO0C_Z_RWSTI357581,24,0,20.333333333333332,,64.0,
GEO0C_Z_RWSTI360860,12,0,45.0,,70.0,
GEO0C_Z_RWSTI360740,12,0,48.166666666666664,,99.0,
GEO0C_Z_RWSTI652,24,0,45.916666666666664,,105.0,
GEO0C_Z_RWSTI1067,24,0,59.583333333333336,,114.0,
GEO0C_Z_RWSTI1187,24,0,42.5,,78.0,
GEO0C_Z_RWSTI361728,12,0,23.333333333333332,,70.0,
GEO0C_Z_RWSTI536,24,0,57.666666666666664,,109.0,
GEO0C_Z_RWSTI361729,12,0,36.833333333333336,,76.0,
GEO0C_Z_RWSTI361726,24,0,26.0,,78.0,
GEO0C_Z_RWSTI2037,24,0,63.75,,103.0,
GEO0C_Z_RWSTI361727,24,0,24.166666666666668,,73.0,
GEO0C_Z_RWSTI358678,36,0,0.0,,0.0,
GEO0C_Z_RWSTI358557,12,0,19.333333333333332,,58.0,
GEO0C_Z_0_RWSTI356971,12,0,27.166666666666668,,55.0,
GEO0C_Z_RWSTI358559,12,0,33.5,,73.0,
GEO0C_Z_RWSTI359528,12,0,41.333333333333336,,97.0,
GEO0C_Z_RWSTI358675,12,0,29.0,,87.0,
GEO0C_Z_RWSTI359523,12,0,26.0,,78.0,
GEO0C_Z_RWSTI358676,12,0,38.833333333333336,,65.0,
GEO0C_Z_RWSTI358677,12,0,13.333333333333334,,40.0,
GEO0C_Z_RWSTI358560,12,0,26.666666666666668,,80.0,
GEO0C_R_RWSTI4080,24,0,51.666666666666664,,92.0,
GEO0C_Z_RWSTI358562,12,0,0.0,,0.0,
GEO0C_Z_1_RWSTI358073,24,0,42.75,,114.0,
GEO0C_Z_RWSTI1070,24,0,58.166666666666664,,114.0,
GEO0C_Z_RWSTI1191,36,0,48.22222222222222,,79.0,
GEO0C_Z_RWSTI360996,24,0,51.333333333333336,,111.0,
GEO0C_Z_RWSTI1072,24,0,53.75,,118.0,
GEO0C_Z_RWSTI2041,24,0,53.833333333333336,,103.0,
GEO0C_Z_RWSTI360631,12,0,29.666666666666668,,89.0,
GEO0C_Z_RWSTI2163,24,0,26.666666666666668,,72.0,
GEO0C_Z_RWSTI772,36,0,39.833333333333336,,113.0,
GEO0C_Z_RWSTI522,24,0,48.25,,107.0,
GEO0C_Z_RWSTI764,24,0,58.5,,113.0,
GEO0C_Z_RWSTI1177,24,0,56.75,,110.0,
GEO0C_R_RWSTI4079,24,0,61.166666666666664,,95.0,
GEO0C_Z_RWSTI360408,12,0,24.666666666666668,,74.0,
GEO0C_Z_RWSTI526,24,0,55.833333333333336,,127.0,
GEO0C_Z_RWSTI361858,12,0,34.833333333333336,,71.0,
GEO0C_Z_RWSTI2147,24,0,58.333333333333336,,107.0,
GEO0C_Z_RWSTI360528,24,0,25.0,,61.0,
GEO0C_Z_RWSTI529,24,0,60.833333333333336,,114.0,
GEO0C_R_RWSTI4073,24,0,35.0,,95.0,
GEO0C_Z_RWSTI361970,12,0,0.0,,0.0,
GEO0C_Z_RWSTI1181,24,0,51.083333333333336,,92.0,
GEO0C_Z_RWSTI1063,24,0,58.5,,116.0,
GEO0C_Z_RWSTI2150,24,0,57.583333333333336,,126.0,
GEO0C_Z_RWSTI994,24,0,40.0,,105.0,
GEO0C_Z_RWSTI754,24,0,55.583333333333336,,104.0,
GEO0C_Z_RWSTI360539,24,0,21.416666666666668,,57.0,
GEO0C_Z_RWSTI759,24,0,39.416666666666664,,101.0,
GEO0C_Z_RWSTI518,24,0,50.583333333333336,,109.0,
GEO0C_Z_RWSTI358459,12,0,23.0,,69.0,
GEO0C_Z_RWSTI358697,12,0,26.0,,78.0,
GEO0C_Z_RWSTI359667,12,0,0.0,,0.0,
GEO0C_Z_RWSTI361860,12,0,8.666666666666666,,19.0,
GEO0C_Z_RWSTI358583,12,0,29.0,,87.0,
GEO0C_Z_RWSTI358585,12,0,22.333333333333332,,67.0,
GEO0C_Z_RWSTI358460,12,0,29.833333333333332,,64.0,
GEO0C_Z_RWSTI358581,36,0,47.611111111111114,,111.0,
GEO0C_Z_RWSTI360656,12,0,27.333333333333332,,82.0,
GEO0C_Z_RWSTI361986,12,0,19.0,,57.0,
GEO0C_Z_RWSTI2184,12,0,35.0,,105.0,
GEO0C_Z_RWSTI2185,12,0,47.5,,96.0,
GEO0C_Z_RWSTI360654,12,0,0.0,,0.0,
GEO0C_Z_RWSTI991,24,0,63.75,,105.0,
GEO0C_Z_RWSTI2182,12,0,69.5,,89.0,
GEO0C_Z_RWSTI360651,12,0,22.666666666666668,,47.0,
GEO0C_Z_RWSTI361983,12,0,22.833333333333332,,46.0,
GEO0C_Z_RWSTI2183,12,0,31.0,,93.0,
GEO0C_Z_RWSTI1078,24,0,50.166666666666664,,109.0,
GEO0C_Z_RWSTI500,12,0,17.333333333333332,,52.0,
GEO0C_Z_RWSTI501,12,0,23.0,,55.0,
GEO0C_Z_RWSTI502,12,0,22.333333333333332,,67.0,
GEO0C_Z_RWSTI503,12,0,35.0,,72.0,
GEO0C_Z_RWSTI2168,24,0,49.916666666666664,,106.0,
GEO0C_Z_RWSTI360428,12,0,36.666666666666664,,76.0,
GEO0C_Z_RWSTI2048,36,0,57.44444444444444,,119.0,
GEO0C_Z_RWSTI359558,12,0,35.666666666666664,,56.0,
GEO0C_Z_RWSTI358224,24,0,45.166666666666664,,97.0,
GEO0C_Z_RWSTI358586,12,0,15.333333333333334,,24.0,
GEO0C_Z_1_RWSTI358164,12,0,65.33333333333333,,125.0,
GEO0C_Z_RWSTI358231,24,0,38.083333333333336,,76.0,
GEO0C_Z_RWSTI358230,12,0,28.0,,84.0,
GEO0C_Z_RWSTI360425,12,0,19.0,,57.0,
GEO0C_Z_RWSTI360665,12,0,25.333333333333332,,52.0,
GEO0C_Z_RWSTI362600,12,0,59.833333333333336,,93.0,
GEO0C_Z_RWSTI2172,36,0,50.05555555555556,,105.0,
GEO0C_Z_RWSTI2051,24,0,52.916666666666664,,121.0,
GEO0C_Z_RWSTI4015,24,0,0.0,,0.0,
GEO0C_Z_RWSTI2079,36,0,41.833333333333336,,81.0,
GEO0C_Z_RWSTI732,24,0,58.583333333333336,,113.0,
GEO0C_Z_RWSTI2077,24,0,13.166666666666666,,24.0,
GEO0C_Z_RWSTI734,24,0,54.75,,103.0,
GEO0C_Z_RWSTI614,24,0,74.5,,113.0,
GEO0C_Z_RWSTI361529,24,0,22.0,,43.0,
GEO0C_Z_RWSTI358116,36,0,44.0,,107.0,
GEO0C_Z_1_RWSTI361923,24,0,50.083333333333336,,107.0,
GEO0C_Z_RWSTI738,24,0,60.25,,127.0,
GEO0C_Z_RWSTI359449,12,0,19.333333333333332,,58.0,
GEO0C_Z_RWSTI739,36,0,52.166666666666664,,111.0,
GEO0C_Z_RWSTI359566,12,0,28.5,,57.0,
GEO0C_Z_RWSTI359567,24,0,17.166666666666668,,52.0,
GEO0C_Z_RWSTI359451,12,0,28.833333333333332,,60.0,
GEO0C_Z_RWSTI358001,12,0,33.333333333333336,,73.0,
GEO0C_Z_RWSTI358000,12,0,16.333333333333332,,49.0,
GEO0C_Z_RWSTI359450,12,0,24.0,,72.0,
GEO0C_Z_RWSTI360316,12,0,35.333333333333336,,77.0,
GEO0C_Z_RWSTI360314,12,0,30.166666666666668,,67.0,
GEO0C_Z_RWSTI2080,12,0,44.0,,90.0,
GEO0C_Z_RWSTI360315,12,0,28.333333333333332,,85.0,
GEO0C_Z_RWSTI360799,12,0,30.166666666666668,,61.0,
GEO0C_Z_RWSTI2085,36,0,63.5,,114.0,
GEO0C_Z_RWSTI2083,24,0,67.83333333333333,,97.0,
GEO0C_Z_RWSTI360311,24,0,15.666666666666666,,40.0,
GEO0C_Z_RWSTI2186,24,0,41.916666666666664,,106.0,
GEO0C_Z_RWSTI600,24,0,58.833333333333336,,105.0,
GEO0C_Z_RWSTI2187,24,0,45.166666666666664,,99.0,
GEO0C_Z_RWSTI723,24,0,64.58333333333333,,116.0,
GEO0C_TIID_8420,24,0,66.41666666666667,,115.0,
GEO0C_Z_RWSTI2069,24,0,71.91666666666667,,103.0,
GEO0C_Z_RWSTI360329,12,0,38.833333333333336,,81.0,
GEO0C_Z_RWSTI605,24,0,60.916666666666664,,115.0,
GEO0C_Z_RWSTI727,12,0,32.5,,66.0,
GEO0C_Z_RWSTI608,24,0,56.416666666666664,,103.0,
GEO0C_Z_RWSTI359213,12,0,23.333333333333332,,70.0,
GEO0C_Z_RWSTI359214,24,0,55.583333333333336,,103.0,
GEO0C_Z_RWSTI358373,12,0,33.0,,53.0,
GEO0C_Z_RWSTI359100,12,0,24.0,,48.0,
GEO0C_Z_RWSTI359101,12,0,0.0,,0.0,
GEO0C_Z_RWSTI360327,12,0,27.333333333333332,,56.0,
GEO0C_TIID_8424,24,0,79.75,,108.0,
GEO0C_Z_RWSTI360568,12,0,50.666666666666664,,78.0,
GEO0C_Z_0_RWSTI362239,12,0,16.333333333333332,,49.0,
GEO0C_Z_RWSTI2075,24,0,4.25,,11.0,
GEO0C_Z_RWSTI360321,12,0,24.0,,72.0,
GEO0C_Z_1_RWSTI360979,24,0,0.0,,0.0,
GEO0C_Z_RWSTI359104,12,0,56.333333333333336,,95.0,
GEO0C_Z_RWSTI358019,24,0,18.75,,38.0,
GEO0C_0_Z_RWSTI2171,12,0,29.333333333333332,,88.0,
GEO0C_Z_RWSTI358141,24,0,58.833333333333336,,114.0,
GEO0C_Z_RWSTI360573,12,0,48.333333333333336,,81.0,
GEO0C_Z_RWSTI360570,12,0,42.833333333333336,,89.0,
GEO0C_Z_RWSTI360571,12,0,30.833333333333332,,63.0,
GEO0C_Z_RWSTI359593,12,0,17.333333333333332,,52.0,
GEO0C_Z_RWSTI358142,24,0,56.416666666666664,,107.0,
GEO0C_Z_RWSTI361306,24,0,49.083333333333336,,107.0,
GEO0C_Z_RWSTI362759,36,0,36.77777777777778,,102.0,
GEO0C_Z_0_RWSTI848,12,0,29.0,,87.0,
GEO0C_Z_RWSTI362752,24,0,31.583333333333332,,87.0,
GEO0C_Z_RWSTI702,24,0,59.833333333333336,,114.0,
GEO0C_Z_RWSTI704,24,0,43.25,,110.0,
GEO0C_Z_RWSTI828,12,0,29.0,,87.0,
GEO0C_Z_RWSTI829,24,0,31.166666666666668,,64.0,
GEO0C_Z_RWSTI17,24,0,55.0,,101.0,
GEO0C_Z_RWSTI362762,12,0,28.333333333333332,,85.0,
GEO0C_Z_RWSTI359000,12,0,0.0,,0.0,
GEO0C_Z_RWSTI360220,24,0,25.166666666666668,,58.0,
GEO0C_Z_RWSTI360221,36,0,60.27777777777778,,102.0,
GEO0C_Z_RWSTI362761,12,0,31.166666666666668,,67.0,
GEO0C_Z_RWSTI357183,12,0,58.166666666666664,,89.0,
GEO0C_Z_RWSTI362760,36,0,44.55555555555556,,103.0,
GEO0C_Z_RWSTI359003,12,0,43.5,,91.0,
GEO0C_Z_RWSTI359482,12,0,49.666666666666664,,102.0,
GEO0C_Z_RWSTI359483,12,0,0.0,,0.0,
GEO0C_Z_RWSTI2093,24,0,11.916666666666666,,25.0,
GEO0C_Z_RWSTI2091,24,0,39.916666666666664,,106.0,
GEO0C_Z_RWSTI362403,12,0,23.166666666666668,,49.0,
GEO0C_Z_RWSTI360467,12,0,30.5,,65.0,
GEO0C_Z_RWSTI362402,12,0,39.333333333333336,,83.0,
GEO0C_Z_RWSTI360222,36,0,53.72222222222222,,105.0,
GEO0C_Z_RWSTI362401,12,0,34.5,,71.0,
GEO0C_Z_RWSTI4178,12,0,28.0,,84.0,
GEO0C_Z_RWSTI4056,24,0,28.166666666666668,,71.0,
GEO0C_Z_RWSTI4177,12,0,38.5,,81.0,
GEO0C_Z_RWSTI20,24,0,55.25,,101.0,
GEO0C_TIID_8110,24,0,49.333333333333336,,103.0,
GEO0C_Z_1_RWSTI358115,24,0,65.16666666666667,,114.0,
GEO0C_Z_RWSTI358042,24,0,33.0,,87.0,
GEO0C_Z_0_RWSTI358073,12,0,28.666666666666668,,86.0,
GEO0C_Z_RWSTI358040,24,0,50.583333333333336,,114.0,
GEO0C_Z_RWSTI360350,24,0,64.75,,110.0,
GEO0C_Z_RWSTI358166,24,0,43.25,,78.0,
GEO0C_Z_RWSTI362418,24,0,44.25,,123.0,
GEO0C_Z_RWSTI362417,36,0,0.0,,0.0,
GEO0C_Z_RWSTI361203,36,0,33.666666666666664,,112.0,
GEO0C_Z_RWSTI360598,12,0,17.333333333333332,,52.0,
GEO0C_Z_RWSTI4186,12,0,28.666666666666668,,86.0,
GEO0C_Z_RWSTI360596,12,0,13.666666666666666,,41.0,
GEO0C_Z_RWSTI360597,12,0,29.666666666666668,,60.0,
GEO0C_Z_RWSTI800,12,0,40.166666666666664,,91.0,
GEO0C_Z_RWSTI803,36,0,59.388888888888886,,108.0,
GEO0C_Z_RWSTI805,24,0,48.25,,106.0,
GEO0C_Z_RWSTI806,12,0,29.666666666666668,,89.0,
GEO0C_Z_RWSTI39,12,0,22.333333333333332,,45.0,
GEO0C_Z_RWSTI38,24,0,64.16666666666667,,110.0,
GEO0C_Z_RWSTI361331,24,0,50.916666666666664,,112.0,
GEO0C_Z_0_RWSTI361220,12,0,50.666666666666664,,77.0,
GEO0C_Z_RWSTI361211,36,0,56.5,,113.0,
GEO0C_Z_RWSTI361330,24,0,50.416666666666664,,112.0,
GEO0C_Z_RWSTI358299,12,0,0.0,,0.0,
GEO0C_Z_RWSTI361218,36,0,48.833333333333336,,102.0,
GEO0C_Z_RWSTI361219,36,0,41.77777777777778,,115.0,
GEO0C_Z_0_RWSTI361226,12,0,36.0,,76.0,
GEO0C_Z_RWSTI4055,24,0,27.5,,84.0,
GEO0C_Z_RWSTI361214,36,0,38.5,,99.0,
GEO0C_Z_RWSTI361215,24,0,49.166666666666664,,103.0,
GEO0C_Z_RWSTI361212,24,0,48.916666666666664,,104.0,
GEO0C_Z_RWSTI360244,24,0,36.916666666666664,,79.0,
GEO0C_Z_RWSTI360123,12,0,39.0,,80.0,
GEO0C_Z_RWSTI4174,24,0,39.5,,109.0,
GEO0C_Z_RWSTI361213,24,0,32.333333333333336,,75.0,
GEO0C_Z_RWSTIN306,12,0,17.333333333333332,,52.0,
GEO0C_R_RWSTI4460,12,0,38.166666666666664,,82.0,
GEO0C_R_RWSTI4461,12,0,26.666666666666668,,80.0,
GEO0C_Z_RWSTI359154,12,0,26.666666666666668,,80.0,
GEO0C_Z_RWSTI358183,36,0,23.27777777777778,,69.0,
GEO0C_Z_RWSTI359153,12,0,26.333333333333332,,79.0,
GEO0C_Z_RWSTI361229,36,0,45.55555555555556,,106.0,
GEO0C_Z_RWSTI361108,12,0,21.666666666666668,,65.0,
GEO0C_Z_RWSTI361228,24,0,54.5,,105.0,
GEO0C_Z_RWSTI358180,36,0,38.333333333333336,,83.0,
GEO0C_Z_RWSTI4188,12,0,47.5,,72.0,
GEO0C_Z_RWSTI360264,24,0,35.333333333333336,,135.0,
GEO0C_Z_RWSTI358075,24,0,57.583333333333336,,113.0,
GEO0C_Z_RWSTI361354,24,0,47.0,,102.0,
GEO0C_Z_RWSTI361112,36,0,43.77777777777778,,111.0,
GEO0C_Z_RWSTI358074,24,0,43.833333333333336,,111.0,
GEO0C_Z_RWSTI361475,12,0,28.0,,84.0,
GEO0C_Z_RWSTI361230,24,0,56.583333333333336,,108.0,
GEO0C_Z_RWSTI361351,36,0,48.166666666666664,,115.0,
GEO0C_Z_RWSTI359046,12,0,25.166666666666668,,51.0,
GEO0C_Z_RWSTI360142,24,0,53.666666666666664,,137.0,
GEO0C_Z_RWSTI360263,36,0,18.0,,84.0,
GEO0C_Z_RWSTI358072,36,0,48.888888888888886,,106.0,
GEO0C_Z_RWSTI359047,12,0,0.0,,0.0,
GEO0C_Z_RWSTI358077,24,0,10.333333333333334,,40.0,
GEO0C_Z_RWSTI358076,24,0,21.25,,61.0,
GEO0C_Z_RWSTI363538,12,0,57.166666666666664,,87.0,
GEO0C_Z_RWSTI363537,12,0,42.333333333333336,,90.0,
GEO0C_Z_RWSTI363536,12,0,47.333333333333336,,95.0,
GEO0C_Z_RWSTI363535,36,0,21.22222222222222,,71.0,
GEO0C_Z_RWSTI361113,24,0,59.0,,111.0,
GEO0C_Z_RWSTI360266,12,0,21.333333333333332,,48.0,
GEO0C_Z_RWSTI361114,36,0,53.888888888888886,,101.0,
GEO0C_Z_RWSTI361356,36,0,47.111111111111114,,102.0,
GEO0C_Z_0_RWSTI361527,24,0,40.75,,106.0,
GEO0C_Z_0_RWSTI361528,12,0,28.666666666666668,,86.0,
GEO0C_Z_RWSTIN320,12,0,27.333333333333332,,82.0,
GEO0C_Z_1_RWSTI361527,12,0,37.5,,77.0,
GEO0C_Z_RWSTI360033,12,0,24.0,,72.0,
GEO0C_Z_RWSTI359057,12,0,0.0,,0.0,
GEO0C_Z_RWSTI359058,12,0,33.666666666666664,,69.0,
GEO0C_Z_RWSTI360393,12,0,47.833333333333336,,73.0,
GEO0C_Z_RWSTI361128,12,0,23.666666666666668,,48.0,
GEO0C_Z_RWSTI361129,12,0,24.333333333333332,,73.0,
GEO0C_Z_RWSTIN317,12,0,27.166666666666668,,56.0,
GEO0C_Z_RWSTIN315,24,0,43.916666666666664,,114.0,
GEO0C_Z_RWSTIN314,12,0,44.666666666666664,,95.0,
GEO0C_Z_RWSTIN311,24,0,56.166666666666664,,110.0,
GEO0C_Z_RWSTIN312,12,0,38.833333333333336,,79.0,
GEO0C_Z_RWSTI362223,12,0,23.0,,69.0,
GEO0C_Z_1_RWSTI4013,24,0,0.0,,0.0,
GEO0C_Z_1_RWSTI362631,24,0,47.5,,103.0,
GEO0C_Z_RWSTI361130,12,0,18.333333333333332,,55.0,
GEO0C_Z_RWSTIN319,12,0,19.0,,31.0,
GEO0C_Z_1_RWSTI848,24,0,61.833333333333336,,144.0,
GEO0C_Z_RWSTI360289,24,0,41.666666666666664,,75.0,
GEO0C_Z_0_RWSTI362631,12,0,42.666666666666664,,89.0,
GEO0C_Z_RWSTIN108,24,0,24.666666666666668,,79.0,
GEO0C_Z_RWSTIN103,24,0,44.666666666666664,,121.0,
GEO0C_Z_0_RWSTI360979,12,0,0.0,,0.0,
GEO0C_Z_1_RWSTI358654,24,0,4.083333333333333,,9.0,
GEO0C_1_Z_RWSTI2171,24,0,55.0,,105.0,
GEO0C_Z_RWSTI360297,12,0,21.666666666666668,,65.0,
GEO0C_Z_RWSTI360298,12,0,20.0,,60.0,
GEO0C_Z_RWSTI362594,12,0,8.0,,12.0,
GEO0C_Z_RWSTI360293,12,0,30.5,,50.0,
GEO0C_Z_RWSTI359073,24,0,71.91666666666667,,103.0,
GEO0C_Z_RWSTI356803,12,0,29.0,,87.0,
GEO0C_Z_RWSTI356802,24,0,34.0,,75.0,
GEO0C_Z_RWSTI356801,12,0,36.833333333333336,,78.0,
GEO0C_Z_RWSTI356808,12,0,47.833333333333336,,100.0,
GEO0C_Z_RWSTI356807,12,0,55.5,,90.0,
GEO0C_Z_RWSTI356805,12,0,0.0,,0.0,
GEO0C_Z_RWSTI361276,24,0,66.25,,118.0,
GEO0C_Z_RWSTI361277,24,0,60.333333333333336,,111.0,
GEO0C_Z_RWSTI360062,12,0,26.0,,78.0,
GEO0C_Z_RWSTI360063,12,0,18.333333333333332,,55.0,
GEO0C_Z_RWSTI356935,12,0,0.0,,0.0,
GEO0C_Z_RWSTI356933,12,0,31.333333333333332,,67.0,
GEO0C_Z_RWSTI356937,24,0,59.666666666666664,,111.0,
GEO0C_Z_RWSTI1502,36,0,48.72222222222222,,117.0,
GEO0C_Z_0_RWSTI358115,12,0,41.833333333333336,,87.0,
GEO0C_Z_RWSTI1509,24,0,68.58333333333333,,112.0,
GEO0C_Z_RWSTI362013,12,0,25.333333333333332,,76.0,
GEO0C_Z_RWSTI361164,12,0,35.5,,61.0,
GEO0C_Z_RWSTI362012,12,0,35.166666666666664,,76.0,
GEO0C_Z_RWSTI361286,36,0,48.27777777777778,,112.0,
GEO0C_Z_RWSTI362011,12,0,32.666666666666664,,98.0,
GEO0C_Z_RWSTI362010,12,0,41.166666666666664,,68.0,
GEO0C_Z_RWSTI361163,36,0,46.77777777777778,,103.0,
GEO0C_Z_RWSTI361281,36,0,47.72222222222222,,111.0,
GEO0C_Z_RWSTI362137,12,0,34.166666666666664,,69.0,
GEO0C_Z_RWSTI362015,12,0,33.5,,72.0,
GEO0C_Z_RWSTI356826,12,0,47.0,,97.0,
GEO0C_Z_RWSTI356946,12,0,42.5,,87.0,
GEO0C_Z_RWSTI356703,24,0,0.0,,0.0,
GEO0C_Z_RWSTI356944,12,0,59.333333333333336,,89.0,
GEO0C_Z_RWSTI356709,12,0,41.5,,84.0,
GEO0C_Z_RWSTI356708,24,0,14.5,,87.0,
GEO0C_Z_RWSTI356829,12,0,52.5,,82.0,
GEO0C_Z_RWSTI356707,24,0,36.833333333333336,,80.0,
GEO0C_Z_RWSTI356706,24,0,32.583333333333336,,83.0,
GEO0C_Z_RWSTI1612,12,0,23.666666666666668,,71.0,
GEO0C_Z_RWSTIN231,24,0,0.0,,0.0,
GEO0C_Z_RWSTI356940,24,0,58.916666666666664,,110.0,
GEO0C_Z_RWSTI361056,24,0,43.5,,97.0,
GEO0C_Z_RWSTI361055,24,0,59.666666666666664,,109.0,
GEO0C_Z_RWSTI360087,12,0,41.0,,86.0,
GEO0C_Z_1_RWSTI361226,24,0,60.083333333333336,,112.0,
GEO0C_Z_RWSTI361174,12,0,29.5,,60.0,
GEO0C_Z_1_RWSTI361220,24,0,56.666666666666664,,106.0,
GEO0C_Z_RWSTI356716,36,0,17.333333333333332,,61.0,
GEO0C_Z_RWSTI357926,12,0,16.5,,36.0,
GEO0C_Z_RWSTI356715,24,0,11.083333333333334,,47.0,
GEO0C_Z_RWSTI357924,12,0,32.666666666666664,,68.0,
GEO0C_Z_RWSTI356713,12,0,38.333333333333336,,77.0,
GEO0C_Z_RWSTI357923,12,0,14.666666666666666,,32.0,
GEO0C_Z_RWSTI357928,12,0,20.0,,41.0,
GEO0C_Z_RWSTI356718,24,0,59.833333333333336,,100.0,
GEO0C_Z_RWSTI356717,12,0,38.5,,60.0,
GEO0C_Z_RWSTI357927,12,0,39.666666666666664,,80.0,
GEO0C_Z_RWSTI356838,12,0,31.666666666666668,,95.0,
GEO0C_Z_RWSTI356712,24,0,22.0,,67.0,
GEO0C_Z_RWSTI357921,12,0,21.666666666666668,,45.0,
GEO0C_Z_RWSTI356711,24,0,22.25,,72.0,
GEO0C_Z_RWSTI356710,12,0,39.333333333333336,,84.0,
GEO0C_Z_RWSTI363484,12,0,22.666666666666668,,46.0,
GEO0C_Z_RWSTI363482,12,0,30.0,,90.0,
GEO0C_Z_RWSTI363481,12,0,28.0,,84.0,
GEO0C_Z_RWSTI196,24,0,53.0,,102.0,
GEO0C_Z_RWSTI362159,12,0,41.333333333333336,,88.0,
GEO0C_Z_RWSTI356848,12,0,60.333333333333336,,95.0,
GEO0C_Z_RWSTI356606,24,0,55.0,,125.0,
GEO0C_Z_RWSTI356968,12,0,19.0,,40.0,
GEO0C_Z_RWSTI356604,36,0,16.555555555555557,,103.0,
GEO0C_Z_RWSTI358909,12,0,45.833333333333336,,74.0,
GEO0C_Z_RWSTI356609,36,0,13.777777777777779,,84.0,
GEO0C_Z_RWSTI356607,12,0,14.333333333333334,,43.0,
GEO0C_Z_RWSTI356840,24,0,33.75,,55.0,
GEO0C_Z_RWSTI356844,12,0,5.333333333333333,,16.0,
GEO0C_Z_RWSTI356722,12,0,24.666666666666668,,74.0,
GEO0C_Z_RWSTI356600,12,0,24.833333333333332,,53.0,
GEO0C_Z_RWSTI356721,12,0,38.833333333333336,,81.0,
GEO0C_Z_RWSTI357931,12,0,37.666666666666664,,63.0,
GEO0C_Z_RWSTI188,24,0,57.666666666666664,,104.0,
GEO0C_Z_RWSTI189,24,0,0.0,,0.0,
GEO0C_Z_RWSTI356615,12,0,29.0,,48.0,
GEO0C_Z_RWSTI356735,12,0,40.0,,80.0,
GEO0C_Z_RWSTI358914,12,0,27.166666666666668,,56.0,
GEO0C_Z_RWSTI358915,12,0,26.333333333333332,,55.0,
GEO0C_Z_RWSTI356619,12,0,18.0,,54.0,
GEO0C_Z_RWSTI356618,12,0,20.666666666666668,,62.0,
GEO0C_Z_RWSTI356739,12,0,16.666666666666668,,50.0,
GEO0C_Z_RWSTI356972,24,0,51.583333333333336,,118.0,
GEO0C_Z_RWSTI361093,12,0,37.5,,58.0,
GEO0C_Z_RWSTI361091,12,0,26.666666666666668,,80.0,
GEO0C_Z_RWSTIN044,36,0,46.72222222222222,,117.0,
GEO0C_Z_RWSTI356853,12,0,8.666666666666666,,18.0,
GEO0C_Z_RWSTI356973,24,0,56.833333333333336,,104.0,
GEO0C_Z_RWSTI362179,12,0,38.166666666666664,,79.0,
GEO0C_Z_RWSTI293,24,0,15.083333333333334,,29.0,
GEO0C_Z_RWSTI177,24,0,58.25,,121.0,
GEO0C_Z_RWSTI356628,12,0,22.666666666666668,,68.0,
GEO0C_Z_RWSTI357717,12,0,39.5,,61.0,
GEO0C_Z_RWSTI356627,12,0,26.0,,78.0,
GEO0C_Z_RWSTI357715,24,0,44.166666666666664,,95.0,
GEO0C_Z_RWSTI356626,12,0,20.333333333333332,,61.0,
GEO0C_Z_RWSTI356625,12,0,40.0,,63.0,
GEO0C_Z_RWSTI356746,24,0,12.5,,40.0,
GEO0C_Z_RWSTI358924,24,0,51.083333333333336,,111.0,
GEO0C_Z_RWSTI357719,12,0,24.333333333333332,,73.0,
GEO0C_Z_RWSTI356741,12,0,23.166666666666668,,47.0,
GEO0C_Z_RWSTI356620,12,0,22.666666666666668,,68.0,
GEO0C_Z_RWSTI356983,12,0,22.0,,66.0,
GEO0C_Z_RWSTI356740,12,0,22.166666666666668,,45.0,
GEO0C_Z_RWSTI358923,24,0,41.166666666666664,,71.0,
GEO0C_Z_RWSTIN031,24,0,50.25,,117.0,
GEO0C_Z_RWSTI356623,12,0,25.666666666666668,,77.0,
GEO0C_Z_RWSTI356743,12,0,22.833333333333332,,49.0,
GEO0C_Z_RWSTI356621,12,0,0.0,,0.0,
GEO0C_Z_RWSTI356742,12,0,25.833333333333332,,52.0,
GEO0C_Z_1_RWSTI361029,24,0,58.25,,108.0,
GEO0C_Z_1_RWSTI362239,24,0,60.583333333333336,,102.0,
GEO0C_Z_RWSTI286,36,0,8.61111111111111,,27.0,
GEO0C_Z_RWSTIN067,12,0,30.0,,90.0,
GEO0C_Z_RWSTI356752,12,0,21.333333333333332,,64.0,
GEO0C_Z_0_RWSTI358654,12,0,28.5,,57.0,
GEO0C_Z_RWSTIN189,24,0,44.5,,83.0,
GEO0C_Z_RWSTI357723,12,0,27.666666666666668,,56.0,
GEO0C_Z_RWSTI357722,12,0,25.0,,40.0,
GEO0C_Z_RWSTI356754,12,0,38.333333333333336,,79.0,
GEO0C_Z_RWSTI356995,36,0,51.27777777777778,,119.0,
GEO0C_Z_RWSTIN183,36,0,49.666666666666664,,110.0,
GEO0C_Z_RWSTIN192,36,0,8.166666666666666,,39.0,
GEO0C_Z_RWSTI270,12,0,38.833333333333336,,79.0,
GEO0C_Z_RWSTI272,24,0,45.0,,123.0,
GEO0C_Z_RWSTI275,24,0,51.666666666666664,,119.0,
GEO0C_Z_RWSTI277,24,0,63.75,,108.0,
GEO0C_Z_RWSTI267,24,0,58.166666666666664,,94.0,
GEO0C_Z_RWSTI1551,24,0,51.5,,93.0,
GEO0C_Z_RWSTI357736,24,0,50.25,,113.0,
GEO0C_Z_1_RWSTI356987,24,0,41.833333333333336,,111.0,
GEO0C_Z_1_RWSTI358925,24,0,59.166666666666664,,112.0,
GEO0C_Z_RWSTI356641,12,0,47.166666666666664,,77.0,
GEO0C_Z_RWSTI356761,24,0,22.5,,82.0,
GEO0C_Z_RWSTI357977,12,0,0.0,,0.0,
GEO0C_Z_RWSTIN053,12,0,36.333333333333336,,73.0,
GEO0C_Z_RWSTI356765,12,0,26.333333333333332,,79.0,
GEO0C_Z_0_RWSTI4013,12,0,0.0,,0.0,
GEO0C_Z_RWSTI357980,24,0,30.5,,75.0,
GEO0C_Z_RWSTI356770,12,0,28.666666666666668,,86.0,
GEO0C_Z_RWSTI362087,24,0,49.5,,110.0,
GEO0C_Z_RWSTI142,24,0,20.416666666666668,,41.0,
GEO0C_Z_RWSTI264,12,0,41.666666666666664,,88.0,
GEO0C_R_RWSTI75,24,0,60.333333333333336,,112.0,
GEO0C_Z_RWSTI266,12,0,36.5,,76.0,
GEO0C_Z_1_RWSTI361285,24,0,58.0,,106.0,
GEO0C_Z_RWSTI358719,24,0,14.333333333333334,,43.0,
GEO0C_Z_RWSTI257,24,0,0.0,,0.0,
GEO0C_Z_RWSTI357749,12,0,28.833333333333332,,47.0,
GEO0C_Z_RWSTI1221,12,0,44.5,,93.0,
GEO0C_Z_1_RWSTI356856,24,0,49.0,,81.0,
GEO0C_Z_RWSTI356653,12,0,39.166666666666664,,84.0,
GEO0C_Z_RWSTI1226,24,0,38.583333333333336,,96.0,
GEO0C_Z_RWSTI1229,12,0,29.666666666666668,,89.0,
GEO0C_Z_RWSTI356772,12,0,55.0,,91.0,
GEO0C_Z_RWSTI1108,24,0,57.25,,106.0,
GEO0C_Z_RWSTI357988,24,0,49.583333333333336,,81.0,
GEO0C_Z_RWSTI356777,12,0,26.333333333333332,,79.0,
GEO0C_Z_RWSTI357987,36,0,49.55555555555556,,121.0,
GEO0C_Z_RWSTI357865,24,0,46.25,,100.0,
GEO0C_Z_RWSTI356655,24,0,57.583333333333336,,111.0,
GEO0C_Z_RWSTI356775,36,0,13.166666666666666,,54.0,
GEO0C_Z_RWSTI356780,24,0,35.666666666666664,,94.0,
GEO0C_Z_RWSTI250,24,0,40.916666666666664,,89.0,
GEO0C_Z_RWSTI252,24,0,12.25,,27.0,
GEO0C_Z_RWSTI255,24,0,49.75,,90.0,
GEO0C_Z_RWSTI357519,24,0,43.5,,146.0,
GEO0C_Z_RWSTI356669,12,0,33.833333333333336,,74.0,
GEO0C_Z_RWSTI360804,12,0,0.0,,0.0,
GEO0C_Z_RWSTI358605,12,0,27.166666666666668,,57.0,
GEO0C_Z_RWSTI360803,12,0,11.833333333333334,,25.0,
GEO0C_Z_RWSTI356784,12,0,33.5,,74.0,
GEO0C_Z_RWSTI356783,12,0,31.333333333333332,,67.0,
GEO0C_Z_RWSTI357993,24,0,12.0,,43.0,
GEO0C_Z_RWSTI356782,24,0,18.166666666666668,,55.0,
GEO0C_Z_RWSTIN195,24,0,18.666666666666668,,63.0,
GEO0C_Z_RWSTI356668,12,0,19.333333333333332,,58.0,
GEO0C_Z_RWSTI356789,12,0,0.0,,0.0,
GEO0C_Z_RWSTI1219,24,0,59.0,,128.0,
GEO0C_Z_RWSTI356788,12,0,32.5,,65.0,
GEO0C_Z_RWSTI357998,24,0,0.0,,0.0,
GEO0C_Z_RWSTIN193,24,0,47.333333333333336,,91.0,
GEO0C_Z_RWSTI358720,12,0,32.833333333333336,,71.0,
GEO0C_Z_RWSTI357997,24,0,29.083333333333332,,63.0,
GEO0C_Z_RWSTI357754,12,0,22.333333333333332,,67.0,
GEO0C_Z_RWSTI356792,24,0,49.833333333333336,,113.0,
GEO0C_Z_RWSTI356670,12,0,27.333333333333332,,55.0,
GEO0C_Z_RWSTI356790,12,0,25.666666666666668,,77.0,
GEO0C_R_RWSTI56,36,0,49.0,,110.0,
GEO0C_Z_RWSTI360801,12,0,33.666666666666664,,68.0,
GEO0K_K_RWSTI359886,12,0,19.666666666666668,,59.0,
GEO0K_K_RWSTI362934,36,0,51.888888888888886,,120.0,
GEO0K_K_RWSTI360998,24,0,82.91666666666667,,112.0,
GEO0K_K_1_RWSTI361009,24,0,42.583333333333336,,90.0,
GEO0K_K_RWSTI358317,12,0,21.0,,63.0,
GEO0K_K_RWSTI359888,12,0,19.666666666666668,,59.0,
GEO0K_TIID_8422,24,0,44.416666666666664,,98.0,
GEO0K_Z_RWSTI1128,24,0,62.166666666666664,,101.0,
GEO0K_Z_RWSTI1008,24,0,49.166666666666664,,112.0,
GEO0K_TIID_8426,24,0,32.083333333333336,,93.0,
GEO0K_Z_RWSTI836,12,0,24.666666666666668,,74.0,
GEO0K_Z_RWSTI711,12,0,34.333333333333336,,103.0,
GEO0K_Z_RWSTI835,12,0,23.0,,69.0,
GEO0K_TIID_905,12,0,42.5,,87.0,
GEO0K_K_RWSTI357332,24,0,8.333333333333334,,50.0,
GEO0K_K_RWSTI359632,12,0,19.166666666666668,,39.0,
GEO0K_K_RWSTI360643,12,0,0.0,,0.0,
GEO0K_K_RWSTI358785,12,0,41.5,,88.0,
GEO0K_K_RWSTI357331,12,0,32.666666666666664,,68.0,
GEO0K_K_RWSTI358786,12,0,23.333333333333332,,70.0,
GEO0K_K_RWSTI358783,12,0,26.166666666666668,,54.0,
GEO0K_K_RWSTI360645,12,0,49.666666666666664,,77.0,
GEO0K_K_RWSTI357455,12,0,25.333333333333332,,51.0,
GEO0K_K_RWSTI357212,12,0,29.333333333333332,,88.0,
GEO0K_K_RWSTI358784,12,0,0.0,,0.0,
GEO0K_K_RWSTI360404,24,0,27.5,,63.0,
GEO0K_K_RWSTI359755,12,0,38.5,,80.0,
GEO0K_K_RWSTI360642,12,0,0.0,,0.0,
GEO0K_K_RWSTI359756,12,0,26.333333333333332,,79.0,
GEO0K_Z_RWSTI708,24,0,57.916666666666664,,133.0,
GEO0K_K_RWSTI360405,24,0,0.0,,0.0,
GEO0K_K_RWSTI361615,24,0,55.833333333333336,,103.0,
GEO0K_K_RWSTI361616,12,0,46.5,,71.0,
GEO0K_K_RWSTI362948,12,0,42.333333333333336,,86.0,
GEO0K_Z_RWSTI1233,24,0,68.58333333333333,,114.0,
GEO0K_K_RWSTI361941,12,0,21.666666666666668,,65.0,
GEO0K_K_RWSTI361942,12,0,28.0,,84.0,
GEO0K_K_RWSTI360854,12,0,32.666666666666664,,98.0,
GEO0K_K_RWSTI360975,24,0,35.333333333333336,,93.0,
GEO0K_K_RWSTI359663,24,0,49.416666666666664,,118.0,
GEO0K_K_RWSTI360976,12,0,37.5,,80.0,
GEO0K_K_RWSTI358578,12,0,0.0,,0.0,
GEO0K_K_RWSTI360970,24,0,34.5,,76.0,
GEO0K_K_RWSTI358217,12,0,60.333333333333336,,95.0,
GEO0K_K_0_RWSTI358057,12,0,27.0,,81.0,
GEO0K_R_0_RWSTI185,12,0,44.0,,132.0,
GEO0K_K_RWSTI361704,24,0,34.833333333333336,,93.0,
GEO0K_K_RWSTI360978,24,0,60.0,,100.0,
GEO0K_K_RWSTI358208,24,0,24.75,,62.0,
GEO0K_K_RWSTI357112,12,0,0.0,,0.0,
GEO0K_K_RWSTI360863,12,0,59.0,,76.0,
GEO0K_K_RWSTI361952,12,0,47.166666666666664,,74.0,
GEO0K_K_RWSTI357111,12,0,21.333333333333332,,64.0,
GEO0K_K_RWSTI358442,24,0,3.5,,11.0,
GEO0K_K_RWSTI359655,12,0,24.166666666666668,,52.0,
GEO0K_K_RWSTI358563,24,0,15.333333333333334,,92.0,
GEO0K_K_RWSTI359652,12,0,23.166666666666668,,49.0,
GEO0K_K_RWSTI359894,12,0,23.666666666666668,,71.0,
GEO0K_K_RWSTI357113,12,0,20.666666666666668,,62.0,
GEO0K_K_RWSTI358444,36,0,31.666666666666668,,98.0,
GEO0K_K_RWSTI359774,36,0,51.333333333333336,,117.0,
GEO0K_K_RWSTI359658,24,0,57.083333333333336,,126.0,
GEO0K_K_RWSTI358205,24,0,8.666666666666666,,32.0,
GEO0K_K_RWSTI358204,24,0,69.16666666666667,,100.0,
GEO0K_K_RWSTI358207,12,0,20.0,,60.0,
GEO0K_K_RWSTI360862,24,0,35.833333333333336,,93.0,
GEO0K_K_RWSTI360620,36,0,23.77777777777778,,90.0,
GEO0K_K_RWSTI360508,12,0,67.66666666666667,,85.0,
GEO0K_TIID_8536,12,0,32.333333333333336,,97.0,
GEO0K_K_RWSTI359772,12,0,29.666666666666668,,89.0,
GEO0K_K_RWSTI357110,12,0,20.333333333333332,,61.0,
GEO0K_TIID_8538,12,0,28.0,,84.0,
GEO0K_K_RWSTI360627,12,0,0.0,,0.0,
GEO0K_K_RWSTI360628,12,0,0.0,,0.0,
GEO0K_K_RWSTI361523,12,0,15.666666666666666,,47.0,
GEO0K_K_RWSTI358233,12,0,31.0,,93.0,
GEO0K_K_RWSTI360435,12,0,46.333333333333336,,81.0,
GEO0K_K_RWSTI361889,24,0,57.5,,106.0,
GEO0K_K_RWSTI360437,24,0,34.5,,104.0,
GEO0K_K_RWSTI362972,12,0,0.0,,0.0,
GEO0K_K_RWSTI362850,24,0,68.08333333333333,,113.0,
GEO0K_K_RWSTI360433,12,0,26.833333333333332,,44.0,
GEO0K_K_RWSTI358239,24,0,29.5,,73.0,
GEO0K_K_0_RWSTI361562,12,0,49.5,,102.0,
GEO0K_K_RWSTI359683,24,0,37.916666666666664,,85.0,
GEO0K_K_RWSTI359681,12,0,34.333333333333336,,55.0,
GEO0K_K_RWSTI362619,12,0,54.833333333333336,,93.0,
GEO0K_K_RWSTI357143,12,0,29.333333333333332,,88.0,
GEO0K_K_RWSTI359682,12,0,21.666666666666668,,65.0,
GEO0K_K_RWSTI362618,24,0,32.333333333333336,,85.0,
GEO0K_Z_RWSTI637,24,0,0.0,,0.0,
GEO0K_Z_RWSTI1166,24,0,45.416666666666664,,101.0,
GEO0K_K_RWSTI362860,24,0,41.166666666666664,,93.0,
GEO0K_K_RWSTI358465,12,0,37.166666666666664,,75.0,
GEO0K_K_RWSTI362866,12,0,30.5,,73.0,
GEO0K_K_RWSTI360204,12,0,44.833333333333336,,91.0,
GEO0K_K_RWSTI359435,12,0,26.333333333333332,,79.0,
GEO0K_K_RWSTI361656,24,0,21.916666666666668,,95.0,
GEO0K_K_RWSTI362865,24,0,41.416666666666664,,111.0,
GEO0K_K_RWSTI357136,12,0,23.0,,69.0,
GEO0K_K_RWSTI358588,24,0,46.25,,103.0,
GEO0K_K_RWSTI361415,12,0,31.0,,66.0,
GEO0K_K_RWSTI362867,12,0,25.666666666666668,,77.0,
GEO0K_K_RWSTI357256,12,0,40.666666666666664,,84.0,
GEO0K_K_RWSTI358468,12,0,61.166666666666664,,101.0,
GEO0K_K_RWSTI362861,12,0,29.666666666666668,,60.0,
GEO0K_K_RWSTI357139,24,0,45.0,,91.0,
GEO0K_K_0_RWSTI358143,12,0,26.666666666666668,,80.0,
GEO0K_Z_RWSTI2129,24,0,39.75,,102.0,
GEO0K_K_RWSTI360207,24,0,42.666666666666664,,108.0,
GEO0K_TIID_821,12,0,29.666666666666668,,89.0,
GEO0K_K_RWSTI357132,36,0,35.611111111111114,,82.0,
GEO0K_K_RWSTI358221,36,0,26.166666666666668,,82.0,
GEO0K_Z_RWSTI1034,12,0,35.333333333333336,,73.0,
GEO0K_K_RWSTI360690,24,0,43.583333333333336,,120.0,
GEO0K_K_RWSTI358135,12,0,41.166666666666664,,85.0,
GEO0K_K_RWSTI360897,24,0,3.6666666666666665,,10.0,
GEO0K_K_RWSTI357169,12,0,25.666666666666668,,54.0,
GEO0K_K_RWSTI358016,12,0,34.666666666666664,,70.0,
GEO0K_K_RWSTI362956,12,0,0.0,,0.0,
GEO0K_K_RWSTI357168,24,0,4.666666666666667,,28.0,
GEO0K_K_RWSTI358015,12,0,53.833333333333336,,83.0,
GEO0K_TIID_814,12,0,71.83333333333333,,94.0,
GEO0K_K_0_RWSTI357285,24,0,18.416666666666668,,79.0,
GEO0K_K_RWSTI358492,24,0,40.916666666666664,,104.0,
GEO0K_K_RWSTI357160,36,0,41.666666666666664,,88.0,
GEO0K_K_RWSTI357281,36,0,47.05555555555556,,97.0,
GEO0K_K_RWSTI358491,12,0,39.666666666666664,,62.0,
GEO0K_K_RWSTI360658,12,0,0.0,,0.0,
GEO0K_K_RWSTI361747,12,0,48.0,,97.0,
GEO0K_K_RWSTI362958,12,0,0.0,,0.0,
GEO0K_K_RWSTI360659,24,0,15.833333333333334,,95.0,
GEO0K_K_RWSTI357286,12,0,24.166666666666668,,51.0,
GEO0K_K_RWSTI362718,12,0,26.0,,78.0,
GEO0K_K_RWSTI362839,24,0,31.416666666666668,,84.0,
GEO0K_K_RWSTI358495,24,0,39.583333333333336,,101.0,
GEO0K_K_RWSTI362959,12,0,52.0,,82.0,
GEO0K_K_1_RWSTI361267,24,0,38.583333333333336,,104.0,
GEO0K_K_1_RWSTI361263,24,0,31.166666666666668,,102.0,
GEO0K_TIID_925,12,0,32.666666666666664,,98.0,
GEO0K_Z_RWSTI2157,24,0,61.25,,112.0,
GEO0K_Z_RWSTI611,24,0,0.0,,0.0,
GEO0K_Z_RWSTI852,12,0,38.5,,84.0,
GEO0K_Z_RWSTI2031,24,0,49.166666666666664,,103.0,
GEO0K_K_RWSTI361633,24,0,45.916666666666664,,123.0,
GEO0K_K_RWSTI361996,12,0,21.0,,63.0,
GEO0K_K_RWSTI358245,36,0,30.0,,65.0,
GEO0K_K_RWSTI362843,12,0,45.666666666666664,,94.0,
GEO0K_K_RWSTI358247,24,0,34.083333333333336,,78.0,
GEO0K_K_RWSTI358249,24,0,27.666666666666668,,73.0,
GEO0K_K_RWSTI362961,12,0,0.0,,0.0,
GEO0K_K_RWSTI358248,12,0,25.666666666666668,,77.0,
GEO0K_K_RWSTI357159,24,0,31.5,,96.0,
GEO0K_K_RWSTI362960,12,0,0.0,,0.0,
GEO0K_K_RWSTI362963,12,0,19.666666666666668,,59.0,
GEO0K_K_0_RWSTI357396,12,0,25.5,,51.0,
GEO0K_K_RWSTI361632,24,0,18.5,,111.0,
GEO0K_K_RWSTI359217,12,0,25.666666666666668,,52.0,
GEO0K_K_RWSTI362962,12,0,35.0,,70.0,
GEO0K_Z_RWSTI726,24,0,16.5,,30.0,
GEO0K_K_RWSTI362968,12,0,25.0,,75.0,
GEO0K_K_RWSTI362608,12,0,0.0,,0.0,
GEO0K_K_RWSTI359330,12,0,26.0,,78.0,
GEO0K_Z_RWSTI1053,24,0,50.666666666666664,,113.0,
GEO0K_K_RWSTI358830,12,0,32.0,,96.0,
GEO0K_R_RWSTI498,12,0,46.333333333333336,,96.0,
GEO0K_K_RWSTI357861,12,0,49.666666666666664,,79.0,
GEO0K_K_RWSTI357984,12,0,58.166666666666664,,75.0,
GEO0K_R_RWSTI4197,12,0,12.666666666666666,,38.0,
GEO0K_Z_RWSTI2057,24,0,56.166666666666664,,107.0,
GEO0K_K_RWSTI363190,24,0,54.333333333333336,,107.0,
GEO0K_K_RWSTI363199,24,0,41.666666666666664,,104.0,
GEO0K_K_RWSTI356768,12,0,52.833333333333336,,81.0,
GEO0K_Z_RWSTI2170,36,0,19.72222222222222,,56.0,
GEO0K_K_RWSTI363079,12,0,28.666666666666668,,59.0,
GEO0K_R_RWSTI370,12,0,30.666666666666668,,92.0,
GEO0K_R_RWSTI496,12,0,46.333333333333336,,94.0,
GEO0K_K_RWSTI363196,24,0,36.833333333333336,,112.0,
GEO0K_K_RWSTI356760,12,0,24.0,,72.0,
GEO0K_K_RWSTI357971,12,0,60.166666666666664,,74.0,
GEO0K_K_RWSTI357974,48,0,25.541666666666668,,55.0,
GEO0K_K_RWSTI357973,36,0,16.27777777777778,,58.0,
GEO0K_K_RWSTI357612,12,0,35.5,,57.0,
GEO0K_R_RWSTI55,24,0,39.25,,99.0,
GEO0K_R_RWSTI4081,24,0,26.5,,108.0,
GEO0K_K_1_RWSTI362961,12,0,0.0,,0.0,
GEO0K_K_RWSTI363081,12,0,20.0,,60.0,
GEO0K_K_RWSTI363080,12,0,21.166666666666668,,46.0,
GEO0K_K_0_RWSTI362166,12,0,38.666666666666664,,79.0,
GEO0K_K_RWSTI358815,24,0,5.333333333333333,,21.0,
GEO0K_K_RWSTI358937,12,0,53.5,,95.0,
GEO0K_K_RWSTI356638,12,0,29.666666666666668,,89.0,
GEO0K_K_RWSTI358939,24,0,22.583333333333332,,57.0,
GEO0K_K_RWSTI357609,12,0,24.833333333333332,,53.0,
GEO0K_K_1_RWSTI362839,12,0,28.0,,84.0,
GEO0K_K_RWSTI357402,12,0,33.333333333333336,,100.0,
GEO0K_K_1_RWSTI362957,12,0,56.666666666666664,,94.0,
GEO0K_R_RWSTI64,24,0,69.08333333333333,,102.0,
GEO0K_R_RWSTI4097,24,0,41.5,,91.0,
GEO0K_R_RWSTI4096,12,0,18.666666666666668,,56.0,
GEO0K_R_RWSTI67,12,0,49.833333333333336,,101.0,
GEO0K_R_RWSTI4094,12,0,25.333333333333332,,76.0,
GEO0K_K_RWSTI363050,12,0,17.666666666666668,,38.0,
GEO0K_TIID_1179,24,0,54.0,,118.0,
GEO0K_R_RWSTI272,12,0,50.833333333333336,,85.0,
GEO0K_TIID_1051,24,0,44.166666666666664,,115.0,
GEO0K_K_RWSTI359814,12,0,36.5,,75.0,
GEO0K_K_RWSTI362089,12,0,16.0,,48.0,
GEO0K_R_RWSTI277,24,0,45.666666666666664,,120.0,
GEO0K_R_RWSTI274,12,0,17.0,,51.0,
GEO0K_K_RWSTI358601,12,0,22.666666666666668,,68.0,
GEO0K_K_RWSTI359933,12,0,42.666666666666664,,86.0,
GEO0K_K_RWSTI356667,12,0,33.833333333333336,,68.0,
GEO0K_R_RWSTI76,24,0,57.0,,107.0,
GEO0K_K_RWSTI362090,12,0,19.0,,57.0,
GEO0K_K_RWSTI357868,24,0,73.75,,113.0,
GEO0K_R_RWSTI141,12,0,26.666666666666668,,80.0,
GEO0K_K_RWSTI358835,24,0,56.083333333333336,,104.0,
GEO0K_K_RWSTI363068,12,0,38.666666666666664,,78.0,
GEO0K_Z_RWSTI4241,24,0,36.833333333333336,,94.0,
GEO0K_K_RWSTI363062,24,0,64.16666666666667,,107.0,
GEO0K_K_1_RWSTI357358,24,0,0.0,,0.0,
GEO0K_K_RWSTI358630,12,0,18.666666666666668,,56.0,
GEO0K_K_RWSTI357782,24,0,33.833333333333336,,65.0,
GEO0K_K_RWSTI357303,12,0,31.833333333333332,,50.0,
GEO0K_K_RWSTI358513,24,0,39.416666666666664,,105.0,
GEO0K_K_RWSTI357423,12,0,25.333333333333332,,76.0,
GEO0K_K_RWSTI357302,24,0,8.166666666666666,,31.0,
GEO0K_K_RWSTI357668,12,0,0.0,,0.0,
GEO0K_K_RWSTI357426,12,0,16.666666666666668,,50.0,
GEO0K_K_RWSTI358514,24,0,48.666666666666664,,93.0,
GEO0K_K_RWSTI357425,12,0,22.666666666666668,,68.0,
GEO0K_K_RWSTI600,24,0,58.166666666666664,,115.0,
GEO0K_K_RWSTI601,24,0,44.5,,111.0,
GEO0K_K_RWSTI360956,24,0,39.25,,88.0,
GEO0K_K_1_RWSTI361562,12,0,63.0,,107.0,
GEO0K_K_RWSTI360957,12,0,27.0,,81.0,
GEO0K_K_RWSTI360716,12,0,58.666666666666664,,90.0,
GEO0K_K_RWSTI356691,12,0,20.333333333333332,,61.0,
GEO0K_Z_RWSTI2098,36,0,23.666666666666668,,59.0,
GEO0K_R_RWSTI92,12,0,47.5,,76.0,
GEO0K_K_RWSTI359715,24,0,48.583333333333336,,88.0,
GEO0K_K_RWSTI357772,12,0,32.0,,96.0,
GEO0K_K_RWSTI361932,12,0,43.833333333333336,,92.0,
GEO0K_K_RWSTI356684,24,0,24.0,,78.0,
GEO0K_K_RWSTI357776,12,0,38.833333333333336,,61.0,
GEO0K_K_RWSTI358624,24,0,36.333333333333336,,79.0,
GEO0K_K_RWSTI361935,12,0,24.666666666666668,,74.0,
GEO0K_K_RWSTI360968,24,0,26.0,,82.0,
GEO0K_K_RWSTI360969,24,0,39.416666666666664,,103.0,
GEO0K_K_RWSTI359827,12,0,26.333333333333332,,79.0,
GEO0K_R_RWSTI161,24,0,59.5,,113.0,
GEO0K_K_RWSTI359826,12,0,32.0,,96.0,
GEO0K_R_RWSTI0537A,24,0,57.583333333333336,,110.0,
GEO0K_R_RWSTI165,24,0,42.583333333333336,,111.0,
GEO0K_K_RWSTI359863,36,0,31.666666666666668,,89.0,
GEO0K_K_RWSTI357200,12,0,20.666666666666668,,62.0,
GEO0K_K_RWSTI357684,12,0,25.666666666666668,,77.0,
GEO0K_K_RWSTI358775,12,0,18.333333333333332,,55.0,
GEO0K_K_RWSTI357443,24,0,38.416666666666664,,81.0,
GEO0K_K_RWSTI359626,36,0,42.833333333333336,,102.0,
GEO0K_K_RWSTI357203,12,0,27.666666666666668,,83.0,
GEO0K_K_RWSTI359623,12,0,39.833333333333336,,61.0,
GEO0K_K_RWSTI357689,12,0,28.333333333333332,,85.0,
GEO0K_K_RWSTI360818,24,0,27.5,,88.0,
GEO0K_K_RWSTI358770,12,0,27.0,,58.0,
GEO0K_K_1_RWSTI358490,12,0,38.5,,83.0,
GEO0K_K_1_RWSTI357285,12,0,40.0,,80.0,
GEO0K_K_RWSTI358408,12,0,50.833333333333336,,81.0,
GEO0K_K_RWSTI357796,12,0,8.0,,24.0,
GEO0K_K_RWSTI360701,24,0,40.166666666666664,,104.0,
GEO0K_K_RWSTI358765,24,0,22.333333333333332,,70.0,
GEO0K_K_RWSTI358886,24,0,9.416666666666666,,21.0,
GEO0K_K_RWSTI360947,12,0,37.666666666666664,,59.0,
GEO0K_K_1_RWSTI357396,12,0,30.333333333333332,,91.0,
GEO0K_R_RWSTI186,24,0,49.5,,115.0,
GEO0K_K_RWSTI363588,36,0,17.333333333333332,,83.0,
GEO0K_K_0_RWSTI357781,12,0,26.0,,78.0,
GEO0K_R_RWSTI4230,12,0,27.333333333333332,,82.0,
GEO0K_TIID_1347,24,0,0.0,,0.0,
GEO0K_TIID_1104,24,0,45.25,,117.0,
GEO0K_TIID_1346,24,0,59.583333333333336,,110.0,
GEO0K_K_1_RWSTI357781,24,0,41.583333333333336,,108.0,
GEO0K_K_RWSTI361175,24,0,12.333333333333334,,39.0,
GEO0K_Z_RWSTI1252A,12,0,25.166666666666668,,52.0,
GEO0K_K_RWSTI363234,12,0,0.0,,0.0,
GEO0K_K_RWSTI361176,24,0,26.083333333333332,,57.0,
GEO0K_K_RWSTI361177,24,0,23.75,,59.0,
GEO0K_R_RWSTI4229,12,0,25.666666666666668,,77.0,
GEO0K_K_1_RWSTI357777,12,0,42.333333333333336,,91.0,
GEO0K_K_RWSTI363599,12,0,43.166666666666664,,97.0,
GEO0K_K_RWSTI361178,12,0,27.0,,81.0,
GEO0K_Z_RWSTI4069,24,0,25.083333333333332,,62.0,
GEO0K_R_RWSTI4118,24,0,40.833333333333336,,109.0,
GEO0K_R_RWSTI4117,12,0,44.666666666666664,,97.0,
GEO0K_K_RWSTI361180,24,0,37.916666666666664,,92.0,
GEO0K_Z_RWSTIN326,12,0,41.666666666666664,,89.0,
GEO0K_Z_0_RWSTI1107,24,0,15.666666666666666,,94.0,
GEO0K_R_RWSTI4353,24,0,53.083333333333336,,111.0,
GEO0K_K_RWSTI359071,12,0,44.166666666666664,,94.0,
GEO0K_Z_RWSTIN323,12,0,44.833333333333336,,93.0,
GEO0K_Z_RWSTI148,24,0,4.083333333333333,,8.0,
GEO0K_K_RWSTI361188,12,0,37.5,,59.0,
GEO0K_K_RWSTI362391,12,0,30.666666666666668,,62.0,
GEO0K_Z_RWSTI262,24,0,8.5,,19.0,
GEO0K_K_0_RWSTI357899,12,0,27.833333333333332,,56.0,
GEO0K_R_RWSTI555,24,0,41.5,,110.0,
GEO0K_TIID_8084,12,0,49.166666666666664,,75.0,
GEO0K_K_RWSTI360056,12,0,40.166666666666664,,83.0,
GEO0K_K_RWSTI363566,24,0,41.833333333333336,,115.0,
GEO0K_K_RWSTI362597,12,0,38.166666666666664,,80.0,
GEO0K_K_RWSTI363205,12,0,33.333333333333336,,100.0,
GEO0K_R_RWSTI4130,12,0,18.666666666666668,,56.0,
GEO0K_TIID_1207,24,0,19.0,,114.0,
GEO0K_R_RWSTI4011,24,0,52.833333333333336,,99.0,
GEO0K_R_RWSTI4004,12,0,38.5,,85.0,
GEO0K_Z_RWSTI495,24,0,37.0,,64.0,
GEO0K_Z_RWSTI131,24,0,59.166666666666664,,97.0,
GEO0K_K_RWSTI361153,24,0,2.75,,7.0,
GEO0K_K_1_RWSTI358971,24,0,7.75,,18.0,
GEO0K_K_RWSTI361154,12,0,27.166666666666668,,57.0,
GEO0K_K_RWSTI361155,12,0,40.666666666666664,,63.0,
GEO0K_K_RWSTI362361,24,0,46.583333333333336,,109.0,
GEO0K_TIID_8083,24,0,24.166666666666668,,79.0,
GEO0K_K_RWSTI361039,24,0,50.916666666666664,,110.0,
GEO0K_R_RWSTI301,24,0,48.416666666666664,,111.0,
GEO0K_K_RWSTI362367,12,0,0.0,,0.0,
GEO0K_K_RWSTI361278,12,0,47.333333333333336,,96.0,
GEO0K_R_RWSTI546,24,0,47.0,,106.0,
GEO0K_K_RWSTI363579,12,0,28.333333333333332,,85.0,
GEO0K_K_RWSTI363578,24,0,0.0,,0.0,
GEO0K_K_RWSTI363215,12,0,35.833333333333336,,73.0,
GEO0K_K_RWSTI361159,12,0,17.5,,36.0,
GEO0K_R_RWSTI4141,12,0,0.0,,0.0,
GEO0K_R_RWSTI4140,12,0,39.0,,84.0,
GEO0K_TIID_686,12,0,24.0,,51.0,
GEO0K_K_1_TIID_1009,12,0,47.5,,95.0,
GEO0K_R_RWSTI4139,12,0,25.333333333333332,,52.0,
GEO0K_Z_RWSTIN304,12,0,20.0,,60.0,
GEO0K_Z_RWSTIN303,12,0,26.333333333333332,,53.0,
GEO0K_R_RWSTI4012,24,0,45.583333333333336,,97.0,
GEO0K_Z_RWSTIN301,12,0,19.333333333333332,,58.0,
GEO0K_Z_RWSTI489,24,0,50.5,,94.0,
GEO0K_K_RWSTI357901,12,0,28.333333333333332,,85.0,
GEO0K_K_RWSTI360197,12,0,25.333333333333332,,76.0,
GEO0K_K_RWSTI356814,12,0,38.5,,77.0,
GEO0K_K_RWSTI363580,12,0,42.666666666666664,,87.0,
GEO0K_K_RWSTI363582,12,0,23.666666666666668,,71.0,
GEO0K_Z_RWSTI481,24,0,53.833333333333336,,100.0,
GEO0K_K_RWSTI356731,12,0,46.666666666666664,,101.0,
GEO0K_R_RWSTI219,24,0,50.5,,116.0,
GEO0K_R_RWSTI4393,12,0,38.333333333333336,,61.0,
GEO0K_K_RWSTI362180,12,0,41.5,,84.0,
GEO0K_TIID_1033,24,0,54.833333333333336,,101.0,
GEO0K_TIID_1274,24,0,65.08333333333333,,115.0,
GEO0K_R_RWSTI4388,24,0,16.0,,96.0,
GEO0K_K_RWSTI356603,12,0,13.666666666666666,,41.0,
GEO0K_K_RWSTI357812,12,0,0.0,,0.0,
GEO0K_K_RWSTI362189,36,0,11.555555555555555,,41.0,
GEO0K_K_RWSTI356725,12,0,48.666666666666664,,100.0,
GEO0K_K_RWSTI356727,12,0,35.5,,75.0,
GEO0K_K_RWSTI363031,12,0,20.333333333333332,,31.0,
GEO0K_R_RWSTI567,24,0,55.0,,111.0,
GEO0K_K_RWSTI357930,12,0,37.166666666666664,,78.0,
GEO0K_R_RWSTI329,12,0,0.0,,0.0,
GEO0K_R_RWSTI327,12,0,32.166666666666664,,67.0,
GEO0K_K_RWSTI357810,12,0,34.5,,69.0,
GEO0K_TIID_1046,24,0,53.083333333333336,,98.0,
GEO0K_R_RWSTI4038,24,0,42.833333333333336,,80.0,
GEO0K_K_RWSTI363160,12,0,55.666666666666664,,84.0,
GEO0K_K_0_RWSTI363056,12,0,21.333333333333332,,64.0,
GEO0K_TIID_1043,12,0,38.0,,80.0,
GEO0K_K_RWSTI363045,12,0,44.666666666666664,,91.0,
GEO0K_K_RWSTI357925,12,0,23.333333333333332,,70.0,
GEO0K_K_RWSTI356835,12,0,31.333333333333332,,94.0,
GEO0K_TIID_1160,24,0,69.0,,114.0,
GEO0K_K_RWSTI357806,12,0,27.5,,57.0,
GEO0K_Z_RWSTI182,12,0,57.0,,97.0,
GEO0K_K_RWSTI357805,24,0,54.666666666666664,,101.0,
GEO0K_K_1_RWSTI358422,12,0,28.0,,84.0,
GEO0K_K_RWSTI362196,36,0,0.0,,0.0,
GEO0K_K_RWSTI356719,12,0,40.333333333333336,,82.0,
GEO0K_K_RWSTI357929,24,0,30.583333333333332,,71.0,
GEO0K_K_RWSTI356991,24,0,38.583333333333336,,80.0,
GEO0K_R_RWSTI476,12,0,39.666666666666664,,62.0,
GEO0K_R_RWSTI598,24,0,38.75,,101.0,
GEO0K_Z_RWSTI180,12,0,61.833333333333336,,98.0,
GEO0K_K_RWSTI356632,12,0,40.666666666666664,,85.0,
GEO0K_K_1_RWSTI360612,24,0,46.833333333333336,,127.0,
GEO0K_K_RWSTI357962,12,0,68.33333333333333,,85.0,
GEO0K_K_RWSTI363004,12,0,56.166666666666664,,87.0,
GEO0K_K_RWSTI357602,24,0,22.166666666666668,,68.0,
GEO0K_K_RWSTI362039,12,0,27.666666666666668,,83.0,
GEO0K_K_RWSTI356633,12,0,23.666666666666668,,71.0,
GEO0K_Z_RWSTI1101A,12,0,37.166666666666664,,53.0,
GEO0K_K_RWSTI357835,12,0,27.0,,81.0,
GEO0K_K_RWSTI362043,12,0,19.333333333333332,,58.0,
GEO0K_K_RWSTI358926,12,0,12.666666666666666,,38.0,
GEO0K_K_RWSTI363495,12,0,37.0,,60.0,
GEO0K_K_RWSTI363256,12,0,24.666666666666668,,50.0,
GEO0K_K_RWSTI358802,24,0,20.0,,61.0,
GEO0K_K_RWSTI363255,12,0,31.666666666666668,,66.0,
GEO0K_K_RWSTI363371,12,0,30.666666666666668,,92.0,
GEO0K_K_RWSTI363370,12,0,26.666666666666668,,80.0,
GEO0K_R_RWSTI112,24,0,64.66666666666667,,122.0,
GEO0K_R_RWSTI475,12,0,29.666666666666668,,89.0,
GEO0K_K_RWSTI363252,12,0,28.0,,84.0,
GEO0K_K_RWSTI358927,12,0,35.0,,44.0,
GEO0K_K_RWSTI358928,12,0,3.5,,9.0,
GEO0K_R_1_RWSTI185,24,0,52.166666666666664,,116.0,
GEO0K_K_RWSTI363379,12,0,41.333333333333336,,83.0,
GEO0K_K_RWSTI358800,24,0,11.583333333333334,,47.0,
GEO0K_K_RWSTI363258,12,0,23.333333333333332,,70.0,
GEO0K_K_RWSTI363378,12,0,24.666666666666668,,74.0,
GEO0K_K_RWSTI358801,12,0,18.0,,54.0,
GEO0K_K_RWSTI363018,24,0,30.166666666666668,,85.0,
GEO0K_K_RWSTI357832,12,0,29.333333333333332,,88.0,
GEO0K_TIID_1018,24,0,51.25,,118.0,
GEO0K_K_RWSTI363380,12,0,0.0,,0.0,
GEO0K_Z_RWSTIN227,12,0,25.666666666666668,,54.0,
GEO0K_TIID_1264,24,0,56.916666666666664,,108.0,
GEO0K_K_RWSTI363385,12,0,40.666666666666664,,88.0,
GEO0K_K_RWSTI362054,12,0,38.166666666666664,,79.0,
GEO0K_R_RWSTI362560,12,0,28.666666666666668,,86.0,
GEO0K_K_RWSTI362057,12,0,9.333333333333334,,28.0,
GEO0K_K_RWSTI363382,12,0,22.333333333333332,,67.0,
GEO0K_Z_RWSTI28,24,0,50.916666666666664,,96.0,
GEO0K_K_RWSTI363381,12,0,39.0,,80.0,
GEO0K_K_RWSTI363384,12,0,15.333333333333334,,46.0,
GEO0K_K_RWSTI358916,12,0,33.5,,68.0,
GEO0K_R_RWSTI362561,24,0,45.0,,114.0,
GEO0K_K_RWSTI363383,12,0,63.166666666666664,,100.0,
GEO0K_K_RWSTI363262,12,0,57.5,,94.0,
GEO0K_TIID_871,24,0,57.583333333333336,,107.0,
GEO0K_K_RWSTI358035,12,0,34.666666666666664,,104.0,
GEO0K_K_RWSTI358277,24,0,47.916666666666664,,91.0,
GEO0K_K_RWSTI363626,12,0,8.666666666666666,,15.0,
GEO0K_K_RWSTI360232,12,0,22.666666666666668,,68.0,
GEO0K_K_RWSTI361563,12,0,29.333333333333332,,64.0,
GEO0K_K_RWSTI363620,24,0,35.333333333333336,,86.0,
GEO0K_K_RWSTI358270,12,0,20.333333333333332,,61.0,
GEO0K_TIID_998,24,0,0.0,,0.0,
GEO0K_K_RWSTI358034,12,0,31.0,,62.0,
GEO0K_K_RWSTI358033,24,0,40.833333333333336,,108.0,
GEO0K_K_RWSTI363630,12,0,0.0,,0.0,
GEO0K_K_RWSTI362541,12,0,22.666666666666668,,68.0,
GEO0K_Z_RWSTI790,24,0,42.333333333333336,,109.0,
GEO0K_K_RWSTI359236,12,0,23.333333333333332,,70.0,
GEO0K_K_RWSTI363636,12,0,26.166666666666668,,53.0,
GEO0K_K_RWSTI363635,12,0,21.666666666666668,,65.0,
GEO0K_K_RWSTI359235,24,0,10.833333333333334,,23.0,
GEO0K_K_RWSTI362542,12,0,54.333333333333336,,95.0,
GEO0K_K_RWSTI363631,12,0,35.166666666666664,,61.0,
GEO0K_K_RWSTI363634,12,0,0.0,,0.0,
GEO0K_K_RWSTI359238,24,0,26.583333333333332,,68.0,
GEO0K_K_RWSTI363633,36,0,11.11111111111111,,53.0,
GEO0K_K_RWSTI357170,12,0,27.833333333333332,,58.0,
GEO0K_K_RWSTI359471,12,0,32.833333333333336,,66.0,
GEO0K_K_1_RWSTI362166,12,0,59.0,,90.0,
GEO0K_K_RWSTI358144,24,0,40.666666666666664,,75.0,
GEO0K_K_RWSTI359472,24,0,35.166666666666664,,123.0,
GEO0K_K_RWSTI359230,12,0,0.0,,0.0,
GEO0K_Z_RWSTI664,24,0,56.083333333333336,,88.0,
GEO0K_Z_RWSTI300,24,0,53.25,,97.0,
GEO0K_Z_RWSTI544,24,0,59.0,,114.0,
GEO0K_K_RWSTI363520,12,0,29.0,,87.0,
GEO0K_R_RWSTI1006,12,0,60.166666666666664,,97.0,
GEO0K_K_RWSTI363605,12,0,31.333333333333332,,69.0,
GEO0K_K_RWSTI362879,12,0,32.666666666666664,,98.0,
GEO0K_K_RWSTI363604,24,0,28.166666666666668,,86.0,
GEO0K_K_RWSTI358059,12,0,0.0,,0.0,
GEO0K_K_RWSTI359026,12,0,33.166666666666664,,70.0,
GEO0K_K_RWSTI362994,12,0,48.333333333333336,,78.0,
GEO0K_K_RWSTI361662,24,0,0.0,,0.0,
GEO0K_K_1_RWSTI357804,24,0,42.583333333333336,,98.0,
GEO0K_K_RWSTI362993,12,0,16.0,,48.0,
GEO0K_Z_RWSTI77,24,0,55.666666666666664,,105.0,
GEO0K_K_0_RWSTI362839,12,0,34.833333333333336,,71.0,
GEO0K_TIID_8125,24,0,62.5,,117.0,
GEO0K_K_RWSTI357081,12,0,32.333333333333336,,66.0,
GEO0K_TIID_976,24,0,49.083333333333336,,111.0,
GEO0K_K_RWSTI357086,12,0,25.833333333333332,,53.0,
GEO0K_K_RWSTI359023,12,0,34.0,,71.0,
GEO0K_K_RWSTI358054,12,0,24.0,,72.0,
GEO0K_K_RWSTI358053,36,0,19.88888888888889,,65.0,
GEO0K_K_RWSTI363606,36,0,44.44444444444444,,124.0,
GEO0K_K_RWSTI357087,12,0,37.5,,75.0,
GEO0K_K_RWSTI361790,24,0,31.916666666666668,,100.0,
GEO0K_K_RWSTI362880,24,0,47.5,,111.0,
GEO0K_K_RWSTI361671,24,0,51.916666666666664,,116.0,
GEO0K_R_RWSTI4407,12,0,3.3333333333333335,,7.0,
GEO0K_K_RWSTI363614,12,0,22.5,,35.0,
GEO0K_K_0_RWSTI357358,12,0,0.0,,0.0,
GEO0K_K_RWSTI363613,12,0,29.666666666666668,,60.0,
GEO0K_K_RWSTI360226,12,0,34.333333333333336,,103.0,
GEO0K_K_RWSTI363616,12,0,34.833333333333336,,56.0,
GEO0K_K_RWSTI360227,12,0,0.0,,0.0,
GEO0K_K_RWSTI363615,12,0,18.333333333333332,,55.0,
GEO0K_TIID_8252,12,0,44.833333333333336,,91.0,
GEO0K_K_RWSTI360223,12,0,22.666666666666668,,47.0,
GEO0K_K_RWSTI363611,12,0,27.666666666666668,,83.0,
GEO0K_K_RWSTI361676,24,0,56.166666666666664,,104.0,
GEO0K_TIID_8138,12,0,0.0,,0.0,
GEO0K_R_1_RWSTI362562,24,0,45.833333333333336,,123.0,
GEO0K_Z_RWSTI61,24,0,42.833333333333336,,80.0,
GEO0K_K_RWSTI363617,12,0,26.666666666666668,,80.0,
GEO0K_K_RWSTI357198,24,0,52.75,,99.0,
GEO0K_Z_RWSTI766,12,0,32.333333333333336,,70.0,
GEO0K_R_RWSTI1147,24,0,55.75,,111.0,
GEO0K_Z_RWSTI763,24,0,47.333333333333336,,105.0,
GEO0K_Z_RWSTI520,24,0,55.833333333333336,,104.0,
GEO0K_R_RWSTI1021,24,0,46.666666666666664,,114.0,
GEO0K_Z_RWSTI644,24,0,51.833333333333336,,100.0,
GEO0K_Z_RWSTI765,12,0,36.333333333333336,,78.0,
GEO0K_R_1_RWSTI4431,24,0,46.166666666666664,,100.0,
GEO0K_TIID_8062,24,0,51.0,,118.0,
GEO0K_K_RWSTI363549,12,0,44.0,,98.0,
GEO0K_TIID_8065,12,0,0.0,,0.0,
GEO0K_Z_RWSTI97,24,0,57.083333333333336,,114.0,
GEO0K_Z_RWSTI96,24,0,69.25,,114.0,
GEO0K_K_RWSTI361366,24,0,58.75,,127.0,
GEO0K_K_RWSTI361488,24,0,56.583333333333336,,108.0,
GEO0K_Z_RWSTI1207,12,0,29.666666666666668,,89.0,
GEO0K_Z_RWSTI1208,12,0,0.0,,0.0,
GEO0K_K_RWSTI359043,12,0,42.166666666666664,,90.0,
GEO0K_Z_RWSTI1201,12,0,43.0,,90.0,
GEO0K_Z_RWSTI1203,36,0,44.388888888888886,,108.0,
GEO0K_R_RWSTI60A,12,0,59.333333333333336,,93.0,
GEO0K_K_RWSTI363551,24,0,20.0,,42.0,
GEO0K_K_RWSTI362341,24,0,39.416666666666664,,89.0,
GEO0K_K_RWSTI363550,12,0,36.833333333333336,,75.0,
GEO0K_K_RWSTI362461,12,0,0.0,,0.0,
GEO0K_K_RWSTI362343,12,0,25.666666666666668,,77.0,
GEO0K_K_RWSTI362342,12,0,25.333333333333332,,52.0,
GEO0K_N_RWSTI001,24,0,55.083333333333336,,93.0,
GEO0K_K_RWSTI362108,12,0,27.5,,57.0,
GEO0K_K_RWSTI361013,24,0,40.75,,107.0,
GEO0K_K_RWSTI361498,12,0,19.666666666666668,,59.0,
GEO0K_K_0_RWSTI358422,12,0,25.333333333333332,,76.0,
GEO0K_K_RWSTI360047,12,0,27.166666666666668,,55.0,
GEO0K_TIID_1_948,12,0,29.0,,87.0,
GEO0K_K_RWSTI358186,12,0,53.166666666666664,,84.0,
GEO0K_TIID_787,24,0,51.0,,109.0,
GEO0K_K_RWSTI358188,12,0,29.666666666666668,,89.0,
GEO0K_K_0_RWSTI360623,12,0,37.833333333333336,,76.0,
GEO0K_Z_RWSTI228,24,0,44.333333333333336,,122.0,
GEO0K_K_1_RWSTI363056,24,0,33.0,,91.0,
GEO0K_Z_RWSTI588,24,0,40.916666666666664,,101.0,
GEO0K_K_RWSTI360173,12,0,36.333333333333336,,109.0,
GEO0K_K_RWSTI363562,24,0,30.0,,78.0,
GEO0K_K_RWSTI362593,12,0,53.833333333333336,,82.0,
GEO0K_K_RWSTI363561,24,0,45.25,,99.0,
GEO0K_Z_RWSTI222,24,0,42.833333333333336,,111.0,
GEO0K_Z_RWSTI100,24,0,54.583333333333336,,126.0,
GEO0K_K_RWSTI363563,12,0,0.0,,0.0,
GEO0K_K_RWSTI362595,12,0,17.0,,51.0,
GEO0K_TIID_8070,24,0,49.583333333333336,,113.0,
GEO0K_K_RWSTI360172,24,0,51.166666666666664,,115.0,
GEO0K_K_RWSTI363526,36,0,9.666666666666666,,87.0,
GEO0K_K_RWSTI362558,12,0,30.833333333333332,,64.0,
GEO0K_K_RWSTI363646,12,0,33.0,,69.0,
GEO0K_TIID_8041,12,0,46.166666666666664,,77.0,
GEO0K_K_RWSTI362318,12,0,0.0,,0.0,
GEO0K_K_RWSTI360018,12,0,20.0,,60.0,
GEO0K_K_RWSTI363528,12,0,47.833333333333336,,73.0,
GEO0K_K_RWSTI360019,12,0,27.666666666666668,,83.0,
GEO0K_K_RWSTI362559,12,0,40.5,,72.0,
GEO0K_K_RWSTI363527,12,0,0.0,,0.0,
GEO0K_K_RWSTI360013,12,0,22.666666666666668,,68.0,
GEO0K_K_RWSTI363402,12,0,45.166666666666664,,95.0,
GEO0K_Z_RWSTIN299,24,0,41.416666666666664,,93.0,
GEO0K_K_RWSTI359184,24,0,37.333333333333336,,67.0,
GEO0K_K_RWSTI359185,24,0,0.0,,0.0,
GEO0K_Z_RWSTIN298,24,0,54.166666666666664,,91.0,
GEO0K_R_RWSTI4451,36,0,44.333333333333336,,116.0,
GEO0K_Z_RWSTIN175,12,0,19.666666666666668,,59.0,
GEO0K_K_RWSTI363529,12,0,31.666666666666668,,95.0,
GEO0K_TIID_777,24,0,60.916666666666664,,113.0,
GEO0K_K_0_TIID_1009,12,0,35.166666666666664,,55.0,
GEO0K_TIID_774,12,0,10.333333333333334,,19.0,
GEO0K_TIID_775,24,0,41.25,,92.0,
GEO0K_R_RWSTI4445,12,0,20.333333333333332,,61.0,
GEO0K_K_RWSTI359180,12,0,0.0,,0.0,
GEO0K_K_RWSTI359181,12,0,0.0,,0.0,
GEO0K_Z_RWSTI578,12,0,24.666666666666668,,74.0,
GEO0K_R_RWSTI4444,12,0,41.0,,86.0,
GEO0K_Z_RWSTI215,36,0,44.666666666666664,,111.0,
GEO0K_K_RWSTI363658,12,0,31.333333333333332,,94.0,
GEO0K_K_RWSTI362569,12,0,43.5,,71.0,
GEO0K_K_RWSTI363657,12,0,24.0,,72.0,
GEO0K_R_RWSTI501,12,0,41.333333333333336,,62.0,
GEO0K_K_RWSTI361117,24,0,39.416666666666664,,86.0,
GEO0K_K_RWSTI362205,12,0,16.666666666666668,,36.0,
GEO0K_K_RWSTI363659,12,0,52.666666666666664,,85.0,
GEO0K_TIID_8054,12,0,57.333333333333336,,88.0,
GEO0K_K_RWSTI363654,12,0,23.666666666666668,,71.0,
GEO0K_K_RWSTI361355,24,0,55.833333333333336,,124.0,
GEO0K_K_RWSTI363653,24,0,37.25,,87.0,
GEO0K_K_1_RWSTI356868,24,0,29.25,,66.0,
GEO0K_K_RWSTI360025,12,0,36.5,,76.0,
GEO0K_K_RWSTI363655,12,0,27.333333333333332,,82.0,
GEO0K_K_RWSTI363534,24,0,52.166666666666664,,101.0,
GEO0K_K_RWSTI359173,12,0,23.0,,69.0,
GEO0K_K_RWSTI358082,12,0,30.0,,90.0,
GEO0K_K_RWSTI359174,12,0,18.0,,54.0,
GEO0K_TIID_646,24,0,59.833333333333336,,119.0,
GEO0K_Z_RWSTI1217,24,0,43.416666666666664,,110.0,
GEO0K_TIID_887,12,0,22.666666666666668,,68.0,
GEO0K_K_RWSTI362209,36,0,0.0,,0.0,
GEO0K_K_RWSTI359175,12,0,17.166666666666668,,35.0,
GEO0K_Z_RWSTI327,24,0,49.5,,109.0,
GEO0K_R_RWSTI4458,12,0,46.333333333333336,,94.0,
GEO0K_Z_RWSTI1211,12,0,32.0,,96.0,
GEO0K_Z_RWSTI204,24,0,49.75,,112.0,
GEO0K_K_RWSTI358081,24,0,39.916666666666664,,102.0,
GEO0K_Z_RWSTI1213,12,0,56.0,,89.0,
GEO0K_K_RWSTI363660,12,0,26.666666666666668,,80.0,
GEO0K_K_RWSTI362574,12,0,78.83333333333333,,103.0,
GEO0K_K_RWSTI362210,24,0,20.25,,89.0,
GEO2A__R_RWSTI363111,12,0,29.333333333333332,,90.0,
GEO2A_R_RWSTI356567,12,0,21.333333333333332,,66.0,
GEO2A__R_RWSTI363110,12,0,28.333333333333332,,87.0,
GEO2A__R_RWSTI363113,12,0,26.666666666666668,,82.0,
GEO2A__R_RWSTI363112,12,0,56.833333333333336,,88.0,
GEO2A__R_RWSTI362821,12,0,58.333333333333336,,91.0,
GEO2A_R_RWSTI101007_00,12,0,58.166666666666664,,73.0,
GEO2A__R_RWSTI363109,12,0,27.666666666666668,,85.0,
GEO2A_R_RWSTI362214,24,0,22.666666666666668,,96.0,
GEO2A_R_RWSTI362216,12,0,36.666666666666664,,78.0,
GEO2A__R_RWSTI362815,12,0,53.666666666666664,,82.0,
GEO2A__R_RWSTI362817,12,0,41.833333333333336,,88.0,
GEO2A_R_RWSTI363420,12,0,12.0,,38.0,
GEO2A__R_RWSTI362818,12,0,55.666666666666664,,85.0,
GEO2A_R_RWSTI362453,24,0,41.583333333333336,,79.0,
GEO2A_R_RWSTI362454,24,0,37.583333333333336,,86.0,
GEO2A_R_RWSTI361920_01,12,0,23.0,,71.0,
GEO2A_R_RWSTI101007_01,12,0,23.666666666666668,,73.0,
GEO2A_R_RWSTI363090,12,0,21.0,,65.0,
GEO2A_R_RWSTI361920_00,12,0,43.5,,73.0,
GEO2A__R_RWSTI363222,24,0,39.0,,85.0,
GEO2A_R_RWSTI361900,24,0,40.916666666666664,,107.0,
GEO2A__R_RWSTI363225,24,0,46.5,,102.0,
GEO2A__RWSTI362820,12,0,43.333333333333336,,95.0,
GEO2A__R_RWSTI361960,12,0,38.166666666666664,,82.0,
GEO2A_R_RWSTI363405,12,0,30.333333333333332,,63.0,
GEO2A__R_RWSTI361961,12,0,27.0,,58.0,
GEO2A__R_RWSTI363107,12,0,46.833333333333336,,96.0,
GEO2A_R_RWSTI362686,12,0,30.166666666666668,,64.0,
GEO2A_R_RWSTI362440,24,0,46.416666666666664,,121.0,
GEO2A_R_RWSTI362685,12,0,17.333333333333332,,54.0,
GEO2A_R_RWSTI363096,12,0,23.833333333333332,,50.0,
GEO2A_R_RWSTI363092,12,0,17.666666666666668,,55.0,
GEO2A_R_RWSTI363093,12,0,63.5,,100.0,
GEO2A_R_RWSTI363094,12,0,31.333333333333332,,96.0,
GEO2A_R_RWSTI363095,12,0,20.333333333333332,,63.0,
GEO2A_R_RWSTI999999,12,0,57.833333333333336,,91.0,
GEO2A_R_RWSTI362789,24,0,41.666666666666664,,113.0,
GEO2A__R_RWSTI362721,12,0,24.0,,74.0,
GEO2A_R_RWSTI360925,12,0,23.0,,71.0,
GEO2A_R_RWSTI362312,12,0,25.333333333333332,,78.0,
GEO2A_R_RWSTI362796,12,0,22.0,,68.0,
GEO2A__R_RWSTI700,24,0,46.416666666666664,,107.0,
GEO2A_R_RWSTI362555,12,0,24.0,,74.0,
GEO2A__R_RWSTI702,24,0,41.75,,111.0,
GEO2A_R_RWSTI362798,12,0,43.833333333333336,,68.0,
GEO2A__R_RWSTI701,24,0,52.333333333333336,,130.0,
GEO2A_R_RWSTI362671,24,0,62.916666666666664,,118.0,
GEO2A_R_RWSTI362792,24,0,27.75,,62.0,
GEO2A__R_RWSTI704,24,0,31.166666666666668,,103.0,
GEO2A_R_RWSTI362793,12,0,47.166666666666664,,75.0,
GEO2A_R_RWSTI362551,12,0,37.333333333333336,,76.0,
GEO2A__R_RWSTI703,24,0,28.833333333333332,,93.0,
GEO2A_R_RWSTI362552,12,0,22.333333333333332,,69.0,
GEO2A_R_RWSTI362553,24,0,59.0,,120.0,
GEO2A__R_RWSTI705,24,0,45.75,,99.0,
GEO2A_R_RWSTI362674,24,0,48.583333333333336,,107.0,
GEO2A_R_RWSTI363085,12,0,53.833333333333336,,85.0,
GEO2A_R_RWSTI101001_00,24,0,48.833333333333336,,91.0,
GEO2A_R_RWSTI363086,12,0,27.333333333333332,,58.0,
GEO2A_R_RWSTI362790,36,0,15.777777777777779,,48.0,
GEO2A_R_RWSTI101001_01,24,0,47.083333333333336,,104.0,
GEO2A_R_RWSTI363087,12,0,32.0,,98.0,
GEO2A_R_RWSTI362791,36,0,15.444444444444445,,63.0,
GEO2A_R_RWSTI362670,24,0,54.0,,113.0,
GEO2A_R_RWSTI363083,12,0,52.0,,89.0,
GEO2A_R_RWSTI363084,12,0,55.333333333333336,,84.0,
GEO2A__R_RWSTI363362,24,0,57.25,,113.0,
GEO2A_R_RWSTI362778,12,0,39.333333333333336,,81.0,
GEO2A_R_RWSTI362899,12,0,49.166666666666664,,76.0,
GEO2A_R_RWSTI362539,24,0,31.916666666666668,,82.0,
GEO2A_R_RWSTI361699,12,0,32.833333333333336,,70.0,
GEO2A_R_RWSTI362540,12,0,40.5,,92.0,
GEO2A_R_RWSTI101006_00,24,0,62.416666666666664,,104.0,
GEO2A_R_RWSTI363074,12,0,24.666666666666668,,76.0,
GEO2A_R_RWSTI363077,12,0,19.666666666666668,,61.0,
GEO2A_R_RWSTI362780,24,0,13.5,,36.0,
GEO2A_R_RWSTI100816_01,12,0,37.5,,82.0,
GEO2A_R_RWSTI363071,12,0,37.166666666666664,,76.0,
GEO2A_R_RWSTI363073,12,0,4.5,,13.0,
GEO2A_R_RWSTI361959,12,0,-1.0,,-1.0,
GEO2A__R_RWSTI363314,24,0,55.416666666666664,,108.0,
GEO2A__R_RWSTI602,36,0,19.944444444444443,,84.0,
GEO2A_R_RWSTI362810,24,0,54.0,,119.0,
GEO2A_R_RWSTI362812_01,36,0,53.111111111111114,,126.0,
GEO2A__R_RWSTI363421,12,0,34.5,,72.0,
GEO2A_R_RWSTI100817,12,0,54.0,,84.0,
GEO2A_R_RWSTI100818,12,0,51.5,,83.0,
GEO2A_R_RWSTI100819,12,0,56.5,,91.0,
GEO2A_R_RWSTI361943,12,0,19.666666666666668,,61.0,
GEO2A_R_RWSTI100813,12,0,29.333333333333332,,90.0,
GEO2A__R_RWSTI362215,12,0,24.666666666666668,,76.0,
GEO2A_R_RWSTI100814,12,0,25.333333333333332,,78.0,
GEO2A_R_RWSTI100815,12,0,27.666666666666668,,85.0,
GEO2A_R_RWSTI100816,24,0,38.75,,105.0,
GEO2A_R_RWSTI363458,36,0,3.0555555555555554,,27.0,
GEO2A__R_RWSTI363419,12,0,29.5,,63.0,
GEO2A_R_RWSTI363331,24,0,51.0,,114.0,
GEO2A_R_RWSTI363332,12,0,20.666666666666668,,64.0,
GEO2A_R_RWSTI362486,12,0,31.166666666666668,,75.0,
GEO2A_R_RWSTI101000_00,24,0,63.5,,109.0,
GEO2A_R_RWSTI101000_01,24,0,56.416666666666664,,105.0,
GEO2A_R_RWSTI361152,12,0,2.0,,8.0,
GEO2A__R_RWSTI361274,24,0,63.083333333333336,,111.0,
GEO2A__R_RWSTI363212,36,0,52.27777777777778,,108.0,
GEO2A__R_RWSTI362487,12,0,34.333333333333336,,73.0,
GEO2A__R_RWSTI363213,36,0,44.833333333333336,,124.0,
GEO2A__R_RWSTI362488,12,0,25.666666666666668,,79.0,
GEO2A_R_RWSTI363317,12,0,35.166666666666664,,74.0,
GEO2A_R_RWSTI363318,12,0,19.666666666666668,,61.0,
GEO2A_R_RWSTI362357,12,0,39.833333333333336,,84.0,
GEO2A_R_RWSTI361385,12,0,-1.0,,-1.0,
GEO2A_R_RWSTI362358,12,0,31.0,,63.0,
GEO2A_R_RWSTI361384,12,0,21.666666666666668,,67.0,
GEO2A_R_RWSTI101005_01,24,0,51.75,,98.0,
GEO2A_R_RWSTI361149,12,0,31.666666666666668,,66.0,
GEO2A_R_RWSTI362353,24,0,39.583333333333336,,77.0,
GEO2A_R_RWSTI361148,24,0,10.833333333333334,,44.0,
GEO2A_R_RWSTI362476,12,0,40.5,,102.0,
GEO2A__R_RWSTI362477,12,0,25.333333333333332,,78.0,
GEO2A_R_RWSTI362217,12,0,-1.0,,-1.0,
GEO2A_R_RWSTI362468,24,0,30.25,,86.0,
GEO2A_R_RWSTI101011,24,0,59.666666666666664,,111.0,
GEO2A_R_RWSTI362581,12,0,31.5,,66.0,
GEO2A_R_RWSTI362460,12,0,37.166666666666664,,79.0,
GEO2A_R_RWSTI101012,24,0,59.916666666666664,,107.0,
GEO2A_362896,24,0,41.416666666666664,,93.0,
GEO2A_362535,12,0,26.0,,80.0,
GEO2A__R_RWSTI363075,12,0,41.5,,89.0,
GEO2A__R_RWSTI363078,12,0,17.0,,53.0,
GEO2A__R_RWSTI362781,36,0,9.61111111111111,,33.0,
GEO2A__R_RWSTI362782,24,0,50.583333333333336,,111.0,
GEO2A__R_RWSTI362783,36,0,54.611111111111114,,116.0,
GEO2A_R_RWSTI362729,12,0,37.5,,79.0,
GEO2A_R_RWSTI362723,12,0,20.333333333333332,,63.0,
GEO2A_R_RWSTI100901,12,0,54.666666666666664,,85.0,
GEO2A_R_RWSTI362724,24,0,43.5,,113.0,
GEO2A_R_RWSTI362725,24,0,52.75,,118.0,
GEO2A_R_RWSTI362967,12,0,58.0,,75.0,
GEO2A__R_RWSTI362788,24,0,61.583333333333336,,118.0,
GEO2A_R_RWSTI362968,12,0,48.5,,78.0,
GEO2A_R_RWSTI363027,12,0,28.666666666666668,,88.0,
GEO2A_R_RWSTI362730,12,0,45.333333333333336,,77.0,
GEO2A_R_RWSTI101206,12,0,11.0,,25.0,
GEO2A__R_RWSTI362779,12,0,41.833333333333336,,64.0,
GEO2A_R_RWSTI362731,12,0,19.333333333333332,,39.0,
GEO2A_R_RWSTI361881,24,0,16.333333333333332,,103.0,
GEO2A_R_RWSTI101205,12,0,43.0,,99.0,
GEO2A_R_RWSTI101202,12,0,35.333333333333336,,72.0,
GEO2A_R_RWSTI101201,12,0,46.333333333333336,,78.0,
GEO2A_R_RWSTI101204,12,0,36.333333333333336,,77.0,
GEO2A_R_RWSTI101203,24,0,43.75,,85.0,
GEO2A_R_RWSTI363026,12,0,39.333333333333336,,82.0,
GEO2A_R_RWSTI362058,12,0,23.0,,71.0,
GEO2A_R_RWSTI101200,12,0,39.666666666666664,,64.0,
GEO2A__R_RWSTI363064,24,0,31.0,,62.0,
GEO2A__R_RWSTI362770,24,0,51.333333333333336,,115.0,
GEO2A__R_RWSTI362772,12,0,24.333333333333332,,75.0,
GEO2A__R_RWSTI363500,12,0,40.333333333333336,,82.0,
GEO2A__R_RWSTI363501,12,0,55.166666666666664,,84.0,
GEO2A_R_RWSTI362834,24,0,29.333333333333332,,64.0,
GEO2A__R_RWSTI362777,12,0,30.666666666666668,,94.0,
GEO2A__R_RWSTI362536,12,0,36.0,,73.0,
GEO2A_R_RWSTI363016,12,0,45.166666666666664,,69.0,
GEO2A__R_RWSTI100826,12,0,51.5,,80.0,
GEO2A__R_RWSTI100825,12,0,40.5,,83.0,
GEO2A_R_RWSTI100900,12,0,42.333333333333336,,86.0,
GEO2A_R_RWSTI101010_01,12,0,25.666666666666668,,79.0,
GEO2A__R_RWSTI100827,12,0,57.0,,89.0,
GEO2A__R_RWSTI362529,12,0,39.666666666666664,,86.0,
GEO2A_R_RWSTI363254,12,0,23.0,,71.0,
GEO2A_R_RWSTI101010_00,12,0,46.166666666666664,,70.0,
GEO2A_R_RWSTI362287,24,0,63.333333333333336,,104.0,
GEO2A_R_RWSTI101004_01,36,0,-1.0,,-1.0,
GEO2A_R_RWSTI363498,12,0,51.833333333333336,,79.0,
GEO2A_R_RWSTI101004_00,36,0,-1.0,,-1.0,
GEO2A_R_RWSTI363250,12,0,24.0,,50.0,
GEO2A_R_RWSTI362282,24,0,55.75,,118.0,
GEO2A_R_RWSTI000603,12,0,56.833333333333336,,90.0,
GEO2A_R_RWSTI363251,12,0,23.666666666666668,,73.0,
GEO2A__R_RWSTI363098,12,0,17.0,,53.0,
GEO2A__R_RWSTI363097,12,0,13.666666666666666,,44.0,
GEO2A_R_RWSTI362826,12,0,38.833333333333336,,80.0,
GEO2A_R_RWSTI100807,12,0,24.666666666666668,,76.0,
GEO2A__R_RWSTI363412,24,0,55.25,,108.0,
GEO2A_R_RWSTI100808,12,0,44.5,,73.0,
GEO2A__R_RWSTI100820,12,0,57.333333333333336,,94.0,
GEO2A__RWSTI363403,36,0,54.27777777777778,,104.0,
GEO2A_R_RWSTI100809,12,0,19.0,,59.0,
GEO2A__R_RWSTI100822,12,0,47.5,,99.0,
GEO2A_R_RWSTI362822,12,0,43.5,,92.0,
GEO2A_R_RWSTI100802,12,0,31.5,,70.0,
GEO2A__R_RWSTI100821,12,0,40.666666666666664,,84.0,
GEO2A_R_RWSTI362823,12,0,58.166666666666664,,90.0,
GEO2A_R_RWSTI100803,12,0,23.666666666666668,,73.0,
GEO2A__R_RWSTI100824,12,0,42.333333333333336,,87.0,
GEO2A__R_RWSTI100823,12,0,58.666666666666664,,91.0,
GEO2A_R_RWSTI363248,24,0,60.416666666666664,,107.0,
GEO2A_R_RWSTI100810,12,0,24.0,,74.0,
GEO2A__R_RWSTI363406,12,0,19.5,,41.0,
GEO2A_R_RWSTI362038,12,0,48.333333333333336,,74.0,
GEO2A_R_RWSTI362952,12,0,30.333333333333332,,93.0,
GEO2A__R_RWSTI363409,24,0,60.333333333333336,,119.0,
GEO2A_R_RWSTI100811,12,0,26.666666666666668,,82.0,
GEO2A_R_RWSTI100812,12,0,27.0,,83.0,
GEO2A_R_RWSTI362033,12,0,32.666666666666664,,67.0,
GEO2A_R_RWSTI363122,12,0,60.833333333333336,,96.0,
GEO2A_R_RWSTI363123,12,0,53.166666666666664,,84.0,
GEO2A_R_RWSTI101009_00,12,0,38.5,,79.0,
GEO2A_R_RWSTI362034,12,0,29.166666666666668,,47.0,
GEO2A_R_RWSTI101009_01,12,0,38.833333333333336,,81.0,
GEO2A_R_RWSTI363241,24,0,55.5,,104.0,
GEO2A_R_RWSTI362394,12,0,53.333333333333336,,74.0,
GEO2A_R_RWSTI363000,12,0,45.5,,72.0,
GEO2A_R_101002_00,24,0,55.0,,96.0,
GEO2A__R_RWSTI363091,12,0,47.333333333333336,,74.0,
GEO2A_R_RWSTI362819,12,0,53.0,,82.0,
GEO2A_GE02A_R_RWSTI363121,12,0,46.166666666666664,,80.0,
GEO2A__R_RWSTI363089,12,0,56.0,,87.0,
GEO2A_R_RWSTI1100801,12,0,33.333333333333336,,70.0,
GEO2A__R_RWSTI362794,12,0,29.666666666666668,,47.0,
GEO2A__R_RWSTI362795,12,0,40.333333333333336,,67.0,
GEO2A_R_RWSTI363108,24,0,40.5,,84.0,
GEO2A__R_RWSTI362797,12,0,14.666666666666666,,46.0,
GEO2A_R_RWSTI362933,36,0,53.388888888888886,,128.0,
GEO2A_R_RWSTI362813,36,0,58.333333333333336,,120.0,
GEO2A__R_RWSTI100804,12,0,27.0,,83.0,
GEO2A_R_RWSTI100800,12,0,37.333333333333336,,80.0,
GEO2A__R_RWSTI100806,12,0,26.333333333333332,,81.0,
GEO2A_R_RWSTI363238,24,0,61.583333333333336,,105.0,
GEO2A__R_RWSTI100805,12,0,35.5,,74.0,
GEO2A_R_RWSTI361296,24,0,49.5,,95.0,
GEO2A_R_RWSTI360906,12,0,23.333333333333332,,72.0,
GEO2A_R_RWSTI362409,12,0,28.0,,86.0,
GEO2A_362737,12,0,19.0,,59.0,
GEO2A_R_RWSTI362774,12,0,40.0,,83.0,
GEO2A_R_RWSTI362411,12,0,27.333333333333332,,84.0,
GEO2A_R_RWSTI362532,12,0,25.333333333333332,,78.0,
GEO2A_R_RWSTI362654,24,0,48.666666666666664,,108.0,
GEO2A_R_RWSTI362775,24,0,29.25,,79.0,
GEO2A_R_RWSTI362897,24,0,-1.0,,-1.0,
GEO2A_R_RWSTI362898,12,0,37.5,,79.0,
GEO2A_R_RWSTI362891,24,0,60.25,,132.0,
GEO2A_R_RWSTI101003_00,12,0,40.666666666666664,,86.0,
GEO2A_R_RWSTI362530,12,0,25.0,,77.0,
GEO2A_R_RWSTI362531,12,0,36.166666666666664,,74.0,
GEO2A_R_RWSTI362410,12,0,28.0,,86.0,
GEO2A_R_RWSTI101003_01,12,0,22.333333333333332,,47.0,
GEO2A_R_RWSTI363072_01,12,0,32.333333333333336,,73.0,
GEO2A_R_RWSTI363072_00,12,0,40.833333333333336,,87.0,
GEO2A__R_RWSTI363025,12,0,37.333333333333336,,82.0,
GEO2A_R_RWSTI361667,12,0,-1.0,,-1.0,
GEO2A_R_RWSTI362642,12,0,22.0,,68.0,
GEO2A_R_RWSTI101008_01,12,0,43.166666666666664,,88.0,
GEO2A_R_RWSTI101008_00,12,0,72.83333333333333,,89.0,
GEO2A_R_RWSTI362643,12,0,29.0,,67.0,
GEO2A_R_RWSTI362765,12,0,30.666666666666668,,64.0,
GEO2A_R_RWSTI362766,12,0,41.166666666666664,,87.0,
GEO2A__R_RWSTI363051,24,0,49.416666666666664,,91.0,
GEO2A__R_RWSTI362521,12,0,26.666666666666668,,82.0,
GEO2A_R_RWSTI362745,12,0,39.833333333333336,,85.0,
GEO2A_R_RWSTI362624,12,0,45.5,,73.0,
GEO2A_R_RWSTI362504,12,0,36.333333333333336,,78.0,
GEO2A_R_RWSTI362989,12,0,25.666666666666668,,79.0,
GEO2A_R_RWSTI362748,24,0,45.083333333333336,,117.0,
GEO2A_R_RWSTI362754,12,0,38.5,,79.0,
GEO2A_R_RWSTI362755,12,0,15.166666666666666,,48.0,
GEO2A_R_RWSTI361666,12,0,-1.0,,-1.0,
GEO2A_R_RWSTI362751,24,0,51.583333333333336,,115.0,
GEO2A__R_RWSTI362990,12,0,30.0,,92.0,
GEO2A_362740,12,0,18.333333333333332,,57.0,
GEO2A_R_RWSTI362738,12,0,24.0,,74.0,
GEO2A_R_RWSTI362859,24,0,21.25,,47.0,
GEO2A_R_RWSTI362739,24,0,43.0,,117.0,
GEO2A_R_RWSTI361405,12,0,33.833333333333336,,54.0,
GEO2A_R_RWSTI362734,12,0,40.833333333333336,,66.0,
GEO2A_R_RWSTI362857,12,0,22.333333333333332,,69.0,
GEO2A_R_RWSTI362736,24,0,44.416666666666664,,114.0,
GEO2A_R_RWSTI362858,24,0,17.333333333333332,,49.0,
GEO2A_R_RWSTI362741,12,0,21.666666666666668,,67.0,
GEO2A_R_RWSTI362742,12,0,25.333333333333332,,78.0,
GEO2A_R_RWSTI363039,12,0,-1.0,,-1.0,
GEO2A_R_RWSTI362743,12,0,-1.0,,-1.0,
GEO2A_R_RWSTI362623,12,0,45.0,,83.0,
GEO2A_R_RWSTI362744,12,0,21.0,,65.0,
GEO2A_R_RWSTI363037,12,0,-1.0,,-1.0,
GEO2A_R_RWSTI362069,24,0,39.5,,105.0,
GEO2A_R_RWSTI362063,12,0,17.0,,53.0,
GEO2A_R_RWSTI101002_01,24,0,19.5,,51.0,
GEO2A_R_RWSTI362064,12,0,39.833333333333336,,70.0,
GEO2A_R_RWSTI362065,12,0,29.0,,89.0,
GEO1A_A_RWS_360904,12,0,28.666666666666668,,61.0,
GEO1A_A_RWS_360583,12,0,25.333333333333332,,76.0,
GEO1A_A_RWS_362524,12,0,36.166666666666664,,75.0,
GEO1A_R_RWSTI127,24,0,60.333333333333336,,120.0,
GEO1A_R_RWSTI128,24,0,27.583333333333332,,115.0,
GEO1A_R_RWSTI484,24,0,61.916666666666664,,105.0,
GEO1A_A_RWS_360334,12,0,23.0,,69.0,
GEO1A_A_RWS_360335,12,0,36.333333333333336,,59.0,
GEO1A_R_RWSTI136,24,0,59.416666666666664,,116.0,
GEO1A_R_RWSTI139,24,0,64.33333333333333,,107.0,
GEO1A_R_RWSTI134,24,0,43.833333333333336,,112.0,
GEO1A_R_RWSTI4462,24,0,39.666666666666664,,131.0,
GEO1A_A_RWS_360448,12,0,19.333333333333332,,58.0,
GEO1A_A_RWS_361895,12,0,21.333333333333332,,64.0,
GEO1A_A_RWS_362500,12,0,26.666666666666668,,80.0,
GEO1A_A_RWS_361653,12,0,32.666666666666664,,71.0,
GEO1A_A_RWS_361650,12,0,26.666666666666668,,56.0,
GEO1A_A_RWS_606,12,0,38.5,,77.0,
GEO1A_Z_RWSTI4192,12,0,33.166666666666664,,67.0,
GEO1A_ID_7278,24,0,32.5,,50.0,
GEO1A_A_RWS_361536,12,0,25.5,,53.0,
GEO1A_A_RWS_360444,12,0,18.666666666666668,,56.0,
GEO1A_Z_RWSTI4191,12,0,17.0,,51.0,
GEO1A_A_RWS_361896,12,0,24.0,,72.0,
GEO1A_A_RWS_360681,12,0,19.666666666666668,,59.0,
GEO1A_A_RWS_359693,24,0,34.25,,85.0,
GEO1A_A_RWS_361097,12,0,41.166666666666664,,66.0,
GEO1A_R_RWSTI225,24,0,69.58333333333333,,118.0,
GEO1A_A_0_RWS_360268,12,0,29.666666666666668,,89.0,
GEO1A_R_RWSTI101,24,0,45.0,,94.0,
GEO1A_R_RWSTI222,24,0,44.666666666666664,,119.0,
GEO1A_A_1_RWS_359937,12,0,0.0,,0.0,
GEO1A_A_RWS_360679,12,0,34.833333333333336,,54.0,
GEO1A_R_RWSTI107,24,0,58.0,,110.0,
GEO1A_A_RWS_360671,12,0,0.0,,0.0,
GEO1A_A_RWS_360556,24,0,52.25,,103.0,
GEO1A_A_RWS_360677,12,0,28.666666666666668,,58.0,
GEO1A_A_RWS_361767,12,0,16.333333333333332,,49.0,
GEO1A_A_RWS_360557,24,0,28.666666666666668,,53.0,
GEO1A_A_RWS_360678,12,0,22.333333333333332,,67.0,
GEO1A_ID_8021,12,0,16.0,,48.0,
GEO1A_A_0_RWS_360376,12,0,21.666666666666668,,65.0,
GEO1A_R_RWSTI115,24,0,54.166666666666664,,90.0,
GEO1A_R_RWSTI4443,12,0,26.666666666666668,,80.0,
GEO1A_R_RWSTI558,24,0,50.833333333333336,,113.0,
GEO1A_A_RWS_360941,24,0,37.166666666666664,,80.0,
GEO1A_A_RWS_361118,24,0,4.666666666666667,,19.0,
GEO1A_A_RWS_360268,24,0,55.833333333333336,,104.0,
GEO1A_A_RWS_361116,24,0,0.0,,0.0,
GEO1A_A_RWS_360269,24,0,0.0,,0.0,
GEO1A_R_RWSTI560,36,0,45.0,,114.0,
GEO1A_A_RWS_361472,12,0,25.333333333333332,,76.0,
GEO1A_A_RWS_361110,12,0,22.0,,66.0,
GEO1A_A_RWS_361471,12,0,28.0,,84.0,
GEO1A_A_RWS_358980,12,0,38.333333333333336,,64.0,
GEO1A_R_RWSTI202,24,0,58.5,,113.0,
GEO1A_A_RWS_358981,12,0,9.833333333333334,,21.0,
GEO1A_A_RWS_356569,12,0,21.666666666666668,,65.0,
GEO1A_A_RWS_359703,12,0,29.666666666666668,,66.0,
GEO1A_A_RWS_359704,12,0,23.333333333333332,,70.0,
GEO1A_A_RWS_359946,12,0,37.666666666666664,,76.0,
GEO1A_A_RWS_359705,12,0,35.166666666666664,,81.0,
GEO1A_A_RWS_361109,12,0,24.666666666666668,,74.0,
GEO1A_Z_RWSTI4168,12,0,43.333333333333336,,89.0,
GEO1A_A_RWS_361586,12,0,46.666666666666664,,78.0,
GEO1A_A_RWS_361587,12,0,17.0,,51.0,
GEO1A_A_RWS_361588,12,0,8.166666666666666,,19.0,
GEO1A_R_RWSTI0532,24,0,56.833333333333336,,105.0,
GEO1A_A_RWS_359381,12,0,19.666666666666668,,59.0,
GEO1A_A_RWS_359382,12,0,43.666666666666664,,89.0,
GEO1A_R_RWSTI214,24,0,34.333333333333336,,90.0,
GEO1A_A_RWS_359268,12,0,24.333333333333332,,73.0,
GEO1A_A_RWS_359269,12,0,45.0,,95.0,
GEO1A_A_RWS_359943,12,0,39.5,,81.0,
GEO1A_A_RWS_360008,12,0,8.166666666666666,,17.0,
GEO1A_A_RWS_400,24,0,63.583333333333336,,109.0,
GEO1A_A_RWS_360009,12,0,27.666666666666668,,83.0,
GEO1A_A_RWS_359938,24,0,21.5,,68.0,
GEO1A_A_RWS_359939,12,0,27.0,,57.0,
GEO1A_A_RWS_359819,12,0,4.0,,9.0,
GEO1A_A_RWS_360002,12,0,23.333333333333332,,70.0,
GEO1A_A_RWS_360003,12,0,0.0,,0.0,
GEO1A_A_RWS_401,24,0,51.333333333333336,,109.0,
GEO1A_A_RWS_360361,12,0,25.0,,75.0,
GEO1A_A_RWS_360482,12,0,27.0,,81.0,
GEO1A_R_RWSTI4419,12,0,17.333333333333332,,52.0,
GEO1A_A_RWS_360354,12,0,23.333333333333332,,70.0,
GEO1A_A_RWS_360355,12,0,26.833333333333332,,59.0,
GEO1A_A_RWS_361441,12,0,0.0,,0.0,
GEO1A_A_RWS_360356,12,0,25.0,,75.0,
GEO1A_A_RWS_362096,12,0,31.333333333333332,,94.0,
GEO1A_A_RWS_360907,12,0,19.0,,57.0,
GEO1A_A_RWS_359637,12,0,28.166666666666668,,57.0,
GEO1A_A_RWS_359638,12,0,37.166666666666664,,81.0,
GEO1A_A_RWS_360981,24,0,24.083333333333332,,52.0,
GEO1A_A_RWS_361279,12,0,42.0,,85.0,
GEO1A_A_RWS_360743,12,0,20.333333333333332,,42.0,
GEO1A_A_RWS_360864,24,0,63.083333333333336,,106.0,
GEO1A_A_RWS_360741,12,0,25.0,,75.0,
GEO1A_A_RWS_360181,12,0,27.666666666666668,,57.0,
GEO1A_A_RWS_360183,12,0,21.833333333333332,,44.0,
GEO1A_A_RWS_362482,12,0,49.833333333333336,,76.0,
GEO1A_A_RWS_359871,12,0,7.0,,21.0,
GEO1A_A_RWS_359992,12,0,41.0,,89.0,
GEO1A_A_RWS_359872,12,0,20.0,,60.0,
GEO1A_A_RWS_359873,12,0,32.0,,96.0,
GEO1A_R_RWSTI529,12,0,24.666666666666668,,74.0,
GEO1A_A_RWS_359506,12,0,16.0,,48.0,
GEO1A_A_RWS_359507,24,0,19.5,,61.0,
GEO1A_A_RWS_360619,24,0,22.416666666666668,,52.0,
GEO1A_A_RWS_360730,12,0,28.666666666666668,,86.0,
GEO1A_A_RWS_362230,12,0,19.333333333333332,,58.0,
GEO1A_R_RWSTI534,24,0,55.833333333333336,,105.0,
GEO1A_A_RWS_359622,12,0,23.0,,69.0,
GEO1A_A_RWS_359746,12,0,5.5,,11.0,
GEO1A_A_RWS_359615,12,0,49.666666666666664,,78.0,
GEO1A_A_RWS_359616,24,0,40.833333333333336,,86.0,
GEO1A_A_RWS_360723,12,0,35.666666666666664,,72.0,
GEO1A_A_RWS_360724,12,0,27.666666666666668,,83.0,
GEO1A_A_RWS_361257,12,0,22.0,,47.0,
GEO1A_A_RWS_362229,12,0,28.666666666666668,,86.0,
GEO1A_A_RWS_361137,12,0,23.0,,49.0,
GEO1A_A_RWS_360720,12,0,39.333333333333336,,80.0,
GEO1A_A_RWS_360160,12,0,33.0,,69.0,
GEO1A_ID_732,24,0,55.75,,105.0,
GEO1A_R_RWSTI180,24,0,52.916666666666664,,122.0,
GEO1A_A_RWS_359298,12,0,2.3333333333333335,,7.0,
GEO1A_ID_735,24,0,61.0,,102.0,
GEO1A_A_RWS_361493,12,0,40.0,,80.0,
GEO1A_R_RWSTI182,24,0,59.5,,111.0,
GEO1A_A_RWS_359850,12,0,45.333333333333336,,92.0,
GEO1A_A_RWS_359853,24,0,21.833333333333332,,68.0,
GEO1A_A_RWS_359612,12,0,0.0,,0.0,
GEO1A_A_RWS_356571,12,0,30.166666666666668,,62.0,
GEO1A_A_RWS_356570,12,0,17.0,,51.0,
GEO1A_A_RWS_360156,12,0,19.666666666666668,,59.0,
GEO1A_A_RWS_360157,12,0,36.5,,77.0,
GEO1A_A_RWS_360154,12,0,28.0,,58.0,
GEO1A_A_RWS_360155,12,0,23.333333333333332,,70.0,
GEO1A_A_RWS_362211,12,0,20.666666666666668,,62.0,
GEO1A_A_RWS_360159,12,0,52.833333333333336,,83.0,
GEO1A_A_RWS_360270,24,0,64.83333333333333,,109.0,
GEO1A_A_2_RWS_359937,12,0,0.0,,0.0,
GEO1A_A_RWS_361000,24,0,54.583333333333336,,107.0,
GEO1A_R_RWSTI191,24,0,51.666666666666664,,118.0,
GEO1A_A_RWS_360271,36,0,28.833333333333332,,95.0,
GEO1A_R_RWSTI193,24,0,67.41666666666667,,114.0,
GEO1A_R_RWSTI0553A,36,0,41.888888888888886,,123.0,
GEO1A_R_RWSTI198,24,0,60.333333333333336,,110.0,
GEO1A_A_RWS_300003,12,0,26.0,,78.0,
GEO1A_A_RWS_300005,12,0,25.666666666666668,,77.0,
GEO1A_ID_6324,24,0,60.833333333333336,,100.0,
GEO1A_A_RWS_300004,12,0,26.666666666666668,,80.0,
GEO1A_A_RWS_400008,36,0,37.5,,99.0,
GEO1A_A_RWS_361876,12,0,16.666666666666668,,50.0,
GEO1A_ID_716,24,0,60.083333333333336,,102.0,
GEO1A_ID_717,12,0,48.5,,76.0,
GEO1A_A_RWS_300007,12,0,20.833333333333332,,59.0,
GEO1A_A_RWS_400005,24,0,50.333333333333336,,110.0,
GEO1A_A_RWS_362165,12,0,22.0,,66.0,
GEO1A_A_RWS_300006,12,0,0.0,,0.0,
GEO1A_A_RWS_400006,24,0,43.583333333333336,,79.0,
GEO1A_A_RWS_361195,24,0,69.91666666666667,,123.0,
GEO1A_A_RWS_300009,12,0,49.333333333333336,,75.0,
GEO1A_A_RWS_359672,24,0,35.916666666666664,,95.0,
GEO1A_A_RWS_300008,12,0,26.0,,78.0,
GEO1A_A_RWS_359675,12,0,21.666666666666668,,65.0,
GEO1A_A_RWS_359676,12,0,17.0,,51.0,
GEO1A_A_RWS_359314,12,0,37.333333333333336,,81.0,
GEO1A_A_RWS_359315,12,0,27.0,,81.0,
GEO1A_A_RWS_361627,12,0,41.5,,84.0,
GEO1A_R_RWSTI4172,24,0,32.333333333333336,,70.0,
GEO1A_A_RWS_360413,12,0,39.833333333333336,,64.0,
GEO1A_ID_5002,24,0,53.75,,99.0,
GEO1A_A_RWS_362151,12,0,0.0,,0.0,
GEO1A_A_RWS_362152,12,0,22.0,,66.0,
GEO1A_A_RWSTI604,12,0,43.5,,74.0,
GEO1A_A_RWS_359300,12,0,48.5,,81.0,
GEO1A_R_RWSTI4171,24,0,0.0,,0.0,
GEO1A_A_RWS_359665,24,0,74.83333333333333,,98.0,
GEO1A_R_RWSTI4381,24,0,43.5,,115.0,
GEO1A_ID_8048,36,0,1.6666666666666667,,10.0,
GEO1A_A_RWS_359771,12,0,0.0,,0.0,
GEO1A_A_RWS_362141,12,0,18.666666666666668,,56.0,
GEO1A_R_RWSTI149,24,0,55.416666666666664,,121.0,
GEO1A_A_RWS_359536,24,0,28.0,,73.0,
GEO1A_R_RWSTI146,24,0,50.916666666666664,,119.0,
GEO1A_R_RWSTI4155,12,0,17.666666666666668,,38.0,
GEO1A_A_RWS_359529,24,0,32.166666666666664,,83.0,
GEO1A_A_RWS_360635,24,0,47.25,,104.0,
GEO1A_R_RWSTI4156,12,0,32.166666666666664,,67.0,
GEO1A_A_RWS_360999,24,0,50.666666666666664,,113.0,
GEO1A_R_RWSTI4152,24,0,18.833333333333332,,59.0,
GEO1A_A_RWS_300014,12,0,32.833333333333336,,72.0,
GEO1A_A_RWS_300013,24,0,57.166666666666664,,103.0,
GEO1A_A_RWS_300016,12,0,45.166666666666664,,74.0,
GEO1A_A_RWS_362497,12,0,17.666666666666668,,53.0,
GEO1A_A_RWS_300015,12,0,18.0,,54.0,
GEO1A_A_RWS_360633,24,0,31.25,,60.0,
GEO1A_A_RWS_300010,12,0,48.166666666666664,,98.0,
GEO1A_A_RWS_360634,24,0,21.083333333333332,,40.0,
GEO1A_A_RWS_300012,12,0,35.666666666666664,,72.0,
GEO1A_A_RWS_300011,12,0,35.5,,75.0,
GEO1A_A_RWS_362253,12,0,3.0,,9.0,
GRT06_1350-001,24,0,25.0,,52.0,
GRT06_1350-000,24,0,21.916666666666668,,68.0,
PUT01_N225.75_1,12,0,16.666666666666668,,52.0,
PUT01_N414.17_0,12,0,24.0,,74.0,
PUT01_N414.17_1,12,0,25.0,,77.0,
PUT01_N228.17_0,12,0,28.166666666666668,,58.0,
PUT01_N228.17_1,12,0,2.0,,8.0,
PUT01_N204.27_0,24,0,16.25,,47.0,
PUT01_N204.27_2,36,0,20.666666666666668,,57.0,
PUT01_PUVIS_N413.15_1_2,12,0,20.666666666666668,,64.0,
PUT01_N225.75_0,12,0,16.666666666666668,,51.0,
PUT01_N408.03_3,36,0,11.555555555555555,,58.0,
PUT01_N402.05_0,12,0,18.333333333333332,,57.0,
PUT01_N402.05_1,12,0,18.333333333333332,,57.0,
PUT01_N484.11_0,12,0,-1.0,,-1.0,
PUT01_N210.45_0,12,0,34.833333333333336,,88.0,
PUT01_N484.11_1,12,0,35.666666666666664,,73.0,
PUT01_N210.45_1,12,0,20.333333333333332,,63.0,
PUT01_N237.15_0,24,0,29.083333333333332,,64.0,
PUT01_N237.15_2,24,0,22.666666666666668,,85.0,
PUT01_N408.03_0,36,0,3.1666666666666665,,26.0,
PUT01_N238.11_1,12,0,25.666666666666668,,56.0,
PUT01_PUVIS_N228.27_0_2,12,0,40.166666666666664,,71.0,
PUT01_PUVIS_N412.05_1_2,12,0,20.0,,62.0,
PUT01_PUVIS_N201.11_0_2,12,0,13.0,,29.0,
PUT01_N238.19_0,12,0,35.833333333333336,,74.0,
PUT01_PUVIS_N238.01_1_2,12,0,33.833333333333336,,71.0,
PUT01_PUVIS_N237.31_0_2,12,0,10.0,,32.0,
PUT01_N484.07_0,12,0,-1.0,,-1.0,
PUT01_N238.11_0,12,0,10.833333333333334,,27.0,
PUT01_N484.07_1,12,0,32.166666666666664,,74.0,
PUT01_N806.03_1,12,0,28.0,,60.0,
PUT01_PUVIS_N201.23_0_2,12,0,47.333333333333336,,76.0,
PUT01_N806.03_0,12,0,18.333333333333332,,57.0,
PUT01_PUVIS_N226.39_0_2,12,0,22.666666666666668,,70.0,
PUT01_N238.19_1,12,0,23.0,,71.0,
PUT01_N234.23_1,12,0,48.166666666666664,,75.0,
PUT01_PUVIS_N229.13_1_2,12,0,37.333333333333336,,79.0,
PUT01_N234.23_0,12,0,23.0,,71.0,
PUT01_PUVIS_N411.03_1_2,12,0,22.666666666666668,,70.0,
PUT01_N221.03_0,24,0,26.666666666666668,,61.0,
PUT01_N221.03_2,24,0,20.833333333333332,,54.0,
PUT01_N234.19_1,12,0,29.5,,61.0,
PUT01_PUVIS_N401.03_0_2,12,0,26.333333333333332,,81.0,
PUT01_N234.19_0,12,0,30.833333333333332,,64.0,
PUT01_N228.39_1,12,0,30.5,,62.0,
PUT01_N199.21_0,12,0,33.166666666666664,,70.0,
PUT01_PUVIS_N233.39_0_2,12,0,39.5,,62.0,
PUT01_N228.39_0,12,0,34.0,,70.0,
PUT01_N199.21_1,12,0,37.833333333333336,,64.0,
PUT01_PUVIS_N405.03_0_2,12,0,33.166666666666664,,69.0,
PUT01_PUVIS_N413.15_0_2,12,0,26.5,,56.0,
PUT01_N417.11_1,12,0,16.0,,50.0,
PUT01_N417.11_0,12,0,15.333333333333334,,48.0,
PUT01_PUVIS_N224.11_1_2,12,0,30.666666666666668,,63.0,
PUT01_N402.27_0,12,0,29.666666666666668,,61.0,
PUT01_N402.27_1,12,0,22.0,,68.0,
PUT01_N405.09_1,12,0,22.0,,68.0,
PUT01_N226.17_0,12,0,33.666666666666664,,70.0,
PUT01_N405.09_0,12,0,17.333333333333332,,54.0,
PUT01_N226.17_1,12,0,24.0,,74.0,
PUT01_N413.03_1,24,0,27.583333333333332,,73.0,
PUT01_N234.11_1,12,0,23.333333333333332,,72.0,
PUT01_N234.11_0,12,0,33.333333333333336,,69.0,
PUT01_N413.03_0,12,0,26.833333333333332,,58.0,
PUT01_PUVIS_N226.31_1_2,12,0,33.0,,70.0,
PUT01_PUVIS_N210.07_0_2,12,0,-1.0,,-1.0,
PUT01_PUVIS_N201.11_1_2,12,0,35.333333333333336,,74.0,
PUT01_PUVIS_N412.05_0_2,24,0,19.0,,48.0,
PUT01_PUVIS_N238.01_0_2,12,0,34.0,,71.0,
PUT01_PUVIS_N237.31_1_2,12,0,37.666666666666664,,81.0,
PUT01_N212.19_0,12,0,20.333333333333332,,63.0,
PUT01_PUVIS_N198.31_1_2,12,0,19.0,,59.0,
PUT01_N212.19_1,12,0,38.666666666666664,,62.0,
PUT01_PUVIS_N402.13_0_2,12,0,19.666666666666668,,47.0,
PUT01_PUVIS_N229.13_0_2,12,0,25.333333333333332,,78.0,
PUT01_N227.37_0,12,0,21.0,,65.0,
PUT01_N227.37_1,24,0,25.0,,63.0,
PUT01_PUVIS_N411.03_0_2,12,0,23.333333333333332,,72.0,
PUT01_N227.27_1,12,0,47.0,,72.0,
PUT01_N227.27_0,12,0,36.333333333333336,,76.0,
PUT01_N204.21_0,12,0,13.333333333333334,,28.0,
PUT01_PUVIS_N401.03_1_2,12,0,48.333333333333336,,74.0,
PUT01_N237.17_2,24,0,28.0,,71.0,
PUT01_N204.21_1,12,0,33.833333333333336,,70.0,
PUT01_N199.01_1,12,0,14.666666666666666,,46.0,
PUT01_N225.73_0,12,0,28.333333333333332,,87.0,
PUT01_N199.01_0,12,0,24.166666666666668,,50.0,
PUT01_N225.73_1,12,0,20.666666666666668,,64.0,
PUT01_N201.41_1,12,0,39.666666666666664,,82.0,
PUT01_N201.41_0,12,0,34.333333333333336,,70.0,
PUT01_N230.15_0,24,0,29.0,,74.0,
PUT01_PUVIS_N224.11_0_2,12,0,25.333333333333332,,78.0,
PUT01_N233.49_01,12,0,22.666666666666668,,70.0,
PUT01_N229.19_0,12,0,30.0,,64.0,
PUT01_N199.09_0,24,0,24.333333333333332,,63.0,
PUT01_N230.15_2,24,0,31.25,,79.0,
PUT01_N229.19_1,24,0,10.5,,68.0,
PUT01_N210.01_0,12,0,42.5,,87.0,
PUT01_N210.01_1,12,0,-1.0,,-1.0,
PUT01_N408.01_0,12,0,35.666666666666664,,44.0,
PUT01_N199.09_2,24,0,28.166666666666668,,77.0,
PUT01_N224.01_0,12,0,18.333333333333332,,57.0,
PUT01_N237.17_0,24,0,34.916666666666664,,73.0,
PUT01_N224.01_1,12,0,19.666666666666668,,61.0,
PUT01_N408.01_1,12,0,22.666666666666668,,70.0,
PUT01_PUVIS_N201.33_1_2,12,0,27.166666666666668,,59.0,
PUT01_PUVIS_N221.15_0_2,24,0,33.833333333333336,,75.0,
PUT01_PUVIS_N226.31_0_2,12,0,34.333333333333336,,53.0,
PUT01_N417.03_1,12,0,19.666666666666668,,61.0,
PUT01_N238.17_1,24,0,27.333333333333332,,64.0,
PUT01_PUVIS_N210.07_1_2,12,0,-1.0,,-1.0,
PUT01_PUVIS_N415.05_0_2,12,0,28.5,,59.0,
PUT01_N238.17_0,24,0,29.083333333333332,,67.0,
PUT01_N199.13_0,24,0,31.0,,80.0,
PUT01_N417.03_0,12,0,22.0,,68.0,
PUT01_N233.45_1,12,0,23.0,,71.0,
PUT01_N233.45_0,12,0,35.0,,72.0,
PUT01_N199.13_2,24,0,26.166666666666668,,76.0,
PUT01_PUVIS_N225.05_0_2,12,0,14.333333333333334,,45.0,
PUT01_N225.09_1,12,0,-1.0,,-1.0,
PUT01_N225.09_0,12,0,-1.0,,-1.0,
PUT01_N403.03_1,12,0,17.0,,53.0,
PUT01_N411.09_1,12,0,25.5,,58.0,
PUT01_N403.03_0,12,0,14.0,,44.0,
PUT01_PUVIS_N228.13_0_2,12,0,25.333333333333332,,78.0,
PUT01_PUVIS_N484.01_0_2,12,0,22.166666666666668,,48.0,
PUT01_N411.09_0,12,0,27.0,,55.0,
PUT01_N221.05_0,24,0,21.25,,57.0,
PUT01_N221.05_2,24,0,17.416666666666668,,46.0,
PUT01_N225.13_1,12,0,30.0,,62.0,
PUT01_N225.59_1,12,0,19.0,,59.0,
PUT01_N225.59_0,12,0,33.333333333333336,,68.0,
PUT01_N225.13_0,12,0,17.0,,53.0,
PUT01_N212.05_0,12,0,24.666666666666668,,76.0,
PUT01_N212.05_1,12,0,26.333333333333332,,81.0,
PUT01_N419.05_0,12,0,38.333333333333336,,84.0,
PUT01_N201.27_0,12,0,23.0,,71.0,
PUT01_N201.27_1,12,0,34.0,,70.0,
PUT01_N224.23_0,12,0,23.0,,49.0,
PUT01_N419.05_1,12,0,37.333333333333336,,77.0,
PUT01_N224.23_1,12,0,18.166666666666668,,42.0,
PUT01_N401.13_0,12,0,16.0,,37.0,
PUT01_PUVIS_N228.27_1_2,12,0,30.5,,62.0,
PUT01_N401.13_1,12,0,17.833333333333332,,38.0,
PUT01_N204.11_0,12,0,50.0,,74.0,
PUT01_N204.11_1,12,0,36.333333333333336,,75.0,
PUT01_N225.63_0,12,0,28.833333333333332,,60.0,
PUT01_N225.63_1,12,0,19.833333333333332,,43.0,
PUT01_N420.01_1,12,0,52.666666666666664,,85.0,
PUT01_PUVIS_N225.05_1_2,12,0,17.666666666666668,,55.0,
PUT01_N420.01_0,12,0,25.666666666666668,,79.0,
PUT01_PUVIS_N201.23_1_2,12,0,46.333333333333336,,72.0,
PUT01_N410.12_1,12,0,16.666666666666668,,52.0,
PUT01_N410.12_0,12,0,13.333333333333334,,42.0,
PUT01_N198.07_1,12,0,20.0,,62.0,
PUT01_N234.01_2,12,0,22.333333333333332,,39.0,
PUT01_PUVIS_N226.39_1_2,12,0,20.0,,62.0,
PUT01_N234.01_0,24,0,15.833333333333334,,43.0,
PUT01_N198.07_0,12,0,21.0,,65.0,
PUT01_N484.15_0,12,0,22.666666666666668,,70.0,
PUT01_N201.43_3,12,0,18.0,,56.0,
PUT01_N484.15_1,12,0,40.333333333333336,,97.0,
PUT01_N201.43_1,12,0,17.666666666666668,,55.0,
PUT01_N233.35_1,12,0,36.333333333333336,,74.0,
PUT01_N233.35_0,12,0,32.833333333333336,,68.0,
PUT01_PUVIS_N204.03_0_2,12,0,24.5,,76.0,
PUT01_N410.03_1,12,0,21.333333333333332,,66.0,
PUT01_N410.03_0,12,0,23.666666666666668,,73.0,
PUT01_PUVIS_N234.15_0_2,12,0,33.166666666666664,,69.0,
PUT01_PUVIS_N419.09_1_2,12,0,24.0,,74.0,
PUT01_N238.15_0,24,0,33.5,,74.0,
PUT01_N227.17_1,12,0,24.666666666666668,,76.0,
PUT01_N227.17_0,12,0,35.0,,74.0,
PUT01_N414.01_0,12,0,3.3333333333333335,,13.0,
PUT01_N414.01_1,12,0,23.333333333333332,,51.0,
PUT01_N238.15_1,24,0,22.5,,59.0,
PUT01_N201.31_1,12,0,22.0,,68.0,
PUT01_N228.47_0,12,0,24.0,,74.0,
PUT01_PUVIS_N227.31_1_2,12,0,26.666666666666668,,82.0,
PUT01_N228.47_1,12,0,19.333333333333332,,60.0,
PUT01_N201.31_0,12,0,21.333333333333332,,66.0,
PUT01_PUVIS_N225.35_0_2,12,0,30.5,,62.0,
PUT01_N226.63_0,12,0,27.833333333333332,,59.0,
PUT01_PUVIS_N416.03_1_2,12,0,36.5,,74.0,
PUT01_N226.63_1,12,0,19.0,,59.0,
PUT01_N221.11_1,12,0,13.333333333333334,,42.0,
PUT01_N224.15_0,12,0,41.333333333333336,,66.0,
PUT01_N224.15_1,12,0,23.333333333333332,,72.0,
PUT01_N221.11_0,12,0,33.833333333333336,,54.0,
PUT01_PUVIS_N458.01_1_2,12,0,18.0,,56.0,
PUT01_PUVIS_N409.07_1_2,12,0,21.666666666666668,,67.0,
PUT01_N230.03R_0,36,0,26.88888888888889,,79.0,
PUT01_N413.07_1,12,0,18.333333333333332,,57.0,
PUT01_N412.01_0,24,0,14.333333333333334,,47.0,
PUT01_N204.01_1,12,0,33.166666666666664,,68.0,
PUT01_N201.21_2,12,0,38.833333333333336,,82.0,
PUT01_N204.01_0,12,0,34.333333333333336,,70.0,
PUT01_N233.51_0,12,0,7.0,,23.0,
PUT01_N201.21_0,12,0,36.5,,48.0,
PUT01_N233.51_1,12,0,-1.0,,-1.0,
PUT01_N412.01_2,24,0,24.416666666666668,,64.0,
PUT01_N212.03_0,12,0,28.333333333333332,,87.0,
PUT01_N212.03_1,12,0,52.0,,82.0,
PUT01_N419.03_0,24,0,22.583333333333332,,57.0,
PUT01_PUVIS_N204.03_1_2,12,0,44.833333333333336,,71.0,
PUT01_N419.03_2,24,0,1.1666666666666667,,18.0,
PUT01_N225.19_0,12,0,31.5,,67.0,
PUT01_N225.19_1,12,0,29.666666666666668,,61.0,
PUT01_N421.01_0,12,0,26.333333333333332,,81.0,
PUT01_N413.07_0,24,0,18.0,,57.0,
PUT01_N421.01_1,12,0,26.666666666666668,,82.0,
PUT01_N224.25_0,12,0,38.5,,64.0,
PUT01_N237.33_2,24,0,9.5,,62.0,
PUT01_PUVIS_N201.33_0_2,12,0,44.166666666666664,,70.0,
PUT01_PUVIS_N221.15_1_2,24,0,21.833333333333332,,70.0,
PUT01_N237.33_0,24,0,21.833333333333332,,68.0,
PUT01_N224.25_1,12,0,43.666666666666664,,89.0,
PUT01_N237.07_2,24,0,25.0,,81.0,
PUT01_PUVIS_N415.05_1_2,12,0,20.666666666666668,,64.0,
PUT01_PUVIS_N408.05_1_2,48,0,11.5,,41.0,
PUT01_N210.39_0,24,0,31.583333333333332,,72.0,
PUT01_N233.49_00,12,0,32.833333333333336,,68.0,
PUT01_PUVIS_N227.31_0_2,12,0,37.5,,77.0,
PUT01_N225.23_0,12,0,10.166666666666666,,22.0,
PUT01_N225.23_1,12,0,15.0,,47.0,
PUT01_N210.39_2,24,0,29.333333333333332,,67.0,
PUT01_PUVIS_N227.01_0_2,12,0,18.333333333333332,,57.0,
PUT01_N226.47_1,12,0,22.0,,68.0,
PUT01_N229.05_0,12,0,38.166666666666664,,66.0,
PUT01_PUVIS_N228.13_1_2,12,0,-1.0,,-1.0,
PUT01_N229.05_1,24,0,14.75,,65.0,
PUT01_N210.31_0,12,0,25.666666666666668,,79.0,
PUT01_N201.17_0,12,0,24.666666666666668,,76.0,
PUT01_N210.31_1,12,0,18.5,,38.0,
PUT01_PUVIS_N416.03_0_2,12,0,24.666666666666668,,76.0,
PUT01_N201.17_1,12,0,21.333333333333332,,66.0,
PUT01_N226.47_0,12,0,19.333333333333332,,60.0,
PUT01_N237.07_0,36,0,19.0,,80.0,
PUT01_PUVIS_N484.01_1_2,12,0,11.333333333333334,,25.0,
PUT01_N224.05_1,12,0,25.0,,77.0,
PUT01_PUVIS_N405.03_1_2,12,0,18.0,,56.0,
PUT01_N463.03_0,12,0,37.0,,75.0,
PUT01_N463.03_1,12,0,49.833333333333336,,80.0,
PUT01_PUVIS_N233.39_1_2,12,0,15.166666666666666,,33.0,
PUT01_N230.11_0,24,0,31.916666666666668,,81.0,
PUT01_PUVIS_N458.01_0_2,12,0,17.666666666666668,,55.0,
PUT01_PUVIS_N409.07_0_2,12,0,29.0,,61.0,
PUT01_N413.23_0,12,0,25.666666666666668,,53.0,
PUT01_N413.23_1,12,0,17.333333333333332,,54.0,
PUT01_N230.11_2,24,0,31.5,,80.0,
PUT01_N201.07_1,12,0,36.666666666666664,,78.0,
PUT01_N401.07_1,12,0,32.5,,69.0,
PUT01_N401.07_0,12,0,25.0,,77.0,
PUT01_N201.07_0,12,0,31.666666666666668,,49.0,
PUT01_N224.20_1,12,0,24.5,,50.0,
PUT01_N224.20_0,12,0,31.5,,50.0,
PUT01_PUVIS_N210.37_0_2,12,0,26.333333333333332,,81.0,
PUT01_PUVIS_N199.15_1_2,24,0,26.583333333333332,,73.0,
PUT01_N224.05_0,12,0,23.333333333333332,,72.0,
PUT01_PUVIS_N227.01_1_2,12,0,40.833333333333336,,67.0,
PUT01_PUVIS_N212.15_1_2,12,0,-1.0,,-1.0,
PUT01_N227.11_1,12,0,19.666666666666668,,61.0,
PUT01_N227.11_0,12,0,20.0,,62.0,
PUT01_N409.01_2,12,0,22.0,,68.0,
PUT01_PUVIS_N408.05_0_2,48,0,25.166666666666668,,70.0,
PUT01_N409.01_0,24,0,10.833333333333334,,70.0,
PUT01_N402.19_1,12,0,19.666666666666668,,61.0,
PUT01_N402.19_0,12,0,19.0,,59.0,
PUT01_N199.17_0,24,0,28.166666666666668,,97.0,
PUT01_PUVIS_N233.29_1_2,12,0,31.833333333333332,,65.0,
PUT01_PUVIS_N402.13_1_2,12,0,16.333333333333332,,51.0,
PUT01_PUVIS_N198.31_0_2,12,0,20.0,,62.0,
PUT01_N230.07_0,24,0,32.25,,81.0,
PUT01_N199.17_2,24,0,31.833333333333332,,85.0,
PUT01_N237.25_2,24,0,35.083333333333336,,83.0,
PUT01_N230.07_2,24,0,37.833333333333336,,79.0,
PUT01_N237.25_0,24,0,27.083333333333332,,79.0,
PUT01_N210.29_3,36,0,26.61111111111111,,69.0,
PUT01_N221.01_2,24,0,25.083333333333332,,64.0,
PUT01_N210.29_0,36,0,37.0,,83.0,
PUT01_N413.09_1,12,0,29.0,,60.0,
PUT01_N413.09_0,12,0,26.833333333333332,,59.0,
PUT01_N233.53_0,12,0,-1.0,,-1.0,
PUT01_N233.53_1,12,0,12.0,,38.0,
PUT01_N226.11_0,12,0,31.333333333333332,,66.0,
PUT01_N226.11_1,12,0,27.666666666666668,,57.0,
PUT01_N212.09_0,12,0,27.666666666666668,,85.0,
PUT01_N212.09_1,12,0,55.0,,89.0,
PUT01_PUVIS_N234.15_1_2,12,0,37.0,,77.0,
PUT01_PUVIS_N210.37_1_2,12,0,38.666666666666664,,81.0,
PUT01_PUVIS_N199.15_0_2,36,0,24.444444444444443,,78.0,
PUT01_N221.01_0,24,0,26.416666666666668,,67.0,
PUT01_PUVIS_N419.09_0_2,12,0,41.0,,84.0,
PUT01_PUVIS_N212.15_0_2,12,0,40.0,,90.0,
PUT01_N225.67_0,12,0,21.333333333333332,,44.0,
PUT01_N225.67_1,12,0,19.666666666666668,,41.0,
PUT01_N237.09_0,24,0,34.083333333333336,,86.0,
PUT01_N234.05_0,12,0,23.0,,71.0,
PUT01_N237.09_2,24,0,35.416666666666664,,92.0,
PUT01_N234.05_1,12,0,25.5,,53.0,
PUT01_N233.42_0,24,0,28.166666666666668,,77.0,
PUT01_N212.13_0,12,0,36.333333333333336,,75.0,
PUT01_N212.13_1,12,0,38.833333333333336,,83.0,
PUT01_N229.03_0,24,0,29.583333333333332,,69.0,
PUT01_PUVIS_N233.29_0_2,12,0,8.0,,18.0,
PUT01_N229.03_2,36,0,13.61111111111111,,49.0,
PUT01_PUVIS_N225.35_1_2,12,0,31.166666666666668,,64.0,
PUT01_N233.42_02,24,0,23.333333333333332,,61.0,
PUT01_N237.47_2,24,0,23.833333333333332,,74.0,
PUT01_N230.03L_1,48,0,31.166666666666668,,68.0,
PUT01_N237.47_0,24,0,45.333333333333336,,81.0,
PLB02_280350_RP_HR,12,0,39.833333333333336,,81.0,
PLB02_MSTR_055_RP,12,0,14.666666666666666,,44.0,
PLB02_NDSTW01_N,12,0,24.0,,72.0,
PLB02_270150_RP,12,0,56.666666666666664,,86.0,
PLB02_271260_LP,12,0,28.333333333333332,,85.0,
PLB02_273760_RP,12,0,37.166666666666664,,60.0,
PLB02_271040_RP,24,0,21.416666666666668,,59.0,
PLB02_280360_LP_PST,24,0,36.166666666666664,,69.0,
PLB02_298150_LP,12,0,21.333333333333332,,64.0,
PLB02_300003_LP,24,0,0.0,,0.0,
PLB02_293250_RP,12,0,0.0,,0.0,
PLB02_270450_LP,12,0,23.333333333333332,,70.0,
PLB02_300026_LP,24,0,40.666666666666664,,106.0,
PLB02_271350_RP,12,0,38.0,,84.0,
PLB02_280330_RP,24,0,52.166666666666664,,122.0,
PLB02_291140_LP,12,0,15.0,,45.0,
PLB02_562150_RP,12,0,39.5,,80.0,
PLB02_276270_RP,12,0,38.666666666666664,,80.0,
PLB02_564150_LP,12,0,35.333333333333336,,72.0,
PLB02_MSTR011_RP,12,0,0.0,,0.0,
PLB02_273130_RP,12,0,24.0,,72.0,
PLB02_276650_LP,12,0,36.5,,77.0,
PLB02_280550_LP,24,0,37.583333333333336,,106.0,
PLB02_279330_RP,12,0,41.5,,83.0,
PLB02_296150_RP,12,0,20.0,,60.0,
PLB02_281450_RP,36,0,45.888888888888886,,95.0,
PLB02_MSTR002_LP,36,0,11.0,,31.0,
PLB02_MSTR048_LP,12,0,23.666666666666668,,48.0,
PLB02_273350_LP,12,0,32.5,,65.0,
PLB02_572150_LP,12,0,22.0,,66.0,
PLB02_298265_LP,12,0,16.333333333333332,,49.0,
PLB02_595180_RP,12,0,21.166666666666668,,52.0,
PLB02_292130_RP,12,0,21.333333333333332,,64.0,
PLB02_276420_LP,12,0,24.666666666666668,,74.0,
PLB02_275370_LP,12,0,35.166666666666664,,61.0,
PLB02_MSTR068_RP,12,0,0.0,,0.0,
PLB02_MSTR_070_LP,12,0,15.0,,45.0,
PLB02_MSTR014_LP,12,0,16.333333333333332,,49.0,
PLB02_590170_LP,12,0,18.0,,54.0,
PLB02_281200_LP,36,0,36.833333333333336,,89.0,
PLB02_MSTR045_RP,12,0,15.666666666666666,,47.0,
PLB02_556160_RI,12,0,10.666666666666666,,18.0,
PLB02_293160_LP,12,0,27.5,,58.0,
PLB02_276250_LP,12,0,31.166666666666668,,64.0,
PLB02_281300_RP,24,0,58.833333333333336,,108.0,
PLB02_300013_RP,24,0,45.666666666666664,,102.0,
PLB02_MSTR036_LP,12,0,10.666666666666666,,32.0,
PLB02_276350_RP,12,0,0.0,,0.0,
PLB02_271270_RP,12,0,35.5,,72.0,
PLB02_273600_LP,12,0,32.166666666666664,,52.0,
PLB02_MSTR_058_LP,12,0,12.333333333333334,,37.0,
PLB02_300015_LP,36,0,38.333333333333336,,108.0,
PLB02_PEM001_LP,12,0,27.0,,81.0,
PLB02_300002_RP,24,0,44.083333333333336,,107.0,
PLB02_MSTR023_RP,12,0,17.0,,51.0,
PLB02_MSTR_067_RP,12,0,13.333333333333334,,40.0,
PLB02_556010_RP,24,0,11.0,,66.0,
PLB02_570050_LP,24,0,28.666666666666668,,72.0,
PLB02_MSTR033_RP,12,0,15.0,,45.0,
PLB02_MSTR012_LP,12,0,0.0,,0.0,
PLB02_MSTR010_RP,12,0,13.666666666666666,,41.0,
PLB02_276420_RP,12,0,35.166666666666664,,72.0,
PLB02_281460_RP,24,0,53.333333333333336,,99.0,
PLB02_RKSWGN01_N,12,0,27.0,,81.0,
PLB02_293160_RP,12,0,26.833333333333332,,54.0,
PLB02_277450_LP,12,0,36.5,,76.0,
PLB02_RKSWGN01_Z,12,0,32.833333333333336,,68.0,
PLB02_BKWG01_O,12,0,26.333333333333332,,79.0,
PLB02_273850_RP,12,0,21.333333333333332,,64.0,
PLB02_564170_RP,12,0,27.0,,81.0,
PLB02_BKWG01_W,12,0,24.666666666666668,,74.0,
PLB02_595160_LP,12,0,14.666666666666666,,33.0,
PLB02_MSTR069_LP,12,0,22.333333333333332,,67.0,
PLB02_271270_LP,12,0,28.666666666666668,,86.0,
PLB02_275470_RP,24,0,27.166666666666668,,82.0,
PLB02_270550_RP,12,0,38.833333333333336,,81.0,
PLB02_266150_LP,12,0,39.833333333333336,,61.0,
PLB02_281350_LP,24,0,55.916666666666664,,104.0,
PLB02_PEM001_RP,12,0,22.333333333333332,,67.0,
PLB02_MSTR_056_LP,12,0,14.333333333333334,,43.0,
PLB02_598160_LP,12,0,0.0,,0.0,
PLB02_276750_RP,24,0,15.083333333333334,,64.0,
PLB02_300025_RP,24,0,42.75,,111.0,
PLB02_PEM003_LP,12,0,23.0,,69.0,
PLB02_MSTR_065_RP,12,0,12.333333333333334,,37.0,
PLB02_554150_RP,12,0,37.833333333333336,,57.0,
PLB02_278220_RP,12,0,12.166666666666666,,25.0,
PLB02_281150_RP,12,0,50.333333333333336,,80.0,
PLB02_570160_RP,12,0,29.833333333333332,,63.0,
PLB02_MSTR021_RP,12,0,16.0,,48.0,
PLB02_273140_RP,12,0,25.166666666666668,,46.0,
PLB02_293150_LP,12,0,26.333333333333332,,79.0,
PLB02_572170_RP,12,0,18.0,,54.0,
PLB02_274250_RP,12,0,23.333333333333332,,70.0,
PLB02_562140_LP,12,0,14.333333333333334,,43.0,
PLB02_274350_RP,12,0,0.0,,0.0,
PLB02_270450_RP,12,0,26.333333333333332,,79.0,
PLB02_556150_RP,12,0,34.0,,74.0,
PLB02_298250_RP,12,0,14.666666666666666,,44.0,
PLB02_273760_LP,12,0,27.666666666666668,,57.0,
PLB02_281300_LP,24,0,37.666666666666664,,95.0,
PLB02_300005_LP,24,0,0.0,,0.0,
PLB02_MSTR024_LP,12,0,20.333333333333332,,61.0,
PLB02_270150_LP,12,0,35.333333333333336,,71.0,
PLB02_275450_LP,24,0,32.583333333333336,,71.0,
PLB02_278350_LP,12,0,29.833333333333332,,60.0,
PLB02_271650_LP,24,0,30.833333333333332,,98.0,
PLB02_280250_RP,12,0,28.333333333333332,,57.0,
PLB02_277150_RP,12,0,35.833333333333336,,72.0,
PLB02_281450_LP,36,0,38.833333333333336,,100.0,
PLB02_273350_RP,12,0,48.0,,74.0,
PLB02_276360_RP,12,0,25.666666666666668,,77.0,
PLB02_264150_LP,12,0,27.5,,57.0,
PLB02_276550_LP,12,0,25.333333333333332,,76.0,
PLB02_293175_LP,12,0,16.333333333333332,,49.0,
PLB02_280360_RP_HR,12,0,49.833333333333336,,82.0,
PLB02_271160_LP,12,0,19.333333333333332,,58.0,
PLB02_MSTR037_RP,12,0,14.333333333333334,,43.0,
PLB02_590170_RP,12,0,18.0,,54.0,
PLB02_298265_RP,12,0,17.5,,42.0,
PLB02_278250_LP,12,0,33.666666666666664,,69.0,
PLB02_300010_RP,24,0,44.666666666666664,,124.0,
PLB02_277280_LP,24,0,16.166666666666668,,76.0,
PLB02_281550_RP,24,0,15.25,,32.0,
PLB02_292130_LP,12,0,25.333333333333332,,53.0,
PLB02_MSTR016_LP,12,0,14.333333333333334,,43.0,
PLB02_293150_RP,12,0,40.0,,84.0,
PLB02_281470_RP,24,0,59.083333333333336,,113.0,
PLB02_280450_LP,24,0,53.583333333333336,,101.0,
PLB02_295150_LP,24,0,26.666666666666668,,85.0,
PLB02_279350_RP,12,0,41.0,,85.0,
PLB02_278330_LP,12,0,35.5,,73.0,
PLB02_297140_RP,24,0,37.916666666666664,,70.0,
PLB02_280250_LP,12,0,0.0,,0.0,
PLB02_296350_LP,12,0,33.333333333333336,,68.0,
PLB02_270250_RP,12,0,47.833333333333336,,80.0,
PLB02_271750_LP,12,0,28.0,,84.0,
PLB02_MSTR025_RP,12,0,17.0,,51.0,
PLB02_281200_RP,36,0,45.333333333333336,,120.0,
PLB02_MSTR040_LP,12,0,14.0,,42.0,
PLB02_271060_RP,24,0,10.75,,29.0,
PLB02_KLGNFR01_N,12,0,27.666666666666668,,83.0,
PLB02_281460_LP,24,0,38.166666666666664,,102.0,
PLB02_KLGNFR01_Z,12,0,22.666666666666668,,68.0,
PLB02_298150_RP,12,0,32.0,,68.0,
PLB02_271760_RP,12,0,24.0,,72.0,
PLB02_271250_RP,12,0,34.0,,68.0,
PLB02_MSTR003_RP,12,0,0.0,,0.0,
PLB02_300001_LP,24,0,23.666666666666668,,61.0,
PLB02_300022_RP,24,0,24.666666666666668,,101.0,
PLB02_271040_LP,24,0,26.416666666666668,,68.0,
PLB02_MSTR028_LP,12,0,0.0,,0.0,
PLB02_273550_RP,12,0,41.166666666666664,,85.0,
PLB02_300024_LP,24,0,47.083333333333336,,129.0,
PLB02_270330_RP,24,0,21.166666666666668,,64.0,
PLB02_280330_LP,24,0,51.583333333333336,,114.0,
PLB02_273470_RP,12,0,35.0,,55.0,
PLB02_281350_RP,24,0,0.0,,0.0,
PLB02_590150_LP,12,0,28.666666666666668,,86.0,
PLB02_296150_LP,12,0,34.333333333333336,,73.0,
PLB02_564150_RP,12,0,35.0,,73.0,
PLB02_293350_RP,12,0,26.333333333333332,,79.0,
PLB02_276270_LP,12,0,24.333333333333332,,73.0,
PLB02_298220_LP,12,0,20.666666666666668,,62.0,
PLB02_277270_LP,12,0,37.5,,81.0,
PLB02_271250_LP,12,0,22.333333333333332,,67.0,
PLB02_273446_RP,12,0,36.5,,75.0,
PLB02_274250_LP,12,0,44.666666666666664,,73.0,
PLB02_278550_RP,12,0,13.0,,39.0,
PLB02_MSTR001_RP,36,0,23.11111111111111,,61.0,
PLB02_MSTR047_RP,12,0,25.166666666666668,,53.0,
PLB02_562140_RP,12,0,15.0,,45.0,
PLB02_595180_LP,12,0,15.666666666666666,,47.0,
PLB02_271170_LP,12,0,20.666666666666668,,42.0,
PLB02_281250_LP,36,0,41.55555555555556,,104.0,
PLB02_MSTR026_LP,12,0,28.833333333333332,,58.0,
PLB02_280360_RP_PST,12,0,18.666666666666668,,56.0,
PLB02_297265_RP,12,0,30.0,,66.0,
PLB02_MSTR038_LP,12,0,17.0,,51.0,
PLB02_MSTR050_LP,12,0,17.0,,51.0,
PLB02_WZRWG01_N,12,0,21.0,,63.0,
PLB02_297150_LP,24,0,40.5,,87.0,
PLB02_276540_LP,12,0,42.166666666666664,,101.0,
PLB02_276620_RP,12,0,39.666666666666664,,70.0,
PLB02_298220_RP,12,0,22.333333333333332,,67.0,
PLB02_278350_RP,12,0,47.5,,75.0,
PLB02_300000_RP,24,0,22.833333333333332,,49.0,
PLB02_MSTR035_RP,12,0,0.0,,0.0,
PLB02_300014_LP,24,0,55.833333333333336,,108.0,
PLB02_276550_RP,12,0,23.0,,69.0,
PLB02_300012_RP,24,0,45.666666666666664,,99.0,
PLB02_271460_LP,24,0,13.5,,54.0,
PLB02_279165_LP,12,0,24.166666666666668,,51.0,
PLB02_WZRWG01_Z,12,0,0.0,,0.0,
PLB02_273250_LP,12,0,34.333333333333336,,69.0,
PLB02_277280_RP,24,0,5.5,,33.0,
PLB02_MSTR_057_RP,12,0,11.333333333333334,,34.0,
PLB02_273600_RP,12,0,28.0,,58.0,
PLB02_MSTR_060_LP,12,0,0.0,,0.0,
PLB02_275190_LP,12,0,39.166666666666664,,97.0,
PLB02_271260_RP,12,0,29.666666666666668,,89.0,
PLB02_297140_LP,24,0,33.083333333333336,,74.0,
PLB02_281470_LP,24,0,41.75,,108.0,
PLB02_295150_RP,24,0,20.0,,82.0,
PLB02_275470_LP,24,0,30.5,,83.0,
PLB02_MSTR013_RP,12,0,24.166666666666668,,50.0,
PLB02_572150_RP,12,0,24.666666666666668,,74.0,
PLB02_294150_RP,24,0,28.333333333333332,,90.0,
PLB02_280550_RP,24,0,22.916666666666668,,102.0,
PLB02_279330_LP,12,0,39.333333333333336,,80.0,
PLB02_291140_RP,12,0,20.0,,60.0,
PLB02_PEM003_RP,12,0,23.666666666666668,,71.0,
PLB02_277340_RP,24,0,21.333333333333332,,54.0,
PLB02_271750_RP,12,0,39.666666666666664,,84.0,
PLB02_NDSTW01_Z,12,0,18.0,,54.0,
PLB02_273480_RP,12,0,51.333333333333336,,87.0,
PLB02_300023_RP,24,0,45.833333333333336,,105.0,
PLB02_276750_LP,24,0,33.25,,67.0,
PLB02_MSTR004_LP,12,0,0.0,,0.0,
PLB02_279154_LP,12,0,35.5,,55.0,
PLB02_281240_LP,36,0,42.55555555555556,,97.0,
PLB02_271550_RP,24,0,21.25,,89.0,
PLB02_295050_LP,24,0,5.166666666666667,,31.0,
PLB02_273550_LP,12,0,37.333333333333336,,75.0,
PLB02_MSTR005_RP,12,0,16.333333333333332,,49.0,
PLB02_278150_LP,12,0,38.833333333333336,,80.0,
PLB02_279335_RP,12,0,33.0,,68.0,
PLB02_273250_RP,12,0,47.833333333333336,,81.0,
PLB02_271770_LP,12,0,17.333333333333332,,52.0,
PLB02_590150_RP,12,0,25.0,,71.0,
PLB02_SBNGW01_Z,12,0,22.666666666666668,,68.0,
PLB02_270330_LP,24,0,19.0,,54.0,
PLB02_275250_LP,12,0,51.0,,83.0,
PLB02_562146_LP,12,0,34.666666666666664,,71.0,
PLB02_MSTR_052_LP,12,0,0.0,,0.0,
PLB02_274060_RP,12,0,13.666666666666666,,28.0,
PLB02_276370_LP,12,0,21.0,,63.0,
PLB02_273470_LP,12,0,18.333333333333332,,55.0,
PLB02_276150_RP,12,0,26.333333333333332,,79.0,
PLB02_MSTR_061_RP,12,0,0.0,,0.0,
PLB02_277340_LP,24,0,15.25,,43.0,
PLB02_271745_RP,12,0,0.0,,0.0,
PLB02_292160_RP,12,0,19.833333333333332,,40.0,
PLB02_293350_LP,12,0,20.0,,60.0,
PLB02_273444_RP,12,0,37.5,,80.0,
PLB02_274370_RP,12,0,51.333333333333336,,79.0,
PLB02_273446_LP,12,0,39.333333333333336,,72.0,
PLB02_SBNGW01_N,12,0,23.666666666666668,,59.0,
PLB02_MSTR020_LP,12,0,32.333333333333336,,50.0,
PLB02_270350_RI,12,0,47.333333333333336,,78.0,
PLB02_294250_RP,24,0,22.75,,51.0,
PLB02_270270_RP,12,0,0.0,,0.0,
PLB02_277350_RP,12,0,52.5,,79.0,
PLB02_562145_RP,12,0,22.666666666666668,,68.0,
PLB02_MSTR039_RP,12,0,0.0,,0.0,
PLB02_281550_LP,24,0,47.0,,104.0,
PLB02_SG002,12,0,0.0,,0.0,
PLB02_271160_RP,12,0,24.666666666666668,,74.0,
PLB02_276460_RP,12,0,31.166666666666668,,63.0,
PLB02_SG001,12,0,12.666666666666666,,38.0,
PLB02_280450_RP,24,0,41.5,,88.0,
PLB02_278550_LP,12,0,13.333333333333334,,40.0,
PLB02_278250_RP,12,0,33.0,,67.0,
PLB02_278160_RP,12,0,23.666666666666668,,48.0,
PLB02_274130_LP,12,0,27.5,,58.0,
PLB02_277270_RP,12,0,26.0,,78.0,
PLB02_278330_RP,12,0,32.333333333333336,,67.0,
PLB02_MSTR_064_LP,12,0,12.666666666666666,,38.0,
PLB02_300009_LP,24,0,0.0,,0.0,
PLB02_266140_RP,12,0,33.333333333333336,,52.0,
PLB02_300021_LP,24,0,44.333333333333336,,118.0,
PLB02_270250_LP,12,0,37.833333333333336,,77.0,
PLB02_MSTR017_RP,12,0,14.666666666666666,,44.0,
PLB02_297150_RP,24,0,43.083333333333336,,92.0,
PLB02_297265_LP,12,0,0.0,,0.0,
PLB02_276540_RP,12,0,37.166666666666664,,76.0,
PLB02_271060_LP,24,0,21.0,,64.0,
PLB02_MSTR008_LP,12,0,16.666666666666668,,50.0,
PLB02_280440_LP,24,0,21.5,,58.0,
PLB02_271760_LP,12,0,20.333333333333332,,61.0,
PLB02_275190_RP,12,0,37.333333333333336,,77.0,
PLB02_271460_RP,24,0,20.5,,62.0,
PLB02_598140_RP,12,0,27.0,,81.0,
PLB02_276460_LP,12,0,25.666666666666668,,77.0,
PLB02_562145_LP,12,0,23.666666666666668,,71.0,
PLB02_556250_LP,12,0,39.833333333333336,,63.0,
PLB02_281170_LP,12,0,26.0,,78.0,
PLB02_274130_RP,12,0,44.833333333333336,,69.0,
PLB02_MSTR_059_RP,12,0,0.0,,0.0,
PLB02_279165_RP,12,0,15.666666666666666,,47.0,
PLB02_277350_LP,12,0,42.333333333333336,,88.0,
PLB02_276380_LP,12,0,23.333333333333332,,70.0,
PLB02_278240_LP,12,0,17.833333333333332,,39.0,
PLB02_MSTR_062_LP,12,0,0.0,,0.0,
PLB02_279156_LP,12,0,33.5,,72.0,
PLB02_MSTR015_RP,12,0,17.833333333333332,,37.0,
PLB02_294150_LP,24,0,39.5,,88.0,
PLB02_MSTR_071_RP,12,0,13.333333333333334,,40.0,
PLB02_279154_RP,12,0,17.666666666666668,,42.0,
PLB02_300019_RP,24,0,43.75,,126.0,
PLB02_275200_RP,12,0,39.666666666666664,,83.0,
PLB02_MSTR006_LP,12,0,0.0,,0.0,
PLB02_275350_RP,12,0,38.833333333333336,,78.0,
PLB02_292170_RP,12,0,20.333333333333332,,61.0,
PLB02_300008_RP,24,0,33.5,,105.0,
PLB02_273480_LP,12,0,39.166666666666664,,79.0,
PLB02_297250_RP,12,0,37.5,,75.0,
PLB02_MSTR018_LP,12,0,16.333333333333332,,49.0,
PLB02_279350_LP,12,0,29.0,,87.0,
PLB02_278150_RP,12,0,28.0,,84.0,
PLB02_293175_RP,12,0,26.333333333333332,,55.0,
PLB02_271370_LP,12,0,25.333333333333332,,76.0,
PLB02_MSTR030_LP,12,0,13.333333333333334,,40.0,
PLB02_MSTR049_RP,12,0,24.333333333333332,,50.0,
PLB02_280350_RP_PST,24,0,9.833333333333334,,59.0,
PLB02_280350_LP_PST,12,0,31.0,,62.0,
PLB02_281250_RP,36,0,41.05555555555556,,102.0,
PLB02_271770_RP,12,0,36.5,,57.0,
PLB02_266130_RP,12,0,19.0,,57.0,
PLB02_271170_RP,12,0,18.333333333333332,,55.0,
PLB02_275250_RP,12,0,37.833333333333336,,77.0,
PLB02_296350_RP,12,0,48.833333333333336,,84.0,
PLB02_300011_LP,24,0,40.166666666666664,,136.0,
PLB02_270340_RP,12,0,27.833333333333332,,56.0,
PLB02_MSTR027_RP,12,0,0.0,,0.0,
PLB02_276450_LP,12,0,32.833333333333336,,66.0,
PLB02_274060_LP,12,0,8.166666666666666,,17.0,
PLB02_277210_RP,12,0,25.833333333333332,,54.0,
PLB02_280140_RI,12,0,29.333333333333332,,60.0,
PLB02_275170_LP,12,0,46.5,,63.0,
PLB02_276620_LP,12,0,32.833333333333336,,53.0,
PLB02_276275_LP,12,0,30.5,,46.0,
PLB02_278135_LP,12,0,30.333333333333332,,62.0,
PLB02_279300_LP,12,0,41.333333333333336,,87.0,
PLB02_556160_LI,12,0,40.333333333333336,,69.0,
PLB02_276250_RP,12,0,31.0,,51.0,
PLB02_MSTR043_RP,36,0,21.11111111111111,,64.0,
PLB02_271370_RP,12,0,26.666666666666668,,80.0,
PLB02_270270_LP,12,0,0.0,,0.0,
PLB02_298250_LP,12,0,16.666666666666668,,50.0,
PLB02_595130_RP,12,0,18.0,,54.0,
PLB02_MSTR_066_LP,12,0,22.166666666666668,,45.0,
PLB02_280150_RP,12,0,33.0,,66.0,
PLB02_572170_LP,12,0,17.666666666666668,,53.0,
PLB02_296250_RP,12,0,38.166666666666664,,77.0,
PLB02_MSTR022_LP,12,0,10.333333333333334,,31.0,
PLB02_MSTR_041_RP,12,0,0.0,,0.0,
PLB02_271650_RP,24,0,13.666666666666666,,82.0,
PLB02_556010_LP,24,0,29.583333333333332,,74.0,
PLB02_273650_LP,12,0,56.5,,76.0,
PLB02_MSTR019_RP,12,0,14.666666666666666,,44.0,
PLB02_MSTR034_LP,12,0,13.0,,39.0,
PLB02_276350_LP,12,0,0.0,,0.0,
PLB02_276450_RP,12,0,48.333333333333336,,77.0,
PLB02_277210_LP,12,0,18.333333333333332,,55.0,
PLB02_266140_LP,12,0,28.833333333333332,,48.0,
PLB02_270350_LI,12,0,36.833333333333336,,77.0,
PLB02_281240_RP,36,0,40.666666666666664,,92.0,
PLB02_300016_RP,24,0,38.333333333333336,,102.0,
PLB02_570050_RP,24,0,34.083333333333336,,81.0,
PLB02_280140_LI,12,0,28.333333333333332,,57.0,
PLB02_280220_LP,12,0,31.166666666666668,,63.0,
PLB02_271550_LP,24,0,46.75,,111.0,
PLB02_MSTR031_RP,12,0,15.0,,45.0,
PLB02_MSTR_053_RP,12,0,11.666666666666666,,35.0,
PLB02_300018_LP,24,0,34.833333333333336,,111.0,
PLB02_278450_LP,12,0,20.333333333333332,,61.0,
PLB02_293250_LP,12,0,0.0,,0.0,
PLB02_556250_RP,12,0,31.5,,63.0,
PLB02_291170_RP,12,0,23.0,,69.0,
PLB02_280500_LP,12,0,28.0,,62.0,
PLB02_276650_RP,12,0,24.166666666666668,,39.0,
PLB02_MSTR009_RP,12,0,13.333333333333334,,40.0,
PLB02_273130_LP,12,0,23.333333333333332,,70.0,
PLB02_279156_RP,12,0,0.0,,0.0,
PLB02_275200_LP,12,0,54.833333333333336,,86.0,
PLB02_280350_LP_HR,12,0,25.333333333333332,,76.0,
PLB02_270550_LP,12,0,39.833333333333336,,83.0,
PLB02_275350_LP,12,0,39.0,,80.0,
PLB02_276370_RP,12,0,42.5,,66.0,
PLB02_271360_LP,12,0,18.333333333333332,,55.0,
PLB02_562150_LP,12,0,0.0,,0.0,
PLB02_274370_LP,12,0,26.666666666666668,,80.0,
PLB02_292160_LP,12,0,23.333333333333332,,47.0,
PLB02_595160_RP,12,0,9.666666666666666,,29.0,
PLB02_570160_LP,12,0,24.333333333333332,,73.0,
PLB02_273444_LP,12,0,26.0,,78.0,
PLB02_278160_LP,12,0,17.333333333333332,,52.0,
PLB02_280220_RP,12,0,33.166666666666664,,67.0,
PLB02_MSTR_051_RP,12,0,18.666666666666668,,56.0,
PLB02_294250_LP,24,0,26.083333333333332,,65.0,
PLB02_266130_LP,12,0,26.666666666666668,,54.0,
PLB02_271745_LP,12,0,0.0,,0.0,
PLB02_278450_RP,12,0,17.0,,51.0,
PLB02_300007_LP,24,0,0.0,,0.0,
PLB02_556150_LP,12,0,39.166666666666664,,80.0,
PLB02_275370_RP,12,0,25.333333333333332,,76.0,
PLB02_275450_RP,24,0,30.0,,65.0,
PLB02_291170_LP,12,0,24.0,,72.0,
PLB02_274350_LP,12,0,33.833333333333336,,76.0,
PLB02_MSTR044_LP,36,0,26.5,,67.0,
PLB02_276360_LP,12,0,16.333333333333332,,35.0,
PLB02_275170_RP,12,0,31.166666666666668,,67.0,
PLB02_264150_RP,12,0,31.166666666666668,,63.0,
PLB02_MSTR_042_LP,12,0,16.333333333333332,,49.0,
PLB02_280360_LP_HR,12,0,18.333333333333332,,55.0,
PLB02_277150_LP,12,0,41.333333333333336,,83.0,
PLB02_MSTR029_RP,12,0,15.333333333333334,,46.0,
PLB02_271360_RP,12,0,18.666666666666668,,56.0,
PLB02_270340_LP,12,0,37.0,,79.0,
PLB02_300020_LP,24,0,49.0,,107.0,
PLB02_564170_LP,12,0,26.333333333333332,,79.0,
PLB02_276380_RP,12,0,46.333333333333336,,73.0,
PLB02_278240_RP,12,0,11.0,,26.0,
PLB02_280440_RP,24,0,13.666666666666666,,41.0,
PLB02_595130_LP,12,0,17.333333333333332,,52.0,
PLB02_279300_RP,12,0,28.666666666666668,,86.0,
PLB02_295050_RP,24,0,22.0,,53.0,
PLB02_276275_RP,12,0,29.5,,59.0,
PLB02_278135_RP,12,0,26.166666666666668,,54.0,
PLB02_277450_RP,12,0,27.333333333333332,,82.0,
PLB02_279335_LP,12,0,22.666666666666668,,68.0,
PLB02_MSTR007_RP,12,0,15.333333333333334,,46.0,
PLB02_280500_RP,12,0,19.333333333333332,,58.0,
PLB02_598140_LP,12,0,25.666666666666668,,77.0,
PLB02_273850_LP,12,0,16.333333333333332,,35.0,
PLB02_280150_LP,12,0,25.333333333333332,,76.0,
PLB02_296250_LP,12,0,24.0,,72.0,
PLB02_281170_RP,12,0,38.833333333333336,,79.0,
PLB02_MSTR_054_LP,12,0,11.0,,33.0,
PLB02_300017_RP,24,0,40.833333333333336,,109.0,
PLB02_562146_RP,12,0,23.333333333333332,,70.0,
PLB02_598160_RP,12,0,0.0,,0.0,
PLB02_276150_LP,12,0,36.166666666666664,,73.0,
PLB02_273650_RP,12,0,21.666666666666668,,65.0,
PLB02_554150_LP,12,0,16.0,,48.0,
PLB02_271350_LP,12,0,37.666666666666664,,76.0,
PLB02_MSTR032_LP,12,0,20.833333333333332,,43.0,
PLB02_MSTR_063_RP,12,0,13.0,,39.0,
PLB02_292170_LP,12,0,22.333333333333332,,67.0,
PLB02_266150_RP,12,0,30.5,,62.0,
PLB02_273140_LP,12,0,33.5,,68.0,
PLB02_281150_LP,12,0,18.833333333333332,,38.0,
PLB02_297250_LP,12,0,0.0,,0.0,
PLB02_300006_RP,24,0,44.583333333333336,,122.0,
PLB02_278220_LP,24,0,12.166666666666666,,73.0,
PLB02_MSTR_065_LP,12,0,22.5,,38.0,
RWS01_MONIBAS_0731hrl1125ra,8,0,36.5,,80.0,
RWS01_MONICA_00D0020C9C2DD0070307,8,0,10.35,,16.0,
RWS01_MONIBAS_0271hrl0028ra,4,0,103.5,,110.0,
RWS01_MONIBAS_0271hrr0307ra,4,0,58.5,,63.0,
RWS01_MONIBAS_0220vwq0118ra,4,0,97.0,,104.0,
RWS01_MONICA_00D0071E945D10200005,8,0,23.0,,47.0,
RWS01_MONICA_00D009043800D0070307,8,0,-1.0,,-1.0,
RWS01_MONIBAS_0280vwb0411ra,8,0,-1.0,,-1.0,
RWS01_MONIBAS_0151hrr0589ra,8,0,109.75,,135.0,
RWS01_MONIBAS_0090vwy0401ra,4,0,104.0,,108.0,
RWS01_MONIBAS_0150vwx0458ra,2,0,87.0,,87.0,
RWS01_MONIBAS_0011hrl1368ra,6,0,115.33333333333333,,124.0,
RWS01_MONIBAS_0121hrr0628ra,4,0,104.5,,108.0,
RWS01_MONIBAS_0151hrr0456ra,8,0,102.75,,118.0,
RWS01_MONIBAS_0040vwf0048ra,4,0,-1.0,,-1.0,
RWS01_MONIBAS_0281hrl0140ra,6,0,100.33333333333333,,108.0,
RWS01_MONIBAS_0010vwq0147ra,4,0,-1.0,,-1.0,
RWS01_MONIBAS_0021hrr1204ra_1,24,0,72.99833333333333,,109.0,
RWS01_MONIBAS_0070vwc1423ra,8,0,35.5,,72.0,
RWS01_MONICA_00D0321C905AB0200005,8,0,-1.0,,-1.0,
RWS01_MONIBAS_0010vwb1759ra,8,0,-1.0,,-1.0,
RWS01_MONICA_10D014041C46D0050009,2,0,97.0,,97.0,
RWS01_MONIBAS_0150vwc0540ra,2,0,98.0,,98.0,
RWS01_MONICA_10D014041C46D0050005,2,0,111.0,,111.0,
RWS01_MONIBAS_0041hrl0737ra,4,0,84.0,,87.0,
RWS01_MONIBAS_0060vwp0419ra,4,0,111.5,,120.0,
RWS01_MONICA_00D00608CC4110200009,8,0,28.0,,57.0,
RWS01_MONICA_10D014041C46D005000D,2,0,87.0,,87.0,
RWS01_MONIBAS_0151hrr0719ra,6,0,99.66666666666667,,109.0,
RWS01_MONIBAS_0201hrr0227ra,10,0,104.8,,129.0,
RWS01_MONIBAS_0061hrr3098ra,16,0,73.26125,,104.0,
RWS01_MONICA_00D0100B1032D0050009,8,0,8.635,,13.0,
RWS01_MONIBAS_0021hrl1743ra,4,0,86.5,,90.0,
RWS01_MONICA_00D00608CC4110200005,8,0,42.3125,,63.0,
RWS01_MONIBAS_0121hrr0365ra,8,0,104.0,,123.0,
RWS01_MONIBAS_0011hrl1235ra,6,0,108.33333333333333,,118.0,
RWS01_MONIBAS_0091hrr0044ra,6,0,98.66666666666667,,104.0,
RWS01_MONICA_00D0100B1032D0050005,8,0,12.094999999999999,,17.0,
RWS01_MONICA_10D00104783C68200009,2,0,94.0,,94.0,
RWS01_MONIBAS_0021hrl2238ra,8,0,66.25,,98.0,
RWS01_MONICA_10D00104783C68200005,2,0,101.0,,101.0,
RWS01_MONIBAS_0501hrr1970ra,6,0,105.33333333333333,,116.0,
RWS01_MONICA_00D00107BC50D0050005,8,0,73.19,,99.0,
RWS01_MONIBAS_0441hrr0026ra,4,0,99.5,,107.0,
RWS01_MONIBAS_0040vwg0643ra,2,0,108.0,,108.0,
RWS01_MONIBAS_0021hrl1373ra,6,0,100.0,,107.0,
RWS01_MONICA_00D00107BC50D0050009,8,0,84.8375,,88.0,
RWS01_MONIBAS_0161hrl0685ra,6,0,45.666666666666664,,78.0,
RWS01_MONIBAS_0011hrl0513ra,4,0,90.5,,96.0,
RWS01_MONIBAS_0121hrr0314ra_1,32,0,69.79875,,125.0,
RWS01_MONIBAS_0161hrr0461ra,6,0,95.33333333333333,,103.0,
RWS01_MONIBAS_0071hrl0312ra,4,0,99.0,,106.0,
RWS01_MONIBAS_0131hrr0137ra_1,24,0,77.35583333333334,,103.0,
RWS01_MONIBAS_0060vwn0493ra,6,0,103.33333333333333,,111.0,
RWS01_MONIBAS_0161hrl0578ra,6,0,103.33333333333333,,114.0,
RWS01_MONIBAS_0150vwx0445ra,2,0,99.0,,99.0,
RWS01_MONIBAS_0011hrl0909ra,10,0,107.2,,129.0,
RWS01_MONIBAS_0281hrr1417ra,16,0,90.06625,,114.0,
RWS01_MONIBAS_0271hrr0271ra,4,0,84.5,,85.0,
RWS01_MONIBAS_0021hrr1785ra,4,0,68.0,,69.0,
RWS01_MONIBAS_0011hrl1355ra,6,0,71.66666666666667,,126.0,
RWS01_MONIBAS_0061hrr0576ra,4,0,-1.0,,-1.0,
RWS01_MONIBAS_0170vwc0243ra,8,0,26.0,,53.0,
RWS01_MONIBAS_0730vwd0171ra,2,0,-1.0,,-1.0,
RWS01_MONICA_00D00205783260200007,8,0,38.5,,78.0,
RWS01_MONICA_00D01B08E432D0050009,8,0,6.4175,,10.0,
RWS01_MONIBAS_0041hrr0633ra,4,0,109.0,,120.0,
RWS01_MONICA_00D0020D440AD0050005,8,0,-1.0,,-1.0,
RWS01_MONICA_00D01403B830A0200305,8,0,62.44,,85.0,
RWS01_MONIBAS_0161hrr0341ra,4,0,82.5,,87.0,
RWS01_MONIBAS_0021hrl1120ra,4,0,3.5,,8.0,
RWS01_MONIBAS_0281hrl0286ra,6,0,101.33333333333333,,109.0,
RWS01_MONIBAS_0271hrl0255ra,4,0,103.0,,117.0,
RWS01_MONIBAS_0501hrl1847ra,6,0,11.333333333333334,,17.0,
RWS01_MONIBAS_0671hrl0364ra,4,0,89.5,,94.0,
RWS01_MONICA_00D005024C2FD0050009,8,0,48.5,,98.0,
RWS01_MONIBAS_0271hrl0388ra,6,0,53.0,,66.0,
RWS01_MONIBAS_0120vwy0602ra,4,0,-1.0,,-1.0,
RWS01_MONIBAS_0061hrr3108ra,16,0,74.0,,111.0,
RWS01_MONIBAS_0281hrl0906ra,8,0,-1.0,,-1.0,
RWS01_MONICA_00D005024C2FD0050005,8,0,56.0,,113.0,
RWS01_MONIBAS_0151hrr0229ra,4,0,102.5,,110.0,
RWS01_MONIBAS_0121hrl0696ra,8,0,104.75,,117.0,
RWS01_MONIBAS_0040vwe0633ra,2,0,96.0,,96.0,
RWS01_MONICA_00D0010EA005D007000F,8,0,98.49,,101.0,
RWS01_MONIBAS_0441hrr0013ra,6,0,98.0,,110.0,
RWS01_MONIBAS_0011hrr1407ra,2,0,99.0,,99.0,
RWS01_MONIBAS_0011hrr1407rb,4,0,95.5,,103.0,
RWS01_MONICA_00D0010EA005D0070013,8,0,87.095,,93.0,
RWS01_MONIBAS_0040vwj0041ra,4,0,63.0,,65.0,
RWS01_MONICA_00D0020D440AD0050011,8,0,96.5575,,105.0,
RWS01_MONIBAS_0020vwm1607ra,4,0,54.5,,57.0,
RWS01_MONIBAS_0271hrr0814ra_1,24,0,70.7775,,106.0,
RWS01_MONIBAS_0071hrl0325ra,4,0,105.5,,112.0,
RWS01_MONIBAS_0121hrl0839ra,6,0,105.0,,118.0,
RWS01_MONICA_00D0010EA005D0070007,8,0,92.5525,,125.0,
RWS01_MONIBAS_0090vws0388ra,4,0,104.0,,115.0,
RWS01_MONIBAS_0271hrr0284ra,4,0,93.0,,99.0,
RWS01_MONIBAS_0161hrr0474ra,6,0,95.0,,105.0,
RWS01_MONICA_00D0020D440AD0050009,8,0,52.5,,106.0,
RWS01_MONIBAS_0501hrl2160ra,16,0,-1.0,,-1.0,
RWS01_MONICA_00D0020D440AD005000D,8,0,52.0,,105.0,
RWS01_MONICA_00D0010EA005D007000B,8,0,80.055,,109.0,
RWS01_MONIBAS_2050vwf0129ra,4,0,-1.0,,-1.0,
RWS01_MONICA_00D01B08E432D0050005,8,0,-1.0,,-1.0,
RWS01_MONICA_00D009075400D0070007,8,0,47.0,,95.0,
RWS01_MONICA_00D04F003818D0050085,8,0,-1.0,,-1.0,
RWS01_MONICA_00D00108A032D0050005,8,0,22.0,,45.0,
RWS01_MONIBAS_0060vwn0480ra,6,0,102.0,,106.0,
RWS01_MONICA_00D00219805560200007,8,0,54.78,,76.0,
RWS01_MONICA_00D00108A032D0050009,8,0,-1.0,,-1.0,
RWS01_MONIBAS_0151hrr0430ra,6,0,106.0,,121.0,
RWS01_MONIBAS_0021hrr1772ra,4,0,54.0,,56.0,
RWS01_MONIBAS_0121hrl0563ra,10,0,56.0,,65.0,
RWS01_MONICA_00D009075400D007000B,8,0,69.03,,95.0,
RWS01_MONICA_00D0021980556020000B,8,0,63.0,,66.0,
RWS01_MONIBAS_0021hrr2637ra,4,0,108.0,,114.0,
RWS01_MONIBAS_0150vwy0456ra,4,0,101.0,,110.0,
RWS01_MONIBAS_0051hrl0039ra,4,0,105.0,,111.0,
RWS01_MONIBAS_0040vwn0074ra,4,0,-1.0,,-1.0,
RWS01_MONIBAS_0151hrl0414ra,4,0,102.5,,110.0,
RWS01_MONIBAS_0221hrl0091ra,4,0,106.0,,111.0,
RWS01_MONIBAS_0651hrr0224ra,4,0,106.0,,113.0,
RWS01_MONIBAS_0071hrr0091ra,6,0,24.0,,29.0,
RWS01_MONIBAS_0271hrl0495ra,4,0,57.0,,60.0,
RWS01_MONIBAS_0581hrl0137ra,6,0,30.333333333333332,,53.0,
RWS01_MONIBAS_0041hrl0247ra,6,0,106.0,,116.0,
RWS01_MONICA_00D00106300FD007000F,8,0,86.895,,92.0,
RWS01_MONIBAS_0041hrr0250ra,6,0,85.66666666666667,,92.0,
RWS01_MONICA_00D00106300FD007000B,8,0,58.5,,118.0,
RWS01_MONICA_00D0320F1846D0070007,8,0,55.5,,112.0,
RWS01_MONICA_00D00106300FD0070007,8,0,103.9075,,142.0,
RWS01_MONIBAS_0300vwb0104ra,8,0,38.0,,77.0,
RWS01_MONIBAS_0271hrl0528ra_1,24,0,13.5,,29.0,
RWS01_MONICA_00D0071E903818200005,8,0,31.0,,63.0,
RWS01_MONIBAS_0040vwm0445ra,2,0,8.0,,8.0,
RWS01_MONIBAS_0161hrr0617ra,6,0,91.0,,102.0,
RWS01_MONIBAS_0081hrr0026ra,10,0,30.0,,49.0,
RWS01_MONIBAS_0760vwy0021ra,4,0,50.0,,101.0,
RWS01_MONIBAS_0041hrr0010ra,6,0,90.33333333333333,,100.0,
RWS01_MONIBAS_0041hrr0513ra,6,0,24.333333333333332,,29.0,
RWS01_MONICA_00D014026C50D007000B,8,0,84.035,,113.0,
RWS01_MONIBAS_0091hrr0654ra,6,0,106.66666666666667,,117.0,
RWS01_MONICA_00D00906D423D0050009,8,0,48.0,,97.0,
RWS01_MONIBAS_0041hrl0127ra,10,0,95.8,,116.0,
RWS01_MONIBAS_0011hrl0130ra,10,0,104.6,,122.0,
RWS01_MONICA_00D001016819D005000D,8,0,92.0625,,96.0,
RWS01_MONIBAS_0281hrl1085ra_1,24,0,76.65166666666666,,120.0,
RWS01_MONIBAS_0041hrr0766ra,6,0,97.66666666666667,,107.0,
RWS01_MONICA_00D00906D423D0050005,8,0,54.0,,109.0,
RWS01_MONICA_00D00219A85F60200007,8,0,77.0,,78.0,
RWS01_MONIBAS_0021hrr1558ra,4,0,21.5,,22.0,
RWS01_MONIBAS_0271hrl0505ra,4,0,77.5,,79.0,
RWS01_MONICA_00D014026C50D0070007,8,0,43.5,,88.0,
RWS01_MONICA_00D001016819D0050005,8,0,88.1075,,119.0,
RWS01_MONICA_00D0320F1846D007000B,8,0,67.77250000000001,,95.0,
RWS01_MONICA_00D00219A85F6020000B,8,0,56.9675,,77.0,
RWS01_MONICA_00D001016819D0050009,8,0,76.51,,103.0,
RWS01_MONICA_00D00901AC460820000B,8,0,28.5,,58.0,
RWS01_MONIBAS_0040vwn0337ra,6,0,93.0,,98.0,
RWS01_MONICA_00D00901AC4608200007,8,0,34.0,,69.0,
RWS01_MONICA_00D03B0E342DD0050009,8,0,45.5,,92.0,
RWS01_MONIBAS_0011hrl0419ra,4,0,100.0,,104.0,
RWS01_MONICA_00D00218840F80200009,8,0,95.33,,99.0,
RWS01_MONICA_00D01401A400D007000B,8,0,49.55,,70.0,
RWS01_MONICA_00D01401A400D0070007,8,0,57.9925,,78.0,
RWS01_MONICA_00D00218840F80200005,8,0,56.0,,113.0,
RWS01_MONIBAS_0021hrl1146ra,4,0,7.0,,9.0,
RWS01_MONIBAS_0091hrr0521ra,6,0,67.66666666666667,,107.0,
RWS01_MONICA_00D0490EC40018200005,8,0,30.0,,61.0,
RWS01_MONIBAS_0121hrl0826ra,6,0,103.0,,113.0,
RWS01_MONIBAS_0161hrl0458ra,6,0,65.0,,73.0,
RWS01_MONIBAS_0021hrr1282ra,6,0,107.33333333333333,,122.0,
RWS01_MONIBAS_0160vwy0235ra,6,0,24.333333333333332,,40.0,
RWS01_MONIBAS_0010vwc0270ra,2,0,50.0,,50.0,
RWS01_MONIBAS_0581hrr0153ra,6,0,3.6666666666666665,,6.0,
RWS01_MONICA_00D03B0E342DD0050005,8,0,46.0,,93.0,
RWS01_MONIBAS_0041hrr0539ra,4,0,106.5,,111.0,
RWS01_MONIBAS_0121hrr0245ra,6,0,97.66666666666667,,108.0,
RWS01_MONIBAS_0151hrl0565ra_1,24,0,36.666666666666664,,117.0,
RWS01_MONIBAS_0040vwm0338ra,6,0,66.0,,73.0,
RWS01_MONIBAS_0101hrr0302ra,8,0,73.25,,102.0,
RWS01_MONIBAS_0021hrl1159ra,4,0,-1.0,,-1.0,
RWS01_MONIBAS_0170vwc0149ra,8,0,-1.0,,-1.0,
RWS01_MONICA_00D01001D404D007000B,8,0,29.2175,,30.0,
RWS01_MONIBAS_0021hrl0438ra,10,0,96.6,,104.0,
RWS01_MONIBAS_0271hrr0057ra,6,0,62.333333333333336,,102.0,
RWS01_MONIBAS_0161hrl0182ra,6,0,93.66666666666667,,103.0,
RWS01_MONIBAS_0051hrr0162ra,4,0,55.5,,58.0,
RWS01_MONIBAS_0150vwd0445ra,2,0,88.0,,88.0,
RWS01_MONICA_00D01001D404D0070007,8,0,17.5,,36.0,
RWS01_MONIBAS_0150vwc0553ra,4,0,83.5,,87.0,
RWS01_MONIBAS_0151hrr0790ra,8,0,62.0,,75.0,
RWS01_MONIBAS_0160vwm0403ra,6,0,40.666666666666664,,74.0,
RWS01_MONICA_00D01009E45FD0050005,8,0,59.0,,119.0,
RWS01_MONIBAS_0010vwc0390ra,2,0,72.0,,72.0,
RWS01_MONIBAS_0011hrl0370ra,8,0,113.25,,132.0,
RWS01_MONIBAS_0501hrl1941ra,6,0,63.666666666666664,,109.0,
RWS01_MONIBAS_0021hrl1026ra,6,0,112.66666666666667,,125.0,
RWS01_MONIBAS_0010vwf0447ra,4,0,32.5,,66.0,
RWS01_MONIBAS_0121hrr0125ra,6,0,71.33333333333333,,113.0,
RWS01_MONICA_00D01F0BC81400200007,8,0,35.5,,72.0,
RWS01_MONIBAS_0270vwn0701ra,6,0,13.0,,28.0,
RWS01_MONICA_00D04303B81008200007,8,0,10.445,,15.0,
RWS01_MONIBAS_0150vwc0433ra,2,0,91.0,,91.0,
RWS01_MONIBAS_0300vwc0103ra,8,0,-1.0,,-1.0,
RWS01_MONIBAS_4341hrr0061ra,6,0,64.66666666666667,,82.0,
RWS01_MONIBAS_0021hrr2267ra,6,0,89.66666666666667,,99.0,
RWS01_MONIBAS_0350vwb0615ra,8,0,-1.0,,-1.0,
RWS01_MONIBAS_0280vwb0664ra,8,0,-1.0,,-1.0,
RWS01_MONICA_00D0430AB00068200005,8,0,57.1025,,80.0,
RWS01_MONIBAS_0500vws2040ra,2,0,87.0,,87.0,
RWS01_MONIBAS_0150vwa0530ra,4,0,-1.0,,-1.0,
RWS01_MONIBAS_0120vwg0625ra,4,0,94.5,,104.0,
RWS01_MONICA_00D04F003818D0050005,8,0,-1.0,,-1.0,
RWS01_MONIBAS_0161hrl0195ra,6,0,91.66666666666667,,102.0,
RWS01_MONIBAS_0200vws0295ra,4,0,82.0,,84.0,
RWS01_MONIBAS_0011hrl0250ra,6,0,-1.0,,-1.0,
RWS01_MONIBAS_0351hrl0344ra,2,0,81.0,,81.0,
RWS01_MONICA_00D04F003818D0050009,8,0,-1.0,,-1.0,
RWS01_MONIBAS_0010vwq0121ra,4,0,-1.0,,-1.0,
RWS01_MONICA_00D00211100AD0070007,8,0,75.9525,,102.0,
RWS01_MONICA_00D009047C41D007000B,8,0,-1.0,,-1.0,
RWS01_MONICA_00D0071F183200200007,8,0,33.0,,67.0,
RWS01_MONIBAS_0280vwb1742ra,8,0,45.22,,64.0,
RWS01_MONICA_00D009047C41D007000F,8,0,-1.0,,-1.0,
RWS01_MONIBAS_0141hrl0132ra,4,0,55.0,,56.0,
RWS01_MONIBAS_0090vwd0536ra,2,0,80.0,,80.0,
RWS01_MONICA_10D01601D40178200007,2,0,-1.0,,-1.0,
RWS01_MONICA_00D009047C41D0070007,8,0,51.5,,104.0,
RWS01_MONICA_00D00502C849D007000B,8,0,10.3125,,16.0,
RWS01_MONICA_00D00C0C2841D0050005,8,0,56.0,,113.0,
RWS01_MONICA_00D00C12B00A08200007,8,0,31.5,,64.0,
RWS01_MONIBAS_0011hrl0037ra,6,0,91.0,,102.0,
RWS01_MONICA_00D0071F18320020000B,8,0,35.5,,72.0,
RWS01_MONICA_00D00211100AD007000F,8,0,85.095,,87.0,
RWS01_MONIBAS_0011hrr0328ra,8,0,105.25,,118.0,
RWS01_MONIBAS_0381hrl0207ra,4,0,-1.0,,-1.0,
RWS01_MONICA_00D00211100AD007000B,8,0,92.4025,,94.0,
RWS01_MONIBAS_0221hrl0128ra,4,0,85.5,,94.0,
RWS01_MONIBAS_0150vwa0424ra,2,0,-1.0,,-1.0,
RWS01_MONIBAS_4341hrl0032ra,4,0,82.5,,87.0,
RWS01_MONIBAS_0020vwm0635ra,6,0,64.66666666666667,,99.0,
RWS01_MONIBAS_0121hrl0686ra_1,32,0,59.5625,,126.0,
RWS01_MONICA_00D005018C55D007000B,8,0,93.485,,100.0,
RWS01_MONIBAS_0011hrr0052ra,10,0,96.4,,111.0,
RWS01_MONIBAS_0021hrr0703ra,8,0,62.5,,93.0,
RWS01_MONIBAS_3250vwr0133ra,2,0,81.0,,81.0,
RWS01_MONIBAS_0590vwt1352ra,2,0,-1.0,,-1.0,
RWS01_MONIBAS_0011hrr0185ra,6,0,-1.0,,-1.0,
RWS01_MONIBAS_0010vwp0135ra,4,0,102.0,,105.0,
RWS01_MONICA_00D005018C55D0070007,8,0,54.0,,109.0,
RWS01_MONICA_00D01B00C037D0070007,8,0,49.0,,99.0,
RWS01_MONIBAS_0101hrl0277ra,10,0,74.8,,103.0,
RWS01_MONIBAS_0441hrl0210ra,4,0,96.5,,105.0,
RWS01_MONIBAS_0101hrr0303ra,8,0,81.0,,119.0,
RWS01_MONIBAS_0061hrl0521ra,4,0,114.0,,118.0,
RWS01_MONIBAS_0021hrr0716ra,10,0,53.4,,80.0,
RWS01_MONIBAS_0580vwa0983ra,8,0,29.5,,60.0,
RWS01_MONICA_00D00218FC5FD0070007,8,0,72.45,,98.0,
RWS01_MONICA_10D0020E4823D0050085,2,0,101.0,,101.0,
RWS01_MONIBAS_0351hrr0610ra,16,0,87.08,,108.0,
RWS01_MONICA_10D0020E4823D0050089,2,0,106.0,,106.0,
RWS01_MONICA_00D00218FC5FD007000B,8,0,86.125,,95.0,
RWS01_MONICA_00D00C0C2841D0050009,8,0,53.0,,107.0,
RWS01_MONIBAS_0101hrl0144ra,10,0,93.4,,110.0,
RWS01_MONICA_10D01601D4017820000B,2,0,-1.0,,-1.0,
RWS01_MONIBAS_0040vwk0040ra,2,0,86.0,,86.0,
RWS01_MONIBAS_0151hrr1547ra,4,0,99.0,,107.0,
RWS01_MONICA_00D00C0C2841D005000D,8,0,70.715,,99.0,
RWS01_MONIBAS_0021hrr1163ra,4,0,109.0,,117.0,
RWS01_MONIBAS_0160vwx0249ra,4,0,41.5,,84.0,
RWS01_MONIBAS_0160vwx0249rb,2,0,77.0,,77.0,
RWS01_MONIBAS_0060vwu0411ra,2,0,64.0,,64.0,
RWS01_MONICA_00D0071F2062D007000B,8,0,76.02,,79.0,
RWS01_MONIBAS_0021hrr0849ra,10,0,29.6,,65.0,
RWS01_MONIBAS_0281hrr1990ra,6,0,60.333333333333336,,94.0,
RWS01_MONICA_00D0071F2062D0070007,8,0,85.0,,87.0,
RWS01_MONICA_00D03A090837D007000B,8,0,44.225,,62.0,
RWS01_MONIBAS_0011hrr0078ra,12,0,96.0,,108.0,
RWS01_MONICA_00D00223D41E08200007,8,0,36.0,,73.0,
RWS01_MONIBAS_0081hrr0013ra,6,0,66.0,,110.0,
RWS01_MONIBAS_0141hrl0145ra,4,0,68.5,,72.0,
RWS01_MONIBAS_0271hrl0851ra,6,0,109.33333333333333,,124.0,
RWS01_MONICA_00D00104E80068200009,8,0,69.1375,,96.0,
RWS01_MONIBAS_3251hrl0144ra,6,0,97.33333333333333,,102.0,
RWS01_MONIBAS_0151hrl0401ra,4,0,100.0,,104.0,
RWS01_MONIBAS_0501hrr1493ra,10,0,85.2,,125.0,
RWS01_MONIBAS_0151hrl0774ra,6,0,95.0,,103.0,
RWS01_MONIBAS_0270vwd1137ra,8,0,38.0,,77.0,
RWS01_MONIBAS_0581hrr0309ra,4,0,86.5,,92.0,
RWS01_MONIBAS_0021hrl2572rb,2,0,-1.0,,-1.0,
RWS01_MONIBAS_0021hrl2572ra,4,0,68.0,,72.0,
RWS01_MONICA_00D01B03B85DD0050005,8,0,81.7625,,110.0,
RWS01_MONIBAS_0091hrl0625ra,6,0,104.33333333333333,,115.0,
RWS01_MONIBAS_0021hrl0544ra,12,0,98.16666666666667,,105.0,
RWS01_MONIBAS_0321hrr0424ra,16,0,70.58875,,103.0,
RWS01_MONICA_00D00F06A846D0050005,8,0,79.1125,,110.0,
RWS01_MONICA_00D00F06A846D0050009,8,0,91.685,,100.0,
RWS01_MONIBAS_0281hrr0063ra,6,0,103.0,,112.0,
RWS01_MONICA_00D00400B01E50200005,8,0,69.0,,94.0,
RWS01_MONICA_00D01B03B85DD0050009,8,0,71.45,,104.0,
RWS01_MONIBAS_0101hrl0131ra,8,0,98.25,,112.0,
RWS01_MONICA_00D00104E80068200005,8,0,54.5,,110.0,
RWS01_MONIBAS_0091hrr0401ra,10,0,62.4,,73.0,
RWS01_MONIBAS_0020vwn1596ra,8,0,87.25,,94.0,
RWS01_MONIBAS_0051hrl0026ra,4,0,101.0,,114.0,
RWS01_MONICA_00D005022415D0050005,8,0,-1.0,,-1.0,
RWS01_MONIBAS_0150vwy0469ra,4,0,109.5,,116.0,
RWS01_MONICA_00D01C106400D0070007,8,0,55.5,,112.0,
RWS01_MONIBAS_0091hrr0391ra,6,0,11.666666666666666,,15.0,
RWS01_MONICA_00D005022415D0050009,8,0,-1.0,,-1.0,
RWS01_MONIBAS_0121hrl0430ra,8,0,79.25,,82.0,
RWS01_MONIBAS_0021hrl0677ra,12,0,45.5,,95.0,
RWS01_MONICA_00D01B090400D0050009,8,0,-1.0,,-1.0,
RWS01_MONIBAS_0021hrr1030ra,6,0,99.66666666666667,,108.0,
RWS01_MONICA_00D01C106400D007000F,8,0,88.11,,95.0,
RWS01_MONICA_00D01C106400D007000B,8,0,52.5,,106.0,
RWS01_MONICA_00D01B090400D0050005,8,0,-1.0,,-1.0,
RWS01_MONIBAS_0501hrr1480ra,6,0,65.0,,102.0,
RWS01_MONICA_00D0010DF400D005000D,8,0,100.225,,113.0,
RWS01_MONICA_00D00C173C3C78200007,8,0,-1.0,,-1.0,
RWS01_MONIBAS_0061hrl0547ra,8,0,108.0,,115.0,
RWS01_MONIBAS_0121hrr1337ra,4,0,-1.0,,-1.0,
RWS01_MONIBAS_0271hrr0533ra,4,0,-1.0,,-1.0,
RWS01_MONIBAS_0501hrl1585ra,8,0,75.25,,82.0,
RWS01_MONICA_00D01B0F602890200005,8,0,60.432500000000005,,86.0,
RWS01_MONIBAS_0581hrl0257ra,4,0,94.0,,102.0,
RWS01_MONIBAS_0271hrl0122ra,4,0,101.5,,107.0,
RWS01_MONICA_00D00C044C00D007000F,8,0,76.25,,102.0,
RWS01_MONIBAS_0021hrr0609ra,8,0,77.0,,115.0,
RWS01_MONIBAS_0021hrl2212ra,4,0,94.0,,101.0,
RWS01_MONIBAS_0150vwq0512ra,4,0,88.0,,92.0,
RWS01_MONIBAS_0020vwn0620ra,6,0,66.0,,105.0,
RWS01_MONICA_00D01C0ED405D0070307,8,0,42.0,,85.0,
RWS01_MONIBAS_0270vws0984ra,2,0,84.0,,84.0,
RWS01_MONIBAS_0580vwd1006ra,8,0,21.5,,44.0,
RWS01_MONICA_00D00C044C00D007000B,8,0,79.9475,,108.0,
RWS01_MONICA_00D00C0A9437D007000B,8,0,47.0,,95.0,
RWS01_MONICA_00D00C0A9437D007000F,8,0,60.6325,,84.0,
RWS01_MONICA_00D00C044C00D0070007,8,0,-1.0,,-1.0,
RWS01_MONIBAS_0501hrr1623ra,6,0,74.33333333333333,,117.0,
RWS01_MONIBAS_0071hrl0075ra,6,0,100.0,,113.0,
RWS01_MONICA_00D0010DF400D0050005,8,0,58.5,,118.0,
RWS01_MONIBAS_0281hrl0046ra,6,0,104.0,,110.0,
RWS01_MONIBAS_0281hrr0170ra,6,0,85.0,,92.0,
RWS01_MONICA_00D0010DF400D0050009,8,0,54.5,,110.0,
RWS01_MONICA_00D00C044C00D0070013,8,0,83.5,,89.0,
RWS01_MONICA_00D00C0A9437D0070013,8,0,-1.0,,-1.0,
RWS01_MONIBAS_0170vwd0241ra,8,0,-1.0,,-1.0,
RWS01_MONIBAS_0091hrr0414ra,6,0,29.333333333333332,,36.0,
RWS01_MONICA_10D0020E4823D005000D,2,0,106.0,,106.0,
RWS01_MONIBAS_0121hrl0443ra,8,0,31.0,,37.0,
RWS01_MONICA_00D03218FC5AD005000D,8,0,-1.0,,-1.0,
RWS01_MONIBAS_0171hrl0210ra,16,0,59.25,,133.0,
RWS01_MONIBAS_0581hrl0377ra,6,0,98.66666666666667,,114.0,
RWS01_MONIBAS_0020vwe1653ra,4,0,82.0,,84.0,
RWS01_MONICA_00D03218FC5AD0050005,8,0,51.0,,103.0,
RWS01_MONIBAS_0281hrl0059ra,6,0,111.66666666666667,,128.0,
RWS01_MONIBAS_0120vwa0598ra,2,0,59.0,,59.0,
RWS01_MONICA_00D00C0A9437D0070007,8,0,48.5,,98.0,
RWS01_MONIBAS_0060vwa0530ra,4,0,95.5,,104.0,
RWS01_MONIBAS_0121hrr1457ra,6,0,65.0,,109.0,
RWS01_MONICA_00D03218FC5AD0050009,8,0,41.0,,83.0,
RWS01_MONIBAS_0071hrl0195ra,4,0,102.0,,110.0,
RWS01_MONIBAS_0731hrl0274ra,4,0,98.5,,102.0,
RWS01_MONIBAS_0021hrl0784ra,10,0,88.6,,126.0,
RWS01_MONICA_00D023081800D0050005,8,0,51.5,,104.0,
RWS01_MONIBAS_0041hrl0475rb,4,0,-1.0,,-1.0,
RWS01_MONIBAS_0041hrl0475ra,4,0,32.5,,35.0,
RWS01_MONIBAS_0351hrr0516ra,4,0,89.5,,94.0,
RWS01_MONICA_00D023081800D0050009,8,0,87.52,,92.0,
RWS01_MONIBAS_0271hrr0653ra,6,0,100.33333333333333,,109.0,
RWS01_MONIBAS_0281hrr1021ra,6,0,-1.0,,-1.0,
RWS01_MONICA_10D0020E4823D0050005,2,0,124.0,,124.0,
RWS01_MONIBAS_0731hrl1018ra,16,0,80.075,,98.0,
RWS01_MONICA_00D04C01985FD0050005,8,0,-1.0,,-1.0,
RWS01_MONICA_10D0020E4823D0050009,2,0,114.0,,114.0,
RWS01_MONIBAS_0581hrl0244ra,4,0,93.5,,101.0,
RWS01_MONICA_00D01B0F3C3CD0050009,8,0,71.23,,98.0,
RWS01_MONIBAS_3251hrl0157ra,4,0,91.0,,98.0,
RWS01_MONIBAS_0131hrl0091ra,6,0,63.0,,67.0,
RWS01_MONICA_00D04C01985FD0050009,8,0,-1.0,,-1.0,
RWS01_MONIBAS_0120vwx0580ra,8,0,88.25,,96.0,
RWS01_MONICA_00D01B0F3C3CD0050005,8,0,53.0,,107.0,
RWS01_MONIBAS_0291hrr0104ra,2,0,88.0,,88.0,
RWS01_MONICA_00D01B08E0329820000B,8,0,92.95,,99.0,
RWS01_MONIBAS_0091hrr0427ra,6,0,55.666666666666664,,60.0,
RWS01_MONIBAS_0011hrr0435ra,4,0,106.0,,111.0,
RWS01_MONIBAS_0011hrr0435rb,4,0,100.5,,101.0,
RWS01_MONIBAS_0761hrr0141ra,4,0,89.5,,97.0,
RWS01_MONIBAS_0011hrr0688ra,16,0,-1.0,,-1.0,
RWS01_MONIBAS_0161hrr0247ra,6,0,99.0,,113.0,
RWS01_MONIBAS_0161hrr0247rb,4,0,91.5,,94.0,
RWS01_MONICA_00D01B08E03298200007,8,0,52.5,,106.0,
RWS01_MONIBAS_0121hrr0867ra,6,0,92.66666666666667,,104.0,
RWS01_MONIBAS_0041hrl0342ra,4,0,98.5,,103.0,
RWS01_MONIBAS_0021hrl2358ra,6,0,89.33333333333333,,99.0,
RWS01_MONIBAS_0011hrr1398ra,6,0,103.66666666666667,,119.0,
RWS01_MONIBAS_0221hrr0130ra,4,0,99.5,,102.0,
RWS01_MONIBAS_0011hrr1265ra,6,0,110.33333333333333,,130.0,
RWS01_MONICA_00D00F07283BB8200007,8,0,43.0,,87.0,
RWS01_MONIBAS_0011hrl1581ra,8,0,44.22,,60.0,
RWS01_MONIBAS_0010vwa0286ra,2,0,85.0,,85.0,
RWS01_MONICA_00D010098C00D0050009,8,0,55.0,,111.0,
RWS01_MONICA_10D00C09B400B8200187,2,0,-1.0,,-1.0,
RWS01_MONICA_00D010098C00D0050005,8,0,63.5,,128.0,
RWS01_MONIBAS_0581hrl0364ra,4,0,101.0,,106.0,
RWS01_MONIBAS_0581hrl0364rb,4,0,101.5,,104.0,
RWS01_MONIBAS_0671hrl0258ra,4,0,94.5,,102.0,
RWS01_MONIBAS_0161hrr0114ra,4,0,15.5,,17.0,
RWS01_MONICA_00D0490E0C5A18200005,8,0,32.0,,65.0,
RWS01_MONIBAS_0271hrr0546ra,6,0,-1.0,,-1.0,
RWS01_MONIBAS_0101hrr0209ra,10,0,50.4,,81.0,
RWS01_MONIBAS_0121hrr0420ra_1,32,0,12.614374999999999,,55.0,
RWS01_MONICA_00D0320F28052020000B,8,0,36.5,,74.0,
RWS01_MONICA_00D010098C00D005000D,8,0,70.8925,,103.0,
RWS01_MONICA_00D01B03BC03D0070007,8,0,15.5,,32.0,
RWS01_MONICA_00D01B03BC03D007000B,8,0,18.65,,27.0,
RWS01_MONIBAS_0060vwm0518ra,4,0,103.0,,110.0,
RWS01_MONIBAS_0041hrl0618ra,8,0,107.75,,128.0,
RWS01_MONICA_00D00108900010200005,8,0,35.0,,71.0,
RWS01_MONIBAS_0121hrr1444ra,4,0,102.0,,102.0,
RWS01_MONICA_00D0320F280520200007,8,0,43.5,,88.0,
RWS01_MONICA_00D00101200468200005,8,0,50.5,,102.0,
RWS01_MONIBAS_0020vwm1690ra,4,0,73.5,,76.0,
RWS01_MONIBAS_0121hrl0193ra,6,0,97.66666666666667,,106.0,
RWS01_MONIBAS_0161hrr0127ra,4,0,72.5,,78.0,
RWS01_MONIBAS_0021hrl2225ra,6,0,62.0,,98.0,
RWS01_MONIBAS_0011hrr1278ra,6,0,102.66666666666667,,115.0,
RWS01_MONIBAS_0061hrr0682ra,16,0,47.4,,101.0,
RWS01_MONICA_00D03A084805D0050009,8,0,82.6675,,85.0,
RWS01_MONICA_00D03A084805D0050005,8,0,49.0,,99.0,
RWS01_MONIBAS_0041hrl0462ra,8,0,59.0,,65.0,
RWS01_MONIBAS_0771hrr0078ra,16,0,77.875,,125.0,
RWS01_MONIBAS_0071hrl0088ra,6,0,103.33333333333333,,113.0,
RWS01_MONIBAS_0760vwv0025ra,2,0,78.0,,78.0,
RWS01_MONIBAS_0580vwb0876ra,8,0,-1.0,,-1.0,
RWS01_MONICA_00D01C0E8C0068200005,8,0,40.5,,82.0,
RWS01_MONIBAS_0011hrr0302ra,4,0,104.5,,110.0,
RWS01_MONICA_00D01C0E8C0068200009,8,0,62.322500000000005,,86.0,
RWS01_MONIBAS_0050vwg0077ra,4,0,95.0,,102.0,
RWS01_MONICA_00D00103FC08D0050005,8,0,-1.0,,-1.0,
RWS01_MONICA_00D00400B01E50200089,8,0,87.4275,,89.0,
RWS01_MONICA_00D00103FC08D0050009,8,0,-1.0,,-1.0,
RWS01_MONIBAS_0021hrr0359ra,6,0,99.66666666666667,,113.0,
RWS01_MONICA_00D00400B01E50200085,8,0,77.45,,105.0,
RWS01_MONICA_00D01B090400D0050085,8,0,40.0,,81.0,
RWS01_MONIBAS_0070vwd2513ra,8,0,39.5,,80.0,
RWS01_MONIBAS_0060vwn0529ra,4,0,115.5,,128.0,
RWS01_MONIBAS_0761hrr0154ra,4,0,95.5,,103.0,
RWS01_MONIBAS_0151hrr0336ra,4,0,97.0,,102.0,
RWS01_MONICA_00D00502C849D0070007,8,0,-1.0,,-1.0,
RWS01_MONIBAS_0010vwm0115ra,2,0,86.0,,86.0,
RWS01_MONICA_00D01B090400D0050089,8,0,69.5875,,75.0,
RWS01_MONIBAS_0100vwt0155ra,4,0,87.0,,87.0,
RWS01_MONIBAS_0591hrr0925ra,16,0,36.755,,56.0,
RWS01_MONIBAS_0151hrr0577ra,10,0,83.4,,124.0,
RWS01_MONICA_00D00606E437D007000B,8,0,77.2175,,104.0,
RWS01_MONIBAS_0021hrr2399ra,8,0,90.25,,97.0,
RWS01_MONIBAS_0501hrl1833ra,6,0,53.666666666666664,,69.0,
RWS01_MONIBAS_0671hrl0350ra,4,0,88.5,,91.0,
RWS01_MONIBAS_0041hrl0725ra,4,0,81.5,,87.0,
RWS01_MONIBAS_0150vwh0596ra,4,0,99.5,,105.0,
RWS01_MONIBAS_0040vwa0112ra,4,0,71.5,,75.0,
RWS01_MONIBAS_0041hrr0752ra,4,0,68.0,,71.0,
RWS01_MONIBAS_0161hrl0290rb,4,0,88.0,,89.0,
RWS01_MONIBAS_0150vwn0622ra,4,0,-1.0,,-1.0,
RWS01_MONICA_00D00227C030D0070007,8,0,-1.0,,-1.0,
RWS01_MONICA_00D00212A00AD007030B,8,0,67.25,,90.0,
RWS01_MONIBAS_0041hrr0752rb,6,0,102.0,,116.0,
RWS01_MONIBAS_0161hrl0290ra,6,0,101.66666666666667,,111.0,
RWS01_MONIBAS_0500vwb2060ra,2,0,48.0,,48.0,
RWS01_MONIBAS_0281hrr0936ra,6,0,60.0,,98.0,
RWS01_MONICA_00D00212A00AD0070307,8,0,69.3575,,94.0,
RWS01_MONIBAS_0581hrl0735ra,4,0,91.0,,98.0,
RWS01_MONICA_00D00606E437D0070007,8,0,57.0,,115.0,
RWS01_MONICA_00D00104B02848200007,8,0,30.0,,61.0,
RWS01_MONICA_00D032255000D0050005,8,0,79.2025,,82.0,
RWS01_MONICA_00D00705883CD0050009,8,0,-1.0,,-1.0,
RWS01_MONIBAS_0121hrr0473ra,8,0,43.5,,54.0,
RWS01_MONIBAS_0011hrr1252ra,6,0,109.0,,123.0,
RWS01_MONICA_00D00705883CD0050005,8,0,-1.0,,-1.0,
RWS01_MONICA_00D00408D417D007000B,8,0,20.3125,,28.0,
RWS01_MONIBAS_0120vwr0063ra,4,0,71.5,,76.0,
RWS01_MONIBAS_0271hrr0415ra,6,0,99.0,,117.0,
RWS01_MONICA_00D01B00400528200005,8,0,66.0,,93.0,
RWS01_MONICA_10D00704D817D0050005,2,0,105.0,,105.0,
RWS01_MONIBAS_0731hrr1153ra,4,0,11.0,,23.0,
RWS01_MONICA_00D00408D417D0070007,8,0,6.66,,9.0,
RWS01_MONICA_10D00704D817D0050009,2,0,94.0,,94.0,
RWS01_MONICA_00D010027428D0070007,8,0,35.5,,72.0,
RWS01_MONIBAS_0051hrr0069ra,4,0,96.0,,101.0,
RWS01_MONIBAS_0021hrr2386ra,6,0,87.66666666666667,,95.0,
RWS01_MONIBAS_0121hrl0108ra,6,0,89.0,,93.0,
RWS01_MONIBAS_0151hrr0604ra_1,32,0,69.249375,,115.0,
RWS01_MONICA_10D00209C41460200187,2,0,-1.0,,-1.0,
RWS01_MONIBAS_0151hrr0444ra,6,0,101.66666666666667,,116.0,
RWS01_MONIBAS_0281hrr0923ra,6,0,64.0,,105.0,
RWS01_MONIBAS_0010vwq0135ra,4,0,-1.0,,-1.0,
RWS01_MONICA_00D0090A984BD0050005,8,0,-1.0,,-1.0,
RWS01_MONIBAS_0090vwy0390ra,4,0,42.5,,86.0,
RWS01_MONIBAS_0290vwv0108ra,2,0,62.0,,62.0,
RWS01_MONICA_00D0090A984BD0050009,8,0,-1.0,,-1.0,
RWS01_MONIBAS_0121hrr0486ra,8,0,49.0,,56.0,
RWS01_MONIBAS_0161hrr0340ra,4,0,87.5,,92.0,
RWS01_MONIBAS_0090vwv0384ra,4,0,45.0,,91.0,
RWS01_MONIBAS_0161hrl0673ra,4,0,105.0,,114.0,
RWS01_MONIBAS_0091hrr0056ra,8,0,53.25,,112.0,
RWS01_MONIBAS_0041hrl0100ra,8,0,102.0,,116.0,
RWS01_MONICA_00D010027428D007000B,8,0,66.38,,73.0,
RWS01_MONIBAS_0021hrl1252ra,6,0,27.0,,30.0,
RWS01_MONIBAS_0011hrl0861ra,6,0,108.0,,118.0,
RWS01_MONIBAS_0011hrl0887ra,6,0,107.66666666666667,,113.0,
RWS01_MONIBAS_0021hrr1664ra,6,0,102.0,,112.0,
RWS01_MONIBAS_0281hrr0949ra,8,0,86.25,,94.0,
RWS01_MONIBAS_0671hrl0496ra,16,0,85.53125,,109.0,
RWS01_MONIBAS_0671hrl0243ra,6,0,92.0,,104.0,
RWS01_MONIBAS_0121hrr0580ra,6,0,94.33333333333333,,107.0,
RWS01_MONIBAS_0281hrl0021ra,6,0,98.33333333333333,,104.0,
RWS01_MONIBAS_0121hrl0098ra,6,0,87.0,,96.0,
RWS01_MONIBAS_0581hrl0601ra_1,16,0,54.4775,,69.0,
RWS01_MONIBAS_0091hrr0559ra,8,0,99.75,,103.0,
RWS01_MONIBAS_0041hrl0090ra,8,0,103.0,,117.0,
RWS01_MONIBAS_0151hrr0217ra,6,0,115.33333333333333,,138.0,
RWS01_MONIBAS_0501hrl2052ra,6,0,97.0,,109.0,
RWS01_MONIBAS_0151hrr0707ra,8,0,98.5,,113.0,
RWS01_MONIBAS_0271hrl0267ra,4,0,97.0,,102.0,
RWS01_MONIBAS_0201hrr0215ra,8,0,103.0,,116.0,
RWS01_MONICA_00D001160C3CD0050009,8,0,87.9125,,93.0,
RWS01_MONIBAS_0021hrl0900ra,6,0,112.0,,124.0,
RWS01_MONIBAS_0011hrl1343ra,6,0,103.0,,118.0,
RWS01_MONIBAS_0020vwm1572ra,8,0,85.25,,90.0,
RWS01_MONICA_00D00222501400200007,8,0,56.1425,,76.0,
RWS01_MONIBAS_0070vwa2003ra,2,0,69.0,,69.0,
RWS01_MONIBAS_0011hrr0794ra,16,0,-1.0,,-1.0,
RWS01_MONIBAS_0731hrl0991ra,16,0,25.5,,105.0,
RWS01_MONIBAS_0591hrr1022rb,16,0,-1.0,,-1.0,
RWS01_MONIBAS_0591hrr1022ra,16,0,-1.0,,-1.0,
RWS01_MONIBAS_0671hrl0720ra,16,0,81.955,,99.0,
RWS01_MONIBAS_0161hrr0353ra,8,0,78.5,,96.0,
RWS01_MONICA_00D001160C3CD0050005,8,0,51.0,,103.0,
RWS01_MONIBAS_0201hrr0202ra,8,0,103.75,,116.0,
RWS01_MONICA_00D00106CC55D007008B,8,0,68.75,,92.0,
RWS01_MONIBAS_0091hrr0069rb,6,0,97.33333333333333,,108.0,
RWS01_MONIBAS_0041hrr0632ra,4,0,108.0,,123.0,
RWS01_MONIBAS_0121hrl0575ra,4,0,55.5,,57.0,
RWS01_MONIBAS_0091hrr0069ra,4,0,100.5,,104.0,
RWS01_MONIBAS_0241hrl0043ra,6,0,115.66666666666667,,135.0,
RWS01_MONIBAS_0671hrl0376ra,4,0,90.5,,96.0,
RWS01_MONICA_00D00C17401418200005,8,0,28.5,,58.0,
RWS01_MONIBAS_0041hrr0632rb,4,0,97.5,,99.0,
RWS01_MONIBAS_0271hrr0428ra,4,0,36.0,,39.0,
RWS01_MONIBAS_0161hrl0566ra,6,0,103.0,,113.0,
RWS01_MONIBAS_0021hrr1651ra,4,0,100.5,,107.0,
RWS01_MONICA_00D01001041ED0050005,8,0,-1.0,,-1.0,
RWS01_MONICA_00D010014C00D0070007,8,0,58.0,,117.0,
RWS01_MONIBAS_0020vwh0369ra,4,0,25.5,,52.0,
RWS01_MONIBAS_0051hrr0056ra,4,0,95.5,,100.0,
RWS01_MONICA_00D00106CC55D0070087,8,0,95.27,,100.0,
RWS01_MONICA_00D01C00243CB8200007,8,0,78.5,,105.0,
RWS01_MONIBAS_0091hrr0546ra,6,0,62.0,,98.0,
RWS01_MONIBAS_0071hrl0337ra,4,0,59.5,,120.0,
RWS01_MONIBAS_0731hrr1046ra,6,0,50.666666666666664,,83.0,
RWS01_MONICA_00D010014C00D007000F,8,0,67.6425,,97.0,
RWS01_MONIBAS_0270vwr1180ra,4,0,104.5,,115.0,
RWS01_MONICA_00D01001041ED0050009,8,0,-1.0,,-1.0,
RWS01_MONICA_00D010014C00D007000B,8,0,51.0,,103.0,
RWS01_MONIBAS_0011hrr0541ra,4,0,48.0,,51.0,
RWS01_MONIBAS_0061hrr0588ra,4,0,109.0,,117.0,
RWS01_MONIBAS_0760vwc0025ra,8,0,41.5,,84.0,
RWS01_MONICA_00D0021BDC4CD0050009,8,0,-1.0,,-1.0,
RWS01_MONIBAS_0041hrr0262ra,6,0,-1.0,,-1.0,
RWS01_MONIBAS_0091hrl0376ra,8,0,98.0,,109.0,
RWS01_MONICA_00D00400B8326020030B,8,0,72.2125,,100.0,
RWS01_MONICA_00D01C04FC37D007000B,8,0,97.36,,106.0,
RWS01_MONIBAS_0090vwr0330ra_1,16,0,42.0,,89.0,
RWS01_MONICA_00D01C04FC37D0070007,8,0,52.5,,106.0,
RWS01_MONICA_10D03218D44BD007000F,2,0,80.0,,80.0,
RWS01_MONICA_00D0021BDC4CD0050005,8,0,-1.0,,-1.0,
RWS01_MONICA_10D03218D44BD007000B,2,0,93.0,,93.0,
RWS01_MONICA_00D010024042D0070007,8,0,66.725,,90.0,
RWS01_MONICA_00D01C00243CB820000B,8,0,63.05,,91.0,
RWS01_MONIBAS_0010vwb0270ra,2,0,43.0,,43.0,
RWS01_MONIBAS_4341hrl0059ra,4,0,88.5,,93.0,
RWS01_MONICA_00D006070C5F60200007,8,0,82.59,,112.0,
RWS01_MONIBAS_0220vwx0131ra,4,0,64.5,,69.0,
RWS01_MONICA_00D00424E84B00200007,8,0,-1.0,,-1.0,
RWS01_MONICA_00D006070C5F6020000B,8,0,72.0725,,104.0,
RWS01_MONIBAS_0581hrr0415ra,6,0,42.333333333333336,,49.0,
RWS01_MONICA_00D006070C5F6020000F,8,0,91.025,,96.0,
RWS01_MONIBAS_0070vwa1401ra,8,0,42.75,,61.0,
RWS01_MONIBAS_0151hrl0426ra,4,0,102.5,,109.0,
RWS01_MONICA_00D002083859D0070013,8,0,-1.0,,-1.0,
RWS01_MONICA_00D002083859D0070017,8,0,-1.0,,-1.0,
RWS01_MONICA_00D00103E43208200007,8,0,-1.0,,-1.0,
RWS01_MONIBAS_0041hrl0259ra,6,0,103.33333333333333,,112.0,
RWS01_MONIBAS_0121hrl0122ra_1,32,0,41.394375,,75.0,
RWS01_MONIBAS_0151hrr0934ra,4,0,91.0,,98.0,
RWS01_MONIBAS_0091hrr0666ra,6,0,101.0,,110.0,
RWS01_MONIBAS_0020vwa0433ra,2,0,76.0,,76.0,
RWS01_MONIBAS_0021hrr1437ra,4,0,107.0,,109.0,
RWS01_MONICA_00D01403800008200007,8,0,36.0,,73.0,
RWS01_MONIBAS_0300vwa0225ra,8,0,55.85,,76.0,
RWS01_MONIBAS_0091hrl0496ra,4,0,108.0,,114.0,
RWS01_MONICA_00D00C12E45FD0050009,8,0,91.1075,,97.0,
RWS01_MONIBAS_0021hrr1294ra,6,0,103.0,,113.0,
RWS01_MONIBAS_0020vwa0579ra,4,0,87.0,,91.0,
RWS01_MONICA_00D00C12E45FD0050005,8,0,85.4,,120.0,
RWS01_MONIBAS_0151hrr0947ra,4,0,104.5,,114.0,
RWS01_MONICA_00D0140380000820000B,8,0,36.0,,73.0,
RWS01_MONIBAS_0091hrl0363ra,8,0,106.0,,123.0,
RWS01_MONICA_00D01B0D2000D0070187,8,0,-1.0,,-1.0,
RWS01_MONIBAS_0041hrr0275ra,6,0,88.0,,91.0,
RWS01_MONIBAS_0091hrl0639ra,6,0,103.33333333333333,,114.0,
RWS01_MONICA_00D00906AC50D007000B,8,0,42.2975,,60.0,
RWS01_MONICA_00D02E00984CD0050009,8,0,75.47,,79.0,
RWS01_MONICA_00D02E00984CD0050005,8,0,50.0,,101.0,
RWS01_MONIBAS_0160vwx0211ra,6,0,93.33333333333333,,102.0,
RWS01_MONIBAS_0011hrr0804ra,16,0,-1.0,,-1.0,
RWS01_MONIBAS_0280vwd1048ra,4,0,43.5,,88.0,
RWS01_MONICA_00D00906AC50D0070007,8,0,30.0,,61.0,
RWS01_MONICA_00D002278C5DD0070007,8,0,59.2275,,80.0,
RWS01_MONIBAS_0320vwd0652ra,8,0,-1.0,,-1.0,
RWS01_MONICA_00D01C11DC5FD0050005,8,0,86.36,,118.0,
RWS01_MONICA_10D03218D44BD0070007,2,0,89.0,,89.0,
RWS01_MONIBAS_0271hrl0517ra,4,0,55.5,,57.0,
RWS01_MONICA_00D01C11DC5FD0050009,8,0,100.5775,,108.0,
RWS01_MONICA_00D00209DC4130200187,8,0,-1.0,,-1.0,
RWS01_MONIBAS_0021hrr1411ra,6,0,104.66666666666667,,111.0,
RWS01_MONIBAS_0151hrl0439ra,8,0,97.25,,107.0,
RWS01_MONIBAS_0121hrl1413ra,4,0,95.0,,101.0,
RWS01_MONICA_00D00107F45FD0050009,8,0,85.635,,88.0,
RWS01_MONIBAS_0021hrl1038ra,8,0,127.5,,148.0,
RWS01_MONIBAS_0100vwc0175ra,4,0,58.5,,60.0,
RWS01_MONIBAS_0221hrl0126ra,4,0,90.0,,99.0,
RWS01_MONIBAS_0121hrr0113ra,6,0,94.66666666666667,,105.0,
RWS01_MONIBAS_0761hrl0016ra,4,0,104.5,,110.0,
RWS01_MONIBAS_0271hrr0178ra,4,0,81.0,,82.0,
RWS01_MONIBAS_0160vwm0392ra,8,0,97.75,,110.0,
RWS01_MONICA_00D0100A8400D0050005,8,0,56.5,,114.0,
RWS01_MONIBAS_0301hrl0217ra,16,0,84.86,,106.0,
RWS01_MONICA_00D0100A8400D0050009,8,0,91.575,,102.0,
RWS01_MONIBAS_0581hrr1006ra,16,0,76.2475,,101.0,
RWS01_MONIBAS_0051hrr0030ra,4,0,87.0,,91.0,
RWS01_MONIBAS_0080vwf0010ra,6,0,55.0,,86.0,
RWS01_MONIBAS_0010vwp0110ra,4,0,106.5,,111.0,
RWS01_MONICA_00D005018037D007000B,8,0,69.65,,100.0,
RWS01_MONICA_00D009075400D0070187,8,0,42.0,,85.0,
RWS01_MONIBAS_0271hrl0669ra_1,24,0,19.015833333333333,,37.0,
RWS01_MONICA_00D04F00184ED0070007,8,0,95.5725,,105.0,
RWS01_MONIBAS_0301hrl0074ra,4,0,100.5,,110.0,
RWS01_MONIBAS_0071hrr1948ra,6,0,98.66666666666667,,107.0,
RWS01_MONICA_00D04F00184ED007000B,8,0,94.445,,97.0,
RWS01_MONIBAS_0040vwm0063ra,4,0,97.5,,100.0,
RWS01_MONIBAS_0040vwn0075ra,4,0,-1.0,,-1.0,
RWS01_MONICA_00D002083859D007000B,8,0,-1.0,,-1.0,
RWS01_MONIBAS_0111hrr0190ra,4,0,27.0,,43.0,
RWS01_MONIBAS_0151hrr0801ra,6,0,16.333333333333332,,29.0,
RWS01_MONICA_00D01B00C037D007000B,8,0,75.9725,,112.0,
RWS01_MONICA_00D002083859D007000F,8,0,-1.0,,-1.0,
RWS01_MONIBAS_0270vwe0788ra,6,0,98.66666666666667,,109.0,
RWS01_MONIBAS_0121hrr0499ra,8,0,43.25,,74.0,
RWS01_MONIBAS_0201hrr0108ra,4,0,100.5,,106.0,
RWS01_MONIBAS_0071hrr1935ra,4,0,-1.0,,-1.0,
RWS01_MONIBAS_0500vwr1694ra,4,0,18.0,,20.0,
RWS01_MONICA_00D0040BEC3CC8200007,8,0,45.0,,91.0,
RWS01_MONIBAS_0071hrl2006ra,8,0,90.25,,104.0,
RWS01_MONIBAS_0220vwq0117ra,4,0,92.5,,102.0,
RWS01_MONICA_00D005018037D0070007,8,0,55.5,,112.0,
RWS01_MONIBAS_0150vwx0551ra,6,0,97.0,,106.0,
RWS01_MONICA_00D002083859D0070007,8,0,-1.0,,-1.0,
RWS01_MONIBAS_0220vwd0131ra,4,0,38.5,,39.0,
RWS01_MONIBAS_0121hrl0812ra,6,0,106.33333333333333,,119.0,
RWS01_MONICA_00D01001D404D0070107,8,0,25.5,,52.0,
RWS01_MONICA_00D00F094C5660200007,8,0,71.65,,101.0,
RWS01_MONIBAS_0161hrl0339ra,4,0,88.5,,97.0,
RWS01_MONICA_00D00107F45FD0050005,8,0,72.9825,,98.0,
RWS01_MONICA_00D00102885778200007,8,0,-1.0,,-1.0,
RWS01_MONIBAS_0151hrr1522ra,8,0,67.5,,105.0,
RWS01_MONIBAS_0761hrl0003ra,16,0,71.74125000000001,,106.0,
RWS01_MONIBAS_0070vwa1521ra,8,0,57.167500000000004,,77.0,
RWS01_MONIBAS_0221hrl0113ra,6,0,93.0,,106.0,
RWS01_MONIBAS_0011hrr0064ra,8,0,100.25,,108.0,
RWS01_MONICA_00D0320F3C3210200005,8,0,43.5,,88.0,
RWS01_MONICA_00D005018037D0070107,8,0,68.39,,96.0,
RWS01_MONICA_00D014022432D007000B,8,0,101.49,,180.0,
RWS01_MONIBAS_0010vwe0448ra,2,0,89.0,,89.0,
RWS01_MONICA_00D014022432D0070007,8,0,53.0,,107.0,
RWS01_MONIBAS_0101hrl0037ra,6,0,14.333333333333334,,18.0,
RWS01_MONIBAS_0010vwa1627ra,8,0,-1.0,,-1.0,
RWS01_MONIBAS_0121hrl1043ra,6,0,104.66666666666667,,120.0,
RWS01_MONIBAS_0271hrl0480ra,4,0,69.5,,73.0,
RWS01_MONIBAS_0060vwd3108ra,8,0,37.0,,75.0,
RWS01_MONICA_00D010074C5AD0070007,8,0,86.67,,127.0,
RWS01_MONICA_00D01000DC5AD0050005,8,0,-1.0,,-1.0,
RWS01_MONICA_00D00905703CA0200009,8,0,50.5,,102.0,
RWS01_MONICA_00D01000DC5AD0050009,8,0,-1.0,,-1.0,
RWS01_MONICA_00D00905703CA0200005,8,0,56.0,,113.0,
RWS01_MONIBAS_0141hrl0131ra,4,0,49.5,,53.0,
RWS01_MONICA_00D03A02742868200005,8,0,-1.0,,-1.0,
RWS01_MONIBAS_0280vwa0915ra,4,0,82.0,,87.0,
RWS01_MONICA_10D00704EC46D0050009,2,0,91.0,,91.0,
RWS01_MONIBAS_0021hrl2560ra,4,0,59.5,,66.0,
RWS01_MONIBAS_0020vwn1571ra,8,0,95.5,,106.0,
RWS01_MONICA_10D00704EC46D0050005,2,0,106.0,,106.0,
RWS01_MONIBAS_0671hrr0287ra,4,0,98.0,,106.0,
RWS01_MONICA_10D00704EC46D005000D,2,0,91.0,,91.0,
RWS01_MONIBAS_0151hrl0916ra,4,0,106.0,,111.0,
RWS01_MONICA_00D002285861D0050009,8,0,8.0,,14.0,
RWS01_MONICA_00D0010DBC0AD007000F,8,0,96.765,,105.0,
RWS01_MONIBAS_0300vwc0091ra,8,0,-1.0,,-1.0,
RWS01_MONICA_00D01403700500200007,8,0,37.5,,76.0,
RWS01_MONIBAS_0060vwq0419ra,4,0,-1.0,,-1.0,
RWS01_MONIBAS_0091hrl0230ra,6,0,92.0,,102.0,
RWS01_MONICA_00D0010DBC0AD0070007,8,0,85.6775,,116.0,
RWS01_MONIBAS_0041hrr0169ra,10,0,42.8,,47.0,
RWS01_MONICA_00D032165432D0070107,8,0,50.0,,101.0,
RWS01_MONIBAS_0021hrl2703ra,16,0,-1.0,,-1.0,
RWS01_MONIBAS_0131hrr0132ra,6,0,93.0,,99.0,
RWS01_MONICA_00D0010DBC0AD007000B,8,0,54.5,,110.0,
RWS01_MONIBAS_0021hrr1188ra,8,0,100.5,,117.0,
RWS01_MONIBAS_0671hrr0274ra,4,0,88.5,,96.0,
RWS01_MONICA_00D00606802DD0050005,8,0,89.765,,123.0,
RWS01_MONIBAS_0021hrl0796ra,10,0,87.2,,118.0,
RWS01_MONIBAS_0121hrr0019ra,4,0,72.0,,75.0,
RWS01_MONIBAS_0581hrr0298ra,4,0,100.5,,107.0,
RWS01_MONICA_00D00F190C5A10200005,8,0,-1.0,,-1.0,
RWS01_MONICA_00D00606802DD005000D,8,0,74.2825,,100.0,
RWS01_MONIBAS_0011hrl0265ra,6,0,-1.0,,-1.0,
RWS01_MONIBAS_0121hrr1203ra,6,0,97.66666666666667,,105.0,
RWS01_MONICA_00D00606802DD0050009,8,0,82.62,,117.0,
RWS01_MONIBAS_0151hrl0533ra,6,0,103.0,,115.0,
RWS01_MONICA_00D002285861D0050005,8,0,8.0,,17.0,
RWS01_MONIBAS_0121hrr1203rb,4,0,86.0,,93.0,
RWS01_MONICA_00D00A02045AD0070307,8,0,-1.0,,-1.0,
RWS01_MONIBAS_0020vwm0610ra,6,0,59.0,,95.0,
RWS01_MONIBAS_0060vwf3098ra,8,0,77.38,,80.0,
RWS01_MONICA_00D001010049D0070007,8,0,80.375,,109.0,
RWS01_MONIBAS_0120vwh0268ra,4,0,31.5,,33.0,
RWS01_MONICA_00D001010049D007000B,8,0,76.6275,,103.0,
RWS01_MONIBAS_0081hrl0081ra,4,0,47.0,,95.0,
RWS01_MONIBAS_0101hrr0317ra,6,0,74.66666666666667,,122.0,
RWS01_MONIBAS_0201hrl0162ra,4,0,101.0,,110.0,
RWS01_MONICA_00D00103E81CD0050185,8,0,-1.0,,-1.0,
RWS01_MONIBAS_0501hrr1637ra,6,0,42.333333333333336,,44.0,
RWS01_MONICA_00D001010049D007000F,8,0,99.5125,,101.0,
RWS01_MONIBAS_0120vwt0072ra,4,0,86.0,,87.0,
RWS01_MONIBAS_0070vwb1939ra,2,0,87.0,,87.0,
RWS01_MONICA_00D001010049D0070013,8,0,90.095,,94.0,
RWS01_MONIBAS_4341hrl0046ra,4,0,89.5,,97.0,
RWS01_MONICA_00D002246C46D007000B,8,0,48.5,,98.0,
RWS01_MONIBAS_0271hrl0863ra,6,0,105.33333333333333,,115.0,
RWS01_MONICA_10D00716AC40D0050005,2,0,111.0,,111.0,
RWS01_MONIBAS_0151hrl0520ra,4,0,100.0,,107.0,
RWS01_MONIBAS_0101hrr0281ra,10,0,15.0,,57.0,
RWS01_MONIBAS_0201hrl0305ra,6,0,77.0,,87.0,
RWS01_MONIBAS_0281hrr0197ra,6,0,86.33333333333333,,97.0,
RWS01_MONICA_00D020010841D0070007,8,0,53.5,,108.0,
RWS01_MONICA_00D01402C041D0050009,8,0,74.02,,80.0,
RWS01_MONICA_00D01C0FF400D007000F,8,0,-1.0,,-1.0,
RWS01_MONICA_00D002246C46D0070007,8,0,53.0,,107.0,
RWS01_MONICA_00D01C0FF400D007000B,8,0,-1.0,,-1.0,
RWS01_MONIBAS_0091hrr0270ra,8,0,94.25,,100.0,
RWS01_MONIBAS_0101hrr0294ra,8,0,64.75,,90.0,
RWS01_MONICA_00D01C0FF400D0070007,8,0,-1.0,,-1.0,
RWS01_MONICA_00D01402C041D0050005,8,0,49.0,,99.0,
RWS01_MONIBAS_0121hrl1319ra,6,0,93.66666666666667,,99.0,
RWS01_MONIBAS_0271hrr0904ra,6,0,84.0,,89.0,
RWS01_MONIBAS_0041hrr0023ra,8,0,99.0,,107.0,
RWS01_MONIBAS_0770vwa0045ra,8,0,45.2825,,63.0,
RWS01_MONICA_00D010024042D007000B,8,0,84.565,,87.0,
RWS01_MONICA_00D020010841D007000B,8,0,94.82,,102.0,
RWS01_MONIBAS_0100vwn0304ra_1,16,0,70.82875,,106.0,
RWS01_MONICA_00D00F07B04BD0050009,8,0,96.08,,103.0,
RWS01_MONICA_00D00905D014B0200009,8,0,68.2875,,96.0,
RWS01_MONIBAS_0151hrl0809ra,4,0,90.5,,92.0,
RWS01_MONIBAS_0280vwd0661ra,8,0,52.0625,,72.0,
RWS01_MONICA_00D00F07B04BD0050005,8,0,57.5,,116.0,
RWS01_MONICA_00D00905D014B0200005,8,0,48.5,,98.0,
RWS01_MONIBAS_0010vwp0136ra,4,0,103.0,,107.0,
RWS01_MONIBAS_0281hrr0207ra,8,0,95.0,,103.0,
RWS01_MONIBAS_0020vwn0632ra,6,0,86.66666666666667,,94.0,
RWS01_MONICA_00D00227FC5DD0050305,8,0,-1.0,,-1.0,
RWS01_MONIBAS_0501hrr1864ra,6,0,95.33333333333333,,107.0,
RWS01_MONIBAS_0040vwa0019ra,4,0,82.5,,84.0,
RWS01_MONIBAS_0071hrr1698ra,16,0,90.43875,,116.0,
RWS01_MONIBAS_0301hrr0091ra,16,0,70.53999999999999,,107.0,
RWS01_MONIBAS_0201hrl0318ra,6,0,62.0,,67.0,
RWS01_MONICA_00D0021A54286020000B,8,0,79.7975,,83.0,
RWS01_MONIBAS_0671hrr0381ra,4,0,91.5,,97.0,
RWS01_MONIBAS_0101hrr0067ra,6,0,96.66666666666667,,105.0,
RWS01_MONIBAS_0201hrr0322rb,2,0,58.0,,58.0,
RWS01_MONIBAS_0060vwm0504ra,4,0,104.0,,112.0,
RWS01_MONIBAS_0011hrr0554ra,16,0,70.095,,85.0,
RWS01_MONIBAS_0061hrr0441ra,8,0,104.25,,115.0,
RWS01_MONIBAS_3251hrr0173ra,4,0,45.0,,47.0,
RWS01_MONIBAS_0201hrr0322ra,6,0,85.0,,94.0,
RWS01_MONICA_01D146005828D0070107,8,0,44.0,,89.0,
RWS01_MONICA_00D00227C030D007008B,8,0,-1.0,,-1.0,
RWS01_MONIBAS_0281hrr0314ra,4,0,102.5,,109.0,
RWS01_MONICA_00D00227C030D0070087,8,0,-1.0,,-1.0,
RWS01_MONIBAS_0500vws0945ra_1,16,0,71.7925,,104.0,
RWS01_MONIBAS_0161hrr0366ra,6,0,61.666666666666664,,64.0,
RWS01_MONIBAS_0280vwh0848ra,4,0,77.0,,80.0,
RWS01_MONIBAS_0201hrl0295ra,4,0,85.0,,91.0,
RWS01_MONICA_10D00716AC40D0050009,2,0,97.0,,97.0,
RWS01_MONIBAS_0021hrl2190ra,16,0,68.60625,,99.0,
RWS01_MONIBAS_0280vwc0924ra,2,0,-1.0,,-1.0,
RWS01_MONIBAS_0021hrl2200ra,4,0,99.0,,106.0,
RWS01_MONIBAS_0060vwm0481ra,6,0,102.66666666666667,,114.0,
RWS01_MONICA_00D00905703CA0200089,8,0,73.5825,,107.0,
RWS01_MONIBAS_0071hrl2220ra,16,0,-1.0,,-1.0,
RWS01_MONIBAS_0301hrr0114ra,16,0,82.02375,,130.0,
RWS01_MONIBAS_0501hrr1877ra,6,0,-1.0,,-1.0,
RWS01_MONICA_00D00905703CA0200085,8,0,44.0,,89.0,
RWS01_MONIBAS_0150vws0520ra,4,0,106.0,,112.0,
RWS01_MONIBAS_0271hrl0970ra,6,0,102.66666666666667,,113.0,
RWS01_MONICA_00D01B0CA40048200007,8,0,47.0,,95.0,
RWS01_MONICA_00D01C0D5428D0050105,8,0,-1.0,,-1.0,
RWS01_MONICA_00D01C031414D005000D,8,0,81.365,,83.0,
RWS01_MONIBAS_0060vwn0504ra,4,0,103.5,,111.0,
RWS01_MONICA_10D00401140028200005,2,0,111.0,,111.0,
RWS01_MONICA_00D01B04705AD007000B,8,0,-1.0,,-1.0,
RWS01_MONICA_10D00401140028200009,2,0,97.0,,97.0,
RWS01_MONIBAS_0151hrl1517ra,6,0,62.0,,99.0,
RWS01_MONICA_00D01C031414D0050009,8,0,73.0475,,99.0,
RWS01_MONIBAS_0010vwn0114ra,2,0,84.0,,84.0,
RWS01_MONIBAS_0071hrr0221ra,4,0,88.5,,89.0,
RWS01_MONIBAS_0731hrl1139ra,6,0,59.666666666666664,,97.0,
RWS01_MONICA_00D01C031414D0050005,8,0,81.5625,,112.0,
RWS01_MONICA_00D01B04705AD0070007,8,0,-1.0,,-1.0,
RWS01_MONIBAS_0120vwy0592ra,6,0,39.666666666666664,,69.0,
RWS01_MONIBAS_0150vwh1557ra,6,0,62.666666666666664,,95.0,
RWS01_MONIBAS_0041hrl0619ra,8,0,106.0,,124.0,
RWS01_MONIBAS_0581hrl0498ra,4,0,86.5,,90.0,
RWS01_MONIBAS_0731hrr0947ra,8,0,31.0,,63.0,
RWS01_MONICA_00D00C14185FD007000B,8,0,1.5,,4.0,
RWS01_MONIBAS_0161hrr0126ra,4,0,69.0,,74.0,
RWS01_MONICA_00D00C14185FD007000F,8,0,-1.0,,-1.0,
RWS01_MONIBAS_0171hrr0039ra,16,0,64.71375,,115.0,
RWS01_MONIBAS_0011hrr1386ra,6,0,100.66666666666667,,115.0,
RWS01_MONIBAS_0020vwd2507ra,8,0,34.1425,,53.0,
RWS01_MONIBAS_0021hrl1758ra,4,0,70.5,,73.0,
RWS01_MONIBAS_0070vwp0043ra,2,0,-1.0,,-1.0,
RWS01_MONICA_00D00A02742C88200007,8,0,49.4,,69.0,
RWS01_MONIBAS_0581hrl0232ra,4,0,68.5,,70.0,
RWS01_MONIBAS_0041hrl0606ra,6,0,101.66666666666667,,110.0,
RWS01_MONICA_00D00C14185FD0070007,8,0,3.0,,7.0,
RWS01_MONIBAS_0011hrr0171ra,6,0,-1.0,,-1.0,
RWS01_MONICA_00D00D022405D0050185,8,0,-1.0,,-1.0,
RWS01_MONIBAS_0320vwc0657ra,8,0,42.0,,85.0,
RWS01_MONIBAS_0071hrl1992ra,6,0,81.66666666666667,,92.0,
RWS01_MONIBAS_0291hrr0116ra,8,0,94.5,,108.0,
RWS01_MONIBAS_0091hrr0439ra,6,0,65.66666666666667,,70.0,
RWS01_MONIBAS_0120vwx0628ra,4,0,89.5,,91.0,
RWS01_MONICA_00D00111884BD007000F,8,0,-1.0,,-1.0,
RWS01_MONICA_00D00111884BD007000B,8,0,-1.0,,-1.0,
RWS01_MONIBAS_0011hrl0981ra,8,0,99.25,,113.0,
RWS01_MONIBAS_0121hrr1323ra,6,0,7.0,,23.0,
RWS01_MONIBAS_0500vwn2021ra,2,0,51.0,,51.0,
RWS01_MONICA_00D010074C5AD007000F,8,0,66.8575,,94.0,
RWS01_MONIBAS_0020vwn2422ra,6,0,101.33333333333333,,106.0,
RWS01_MONICA_00D00111884BD0070007,8,0,51.0,,103.0,
RWS01_MONIBAS_0020vwe1558ra,4,0,50.5,,102.0,
RWS01_MONIBAS_0121hrr0855ra,6,0,99.66666666666667,,106.0,
RWS01_MONICA_00D010074C5AD007000B,8,0,50.0,,101.0,
RWS01_MONICA_00D00A02281900200007,8,0,43.3575,,62.0,
RWS01_MONIBAS_0021hrl0770ra,10,0,89.2,,135.0,
RWS01_MONIBAS_0320vwb0657ra,8,0,39.0,,79.0,
RWS01_MONIBAS_0041hrl0739ra,4,0,86.5,,90.0,
RWS01_MONIBAS_0221hrr0131ra,4,0,103.5,,107.0,
RWS01_MONIBAS_0151hrl0880ra,4,0,54.0,,56.0,
RWS01_MONICA_00D00C108C0AD007000B,8,0,44.5,,90.0,
RWS01_MONIBAS_0060vwc0459ra,2,0,79.0,,79.0,
RWS01_MONICA_00D00C108C0AD007000F,8,0,74.13,,76.0,
RWS01_MONIBAS_0500vwa1589ra_1,8,0,58.55,,84.0,
RWS01_MONICA_00D00219B04B68200009,8,0,53.575,,73.0,
RWS01_MONICA_00D0021A542860200007,8,0,68.2925,,94.0,
RWS01_MONICA_00D00219B04B68200005,8,0,75.9375,,87.0,
RWS01_MONIBAS_0121hrl0348ra,8,0,101.75,,113.0,
RWS01_MONIBAS_0070vwa0070ra,2,0,61.0,,61.0,
RWS01_MONIBAS_0021hrl2346ra,6,0,90.66666666666667,,99.0,
RWS01_MONIBAS_0731hrl0155ra,4,0,99.0,,104.0,
RWS01_MONICA_00D00C108C0AD0070007,8,0,72.765,,98.0,
RWS01_MONIBAS_0041hrl0583ra,6,0,91.66666666666667,,102.0,
RWS01_MONICA_00D00219B04B6820000D,8,0,80.8325,,83.0,
RWS01_MONIBAS_0021hrr2278ra,6,0,88.0,,93.0,
RWS01_MONIBAS_0161hrl0323ra,10,0,99.4,,125.0,
RWS01_MONIBAS_0050vwn0081ra,4,0,65.5,,132.0,
RWS01_MONICA_00D00100A055D0070007,8,0,79.6875,,107.0,
RWS01_MONICA_00D00100A055D007000B,8,0,72.4175,,98.0,
RWS01_MONIBAS_0121hrl0325ra,8,0,94.25,,108.0,
RWS01_MONICA_00D03A076437D007000B,8,0,35.832499999999996,,38.0,
RWS01_MONIBAS_0091hrr0068ra,10,0,101.4,,117.0,
RWS01_MONICA_00D006095C2760200007,8,0,87.62,,118.0,
RWS01_MONIBAS_0281hrr0826ra,4,0,29.5,,33.0,
RWS01_MONIBAS_0010vwq0136ra,4,0,-1.0,,-1.0,
RWS01_MONICA_00D03A076437D0070007,8,0,28.445,,40.0,
RWS01_MONICA_00D00100A055D007000F,8,0,88.035,,91.0,
RWS01_MONICA_00D006095C276020000B,8,0,90.0675,,100.0,
RWS01_MONIBAS_0121hrl0205ra,6,0,99.33333333333333,,111.0,
RWS01_MONIBAS_0020vwm1680ra,4,0,84.0,,91.0,
RWS01_MONIBAS_0060vwn0501ra,4,0,107.0,,114.0,
RWS01_MONIBAS_0020vwe2408ra,2,0,84.0,,84.0,
RWS01_MONIBAS_0161hrl0203ra,6,0,91.33333333333333,,103.0,
RWS01_MONICA_00D01001E807D0050005,8,0,-1.0,,-1.0,
RWS01_MONIBAS_0301hrr0230ra,16,0,-1.0,,-1.0,
RWS01_MONICA_00D01001E807D0050009,8,0,-1.0,,-1.0,
RWS01_MONICA_00D0040098286020000B,8,0,97.845,,102.0,
RWS01_MONICA_00D00630640A30200007,8,0,72.35,,102.0,
RWS01_MONIBAS_0011hrr1155ra,6,0,104.0,,118.0,
RWS01_MONICA_00D04302EC2378200007,8,0,46.5,,94.0,
RWS01_MONIBAS_0731hrr1130ra,6,0,-1.0,,-1.0,
RWS01_MONIBAS_0021hrl1131ra,4,0,4.0,,4.0,
RWS01_MONIBAS_0670vwd0416ra,8,0,54.61,,75.0,
RWS01_MONIBAS_0020vwm1560ra,4,0,89.0,,93.0,
RWS01_MONIBAS_0041hrl0592ra,6,0,100.0,,111.0,
RWS01_MONICA_00D00400982860200007,8,0,77.86,,105.0,
RWS01_MONIBAS_0070vwe1435ra,8,0,58.955,,80.0,
RWS01_MONIBAS_0020vwn0623ra,6,0,65.66666666666667,,105.0,
RWS01_MONICA_10D0040B70546020000B,2,0,75.0,,75.0,
RWS01_MONIBAS_0020vwc1168ra,2,0,54.0,,54.0,
RWS01_MONIBAS_0060vwm0497ra,8,0,74.75,,109.0,
RWS01_MONIBAS_0580vwb0851ra,8,0,-1.0,,-1.0,
RWS01_MONICA_00D00C141C0010200005,8,0,34.5,,70.0,
RWS01_MONIBAS_0120vwu0575ra,8,0,67.0,,95.0,
RWS01_MONIBAS_0021hrr2408ra,4,0,94.5,,99.0,
RWS01_MONIBAS_0041hrl0615ra,8,0,107.5,,123.0,
RWS01_MONICA_00D0321F941ED0050005,8,0,78.6675,,111.0,
RWS01_MONIBAS_0241hrl0033ra,6,0,124.0,,150.0,
RWS01_MONIBAS_0021hrl1407ra,6,0,102.33333333333333,,110.0,
RWS01_MONICA_00D0321F941ED0050009,8,0,68.6975,,100.0,
RWS01_MONIBAS_0010vwq0123ra,4,0,-1.0,,-1.0,
RWS01_MONICA_10D0040B705460200007,2,0,93.0,,93.0,
RWS01_MONIBAS_0021hrr2528ra,6,0,93.66666666666667,,104.0,
RWS01_MONIBAS_0501hrr2369ra,4,0,-1.0,,-1.0,
RWS01_MONICA_00D03220300F60200007,8,0,51.5,,104.0,
RWS01_MONIBAS_0021hrr1939ra,16,0,71.5,,110.0,
RWS01_MONIBAS_0120vwe1206ra,4,0,49.0,,57.0,
RWS01_MONIBAS_0500vwa2208ra,8,0,-1.0,,-1.0,
RWS01_MONIBAS_0500vwa2065ra,2,0,-1.0,,-1.0,
RWS01_MONIBAS_0201hrr0456ra,4,0,88.5,,92.0,
RWS01_MONIBAS_0040vwx0481ra,8,0,62.5,,78.0,
RWS01_MONIBAS_0501hrl1858ra,6,0,45.666666666666664,,62.0,
RWS01_MONIBAS_0041hrl0602ra,6,0,100.0,,108.0,
RWS01_MONIBAS_0271hrl0244ra,4,0,-1.0,,-1.0,
RWS01_MONICA_00D01403805010200005,8,0,35.0,,71.0,
RWS01_MONIBAS_0161hrl0469ra,6,0,93.66666666666667,,100.0,
RWS01_MONIBAS_0501hrl1605ra,6,0,77.0,,83.0,
RWS01_MONICA_00D0430AB80050200005,8,0,39.875,,56.0,
RWS01_MONIBAS_0021hrl1264ra,6,0,58.0,,65.0,
RWS01_MONIBAS_0161hrl0336ra,4,0,89.0,,99.0,
RWS01_MONIBAS_0021hrl1852ra,16,0,-1.0,,-1.0,
RWS01_MONIBAS_0070vwa2124ra,8,0,37.5,,76.0,
RWS01_MONIBAS_0580vwr0627ra,4,0,98.5,,104.0,
RWS01_MONIBAS_0131hrl0112ra,8,0,13.0,,20.0,
RWS01_MONIBAS_0121hrl0708ra,8,0,99.0,,112.0,
RWS01_MONIBAS_0021hrr2252ra,6,0,86.33333333333333,,90.0,
RWS01_MONICA_10D01009840038200009,2,0,89.0,,89.0,
RWS01_MONIBAS_0041hrl0735ra,4,0,86.0,,89.0,
RWS01_MONICA_10D01009840038200005,2,0,105.0,,105.0,
RWS01_MONICA_00D04302C05AD0050009,8,0,53.917500000000004,,56.0,
RWS01_MONICA_00D04302C05AD0050005,8,0,44.542500000000004,,61.0,
RWS01_MONIBAS_0271hrl0507ra,4,0,75.5,,78.0,
RWS01_MONIBAS_0011hrl0644ra,16,0,19.25,,80.0,
RWS01_MONIBAS_0281hrl0177ra,8,0,105.0,,116.0,
RWS01_MONICA_00D0320EC405D0050005,8,0,70.4025,,99.0,
RWS01_MONIBAS_0161hrl0589ra,6,0,101.33333333333333,,113.0,
RWS01_MONICA_00D0320EC405D0050009,8,0,83.97,,89.0,
RWS01_MONICA_00D01001E80FD0070007,8,0,31.0,,63.0,
RWS01_MONIBAS_0121hrr0737ra,6,0,72.66666666666667,,74.0,
RWS01_MONICA_00D01001E80FD007000B,8,0,57.042500000000004,,60.0,
RWS01_MONIBAS_0011hrr1395ra,6,0,102.66666666666667,,118.0,
RWS01_MONIBAS_0021hrl1144ra,4,0,7.0,,8.0,
RWS01_MONIBAS_0501hrl2327ra,16,0,-1.0,,-1.0,
RWS01_MONIBAS_0121hrr0604ra,6,0,90.0,,98.0,
RWS01_MONIBAS_0090vwu0049rb,2,0,82.0,,82.0,
RWS01_MONIBAS_0021hrl1277ra,6,0,99.66666666666667,,105.0,
RWS01_MONIBAS_0090vwu0049ra,4,0,46.5,,94.0,
RWS01_MONIBAS_0161hrl0376ra_1,24,0,78.80416666666666,,102.0,
RWS01_MONIBAS_0121hrl0672ra,8,0,105.5,,119.0,
RWS01_MONIBAS_0040vwn0326ra,2,0,85.0,,85.0,
RWS01_MONIBAS_0120vws0578ra,4,0,-1.0,,-1.0,
RWS01_MONICA_00D00F1E6821D007000B,8,0,-1.0,,-1.0,
RWS01_MONIBAS_0761hrl0090ra,4,0,95.5,,101.0,
RWS01_MONIBAS_0041hrl0103ra,8,0,101.0,,114.0,
RWS01_MONIBAS_0101hrr0300ra,8,0,79.75,,114.0,
RWS01_MONIBAS_0051hrr0066ra,4,0,91.0,,95.0,
RWS01_MONIBAS_0591hrl0501ra,2,0,97.0,,97.0,
RWS01_MONICA_00D0010EB83CD0070007,8,0,98.7675,,152.0,
RWS01_MONIBAS_0591hrl0501rb,2,0,71.0,,71.0,
RWS01_MONICA_00D01C059005D0050005,8,0,72.6175,,99.0,
RWS01_MONICA_00D00F1E6821D0070007,8,0,-1.0,,-1.0,
RWS01_MONICA_00D00229684BD007000B,8,0,93.595,,102.0,
RWS01_MONICA_00D01C059005D0050009,8,0,84.36,,90.0,
RWS01_MONIBAS_0151hrl0380ra,6,0,111.33333333333333,,121.0,
RWS01_MONICA_00D00229684BD0070007,8,0,56.0,,113.0,
RWS01_MONIBAS_0281hrr0920ra,6,0,90.33333333333333,,94.0,
RWS01_MONIBAS_0040vwm0073ra,4,0,86.0,,94.0,
RWS01_MONIBAS_0021hrr0941ra,6,0,60.666666666666664,,68.0,
RWS01_MONIBAS_0091hrr0678ra,6,0,100.66666666666667,,110.0,
RWS01_MONIBAS_0040vwb0351ra,2,0,55.0,,55.0,
RWS01_MONIBAS_0150vwy0445ra,2,0,87.0,,87.0,
RWS01_MONICA_00D0010EB83CD007000F,8,0,96.6675,,101.0,
RWS01_MONICA_00D01C01CC05D005000D,8,0,87.3675,,96.0,
RWS01_MONIBAS_0271hrl0351ra,4,0,52.0,,58.0,
RWS01_MONIBAS_4341hrr0063ra,4,0,83.5,,84.0,
RWS01_MONIBAS_0580vwd0896ra,8,0,39.5,,80.0,
RWS01_MONICA_00D0010EB83CD007000B,8,0,106.11,,110.0,
RWS01_MONIBAS_0011hrl1090ra,6,0,104.0,,117.0,
RWS01_MONICA_00D01C01CC05D0050009,8,0,99.6875,,105.0,
RWS01_MONICA_00D00C175050D0070107,8,0,9.0,,16.0,
RWS01_MONIBAS_0581hrl0126ra,2,0,24.0,,24.0,
RWS01_MONICA_00D01C01CC05D0050005,8,0,84.725,,115.0,
RWS01_MONICA_00D0010EB83CD0070013,8,0,90.16,,99.0,
RWS01_MONIBAS_0581hrl0126rb,4,0,42.5,,86.0,
RWS01_MONIBAS_0151hrl0776ra,6,0,95.0,,103.0,
RWS01_MONIBAS_0060vwe0574ra,4,0,113.5,,121.0,
RWS01_MONIBAS_0121hrl0088ra,6,0,97.33333333333333,,107.0,
RWS01_MONIBAS_0071hrr1805ra,16,0,-1.0,,-1.0,
RWS01_MONIBAS_0021hrr1160ra,4,0,102.0,,106.0,
RWS01_MONICA_00D002061800D0070017,8,0,84.875,,89.0,
RWS01_MONIBAS_0501hrr2249ra,16,0,-1.0,,-1.0,
RWS01_MONIBAS_0040vwn0446ra,6,0,79.0,,82.0,
RWS01_MONIBAS_0071hrr0103ra,6,0,71.33333333333333,,77.0,
RWS01_MONIBAS_0041hrl0093ra,4,0,45.5,,92.0,
RWS01_MONIBAS_0290vws0099ra_1,16,0,81.58125,,102.0,
RWS01_MONIBAS_0011hrl0287ra,4,0,102.5,,108.0,
RWS01_MONIBAS_0041hrl0093rb,8,0,103.0,,116.0,
RWS01_MONICA_00D002061800D0070013,8,0,93.805,,97.0,
RWS01_MONIBAS_0581hrr0547ra,4,0,72.0,,75.0,
RWS01_MONIBAS_0021hrr1676ra,6,0,98.0,,112.0,
RWS01_MONICA_00D002061800D007000F,8,0,75.24,,101.0,
RWS01_MONICA_00D00901B43208200007,8,0,78.1075,,154.0,
RWS01_MONIBAS_0021hrr1176ra_1,16,0,46.5625,,100.0,
RWS01_MONIBAS_0170vwb0149ra,8,0,-1.0,,-1.0,
RWS01_MONICA_00D00501B83DD0050005,8,0,55.5,,112.0,
RWS01_MONIBAS_0020vwm0362ra,6,0,90.66666666666667,,104.0,
RWS01_MONICA_00D00501B83DD0050009,8,0,71.5425,,101.0,
RWS01_MONIBAS_0041hrl0116ra,10,0,63.2,,101.0,
RWS01_MONIBAS_0011hrr0055ra,10,0,101.8,,115.0,
RWS01_MONICA_00D002061800D007000B,8,0,50.5,,102.0,
RWS01_MONIBAS_0091hrl0484ra,6,0,105.33333333333333,,117.0,
RWS01_MONICA_00D002061800D0070007,8,0,84.02,,113.0,
RWS01_MONIBAS_0351hrl0479ra,16,0,-1.0,,-1.0,
RWS01_MONIBAS_0091hrl0257ra,6,0,-1.0,,-1.0,
RWS01_MONICA_00D00901B4320820000B,8,0,35.5,,72.0,
RWS01_MONIBAS_0351hrl0346ra,2,0,81.0,,81.0,
RWS01_MONICA_00D0010EEC2DD007000B,8,0,83.0,,111.0,
RWS01_MONIBAS_0281hrl1029ra,6,0,101.33333333333333,,114.0,
RWS01_MONICA_00D04C01403210200005,8,0,37.5,,76.0,
RWS01_MONICA_00D0010EEC2DD007000F,8,0,96.48,,100.0,
RWS01_MONIBAS_0020vwm0625ra,8,0,77.75,,82.0,
RWS01_MONICA_00D00219383210200005,8,0,24.0,,49.0,
RWS01_MONIBAS_0271hrl0987rb,2,0,98.0,,98.0,
RWS01_MONIBAS_0271hrl0987ra,4,0,98.0,,105.0,
RWS01_MONICA_00D0010EEC2DD0070007,8,0,84.625,,116.0,
RWS01_MONIBAS_0091hrr0532ra,6,0,106.66666666666667,,123.0,
RWS01_MONICA_00D01800C023D007000F,8,0,85.0,,96.0,
RWS01_MONIBAS_0501hrl1952ra,6,0,97.33333333333333,,111.0,
RWS01_MONICA_00D01800C023D007000B,8,0,52.5,,106.0,
RWS01_MONICA_00D0010EEC2DD0070013,8,0,93.75,,100.0,
RWS01_MONICA_00D001196C3208200007,8,0,46.9075,,64.0,
RWS01_MONIBAS_0020vwn1114ra,4,0,-1.0,,-1.0,
RWS01_MONIBAS_0161hrl0216ra,6,0,51.333333333333336,,55.0,
RWS01_MONICA_00D01800C023D0070007,8,0,-1.0,,-1.0,
RWS01_MONICA_00D006076C1430200007,8,0,54.6425,,77.0,
RWS01_MONIBAS_0021hrr1423ra,8,0,105.5,,119.0,
RWS01_MONICA_00D01B0FAC23D0050005,8,0,79.19,,107.0,
RWS01_MONIBAS_0161hrr0570ra,6,0,98.66666666666667,,110.0,
RWS01_MONIBAS_0270vwn0712ra,2,0,-1.0,,-1.0,
RWS01_MONICA_00D01B0FAC23D0050009,8,0,70.575,,100.0,
RWS01_MONIBAS_3481hrl0154ra,2,0,61.0,,61.0,
RWS01_MONIBAS_0301hrl0097ra,24,0,-1.0,,-1.0,
RWS01_MONIBAS_0121hrr0354rb,2,0,80.0,,80.0,
RWS01_MONIBAS_0121hrr0354ra,8,0,106.25,,124.0,
RWS01_MONIBAS_0010vwp0133ra,4,0,106.5,,111.0,
RWS01_MONICA_00D00104383210200005,8,0,37.05,,51.0,
RWS01_MONIBAS_0160vwm0414ra,2,0,44.0,,44.0,
RWS01_MONIBAS_0381hrr0200ra,4,0,79.0,,88.0,
RWS01_MONICA_00D010024038D0050005,8,0,-1.0,,-1.0,
RWS01_MONIBAS_0101hrl0047ra,10,0,20.8,,41.0,
RWS01_MONICA_00D010024038D0050009,8,0,-1.0,,-1.0,
RWS01_MONIBAS_0350vwc0615ra,8,0,-1.0,,-1.0,
RWS01_MONIBAS_0010vwm0868ra,2,0,86.0,,86.0,
RWS01_MONIBAS_0010vwm0868rb,2,0,85.0,,85.0,
RWS01_MONIBAS_0070vwb1401ra,8,0,34.0,,69.0,
RWS01_MONIBAS_0120vwg0636ra,6,0,97.33333333333333,,102.0,
RWS01_MONICA_00D01C003800C0200005,8,0,73.8325,,101.0,
RWS01_MONIBAS_0101hrr0290ra,12,0,10.5,,37.0,
RWS01_MONIBAS_0151hrr0922ra,4,0,97.0,,105.0,
RWS01_MONIBAS_0010vwq0110ra,4,0,-1.0,,-1.0,
RWS01_MONICA_00D04C01D405D007000B,8,0,87.97,,93.0,
RWS01_MONIBAS_0040vwn0063ra,4,0,-1.0,,-1.0,
RWS01_MONICA_00D01001B05A18200009,8,0,-1.0,,-1.0,
RWS01_MONIBAS_0121hrr0234ra,6,0,103.0,,113.0,
RWS01_MONIBAS_0040vwd2411ra,8,0,-1.0,,-1.0,
RWS01_MONIBAS_0151hrl0260ra,4,0,42.0,,85.0,
RWS01_MONICA_00D04C01D405D0070007,8,0,50.0,,101.0,
RWS01_MONIBAS_0011hrl0394ra,6,0,94.33333333333333,,111.0,
RWS01_MONICA_00D01001B05A18200005,8,0,-1.0,,-1.0,
RWS01_MONIBAS_0731hrr0052ra,4,0,94.0,,99.0,
RWS01_MONIBAS_0591hrl0994ra,16,0,72.08125,,105.0,
RWS01_MONIBAS_0730vwe0817ra,8,0,-1.0,,-1.0,
RWS01_MONIBAS_0051hrr0173ra,4,0,44.0,,48.0,
RWS01_MONIBAS_0150vwm0636ra,4,0,46.0,,63.0,
RWS01_MONIBAS_0151hrl0393ra,4,0,102.0,,109.0,
RWS01_MONIBAS_4341hrl0043ra,4,0,89.5,,96.0,
RWS01_MONIBAS_0320vww0057ra,2,0,73.0,,73.0,
RWS01_MONIBAS_0091hrr0651ra,6,0,108.33333333333333,,116.0,
RWS01_MONIBAS_0170vwb0243ra,8,0,40.3925,,58.0,
RWS01_MONIBAS_0171hrl0127ra,16,0,72.90875,,109.0,
RWS01_MONIBAS_0091hrl0601ra,6,0,105.0,,116.0,
RWS01_MONICA_00D00102A046D0070013,8,0,89.1625,,90.0,
RWS01_MONIBAS_0791hrr0006ra,6,0,92.33333333333333,,100.0,
RWS01_MONIBAS_0121hrl1393ra,4,0,67.0,,71.0,
RWS01_MONIBAS_0071hrr0129ra,6,0,81.66666666666667,,88.0,
RWS01_MONICA_00D0071F2058D0050005,8,0,45.5,,92.0,
RWS01_MONIBAS_0021hrr0331ra,8,0,104.5,,118.0,
RWS01_MONICA_00D0071F2058D0050009,8,0,60.235,,81.0,
RWS01_MONIBAS_0141hrl0143ra,4,0,69.0,,70.0,
RWS01_MONICA_00D01000FC00D007000B,8,0,88.63,,95.0,
RWS01_MONIBAS_0221hrl0147ra_1,16,0,52.5,,109.0,
RWS01_MONIBAS_0281hrl1999ra,4,0,73.5,,76.0,
RWS01_MONIBAS_0071hrl1655ra,16,0,72.70625,,110.0,
RWS01_MONIBAS_0281hrr1521ra,16,0,-1.0,,-1.0,
RWS01_MONIBAS_0011hrr0317ra,4,0,105.5,,113.0,
RWS01_MONIBAS_0010vwh0300ra,4,0,92.0,,95.0,
RWS01_MONIBAS_0151hrl0870ra,4,0,72.0,,76.0,
RWS01_MONIBAS_0051hrl0011ra,4,0,92.0,,97.0,
RWS01_MONICA_00D005014446D0050009,8,0,90.25,,93.0,
RWS01_MONIBAS_0161hrr0129ra,4,0,74.0,,79.0,
RWS01_MONICA_10D03B149800D0070007,2,0,93.0,,93.0,
RWS01_MONIBAS_0320vwb0632ra,8,0,36.0,,73.0,
RWS01_MONIBAS_0151hrl0750ra,6,0,98.33333333333333,,108.0,
RWS01_MONIBAS_0080vwd0016ra,4,0,39.5,,80.0,
RWS01_MONIBAS_0051hrl0157ra,4,0,107.5,,115.0,
RWS01_MONIBAS_3251hrl0240ra,4,0,69.0,,71.0,
RWS01_MONIBAS_0321hrl0482ra,8,0,-1.0,,-1.0,
RWS01_MONIBAS_0040vwm0109ra,8,0,86.0,,102.0,
RWS01_MONIBAS_0051hrl0024ra,4,0,-1.0,,-1.0,
RWS01_MONICA_10D03B149800D007000B,2,0,73.0,,73.0,
RWS01_MONIBAS_4341hrl0056ra,4,0,91.0,,96.0,
RWS01_MONIBAS_2050vwr0040ra_1,16,0,57.2975,,95.0,
RWS01_MONICA_00D010074C0050200005,8,0,70.6725,,75.0,
RWS01_MONIBAS_0040vwm0099ra,4,0,93.0,,95.0,
RWS01_MONICA_00D00102A046D0070007,8,0,-1.0,,-1.0,
RWS01_MONICA_00D032195C32D007000F,8,0,-1.0,,-1.0,
RWS01_MONICA_00D032195C32D007000B,8,0,53.0,,107.0,
RWS01_MONIBAS_0061hrl0510ra,4,0,118.0,,122.0,
RWS01_MONIBAS_0101hrr0197ra,8,0,40.0,,53.0,
RWS01_MONICA_00D00C0B8400D007000B,8,0,-1.0,,-1.0,
RWS01_MONICA_00D00104282CD007000B,8,0,92.4625,,95.0,
RWS01_MONIBAS_0021hrr0451ra,10,0,98.0,,107.0,
RWS01_MONICA_00D032195C32D0070007,8,0,86.525,,119.0,
RWS01_MONICA_00D00102A046D007000F,8,0,75.0675,,102.0,
RWS01_MONICA_00D005014446D0050005,8,0,53.0,,107.0,
RWS01_MONIBAS_0131hrr0155rb,4,0,87.5,,92.0,
RWS01_MONICA_00D00C0B8400D007000F,8,0,-1.0,,-1.0,
RWS01_MONICA_00D00F06280018200005,8,0,34.0,,69.0,
RWS01_MONICA_00D00102A046D007000B,8,0,81.46000000000001,,114.0,
RWS01_MONIBAS_0131hrr0155ra,4,0,99.5,,105.0,
RWS01_MONIBAS_0121hrl1286ra,4,0,19.0,,22.0,
RWS01_MONIBAS_0060vwq0429ra,4,0,-1.0,,-1.0,
RWS01_MONIBAS_0021hrr0597ra,8,0,40.75,,85.0,
RWS01_MONIBAS_0150vwy0458ra,4,0,106.5,,115.0,
RWS01_MONIBAS_0040vws0090ra,4,0,97.0,,97.0,
RWS01_MONIBAS_0051hrl0037ra,4,0,-1.0,,-1.0,
RWS01_MONICA_00D00104282CD0070007,8,0,80.61,,109.0,
RWS01_MONIBAS_0021hrr0344ra,6,0,105.0,,119.0,
RWS01_MONIBAS_0121hrr1290ra,6,0,7.666666666666667,,13.0,
RWS01_MONIBAS_0010vwd1757ra,8,0,-1.0,,-1.0,
RWS01_MONIBAS_0101hrl0155ra,6,0,93.66666666666667,,101.0,
RWS01_MONIBAS_0151hrl0763ra,6,0,99.66666666666667,,109.0,
RWS01_MONIBAS_0201hrl0413ra,6,0,105.33333333333333,,116.0,
RWS01_MONIBAS_0021hrl2561rb,4,0,-1.0,,-1.0,
RWS01_MONIBAS_0041hrr0253ra,6,0,76.33333333333333,,79.0,
RWS01_MONIBAS_0021hrl2561ra,4,0,61.0,,65.0,
RWS01_MONICA_00D00E021029D0070007,8,0,29.5,,60.0,
RWS01_MONIBAS_0161hrr0619ra,8,0,95.25,,116.0,
RWS01_MONICA_00D00F187832D0050005,8,0,-1.0,,-1.0,
RWS01_MONIBAS_0021hrr0607ra,8,0,50.5,,113.0,
RWS01_MONICA_00D0490F780F18200005,8,0,-1.0,,-1.0,
RWS01_MONIBAS_0011hrl0168ra,8,0,102.25,,111.0,
RWS01_MONICA_00D00F187832D0050009,8,0,-1.0,,-1.0,
RWS01_MONICA_00D01C0F005FD0050005,8,0,54.5,,110.0,
RWS01_MONIBAS_0351hrl0560ra,16,0,-1.0,,-1.0,
RWS01_MONICA_00D00E021029D007000B,8,0,26.0,,53.0,
RWS01_MONIBAS_0101hrr0171ra,10,0,39.6,,60.0,
RWS01_MONIBAS_0021hrr1054ra,6,0,95.66666666666667,,104.0,
RWS01_MONIBAS_0091hrl0471ra,6,0,102.66666666666667,,113.0,
RWS01_MONICA_00D01C0F005FD005000D,8,0,82.2875,,84.0,
RWS01_MONICA_00D002283C4FD0050009,8,0,-1.0,,-1.0,
RWS01_MONICA_00D01C0F005FD0050009,8,0,-1.0,,-1.0,
RWS01_MONIBAS_0151hrl0906ra,4,0,74.0,,75.0,
RWS01_MONIBAS_0201hrl0270ra,6,0,98.66666666666667,,110.0,
RWS01_MONICA_00D002283C4FD0050005,8,0,-1.0,,-1.0,
RWS01_MONIBAS_0060vwd0589ra,2,0,77.0,,77.0,
RWS01_MONIBAS_4341hrl0069ra,2,0,82.0,,82.0,
RWS01_MONICA_00D00D022405D0050005,8,0,-1.0,,-1.0,
RWS01_MONICA_00D00D022405D0050009,8,0,-1.0,,-1.0,
RWS01_MONICA_00D049074400B820000B,8,0,61.167500000000004,,83.0,
RWS01_MONIBAS_0021hrl0435ra,10,0,97.6,,104.0,
RWS01_MONICA_00D01000FC00D0070007,8,0,84.0625,,115.0,
RWS01_MONIBAS_0021hrr1041ra,6,0,97.33333333333333,,105.0,
RWS01_MONIBAS_0280vwc1991ra,4,0,27.0,,55.0,
RWS01_MONIBAS_0501hrr1647ra,6,0,42.333333333333336,,47.0,
RWS01_MONICA_00D0010EAC46D0070013,8,0,82.0,,88.0,
RWS01_MONIBAS_0671hrr0418ra,16,0,81.89125,,107.0,
RWS01_MONICA_00D01D01785ED0050005,8,0,-1.0,,-1.0,
RWS01_MONIBAS_0011hrr0174ra,6,0,-1.0,,-1.0,
RWS01_MONICA_00D0010EAC46D007000F,8,0,96.9725,,100.0,
RWS01_MONIBAS_0071hrr2010ra,4,0,81.0,,85.0,
RWS01_MONICA_00D049074400B8200007,8,0,49.5,,100.0,
RWS01_MONICA_00D01D01785ED0050009,8,0,36.5,,74.0,
RWS01_MONIBAS_0091hrl0614ra,6,0,-1.0,,-1.0,
RWS01_MONIBAS_0021hrl0555ra,8,0,75.5,,110.0,
RWS01_MONICA_00D0010EAC46D007000B,8,0,80.0275,,109.0,
RWS01_MONICA_00D01D01785ED005000D,8,0,33.0,,67.0,
RWS01_MONICA_00D001065428D0050005,8,0,72.78,,101.0,
RWS01_MONIBAS_0761hrr0049ra,16,0,68.22625,,98.0,
RWS01_MONIBAS_0501hrl1589ra_1,24,0,73.77083333333333,,101.0,
RWS01_MONIBAS_0580vwc0983ra,8,0,40.25,,55.0,
RWS01_MONICA_00D001065428D0050009,8,0,92.8,,95.0,
RWS01_MONICA_00D0010EAC46D0070007,8,0,60.5,,122.0,
RWS01_MONIBAS_0121hrl1273ra,8,0,30.75,,38.0,
RWS01_MONICA_00D01D01785ED0050011,8,0,33.5,,68.0,
RWS01_MONICA_00D01D01785ED0050015,8,0,34.0,,69.0,
RWS01_MONIBAS_0070vwc2130ra,8,0,-1.0,,-1.0,
RWS01_MONIBAS_0020vwm1119ra,4,0,102.0,,109.0,
RWS01_MONIBAS_0281hrr1904ra,16,0,78.39125,,115.0,
RWS01_MONIBAS_0101hrr0051ra,6,0,100.33333333333333,,115.0,
RWS01_MONIBAS_0010vwp0159ra,2,0,-1.0,,-1.0,
RWS01_MONIBAS_0271hrr0895ra,6,0,104.0,,114.0,
RWS01_MONICA_10D0040B980468200005,2,0,73.0,,73.0,
RWS01_MONICA_00D03B0DE04BD007000B,8,0,-1.0,,-1.0,
RWS01_MONIBAS_0501hrl1476ra,6,0,4.0,,9.0,
RWS01_MONIBAS_0120vwx0614ra,4,0,74.5,,77.0,
RWS01_MONICA_10D00E01CC12D0050009,2,0,55.0,,55.0,
RWS01_MONICA_00D00209DC4130200307,8,0,40.5,,82.0,
RWS01_MONICA_00D03217345AD0050009,8,0,-1.0,,-1.0,
RWS01_MONIBAS_0670vwa0492ra,8,0,36.5,,74.0,
RWS01_MONICA_00D00209DC413020030B,8,0,76.36,,87.0,
RWS01_MONICA_00D03217345AD0050005,8,0,9.5,,20.0,
RWS01_MONIBAS_0120vwy0582ra,4,0,21.0,,21.0,
RWS01_MONICA_10D00E01CC12D0050005,2,0,68.0,,68.0,
RWS01_MONIBAS_0011hrl1232ra,6,0,110.0,,125.0,
RWS01_MONIBAS_0010vwm0100ra,4,0,91.0,,93.0,
RWS01_MONICA_00D005029C35D0050009,8,0,46.5,,94.0,
RWS01_MONIBAS_0671hrl0354ra,4,0,91.5,,99.0,
RWS01_MONIBAS_0581hrl0361ra_1,16,0,92.0,,122.0,
RWS01_MONIBAS_0281hrl0916ra,6,0,93.33333333333333,,111.0,
RWS01_MONIBAS_0281hrr1152ra,4,0,101.5,,109.0,
RWS01_MONICA_00D005029C35D0050005,8,0,54.5,,110.0,
RWS01_MONIBAS_3251hrr0150ra,2,0,68.0,,68.0,
RWS01_MONIBAS_0060vwm0471ra,4,0,113.0,,125.0,
RWS01_MONIBAS_0201hrl0439ra,4,0,86.5,,89.0,
RWS01_MONIBAS_0061hrl0536ra,4,0,103.0,,110.0,
RWS01_MONIBAS_0161hrr0343ra,4,0,76.5,,78.0,
RWS01_MONIBAS_0271hrr0775ra,12,0,99.33333333333333,,115.0,
RWS01_MONICA_00D00D022405D005000D,8,0,-1.0,,-1.0,
RWS01_MONIBAS_0731hrl0152ra,4,0,101.5,,107.0,
RWS01_MONIBAS_0021hrr2371ra,6,0,98.0,,106.0,
RWS01_MONIBAS_0021hrl1639ra,4,0,52.0,,52.0,
RWS01_MONICA_00D00219405068200005,8,0,83.3875,,85.0,
RWS01_MONIBAS_0271hrl0111ra,4,0,100.5,,107.0,
RWS01_MONIBAS_0071hrl0184ra,4,0,95.0,,100.0,
RWS01_MONIBAS_0291hrr0128ra,6,0,95.0,,104.0,
RWS01_MONIBAS_0171hrl0101ra,16,0,84.58375,,106.0,
RWS01_MONIBAS_0010vwn0102ra,2,0,78.0,,78.0,
RWS01_MONICA_00D00210D400D0070007,8,0,51.785,,70.0,
RWS01_MONIBAS_0010vwn0102rb,2,0,93.0,,93.0,
RWS01_MONICA_00D00219405068200009,8,0,72.455,,73.0,
RWS01_MONICA_00D01C1F1C00D0050005,8,0,46.0,,93.0,
RWS01_MONIBAS_0121hrl1166ra,6,0,104.0,,115.0,
RWS01_MONICA_00D01C1F1C00D0050009,8,0,64.28999999999999,,90.0,
RWS01_MONIBAS_0071hrl0122ra_1,24,0,88.97250000000001,,119.0,
RWS01_MONICA_00D00210D400D007000B,8,0,50.31,,68.0,
RWS01_MONICA_00D00400982860200087,8,0,44.5,,90.0,
RWS01_MONIBAS_0061hrl0416ra,6,0,109.33333333333333,,122.0,
RWS01_MONICA_00D00210D400D007000F,8,0,58.5725,,60.0,
RWS01_MONICA_00D01C1F1C00D005000D,8,0,58.925,,80.0,
RWS01_MONIBAS_0091hrr0295ra,6,0,93.33333333333333,,98.0,
RWS01_MONICA_00D0040098286020008B,8,0,62.75,,84.0,
RWS01_MONIBAS_0591hrl1006ra,16,0,86.83875,,117.0,
RWS01_MONIBAS_0100vwa0036ra,4,0,90.0,,93.0,
RWS01_MONIBAS_0200vwc0170ra,2,0,32.0,,32.0,
RWS01_MONICA_00D00219343000200007,8,0,36.5,,74.0,
RWS01_MONICA_00D03B0DE04BD0070007,8,0,-1.0,,-1.0,
RWS01_MONIBAS_0221hrr0141ra,4,0,103.5,,108.0,
RWS01_MONIBAS_0010vwm0113ra,2,0,117.0,,117.0,
RWS01_MONIBAS_0011hrl1628ra,16,0,72.11625000000001,,103.0,
RWS01_MONIBAS_0671hrl0367ra,4,0,91.0,,97.0,
RWS01_MONIBAS_0021hrl2321ra,6,0,41.0,,45.0,
RWS01_MONIBAS_0281hrr1165ra,4,0,108.5,,114.0,
RWS01_MONICA_00D0010E005F68200005,8,0,53.5,,108.0,
RWS01_MONIBAS_0731hrr0817ra,16,0,81.50125,,102.0,
RWS01_MONIBAS_0121hrl1033ra,6,0,103.66666666666667,,114.0,
RWS01_MONIBAS_0021hrl0818ra,10,0,107.4,,115.0,
RWS01_MONIBAS_0121hrr0723ra,6,0,84.66666666666667,,88.0,
RWS01_MONIBAS_0060vwm0484ra,6,0,104.33333333333333,,114.0,
RWS01_MONICA_00D00C0B8400D0070007,8,0,-1.0,,-1.0,
RWS01_MONICA_00D01006BC2DD0050005,8,0,79.4325,,109.0,
RWS01_MONIBAS_0020vwa1884ra,8,0,51.985,,70.0,
RWS01_MONIBAS_0161hrr0356ra,4,0,55.5,,57.0,
RWS01_MONICA_00D01006BC2DD0050009,8,0,77.4275,,107.0,
RWS01_MONIBAS_0271hrr0788ra,6,0,103.0,,112.0,
RWS01_MONICA_10D01601D00178200007,2,0,-1.0,,-1.0,
RWS01_MONIBAS_0071hrr2036ra,6,0,84.33333333333333,,87.0,
RWS01_MONICA_00D0010E005F68200009,8,0,91.18,,97.0,
RWS01_MONIBAS_0021hrl1626ra,4,0,84.0,,87.0,
RWS01_MONICA_00D01006BC2DD005000D,8,0,86.09,,89.0,
RWS01_MONICA_00D0320E944780200009,8,0,90.53,,95.0,
RWS01_MONIBAS_0021hrl2214ra,4,0,94.0,,99.0,
RWS01_MONICA_00D001047C0008200007,8,0,23.0,,47.0,
RWS01_MONIBAS_0121hrr1300ra,6,0,4.0,,8.0,
RWS01_MONIBAS_0150vwg0596ra,2,0,83.0,,83.0,
RWS01_MONICA_00D0320E944780200005,8,0,93.215,,97.0,
RWS01_MONIBAS_0581hrl0220ra,4,0,39.0,,43.0,
RWS01_MONIBAS_0060vwx0468ra,2,0,102.0,,102.0,
RWS01_MONIBAS_0201hrl0176ra,4,0,86.5,,98.0,
RWS01_MONICA_00D00219001660200007,8,0,19.78,,39.0,
RWS01_MONICA_00D0071F2058D005000D,8,0,52.65,,72.0,
RWS01_MONIBAS_0061hrr0573ra,4,0,110.0,,116.0,
RWS01_MONICA_00D00106CC55D0070007,8,0,83.2925,,112.0,
RWS01_MONICA_00D00106CC55D007000B,8,0,91.1175,,95.0,
RWS01_MONIBAS_0151hrl1601ra,16,0,-1.0,,-1.0,
RWS01_MONIBAS_0021hrl0938ra,6,0,112.66666666666667,,128.0,
RWS01_MONICA_00D0021900166020000B,8,0,21.895,,27.0,
RWS01_MONIBAS_0120vwp0051ra,4,0,90.5,,98.0,
RWS01_MONIBAS_0161hrr0093ra,6,0,100.66666666666667,,110.0,
RWS01_MONIBAS_0161hrr0369ra,6,0,46.666666666666664,,54.0,
RWS01_MONICA_10D01601D0017820000B,2,0,-1.0,,-1.0,
RWS01_MONIBAS_0320vwc0427ra,8,0,-1.0,,-1.0,
RWS01_MONIBAS_0071hrl0197ra,4,0,89.0,,96.0,
RWS01_MONIBAS_0011hrr0424ra,6,0,106.66666666666667,,114.0,
RWS01_MONIBAS_0581hrl0340ra,4,0,105.5,,113.0,
RWS01_MONIBAS_0151hrl0990ra,4,0,22.0,,25.0,
RWS01_MONIBAS_0090vwv0386ra,4,0,47.0,,95.0,
RWS01_MONIBAS_0351hrr0518ra,16,0,71.75,,106.0,
RWS01_MONIBAS_0500vwc2205ra,8,0,-1.0,,-1.0,
RWS01_MONIBAS_0731hrl0178ra,6,0,91.66666666666667,,97.0,
RWS01_MONICA_00D00608F40038200005,8,0,47.5,,96.0,
RWS01_MONIBAS_0121hrr1420ra,2,0,91.0,,91.0,
RWS01_MONIBAS_0581hrl0473ra,4,0,94.5,,99.0,
RWS01_MONICA_00D00608F40038200009,8,0,46.0,,93.0,
RWS01_MONICA_10D0040B980468200009,2,0,63.0,,63.0,
RWS01_MONIBAS_0271hrr0099ra_1,16,0,70.94375,,102.0,
RWS01_MONIBAS_0271hrr0394ra,6,0,102.0,,115.0,
RWS01_MONICA_00D01C03802DD0050009,8,0,77.9375,,107.0,
RWS01_MONIBAS_0581hrr0400ra,8,0,87.0,,102.0,
RWS01_MONIBAS_3251hrr0188ra,4,0,86.0,,92.0,
RWS01_MONIBAS_0021hrl1383ra,6,0,99.66666666666667,,109.0,
RWS01_MONIBAS_0021hrl1733ra,4,0,88.0,,92.0,
RWS01_MONICA_00D01C03802DD0050005,8,0,84.125,,117.0,
RWS01_MONIBAS_0121hrl0337ra,10,0,99.8,,113.0,
RWS01_MONIBAS_0501hrl1581ra,8,0,71.5,,82.0,
RWS01_MONICA_00D0321CDC14D0070187,8,0,87.5175,,92.0,
RWS01_MONIBAS_0201hrr0194ra,4,0,109.0,,115.0,
RWS01_MONIBAS_0271hrr0404ra,6,0,100.0,,106.0,
RWS01_MONIBAS_0151hrr0566ra,6,0,98.33333333333333,,113.0,
RWS01_MONICA_00D03A096419D007000B,8,0,73.0125,,75.0,
RWS01_MONIBAS_0120vwu0576ra,8,0,90.5,,100.0,
RWS01_MONIBAS_0041hrl0616ra,8,0,107.0,,127.0,
RWS01_MONICA_00D01C03802DD005000D,8,0,87.545,,90.0,
RWS01_MONIBAS_0011hrl1247ra,6,0,105.66666666666667,,119.0,
RWS01_MONIBAS_0010vwq0124ra,4,0,-1.0,,-1.0,
RWS01_MONIBAS_0020vwn0635ra,6,0,90.0,,100.0,
RWS01_MONIBAS_0041hrl0460rb,2,0,59.0,,59.0,
RWS01_MONIBAS_0041hrl0460ra,6,0,60.666666666666664,,64.0,
RWS01_MONIBAS_0040vwn0077ra,4,0,-1.0,,-1.0,
RWS01_MONIBAS_0161hrl0431ra,6,0,101.0,,108.0,
RWS01_MONICA_00D00F08E8007820000B,8,0,94.7975,,108.0,
RWS01_MONIBAS_0121hrl0074rb,4,0,92.0,,96.0,
RWS01_MONIBAS_0101hrl0112ra_1,24,0,26.051666666666666,,109.0,
RWS01_MONIBAS_0121hrl0074ra,4,0,101.0,,107.0,
RWS01_MONIBAS_0280vwc1524ra,8,0,-1.0,,-1.0,
RWS01_MONIBAS_0071hrl0300ra,4,0,97.5,,106.0,
RWS01_MONICA_00D0020D9C00D0070007,8,0,-1.0,,-1.0,
RWS01_MONIBAS_0241hrl0045ra,6,0,32.666666666666664,,100.0,
RWS01_MONIBAS_0011hrl0872ra,6,0,104.66666666666667,,111.0,
RWS01_MONIBAS_0281hrl0152ra,6,0,103.66666666666667,,109.0,
RWS01_MONIBAS_0041hrr0757ra_1,16,0,79.63875,,85.0,
RWS01_MONIBAS_0271hrr0657ra,6,0,66.33333333333333,,109.0,
RWS01_MONIBAS_0281hrr0311ra,4,0,102.0,,110.0,
RWS01_MONICA_00D0020D9C00D007000B,8,0,-1.0,,-1.0,
RWS01_MONIBAS_0011hrr1143ra,6,0,105.0,,117.0,
RWS01_MONIBAS_0500vwt0971ra,4,0,90.5,,94.0,
RWS01_MONICA_00D0020D9C00D007000F,8,0,-1.0,,-1.0,
RWS01_MONIBAS_0040vwj0051ra,4,0,94.0,,101.0,
RWS01_MONIBAS_0021hrl1396ra,6,0,101.33333333333333,,111.0,
RWS01_MONIBAS_0500vwr1702ra,4,0,28.0,,28.0,
RWS01_MONICA_00D0020D9C00D0070013,8,0,-1.0,,-1.0,
RWS01_MONICA_00D0010DDC00D0050009,8,0,55.0,,111.0,
RWS01_MONIBAS_0060vwn0515ra,4,0,105.0,,110.0,
RWS01_MONICA_00D00219C055D007000B,8,0,89.445,,93.0,
RWS01_MONICA_00D0010DDC00D0050005,8,0,56.5,,114.0,
RWS01_MONIBAS_0160vwg0147ra,2,0,74.0,,74.0,
RWS01_MONICA_00D0010DCC3260200007,8,0,94.3025,,102.0,
RWS01_MONICA_00D014075800D0050009,8,0,45.235,,47.0,
RWS01_MONICA_00D0010DCC326020000B,8,0,-1.0,,-1.0,
RWS01_MONIBAS_0150vwx0468ra,4,0,94.5,,102.0,
RWS01_MONICA_00D00219C055D0070007,8,0,77.11,,105.0,
RWS01_MONICA_00D014075800D0050005,8,0,24.0,,49.0,
RWS01_MONIBAS_0011hrl0778ra,16,0,44.61,,125.0,
RWS01_MONIBAS_0281hrl0308ra,4,0,100.5,,108.0,
RWS01_MONICA_00D0010DDC00D005000D,8,0,94.6675,,103.0,
RWS01_MONICA_00D01C1F183C08200007,8,0,22.0,,45.0,
RWS01_MONIBAS_0041hrl0723ra,4,0,82.0,,86.0,
RWS01_MONIBAS_0061hrr0599ra,4,0,98.5,,101.0,
RWS01_MONIBAS_0201hrr0324ra,6,0,89.66666666666667,,100.0,
RWS01_MONIBAS_0271hrl0376ra,4,0,36.5,,38.0,
RWS01_MONICA_00D00103541278200007,8,0,-1.0,,-1.0,
RWS01_MONIBAS_0270vwr0367ra,2,0,79.0,,79.0,
RWS01_MONIBAS_0201hrr0444ra,4,0,81.0,,84.0,
RWS01_MONIBAS_0061hrr0466ra,4,0,104.0,,108.0,
RWS01_MONIBAS_0281hrl0032ra,6,0,100.0,,108.0,
RWS01_MONICA_00D032204400D0070007,8,0,97.2925,,101.0,
RWS01_MONIBAS_0041hrr0621ra,4,0,102.0,,110.0,
RWS01_MONIBAS_0020vwa1168ra,4,0,79.5,,83.0,
RWS01_MONIBAS_0151hrr0206ra,4,0,111.5,,129.0,
RWS01_MONIBAS_0281hrl0165ra,6,0,104.66666666666667,,113.0,
RWS01_MONIBAS_0041hrr0621rb,2,0,100.0,,100.0,
RWS01_MONIBAS_3251hrr0162ra,4,0,30.0,,61.0,
RWS01_MONIBAS_0041hrr0741ra,4,0,26.5,,30.0,
RWS01_MONICA_00D0020D5828D007000B,8,0,21.0,,43.0,
RWS01_MONICA_00D00501B851D007000B,8,0,72.8225,,102.0,
RWS01_MONICA_00D00F03F05A18200005,8,0,-1.0,,-1.0,
RWS01_MONICA_00D0020D5828D007000F,8,0,30.427500000000002,,42.0,
RWS01_MONICA_00D00501B851D0070007,8,0,56.0,,113.0,
RWS01_MONICA_00D049104814D007000B,8,0,77.1975,,82.0,
RWS01_MONIBAS_0271hrr0261ra,4,0,75.5,,80.0,
RWS01_MONICA_00D0020D5828D0070013,8,0,36.435,,40.0,
RWS01_MONIBAS_0150vwx0348ra,2,0,90.0,,90.0,
RWS01_MONIBAS_0271hrl0376rb,4,0,84.5,,85.0,
RWS01_MONIBAS_0151hrr0540ra,6,0,100.33333333333333,,113.0,
RWS01_MONIBAS_0160vwm0400ra,6,0,80.66666666666667,,87.0,
RWS01_MONICA_00D049104814D0070007,8,0,68.22749999999999,,92.0,
RWS01_MONIBAS_0070vwa1990ra,4,0,69.5,,72.0,
RWS01_MONIBAS_0671hrl0232ra,4,0,93.0,,99.0,
RWS01_MONICA_00D00C12D405D0050305,8,0,50.0,,101.0,
RWS01_MONIBAS_0130vwa0091ra,2,0,65.0,,65.0,
RWS01_MONIBAS_0150vwa0780ra,4,0,33.5,,65.0,
RWS01_MONIBAS_0121hrr0858ra,6,0,99.66666666666667,,106.0,
RWS01_MONICA_00D0010DCC326020000F,8,0,66.885,,93.0,
RWS01_MONICA_00D0020D5828D0070007,8,0,31.72,,43.0,
RWS01_MONIBAS_0041hrl0235ra,6,0,102.0,,114.0,
RWS01_MONIBAS_0020vwt0651ra,4,0,82.0,,86.0,
RWS01_MONIBAS_0280vwq0014ra,2,0,47.0,,47.0,
RWS01_MONIBAS_0591hrl0886ra,2,0,68.0,,68.0,
RWS01_MONIBAS_0011hrl1221ra,6,0,110.66666666666667,,125.0,
RWS01_MONIBAS_0150vwm0624ra,4,0,98.5,,101.0,
RWS01_MONIBAS_0041hrr0371ra,4,0,63.0,,67.0,
RWS01_MONIBAS_0281hrl1148ra,6,0,-1.0,,-1.0,
RWS01_MONIBAS_0051hrr0187ra,10,0,13.4,,56.0,
RWS01_MONIBAS_0761hrl0112ra,4,0,95.0,,99.0,
RWS01_MONICA_00D0010ED014D007000F,8,0,97.26,,103.0,
RWS01_MONIBAS_0060vwq0416ra,4,0,-1.0,,-1.0,
RWS01_MONIBAS_0161hrr0595ra,8,0,88.75,,105.0,
RWS01_MONIBAS_0581hrr0163ra,6,0,40.0,,44.0,
RWS01_MONIBAS_0580vws0724ra,6,0,95.66666666666667,,104.0,
RWS01_MONICA_00D0010ED014D007000B,8,0,108.7375,,112.0,
RWS01_MONIBAS_0150vwy0553ra,4,0,7.5,,16.0,
RWS01_MONIBAS_0020vwn1128ra,8,0,4.0,,9.0,
RWS01_MONICA_00D0321F941ED0050185,8,0,66.6075,,97.0,
RWS01_MONICA_00D0010ED014D0070013,8,0,84.8125,,90.0,
RWS01_MONIBAS_0011hrr0926ra,8,0,115.0,,135.0,
RWS01_MONICA_10D004014C0098200007,2,0,-1.0,,-1.0,
RWS01_MONIBAS_0591hrl0909ra,4,0,92.5,,93.0,
RWS01_MONIBAS_0011hrl0658ra,16,0,18.5,,77.0,
RWS01_MONIBAS_0070vwd2399ra,8,0,-1.0,,-1.0,
RWS01_MONIBAS_0011hrl1101ra,6,0,104.0,,110.0,
RWS01_MONIBAS_0121hrr1195ra,6,0,94.66666666666667,,105.0,
RWS01_MONIBAS_0101hrl0022ra,6,0,34.333333333333336,,38.0,
RWS01_MONIBAS_0041hrr0131ra,10,0,13.8,,17.0,
RWS01_MONIBAS_0071hrl2004ra,6,0,93.33333333333333,,109.0,
RWS01_MONIBAS_0500vwr2041ra,4,0,47.0,,95.0,
RWS01_MONICA_00D0320EA441D0070007,8,0,86.345,,122.0,
RWS01_MONICA_00D01001A45AD0050009,8,0,-1.0,,-1.0,
RWS01_MONIBAS_0091hrl0245ra,6,0,-1.0,,-1.0,
RWS01_MONICA_00D01C00945FD005000D,8,0,91.1575,,96.0,
RWS01_MONIBAS_0020vwm1587ra,6,0,19.0,,32.0,
RWS01_MONICA_00D032204400D007000B,8,0,47.0,,95.0,
RWS01_MONIBAS_0161hrr0605ra,8,0,99.75,,120.0,
RWS01_MONICA_00D01001A45AD0050005,8,0,-1.0,,-1.0,
RWS01_MONICA_00D01C00945FD0050009,8,0,75.935,,102.0,
RWS01_MONICA_00D00408D019D0050005,8,0,40.25,,54.0,
RWS01_MONICA_00D0320EA441D007000B,8,0,93.0825,,98.0,
RWS01_MONIBAS_0011hrl0142ra,12,0,100.66666666666667,,108.0,
RWS01_MONICA_00D00103883208200007,8,0,36.5,,49.0,
RWS01_MONIBAS_0161hrl0337ra,4,0,77.5,,78.0,
RWS01_MONICA_00D01C00945FD0050005,8,0,83.375,,114.0,
RWS01_MONIBAS_0071hrr0081ra,6,0,6.666666666666667,,12.0,
RWS01_MONICA_00D00408D019D0050009,8,0,41.9,,43.0,
RWS01_MONIBAS_0501hrl0981ra,8,0,101.0,,112.0,
RWS01_MONIBAS_0020vwg2406ra,4,0,96.5,,100.0,
RWS01_MONICA_10D007168032D0050005,2,0,106.0,,106.0,
RWS01_MONIBAS_0281hrl1002ra,6,0,91.66666666666667,,105.0,
RWS01_MONICA_00D00F06384228200005,8,0,52.5,,106.0,
RWS01_MONIBAS_0581hrr0176ra,6,0,73.0,,76.0,
RWS01_MONIBAS_0121hrr1218ra,8,0,45.0,,49.0,
RWS01_MONICA_10D007168032D0050009,2,0,94.0,,94.0,
RWS01_MONIBAS_0581hrr0150ra,6,0,6.0,,8.0,
RWS01_MONIBAS_0161hrr0582ra,6,0,93.66666666666667,,104.0,
RWS01_MONIBAS_0271hrl0866ra,6,0,103.66666666666667,,116.0,
RWS01_MONICA_00D0020DBC32D0050005,8,0,61.0,,123.0,
RWS01_MONIBAS_0020vwe0359ra,4,0,88.0,,94.0,
RWS01_MONICA_01D15C002C00D007000B,8,0,38.5,,78.0,
RWS01_MONICA_00D0020DBC32D005000D,8,0,82.1925,,111.0,
RWS01_MONIBAS_0021hrr1555ra,4,0,43.5,,45.0,
RWS01_MONIBAS_0760vwd0045ra,2,0,82.0,,82.0,
RWS01_MONIBAS_0730vwb0902ra,8,0,39.0,,79.0,
RWS01_MONIBAS_0150vwy0540ra,2,0,70.0,,70.0,
RWS01_MONIBAS_0121hrr0618ra,6,0,97.33333333333333,,103.0,
RWS01_MONIBAS_0021hrr1302ra,6,0,106.66666666666667,,115.0,
RWS01_MONIBAS_0011hrl0525ra,4,0,82.0,,86.0,
RWS01_MONIBAS_0271hrr0287ra,4,0,90.5,,97.0,
RWS01_MONIBAS_0010vwp0121ra,4,0,110.0,,113.0,
RWS01_MONIBAS_0010vwp0121rb,4,0,101.5,,104.0,
RWS01_MONICA_00D0020DBC32D0050009,8,0,59.5,,120.0,
RWS01_MONICA_00D00901505A18200005,8,0,-1.0,,-1.0,
RWS01_MONIBAS_0121hrr1075ra,8,0,91.0,,98.0,
RWS01_MONIBAS_0771hrl0046ra,16,0,80.08375,,127.0,
RWS01_MONICA_00D00209C459C8200005,8,0,47.5,,96.0,
RWS01_MONICA_00D00900E047D0050005,8,0,80.6375,,115.0,
RWS01_MONICA_00D0020DBC32D0050011,8,0,92.905,,101.0,
RWS01_MONIBAS_0011hrl1114ra,6,0,107.33333333333333,,123.0,
RWS01_MONIBAS_0121hrl1402ra,4,0,66.0,,68.0,
RWS01_MONICA_01D15C002C00D0070007,8,0,52.5,,106.0,
RWS01_MONIBAS_0121hrl0791ra,6,0,102.33333333333333,,107.0,
RWS01_MONIBAS_0071hrr0094ra,6,0,14.666666666666666,,26.0,
RWS01_MONIBAS_0150vwx0562ra,6,0,106.33333333333333,,111.0,
RWS01_MONIBAS_0221hrl0137ra,4,0,103.0,,114.0,
RWS01_MONIBAS_0150vwj1551ra,4,0,21.5,,44.0,
RWS01_MONICA_00D00F08E80078200007,8,0,73.8625,,105.0,
RWS01_MONIBAS_0091hrl0352ra,10,0,110.0,,127.0,
RWS01_MONIBAS_0011hrl0405ra,4,0,102.5,,106.0,
RWS01_MONIBAS_0101hrr0301ra,8,0,76.0,,105.0,
RWS01_MONIBAS_0671hrl0615ra,16,0,85.1375,,105.0,
RWS01_MONIBAS_0061hrl0751ra,16,0,-1.0,,-1.0,
RWS01_MONICA_00D0010ED014D0070007,8,0,62.0,,125.0,
RWS01_MONIBAS_0151hrr1511ra,6,0,64.33333333333333,,103.0,
RWS01_MONIBAS_0100vwc0199ra,4,0,25.5,,52.0,
RWS01_MONIBAS_2081hrr0079ra,4,0,51.0,,57.0,
RWS01_MONIBAS_0040vwm0074ra,4,0,84.0,,90.0,
RWS01_MONICA_00D03A096419D0070007,8,0,84.9725,,86.0,
RWS01_MONIBAS_0021hrl0328ra,8,0,98.5,,107.0,
RWS01_MONIBAS_0040vwn0327ra,2,0,86.0,,86.0,
RWS01_MONIBAS_0021hrr0835ra,8,0,20.5,,23.0,
RWS01_MONIBAS_0271hrl0879ra,6,0,105.33333333333333,,118.0,
RWS01_MONIBAS_0170vwd0148ra,8,0,-1.0,,-1.0,
RWS01_MONIBAS_0071hrr0117ra,6,0,71.0,,73.0,
RWS01_MONICA_00D01401B028D007000B,8,0,60.0,,83.0,
RWS01_MONIBAS_0011hrl0538ra,6,0,-1.0,,-1.0,
RWS01_MONIBAS_0041hrl0008ra,6,0,25.666666666666668,,28.0,
RWS01_MONIBAS_0091hrl0518ra_1,24,0,57.17916666666667,,122.0,
RWS01_MONIBAS_0121hrr1088ra,6,0,93.33333333333333,,100.0,
RWS01_MONICA_00D01401B028D0070007,8,0,46.5,,94.0,
RWS01_MONIBAS_0151hrl0548ra,6,0,104.0,,119.0,
RWS01_MONIBAS_0021hrr0572ra,8,0,3.75,,6.0,
RWS01_MONIBAS_0281hrr2004ra,4,0,80.5,,83.0,
RWS01_MONIBAS_0240vwt0053ra,4,0,42.5,,86.0,
RWS01_MONIBAS_0021hrr1079ra,6,0,104.33333333333333,,113.0,
RWS01_MONIBAS_0020vwn1605ra,4,0,85.5,,90.0,
RWS01_MONIBAS_0171hrr0131ra,16,0,72.88875,,106.0,
RWS01_MONIBAS_0461hrl0037ra,4,0,86.5,,93.0,
RWS01_MONIBAS_0351hrl0332ra,2,0,80.0,,80.0,
RWS01_MONIBAS_0020vwm0612ra,6,0,61.333333333333336,,98.0,
RWS01_MONIBAS_0010vwd0058ra,2,0,62.0,,62.0,
RWS01_MONIBAS_0151hrl0406ra_1,16,0,72.58,,111.0,
RWS01_MONIBAS_0160vwy0222ra,4,0,77.5,,83.0,
RWS01_MONIBAS_0021hrl0447ra,10,0,97.6,,104.0,
RWS01_MONIBAS_0110vwa0197ra,2,0,8.0,,8.0,
RWS01_MONICA_00D01D01AC4AA0200009,8,0,68.55,,96.0,
RWS01_MONIBAS_0011hrr0569ra,16,0,79.71625,,98.0,
RWS01_MONICA_00D01D01AC4AA0200005,8,0,54.0,,109.0,
RWS01_MONICA_00D03A09342DD007000B,8,0,80.0125,,81.0,
RWS01_MONICA_00D00C0ACC23D0070007,8,0,22.0,,45.0,
RWS01_MONIBAS_0350vwb0582ra,8,0,-1.0,,-1.0,
RWS01_MONIBAS_4341hrl0044ra,4,0,90.0,,97.0,
RWS01_MONIBAS_0011hrr0293ra,4,0,101.0,,106.0,
RWS01_MONICA_00D03A09342DD0070007,8,0,70.5075,,95.0,
RWS01_MONIBAS_0101hrr0185ra,10,0,29.4,,60.0,
RWS01_MONICA_00D00108405FD0050005,8,0,58.4725,,79.0,
RWS01_MONIBAS_0761hrl0138ra,6,0,53.666666666666664,,96.0,
RWS01_MONIBAS_0291hrr0101ra,2,0,88.0,,88.0,
RWS01_MONIBAS_0011hrr0040ra,6,0,97.66666666666667,,107.0,
RWS01_MONICA_00D00108405FD0050009,8,0,73.48,,74.0,
RWS01_MONIBAS_0281hrr0088ra,6,0,99.66666666666667,,110.0,
RWS01_MONIBAS_0010vwe0294ra,2,0,89.0,,89.0,
RWS01_MONICA_00D00C0ACC23D0070013,8,0,23.295,,29.0,
RWS01_MONICA_00D001052C41D0070007,8,0,58.5,,118.0,
RWS01_MONIBAS_0141hrl0142ra,4,0,74.0,,76.0,
RWS01_MONICA_00D001052C41D007000B,8,0,83.5675,,117.0,
RWS01_MONICA_00D00C0ACC23D007000F,8,0,17.6,,20.0,
RWS01_MONICA_00D001052C41D007000F,8,0,79.08500000000001,,113.0,
RWS01_MONICA_00D00C0ACC23D007000B,8,0,17.5,,36.0,
RWS01_MONIBAS_0091hrr0411ra,6,0,45.0,,47.0,
RWS01_MONIBAS_0020vwm0350ra,2,0,77.0,,77.0,
RWS01_MONIBAS_0351hrl0728ra,8,0,-1.0,,-1.0,
RWS01_MONICA_00D001052C41D0070013,8,0,91.1075,,97.0,
RWS01_MONIBAS_0121hrl1308ra,6,0,96.66666666666667,,104.0,
RWS01_MONIBAS_0020vwc2246ra,2,0,-1.0,,-1.0,
RWS01_MONICA_10D01601D8017820000B,2,0,-1.0,,-1.0,
RWS01_MONIBAS_0011hrl0156ra,6,0,104.66666666666667,,112.0,
RWS01_MONIBAS_0151hrl0895ra,4,0,34.0,,35.0,
RWS01_MONICA_10D01601D80178200007,2,0,-1.0,,-1.0,
RWS01_MONIBAS_0151hrl0642ra,6,0,97.33333333333333,,116.0,
RWS01_MONICA_00D00906AC50D0070187,8,0,53.1625,,55.0,
RWS01_MONIBAS_0151hrl1506ra,6,0,65.66666666666667,,109.0,
RWS01_MONIBAS_0041hrr0385ra,8,0,26.25,,31.0,
RWS01_MONICA_00D00A021C0FD0050305,8,0,62.0,,83.0,
RWS01_MONIBAS_0281hrr0218ra,8,0,91.25,,102.0,
RWS01_MONIBAS_0581hrr0189ra,6,0,23.0,,36.0,
RWS01_MONIBAS_0151hrr1537ra,6,0,102.33333333333333,,115.0,
RWS01_MONIBAS_0131hrr0143ra,6,0,96.33333333333333,,106.0,
RWS01_MONIBAS_0120vwx0590ra,6,0,45.333333333333336,,72.0,
RWS01_MONIBAS_0021hrr0585ra,8,0,55.75,,77.0,
RWS01_MONIBAS_0101hrl0287ra,10,0,71.8,,94.0,
RWS01_MONIBAS_0091hrl0592ra,6,0,105.33333333333333,,115.0,
RWS01_MONICA_00D01C00340AB8200007,8,0,-1.0,,-1.0,
RWS01_MONIBAS_0011hrr0199ra,6,0,-1.0,,-1.0,
RWS01_MONIBAS_0671hrr0263ra,4,0,90.0,,94.0,
RWS01_MONIBAS_0041hrl0406ra_1,32,0,28.625,,80.0,
RWS01_MONIBAS_0201hrl0391ra,6,0,102.0,,113.0,
RWS01_MONICA_00D0021900143020000B,8,0,38.5,,78.0,
RWS01_MONIBAS_0021hrl0687ra,10,0,99.6,,120.0,
RWS01_MONIBAS_0021hrr0728ra,8,0,45.25,,53.0,
RWS01_MONIBAS_0150vwh1533ra,6,0,22.0,,68.0,
RWS01_MONICA_00D014025437D0050005,8,0,92.4875,,124.0,
RWS01_MONIBAS_0151hrl0522ra,4,0,103.0,,110.0,
RWS01_MONICA_00D00219001430200007,8,0,41.0,,83.0,
RWS01_MONIBAS_0121hrr0801ra_1,24,0,32.96083333333333,,72.0,
RWS01_MONIBAS_0730vwv1158ra,4,0,37.5,,76.0,
RWS01_MONIBAS_0321hrr0654ra,16,0,79.7625,,116.0,
RWS01_MONIBAS_0021hrr1209ra,6,0,101.33333333333333,,113.0,
RWS01_MONIBAS_0041hrr0265ra,6,0,84.66666666666667,,90.0,
RWS01_MONICA_00D01B110C450020000B,8,0,-1.0,,-1.0,
RWS01_MONICA_00D014025437D0050009,8,0,67.4375,,96.0,
RWS01_MONICA_00D00C0E2C05D005000D,8,0,91.74,,95.0,
RWS01_MONICA_00D01B110C4500200007,8,0,-1.0,,-1.0,
RWS01_MONIBAS_0020vwd1881ra,8,0,43.0,,87.0,
RWS01_MONIBAS_0010vwp0147ra,4,0,101.0,,105.0,
RWS01_MONICA_00D0010D9C5A38200005,8,0,44.5,,90.0,
RWS01_MONIBAS_0021hrl2562ra,4,0,-1.0,,-1.0,
RWS01_MONIBAS_0011hrr0939ra,8,0,115.25,,141.0,
RWS01_MONIBAS_0731hrr0170ra,4,0,97.5,,104.0,
RWS01_MONICA_00D0010D9C5A38200009,8,0,57.5475,,83.0,
RWS01_MONICA_00D00C0E2C05D0050005,8,0,60.0,,121.0,
RWS01_MONIBAS_0501hrr1515ra,6,0,61.0,,93.0,
RWS01_MONICA_00D1B200AC28D0050009,8,0,60.1175,,84.0,
RWS01_MONIBAS_0581hrl0367ra,8,0,99.75,,107.0,
RWS01_MONIBAS_0041hrr0398ra,8,0,44.5,,50.0,
RWS01_MONIBAS_0010vwa1234ra,2,0,76.0,,76.0,
RWS01_MONICA_00D00C0E2C05D0050009,8,0,50.5,,102.0,
RWS01_MONICA_00D01B045837D0050005,8,0,-1.0,,-1.0,
RWS01_MONIBAS_0090vww0383ra,2,0,71.0,,71.0,
RWS01_MONICA_00D1B200AC28D0050005,8,0,48.0,,97.0,
RWS01_MONICA_00D01B045837D0050009,8,0,-1.0,,-1.0,
RWS01_MONIBAS_0281hrr0075ra,6,0,99.33333333333333,,111.0,
RWS01_MONIBAS_0121hrr0128ra,6,0,101.33333333333333,,114.0,
RWS01_MONIBAS_0121hrl1058ra,6,0,106.33333333333333,,116.0,
RWS01_MONIBAS_0040vwa0128ra,2,0,70.0,,70.0,
RWS01_MONIBAS_0501hrr1502rb,6,0,63.666666666666664,,102.0,
RWS01_MONICA_01D14600E41ED0070107,8,0,65.6,,71.0,
RWS01_MONIBAS_0040vwe0755ra,6,0,96.33333333333333,,98.0,
RWS01_MONIBAS_0091hrr0304ra,6,0,59.0,,94.0,
RWS01_MONIBAS_0280vwd1741ra,8,0,36.5,,74.0,
RWS01_MONIBAS_0731hrl0140ra,4,0,94.5,,99.0,
RWS01_MONIBAS_0060vwh0581ra,4,0,107.0,,110.0,
RWS01_MONIBAS_0201hrl0284ra,6,0,79.66666666666667,,89.0,
RWS01_MONIBAS_0500vwd2202ra,8,0,-1.0,,-1.0,
RWS01_MONIBAS_0500vwm1520ra,6,0,68.0,,108.0,
RWS01_MONIBAS_0100vwq0308ra_1,16,0,-1.0,,-1.0,
RWS01_MONIBAS_0271hrr0883ra,6,0,102.66666666666667,,116.0,
RWS01_MONIBAS_0150vwp0500ra,2,0,98.0,,98.0,
RWS01_MONIBAS_0501hrl1488ra,10,0,31.0,,67.0,
RWS01_MONIBAS_0730vwd0282ra,2,0,67.0,,67.0,
RWS01_MONIBAS_0041hrl0367ra,8,0,55.5,,65.0,
RWS01_MONIBAS_0281hrr1020ra,6,0,92.0,,105.0,
RWS01_MONIBAS_0010vwd0285ra,2,0,59.0,,59.0,
RWS01_MONIBAS_0160vwa0088ra,2,0,80.0,,80.0,
RWS01_MONIBAS_0121hrl1178ra,6,0,104.66666666666667,,113.0,
RWS01_MONIBAS_0591hrr1407ra,6,0,31.333333333333332,,67.0,
RWS01_MONIBAS_0061hrr0585ra,4,0,108.5,,116.0,
RWS01_MONIBAS_0501hrl1618ra,6,0,39.666666666666664,,43.0,
RWS01_MONIBAS_0020vwa2460ra,8,0,55.555,,77.0,
RWS01_MONIBAS_0100vwt0158ra,4,0,36.0,,73.0,
RWS01_MONIBAS_0201hrl0427ra,6,0,106.33333333333333,,118.0,
RWS01_MONIBAS_0071hrr0343ra,4,0,112.0,,119.0,
RWS01_MONIBAS_0501hrr1502ra,4,0,100.5,,105.0,
RWS01_MONIBAS_0091hrr0437ra,6,0,58.333333333333336,,65.0,
RWS01_MONICA_00D005023047D0070007,8,0,54.0,,109.0,
RWS01_MONIBAS_0021hrl0344ra_1,16,0,84.39375,,109.0,
RWS01_MONIBAS_0581hrr0902ra,16,0,-1.0,,-1.0,
RWS01_MONIBAS_0041hrl0487ra,4,0,25.5,,27.0,
RWS01_MONIBAS_0280vwm0850ra,2,0,55.0,,55.0,
RWS01_MONIBAS_0040vwz0763ra,2,0,91.0,,91.0,
RWS01_MONIBAS_0671hrl0246ra,6,0,-1.0,,-1.0,
RWS01_MONICA_00D005023047D007000B,8,0,89.3275,,97.0,
RWS01_MONIBAS_0581hrl0354ra,6,0,86.33333333333333,,102.0,
RWS01_MONICA_00D04302E02DD0070007,8,0,88.8925,,94.0,
RWS01_MONIBAS_0071hrl0063ra,6,0,102.66666666666667,,117.0,
RWS01_MONICA_00D01C00340AB820000B,8,0,85.1775,,89.0,
RWS01_MONICA_00D00212A00AD0070007,8,0,57.5,,116.0,
RWS01_MONICA_00D00501E429D0050005,8,0,75.525,,103.0,
RWS01_MONICA_00D00501E429D0050009,8,0,89.74,,97.0,
RWS01_MONICA_00D00212A00AD007000B,8,0,51.5,,104.0,
RWS01_MONICA_00D00212A00AD007000F,8,0,94.2225,,99.0,
RWS01_MONIBAS_0101hrl0261ra,10,0,59.4,,83.0,
RWS01_MONIBAS_0731hrl0153ra,4,0,101.0,,107.0,
RWS01_MONIBAS_0041hrl0354ra,4,0,69.0,,71.0,
RWS01_MONIBAS_0021hrl0924ra,6,0,111.0,,134.0,
RWS01_MONIBAS_0071hrr1434ra,16,0,38.84375,,111.0,
RWS01_MONIBAS_0151hrr0459ra,8,0,76.5,,114.0,
RWS01_MONIBAS_0021hrl2575rb,4,0,-1.0,,-1.0,
RWS01_MONIBAS_0011hrl1340ra,6,0,-1.0,,-1.0,
RWS01_MONIBAS_0671hrr0370ra,4,0,92.0,,100.0,
RWS01_MONIBAS_0021hrl2575ra,4,0,57.5,,69.0,
RWS01_MONIBAS_0161hrr0488ra,6,0,85.33333333333333,,94.0,
RWS01_MONICA_00D04911E02DD0050005,8,0,84.5425,,88.0,
RWS01_MONIBAS_0090vwx0045ra,2,0,-1.0,,-1.0,
RWS01_MONIBAS_0041hrr0038ra,6,0,105.33333333333333,,116.0,
RWS01_MONIBAS_0271hrr0919ra,6,0,21.333333333333332,,26.0,
RWS01_MONIBAS_0151hrr0326ra,4,0,95.5,,104.0,
RWS01_MONIBAS_0120vwy0617ra,6,0,50.0,,72.0,
RWS01_MONIBAS_0271hrr0380ra,6,0,101.0,,116.0,
RWS01_MONIBAS_0021hrl1747ra,4,0,85.5,,88.0,
RWS01_MONIBAS_0020vwk2411ra,2,0,60.0,,60.0,
RWS01_MONIBAS_0580vwa0875ra,8,0,-1.0,,-1.0,
RWS01_MONIBAS_0271hrr0523ra,4,0,99.5,,104.0,
RWS01_MONICA_00D04302E02DD007000B,8,0,48.5,,98.0,
RWS01_MONIBAS_0020vwn1582ra,6,0,92.66666666666667,,101.0,
RWS01_MONIBAS_0021hrl1614ra,4,0,95.5,,101.0,
RWS01_MONIBAS_0161hrr0235ra,6,0,90.66666666666667,,106.0,
RWS01_MONIBAS_0131hrl0126ra,8,0,14.5,,21.0,
RWS01_MONIBAS_0051hrl0143ra,6,0,95.66666666666667,,100.0,
RWS01_MONIBAS_0150vws0522ra,4,0,104.0,,110.0,
RWS01_MONIBAS_0201hrl0266ra_1,32,0,55.440625,,108.0,
RWS01_MONIBAS_0731hrl0166ra,4,0,90.0,,95.0,
RWS01_MONIBAS_0121hrl0457ra,8,0,21.0,,27.0,
RWS01_MONICA_00D006075C2278200007,8,0,49.0,,99.0,
RWS01_MONIBAS_0281hrr1046ra,6,0,67.66666666666667,,107.0,
RWS01_MONIBAS_0271hrl0016ra,4,0,108.5,,116.0,
RWS01_MONIBAS_0021hrl0661ra,10,0,104.0,,117.0,
RWS01_MONIBAS_0101hrr0078ra,6,0,97.0,,108.0,
RWS01_MONIBAS_0121hrr0831ra,6,0,91.33333333333333,,97.0,
RWS01_MONIBAS_0151hrl1613ra,6,0,54.333333333333336,,85.0,
RWS01_MONIBAS_0501hrr2114ra,16,0,-1.0,,-1.0,
RWS01_MONICA_00D03A058005D007000B,8,0,53.5,,108.0,
RWS01_MONIBAS_0021hrl2349ra,6,0,91.66666666666667,,101.0,
RWS01_MONIBAS_0201hrr0205ra,8,0,102.5,,109.0,
RWS01_MONIBAS_0121hrr0846ra,6,0,100.33333333333333,,106.0,
RWS01_MONICA_00D03A058005D0070007,8,0,69.5,,101.0,
RWS01_MONIBAS_0281hrr0770ra,16,0,-1.0,,-1.0,
RWS01_MONIBAS_0041hrl0702ra,6,0,103.0,,115.0,
RWS01_MONIBAS_0121hrr0713ra,6,0,77.0,,82.0,
RWS01_MONIBAS_0281hrr0913rb,4,0,-1.0,,-1.0,
RWS01_MONIBAS_0021hrl2216ra,4,0,96.0,,101.0,
RWS01_MONICA_00D00112E041D005000D,8,0,89.0825,,100.0,
RWS01_MONICA_00D00112E041D0050005,8,0,64.0,,129.0,
RWS01_MONIBAS_0151hrr0817ra,6,0,27.0,,33.0,
RWS01_MONICA_00D00405B43260200007,8,0,-1.0,,-1.0,
RWS01_MONIBAS_0281hrr0913ra,6,0,101.33333333333333,,115.0,
RWS01_MONIBAS_0201hrr0338ra,6,0,97.0,,105.0,
RWS01_MONIBAS_0161hrr0613ra,6,0,103.0,,112.0,
RWS01_MONICA_00D00112E041D0050009,8,0,52.5,,106.0,
RWS01_MONIBAS_0070vwc1698ra,8,0,41.5,,84.0,
RWS01_MONIBAS_0150vwp0504ra,2,0,99.0,,99.0,
RWS01_MONICA_00D00405B4326020000B,8,0,59.0625,,64.0,
RWS01_MONIBAS_0121hrr0330ra,8,0,103.25,,115.0,
RWS01_MONICA_00D0071F4C0618200005,8,0,29.6,,43.0,
RWS01_MONIBAS_0151hrr0421ra,4,0,93.0,,98.0,
RWS01_MONIBAS_0021hrl2336ra,6,0,92.33333333333333,,101.0,
RWS01_MONIBAS_0151hrl0538ra,6,0,107.66666666666667,,121.0,
RWS01_MONICA_10D0321EF050D0050185,2,0,85.0,,85.0,
RWS01_MONIBAS_0121hrr0463ra,8,0,40.25,,45.0,
RWS01_MONICA_00D01C05C400D0070007,8,0,76.555,,105.0,
RWS01_MONICA_00D01C05C400D007000B,8,0,93.17,,102.0,
RWS01_MONIBAS_0021hrr1781ra,4,0,76.0,,78.0,
RWS01_MONIBAS_0150vws0512ra,2,0,80.0,,80.0,
RWS01_MONIBAS_0121hrr1328ra,6,0,-1.0,,-1.0,
RWS01_MONIBAS_0091hrr0525ra,6,0,103.0,,119.0,
RWS01_MONIBAS_0501hrl1593ra,6,0,81.0,,94.0,
RWS01_MONIBAS_0170vwa0242ra,8,0,29.0,,59.0,
RWS01_MONICA_00D02208883AD0070107,8,0,67.8225,,98.0,
RWS01_MONIBAS_0281hrr0530ra,16,0,44.0925,,54.0,
RWS01_MONIBAS_0061hrr0567ra,4,0,109.0,,114.0,
RWS01_MONIBAS_0500vwr1551ra,4,0,55.0,,111.0,
RWS01_MONIBAS_0021hrr2276ra,6,0,86.33333333333333,,91.0,
RWS01_MONICA_00D00C103C0AD007000B,8,0,31.5,,64.0,
RWS01_MONICA_00D032252C4B90200005,8,0,57.64,,61.0,
RWS01_MONIBAS_0021hrr1687ra,8,0,93.75,,107.0,
RWS01_MONICA_00D00C103C0AD007000F,8,0,58.95,,62.0,
RWS01_MONICA_00D01B05144BD0050009,8,0,-1.0,,-1.0,
RWS01_MONICA_00D001126C05D007000B,8,0,99.9575,,107.0,
RWS01_MONIBAS_0671hrl0266ra,4,0,98.5,,103.0,
RWS01_MONICA_00D001126C05D007000F,8,0,-1.0,,-1.0,
RWS01_MONIBAS_0021hrr2419ra,4,0,95.0,,102.0,
RWS01_MONICA_00D010097C322020000B,8,0,90.1325,,93.0,
RWS01_MONIBAS_0060vwn0591ra,4,0,103.5,,110.0,
RWS01_MONIBAS_0121hrl0817ra,6,0,108.0,,120.0,
RWS01_MONIBAS_0271hrr0053ra,6,0,104.0,,113.0,
RWS01_MONICA_00D00C103C0AD0070007,8,0,56.84,,84.0,
RWS01_MONICA_00D00904E432D0050005,8,0,-1.0,,-1.0,
RWS01_MONIBAS_0161hrr0600ra,8,0,93.0,,111.0,
RWS01_MONIBAS_0151hrr0794ra,6,0,61.0,,71.0,
RWS01_MONICA_00D00609340A00200007,8,0,39.5,,80.0,
RWS01_MONICA_00D00904E432D0050009,8,0,-1.0,,-1.0,
RWS01_MONIBAS_0161hrr0243ra,6,0,97.0,,110.0,
RWS01_MONICA_00D001126C05D0070007,8,0,56.0,,113.0,
RWS01_MONIBAS_0091hrr0645ra,6,0,105.33333333333333,,114.0,
RWS01_MONICA_00D00101CC62D007000B,8,0,78.9575,,106.0,
RWS01_MONIBAS_0041hrr0731ra,4,0,28.5,,30.0,
RWS01_MONICA_00D1B200C85AD0050009,8,0,63.932500000000005,,87.0,
RWS01_MONIBAS_0121hrl0184ra,6,0,105.66666666666667,,120.0,
RWS01_MONICA_00D001123C19D005000D,8,0,91.85,,99.0,
RWS01_MONICA_00D00904E432D0050011,8,0,-1.0,,-1.0,
RWS01_MONICA_00D00101CC62D007000F,8,0,98.88,,103.0,
RWS01_MONIBAS_0731hrl1093ra,16,0,22.5,,93.0,
RWS01_MONICA_00D1B200C85AD0050005,8,0,49.5,,100.0,
RWS01_MONICA_00D010097C3220200007,8,0,56.5,,114.0,
RWS01_MONICA_00D006086457D0070007,8,0,81.2675,,110.0,
RWS01_MONICA_00D00904E432D005000D,8,0,-1.0,,-1.0,
RWS01_MONICA_00D001123C19D0050005,8,0,56.0,,113.0,
RWS01_MONICA_00D001123C19D0050009,8,0,82.4,,118.0,
RWS01_MONIBAS_0021hrl1022ra,6,0,109.33333333333333,,127.0,
RWS01_MONICA_00D00101CC62D0070013,8,0,74.75,,100.0,
RWS01_MONIBAS_0011hrl1096ra,6,0,102.66666666666667,,112.0,
RWS01_MONICA_00D006086457D007000B,8,0,72.805,,102.0,
RWS01_MONICA_00D00101CC62D0070017,8,0,85.83,,89.0,
RWS01_MONIBAS_0040vwa0529ra,8,0,18.25,,43.0,
RWS01_MONIBAS_0501hrl2062ra,4,0,49.0,,99.0,
RWS01_MONIBAS_7831hrr1100ra,4,0,-1.0,,-1.0,
RWS01_MONIBAS_0011hrr1758ra,16,0,-1.0,,-1.0,
RWS01_MONIBAS_0281hrr1038ra,6,0,92.0,,105.0,
RWS01_MONIBAS_0281hrl0874ra,8,0,83.0,,94.0,
RWS01_MONICA_00D00606E437D007030B,8,0,93.9925,,98.0,
RWS01_MONIBAS_3261hrl0021ra,16,0,-1.0,,-1.0,
RWS01_MONICA_00D01001C800D0070007,8,0,10.205,,15.0,
RWS01_MONIBAS_0161hrr0123ra,4,0,64.0,,69.0,
RWS01_MONICA_00D01D01AC4AD0050005,8,0,47.0,,95.0,
RWS01_MONICA_00D01D01AC4AD0050009,8,0,-1.0,,-1.0,
RWS01_MONICA_00D01001C800D007000B,8,0,15.1475,,27.0,
RWS01_MONICA_00D00221C02D10200005,8,0,57.582499999999996,,79.0,
RWS01_MONIBAS_0021hrl1288ra,6,0,101.33333333333333,,112.0,
RWS01_MONIBAS_0150vwm0629ra,4,0,93.0,,100.0,
RWS01_MONIBAS_0021hrr2263ra,6,0,90.0,,99.0,
RWS01_MONIBAS_0150vwm0629rb,2,0,94.0,,94.0,
RWS01_MONIBAS_0021hrr2539ra,6,0,69.33333333333333,,110.0,
RWS01_MONICA_00D00901BC3CD0070307,8,0,-1.0,,-1.0,
RWS01_MONIBAS_0280vwd1904ra,8,0,41.0,,83.0,
RWS01_MONICA_00D002283C30D0070007,8,0,40.0,,81.0,
RWS01_MONIBAS_0021hrr2539rb,6,0,86.66666666666667,,96.0,
RWS01_MONIBAS_0120vwx0608ra,4,0,73.5,,75.0,
RWS01_MONIBAS_0280vwc1416ra,8,0,37.5,,76.0,
RWS01_MONIBAS_0011hrl0984ra,8,0,86.5,,96.0,
RWS01_MONIBAS_0121hrr0570ra,6,0,96.33333333333333,,108.0,
RWS01_MONIBAS_0671hrr0652ra,16,0,72.71875,,107.0,
RWS01_MONIBAS_0021hrr2406ra,4,0,92.0,,99.0,
RWS01_MONICA_00D00606E437D0070307,8,0,79.8475,,114.0,
RWS01_MONICA_00D00906DC0AD0070187,8,0,62.4675,,63.0,
RWS01_MONICA_00D002283C30D007000B,8,0,39.5,,80.0,
RWS01_MONIBAS_0201hrr0312ra,8,0,58.5,,79.0,
RWS01_MONIBAS_0021hrr1184ra,8,0,98.75,,112.0,
RWS01_MONIBAS_0580vws0712ra,2,0,83.0,,83.0,
RWS01_MONIBAS_0301hrl0207ra,16,0,71.24,,103.0,
RWS01_MONIBAS_0020vwm1695ra,4,0,64.0,,69.0,
RWS01_MONIBAS_0011hrr0893ra,6,0,109.0,,124.0,
RWS01_MONICA_00D001035004D007000F,8,0,88.685,,92.0,
RWS01_MONICA_00D001035004D007000B,8,0,96.0675,,98.0,
RWS01_MONIBAS_0090vwa0536ra,2,0,-1.0,,-1.0,
RWS01_MONIBAS_0090vwy0395ra,4,0,105.5,,106.0,
RWS01_MONIBAS_0151hrl0512ra,4,0,99.0,,106.0,
RWS01_MONIBAS_0021hrr1327ra,8,0,82.75,,120.0,
RWS01_MONIBAS_0731hrr1145rb,4,0,28.5,,58.0,
RWS01_MONICA_00D03A03D02DD007000B,8,0,-1.0,,-1.0,
RWS01_MONIBAS_0580vwd0850ra,8,0,-1.0,,-1.0,
RWS01_MONIBAS_0021hrl1168ra,4,0,6.0,,7.0,
RWS01_MONIBAS_0301hrl0197ra,16,0,-1.0,,-1.0,
RWS01_MONICA_00D04C024C00D0050005,8,0,-1.0,,-1.0,
RWS01_MONIBAS_0731hrr1145ra,2,0,58.0,,58.0,
RWS01_MONICA_00D04C024C00D0050009,8,0,-1.0,,-1.0,
RWS01_MONIBAS_0151hrl0632ra,6,0,104.0,,134.0,
RWS01_MONICA_00D0321CFC32D007000B,8,0,64.97749999999999,,88.0,
RWS01_MONICA_10D00C097419C0200011,2,0,66.0,,66.0,
RWS01_MONIBAS_0271hrl1092ra,16,0,82.66625,,129.0,
RWS01_MONIBAS_0121hrr0093ra,6,0,88.66666666666667,,97.0,
RWS01_MONICA_00D00C15A814D0050009,8,0,73.05,,75.0,
RWS01_MONICA_00D00C15A814D0050005,8,0,64.06,,87.0,
RWS01_MONICA_00D0321CFC32D0070007,8,0,49.0,,99.0,
RWS01_MONICA_00D0010CE841D005000D,8,0,92.3875,,99.0,
RWS01_MONICA_00D01B0FAC2310200005,8,0,37.0,,75.0,
RWS01_MONIBAS_0020vwg0348ra,4,0,96.5,,102.0,
RWS01_MONICA_00D03A03D02DD0070007,8,0,-1.0,,-1.0,
RWS01_MONIBAS_0151hrr0911ra,4,0,85.5,,89.0,
RWS01_MONICA_00D01C03802DD0050305,8,0,66.875,,90.0,
RWS01_MONIBAS_0101hrr0305ra_1,40,0,35.4315,,100.0,
RWS01_MONIBAS_0070vwb1763ra,8,0,-1.0,,-1.0,
RWS01_MONIBAS_0380vww0205ra,2,0,58.0,,58.0,
RWS01_MONICA_00D0010CE841D0050005,8,0,-1.0,,-1.0,
RWS01_MONIBAS_0010vwn0451rb,2,0,76.0,,76.0,
RWS01_MONICA_00D002117C2DD0070007,8,0,54.0,,109.0,
RWS01_MONIBAS_0760vww0020ra,2,0,-1.0,,-1.0,
RWS01_MONIBAS_0010vwn0451ra,4,0,106.0,,127.0,
RWS01_MONICA_00D010021841D0050009,8,0,-1.0,,-1.0,
RWS01_MONICA_10D04C00384BB0200105,2,0,97.0,,97.0,
RWS01_MONICA_00D0010CE841D0050009,8,0,99.53,,104.0,
RWS01_MONICA_00D010021841D0050005,8,0,-1.0,,-1.0,
RWS01_MONIBAS_0041hrl0225ra,6,0,105.33333333333333,,119.0,
RWS01_MONICA_00D00101CC62D0070007,8,0,87.195,,119.0,
RWS01_MONICA_10D007049440D007000B,2,0,88.0,,88.0,
RWS01_MONICA_00D00909A83DD0050185,8,0,-1.0,,-1.0,
RWS01_MONIBAS_0041hrr0611ra,4,0,103.0,,109.0,
RWS01_MONIBAS_0041hrr0611rb,2,0,103.0,,103.0,
RWS01_MONIBAS_0281hrl1476ra,16,0,-1.0,,-1.0,
RWS01_MONICA_10D007049440D0070007,2,0,98.0,,98.0,
RWS01_MONIBAS_0280vwc1059ra,2,0,83.0,,83.0,
RWS01_MONIBAS_0051hrr0077ra,4,0,104.5,,109.0,
RWS01_MONIBAS_0770vwd0045ra,8,0,31.0,,63.0,
RWS01_MONIBAS_0020vwf2417ra,2,0,95.0,,95.0,
RWS01_MONIBAS_0170vwd0169ra,8,0,43.5,,88.0,
RWS01_MONIBAS_0021hrl1048ra,6,0,79.0,,130.0,
RWS01_MONIBAS_0121hrr0103ra,6,0,97.33333333333333,,106.0,
RWS01_MONICA_00D001035004D0070007,8,0,80.185,,109.0,
RWS01_MONIBAS_0581hrr0558ra,4,0,24.0,,26.0,
RWS01_MONICA_00D010083800D0050005,8,0,54.0,,109.0,
RWS01_MONIBAS_0011hrl1200ra,6,0,108.66666666666667,,120.0,
RWS01_MONICA_00D00110B823D005000D,8,0,88.705,,96.0,
RWS01_MONIBAS_0280vws0278ra,2,0,78.0,,78.0,
RWS01_MONICA_00D010083800D0050009,8,0,75.2775,,102.0,
RWS01_MONICA_00D010015828D0050009,8,0,-1.0,,-1.0,
RWS01_MONIBAS_0271hrl0384ra,6,0,51.333333333333336,,69.0,
RWS01_MONICA_00D00110B823D0050009,8,0,74.0575,,105.0,
RWS01_MONICA_00D010015828D005000D,8,0,-1.0,,-1.0,
RWS01_MONIBAS_0011hrl1359ra,6,0,108.33333333333333,,124.0,
RWS01_MONICA_00D010083800D005000D,8,0,88.14,,94.0,
RWS01_MONIBAS_0761hrl0092ra,16,0,-1.0,,-1.0,
RWS01_MONIBAS_0121hrr0596ra,6,0,-1.0,,-1.0,
RWS01_MONICA_00D00110B823D0050005,8,0,61.5,,124.0,
RWS01_MONIBAS_0091hrl0066ra_1,40,0,76.1005,,120.0,
RWS01_MONIBAS_0021hrr1171ra,4,0,97.0,,100.0,
RWS01_MONIBAS_0020vwb0335ra,2,0,78.0,,78.0,
RWS01_MONICA_00D01C11D4053020000B,8,0,79.175,,87.0,
RWS01_MONIBAS_0271hrl0647ra,6,0,55.0,,64.0,
RWS01_MONIBAS_0020vwm0614ra,6,0,60.333333333333336,,97.0,
RWS01_MONIBAS_0121hrr1185ra,6,0,82.33333333333333,,91.0,
RWS01_MONIBAS_0041hrr0504ra,8,0,23.75,,34.0,
RWS01_MONICA_00D00F04045000200007,8,0,66.595,,94.0,
RWS01_MONIBAS_0761hrl0102ra,4,0,95.0,,101.0,
RWS01_MONIBAS_0280vwm0845ra,2,0,94.0,,94.0,
RWS01_MONICA_00D01C11D40530200007,8,0,72.58,,101.0,
RWS01_MONICA_00D00408BC55D0050009,8,0,49.97,,70.0,
RWS01_MONICA_00D010015828D0050005,8,0,-1.0,,-1.0,
RWS01_MONIBAS_0270vwr1183ra,4,0,100.5,,110.0,
RWS01_MONIBAS_0151hrl0778ra,6,0,90.66666666666667,,98.0,
RWS01_MONICA_00D00408BC55D0050005,8,0,37.0,,75.0,
RWS01_MONIBAS_0731hrr0161ra,4,0,95.0,,101.0,
RWS01_MONIBAS_0071hrr0239ra,4,0,98.5,,101.0,
RWS01_MONICA_00D00107782DD0050005,8,0,72.8,,100.0,
RWS01_MONICA_00D00107782DD0050009,8,0,63.447500000000005,,88.0,
RWS01_MONIBAS_0731hrr0174ra,4,0,103.5,,110.0,
RWS01_MONIBAS_0121hrr1208ra,4,0,86.5,,89.0,
RWS01_MONICA_00D00A02045AD007000F,8,0,-1.0,,-1.0,
RWS01_MONIBAS_0300vwa0102ra,8,0,-1.0,,-1.0,
RWS01_MONIBAS_0071hrr0105ra,6,0,83.0,,89.0,
RWS01_MONICA_00D00A02045AD007000B,8,0,75.185,,101.0,
RWS01_MONIBAS_0161hrr0470ra,6,0,98.66666666666667,,108.0,
RWS01_MONIBAS_0021hrr0582ra,6,0,72.0,,81.0,
RWS01_MONIBAS_0020vwm0591ra,6,0,33.666666666666664,,54.0,
RWS01_MONICA_00D00104282CD0070187,8,0,87.4075,,88.0,
RWS01_MONIBAS_0021hrr0858ra,8,0,30.25,,36.0,
RWS01_MONIBAS_0271hrl0371ra,4,0,13.5,,15.0,
RWS01_MONIBAS_0121hrl0911ra,6,0,106.33333333333333,,117.0,
RWS01_MONICA_00D00112685FD005000D,8,0,98.8,,107.0,
RWS01_MONICA_00D00A02045AD0070007,8,0,85.1875,,116.0,
RWS01_MONIBAS_0070vwa2144ra,8,0,47.9,,65.0,
RWS01_MONIBAS_0150vwy0565ra_1,8,0,63.6,,87.0,
RWS01_MONIBAS_0201hrr0218ra,8,0,101.5,,117.0,
RWS01_MONICA_00D00112685FD0050005,8,0,60.0,,121.0,
RWS01_MONIBAS_0021hrr1314ra,6,0,108.0,,121.0,
RWS01_MONIBAS_0011hrl1070ra,6,0,106.0,,124.0,
RWS01_MONICA_00D00112685FD0050009,8,0,84.9825,,122.0,
RWS01_MONIBAS_0131hrr0059ra,6,0,31.333333333333332,,33.0,
RWS01_MONIBAS_0060vwh0575ra,4,0,88.0,,89.0,
RWS01_MONIBAS_0041hrr0624ra,4,0,103.5,,109.0,
RWS01_MONIBAS_0041hrr0624rb,2,0,102.0,,102.0,
RWS01_MONIBAS_0021hrr0595ra,8,0,39.0,,83.0,
RWS01_MONICA_00D005023047D0070307,8,0,50.5,,102.0,
RWS01_MONICA_00D002246C46D0070307,8,0,86.3925,,89.0,
RWS01_MONIBAS_0351hrr0525ra,6,0,84.66666666666667,,90.0,
RWS01_MONIBAS_0020vwm0600ra,6,0,56.0,,90.0,
RWS01_MONIBAS_0040vwj0046ra,4,0,89.0,,94.0,
RWS01_MONIBAS_0091hrl0251ra,6,0,101.33333333333333,,113.0,
RWS01_MONIBAS_0021hrl0459ra,10,0,98.8,,103.0,
RWS01_MONIBAS_0020vwn1628ra,4,0,64.0,,66.0,
RWS01_MONIBAS_0070vwb0075ra,2,0,61.0,,61.0,
RWS01_MONICA_00D001022C21D0050011,8,0,99.7775,,102.0,
RWS01_MONIBAS_0051hrr0050ra,4,0,-1.0,,-1.0,
RWS01_MONICA_00D001022C21D0050015,8,0,88.6525,,91.0,
RWS01_MONICA_00D0071E7005D0050005,8,0,69.93,,97.0,
RWS01_MONIBAS_0021hrr0605ra,8,0,73.5,,108.0,
RWS01_MONIBAS_0300vwb0229ra,8,0,-1.0,,-1.0,
RWS01_MONIBAS_0011hrr0283ra,4,0,101.0,,105.0,
RWS01_MONICA_00D01B00C02DD0050005,8,0,51.5,,104.0,
RWS01_MONIBAS_0021hrr0475ra,10,0,96.0,,104.0,
RWS01_MONIBAS_0121hrl1382ra,4,0,79.5,,85.0,
RWS01_MONIBAS_0221hrr0121ra,4,0,95.0,,102.0,
RWS01_MONICA_00D0071E7005D005000D,8,0,85.735,,86.0,
RWS01_MONIBAS_0011hrl0255ra,6,0,-1.0,,-1.0,
RWS01_MONICA_00D0071E7005D0050009,8,0,79.8,,110.0,
RWS01_MONIBAS_0060vwg0475ra,2,0,75.0,,75.0,
RWS01_MONICA_00D01B00C02DD0050009,8,0,86.2875,,93.0,
RWS01_MONIBAS_0021hrl0339ra,10,0,40.2,,104.0,
RWS01_MONICA_00D00225E02DD0050009,8,0,67.9,,97.0,
RWS01_MONICA_00D00227FC5DD0050005,8,0,-1.0,,-1.0,
RWS01_MONICA_00D00225E02DD0050005,8,0,52.0,,105.0,
RWS01_MONIBAS_0320vwd0449ra,8,0,38.0,,77.0,
RWS01_MONIBAS_0011hrr0270ra,6,0,97.0,,110.0,
RWS01_MONIBAS_0041hrr0388ra,8,0,30.5,,34.0,
RWS01_MONIBAS_0271hrl0490ra,4,0,57.5,,58.0,
RWS01_MONIBAS_0091hrl0264ra,6,0,99.0,,114.0,
RWS01_MONIBAS_0091hrl0514ra,8,0,46.75,,100.0,
RWS01_MONICA_00D00702540000200007,8,0,-1.0,,-1.0,
RWS01_MONICA_00D0010E6019D0050011,8,0,86.8375,,96.0,
RWS01_MONICA_00D00423D434D0050009,8,0,70.8,,99.0,
RWS01_MONICA_00D0010E6019D0050009,8,0,56.5,,114.0,
RWS01_MONIBAS_0291hrr0113ra,8,0,93.25,,107.0,
RWS01_MONICA_10D0040B5C246020000B,2,0,76.0,,76.0,
RWS01_MONIBAS_0041hrr0002ra,6,0,80.0,,86.0,
RWS01_MONICA_00D0010ED019D005000D,8,0,78.7225,,106.0,
RWS01_MONICA_00D0010ED019D0050005,8,0,78.0,,157.0,
RWS01_MONICA_00D001022C21D005000D,8,0,100.22,,101.0,
RWS01_MONIBAS_0281hrr0187ra,8,0,86.75,,99.0,
RWS01_MONICA_00D0010ED019D0050009,8,0,111.3225,,114.0,
RWS01_MONICA_00D0010E6019D005000D,8,0,99.3025,,106.0,
RWS01_MONICA_10D0040B5C2460200007,2,0,87.0,,87.0,
RWS01_MONICA_00D0010ED019D0050011,8,0,90.625,,99.0,
RWS01_MONICA_00D01C035C2DD0050305,8,0,65.0,,87.0,
RWS01_MONIBAS_0090vwr0386ra,2,0,85.0,,85.0,
RWS01_MONIBAS_0020vwn1125ra,8,0,52.5,,72.0,
RWS01_MONIBAS_0011hrl0382ra_1,32,0,71.446875,,125.0,
RWS01_MONIBAS_0350vwu0518ra,4,0,81.0,,87.0,
RWS01_MONIBAS_0040vwm0329ra,4,0,44.0,,51.0,
RWS01_MONICA_00D01B00A44BD0050005,8,0,52.0,,105.0,
RWS01_MONICA_00D001022C21D0050005,8,0,58.5,,118.0,
RWS01_MONICA_00D00423D434D0050005,8,0,57.0,,115.0,
RWS01_MONICA_00D01B00A44BD0050009,8,0,87.1775,,92.0,
RWS01_MONICA_00D0010E6019D0050005,8,0,94.0625,,131.0,
RWS01_MONICA_00D001022C21D0050009,8,0,80.2,,109.0,
RWS01_MONIBAS_0061hrl0423ra,10,0,108.2,,121.0,
RWS01_MONICA_00D00F06384210200005,8,0,-1.0,,-1.0,
RWS01_MONIBAS_0270vwe0805ra,6,0,105.33333333333333,,116.0,
RWS01_MONICA_10D00401280028200009,2,0,95.0,,95.0,
RWS01_MONICA_00D014023C23D0050009,8,0,89.1525,,97.0,
RWS01_MONIBAS_0021hrl0313ra,4,0,100.5,,111.0,
RWS01_MONIBAS_0101hrl0299ra,4,0,19.5,,40.0,
RWS01_MONIBAS_0021hrl0566ra,8,0,80.0,,117.0,
RWS01_MONICA_10D00401280028200005,2,0,103.0,,103.0,
RWS01_MONIBAS_0011hrr0439ra,4,0,-1.0,,-1.0,
RWS01_MONIBAS_0281hrr0304ra,4,0,94.5,,100.0,
RWS01_MONIBAS_0280vwd1415ra,8,0,26.5,,54.0,
RWS01_MONIBAS_0041hrr0362ra,4,0,56.0,,59.0,
RWS01_MONIBAS_0271hrl0500ra,4,0,72.0,,77.0,
RWS01_MONIBAS_0011hrl0495ra,4,0,92.0,,98.0,
RWS01_MONICA_00D014023C23D0050005,8,0,85.2,,115.0,
RWS01_MONIBAS_0010vwa1757ra,8,0,-1.0,,-1.0,
RWS01_MONIBAS_0131hrr0166ra,6,0,74.66666666666667,,80.0,
RWS01_MONIBAS_0021hrr1198rb,4,0,93.0,,99.0,
RWS01_MONIBAS_0021hrr1198ra,6,0,103.33333333333333,,111.0,
RWS01_MONIBAS_0270vwe0795ra,6,0,99.33333333333333,,111.0,
RWS01_MONICA_00D00C14040028200005,8,0,-1.0,,-1.0,
RWS01_MONIBAS_0070vwd1697ra,8,0,32.5,,66.0,
RWS01_MONIBAS_0761hrr0025ra,4,0,99.0,,102.0,
RWS01_MONIBAS_0070vwb2004ra,2,0,43.0,,43.0,
RWS01_MONIBAS_0121hrl1418ra,4,0,94.5,,101.0,
RWS01_MONIBAS_0101hrl0166ra,6,0,90.66666666666667,,99.0,
RWS01_MONIBAS_0011hrr0319ra,8,0,101.75,,112.0,
RWS01_MONIBAS_0101hrr0205ra,10,0,45.0,,70.0,
RWS01_MONIBAS_0201hrl0402ra,6,0,96.66666666666667,,107.0,
RWS01_MONIBAS_0731hrl0158ra,4,0,44.0,,89.0,
RWS01_MONIBAS_0071hrr0190ra,4,0,94.5,,101.0,
RWS01_MONIBAS_0060vwm0501ra,4,0,105.0,,113.0,
RWS01_MONICA_00D01B0D6C14D007000B,8,0,78.7025,,107.0,
RWS01_MONIBAS_0500vwr1698ra,4,0,17.0,,18.0,
RWS01_MONIBAS_0281hrr0174ra,6,0,89.0,,95.0,
RWS01_MONICA_00D01B0D6C14D007000F,8,0,70.0875,,99.0,
RWS01_MONIBAS_0271hrr0662ra,6,0,95.66666666666667,,104.0,
RWS01_MONIBAS_0671hrr0175ra,4,0,94.0,,101.0,
RWS01_MONIBAS_0010vwe0164ra,2,0,97.0,,97.0,
RWS01_MONIBAS_0010vwp0090ra,2,0,-1.0,,-1.0,
RWS01_MONICA_00D01B0D6C14D0070007,8,0,58.5,,118.0,
RWS01_MONICA_00D01002B059D0050005,8,0,44.5,,90.0,
RWS01_MONIBAS_0091hrl0384ra,6,0,102.66666666666667,,113.0,
RWS01_MONIBAS_0280vwa0171ra,2,0,71.0,,71.0,
RWS01_MONIBAS_0271hrl0144ra,4,0,54.5,,110.0,
RWS01_MONICA_00D01002B059D0050009,8,0,55.082499999999996,,79.0,
RWS01_MONIBAS_0010vwp0113ra,4,0,107.0,,111.0,
RWS01_MONIBAS_0441hrl0201ra,6,0,90.66666666666667,,96.0,
RWS01_MONIBAS_0021hrr0355ra,6,0,102.33333333333333,,108.0,
RWS01_MONIBAS_0041hrr0375ra,4,0,65.0,,66.0,
RWS01_MONIBAS_0091hrl0527ra,6,0,65.66666666666667,,105.0,
RWS01_MONICA_00D01002B059D005000D,8,0,58.1175,,63.0,
RWS01_MONIBAS_0040vwm0066ra,4,0,94.0,,100.0,
RWS01_MONIBAS_0351hrl0340ra,2,0,91.0,,91.0,
RWS01_MONIBAS_0021hrl2550ra,2,0,9.0,,9.0,
RWS01_MONIBAS_0271hrr0795ra,6,0,104.0,,114.0,
RWS01_MONIBAS_0271hrr0688ra,8,0,105.25,,122.0,
RWS01_MONIBAS_0141hrl0136ra,4,0,59.0,,64.0,
RWS01_MONIBAS_0280vwc1905ra,8,0,23.5,,48.0,
RWS01_MONIBAS_0271hrr0435ra,4,0,60.0,,64.0,
RWS01_MONIBAS_0011hrr1256ra,6,0,112.0,,127.0,
RWS01_MONIBAS_0201hrl0152ra,4,0,106.0,,117.0,
RWS01_MONICA_00D00219E0406820000D,8,0,78.905,,80.0,
RWS01_MONIBAS_0731hrl1129ra,8,0,18.5,,42.0,
RWS01_MONICA_00D0320F183CD0050005,8,0,54.5,,110.0,
RWS01_MONIBAS_0161hrl0681rb,2,0,-1.0,,-1.0,
RWS01_MONICA_00D001078841D0050005,8,0,-1.0,,-1.0,
RWS01_MONIBAS_0161hrl0681ra,4,0,73.5,,82.0,
RWS01_MONICA_00D0320F183CD0050009,8,0,69.13,,95.0,
RWS01_MONICA_00D001078841D0050009,8,0,87.22,,95.0,
RWS01_MONIBAS_0021hrl0420ra,10,0,96.6,,102.0,
RWS01_MONICA_00D0021B9050D007000B,8,0,47.25,,65.0,
RWS01_MONIBAS_0021hrl2563ra,4,0,63.0,,66.0,
RWS01_MONIBAS_0270vwn0718ra,4,0,33.0,,48.0,
RWS01_MONICA_10D023084C00D0050005,2,0,83.0,,83.0,
RWS01_MONIBAS_0671hrr0305ra,4,0,92.5,,101.0,
RWS01_MONIBAS_0281hrr0664ra,16,0,85.355,,105.0,
RWS01_MONIBAS_3251hrr0196ra,4,0,26.0,,28.0,
RWS01_MONIBAS_0590vws0882ra,2,0,91.0,,91.0,
RWS01_MONIBAS_0021hrl2443ra,4,0,95.0,,99.0,
RWS01_MONIBAS_0080vwf0016ra,8,0,42.5,,87.0,
RWS01_MONIBAS_0501hrr1898ra,6,0,86.33333333333333,,100.0,
RWS01_MONIBAS_0090vwu0046ra,4,0,79.0,,81.0,
RWS01_MONIBAS_0040vwf0044ra,6,0,94.66666666666667,,103.0,
RWS01_MONIBAS_0091hrr0512ra,6,0,61.666666666666664,,99.0,
RWS01_MONICA_00D00219E04068200009,8,0,47.0,,95.0,
RWS01_MONIBAS_0501hrr1658ra,6,0,80.0,,90.0,
RWS01_MONIBAS_0011hrr1389ra,6,0,101.33333333333333,,113.0,
RWS01_MONIBAS_0201hrl0272ra,6,0,97.0,,107.0,
RWS01_MONIBAS_0161hrr0256ra,6,0,31.0,,95.0,
RWS01_MONICA_10D023084C00D0050009,2,0,80.0,,80.0,
RWS01_MONIBAS_0010vwp0139ra,4,0,102.0,,107.0,
RWS01_MONICA_00D00219E04068200005,8,0,85.2825,,89.0,
RWS01_MONICA_00D00608603CD0050009,8,0,95.765,,105.0,
RWS01_MONICA_00D04F02BC00D007000B,8,0,-1.0,,-1.0,
RWS01_MONICA_00D00107B055D0050005,8,0,74.0,,99.0,
RWS01_MONIBAS_3251hrr0183ra,4,0,89.5,,92.0,
RWS01_MONICA_00D00F03C80AD0070007,8,0,77.6675,,105.0,
RWS01_MONICA_00D1B201140FD0050005,8,0,41.0,,83.0,
RWS01_MONICA_00D01B043C05D007000B,8,0,-1.0,,-1.0,
RWS01_MONICA_00D01B043C05D0070007,8,0,-1.0,,-1.0,
RWS01_MONIBAS_0670vwc0241ra,2,0,72.0,,72.0,
RWS01_MONIBAS_0671hrr0318ra,4,0,93.0,,100.0,
RWS01_MONICA_00D0021A4C0500200007,8,0,44.845,,65.0,
RWS01_MONIBAS_0021hrr2525ra,4,0,97.5,,104.0,
RWS01_MONIBAS_0020vwn1602ra,4,0,85.0,,90.0,
RWS01_MONICA_00D00C10600AD007000F,8,0,54.655,,57.0,
RWS01_MONICA_00D00901CC50D0050009,8,0,62.325,,89.0,
RWS01_MONIBAS_0161hrr0269ra,8,0,113.25,,142.0,
RWS01_MONICA_00D01C00945FC0200005,8,0,80.3625,,87.0,
RWS01_MONICA_00D01C02AC0000200007,8,0,35.0,,71.0,
RWS01_MONICA_00D00901CC50D0050005,8,0,47.5,,96.0,
RWS01_MONICA_00D00C10600AD007000B,8,0,53.0,,71.0,
RWS01_MONICA_00D04F02BC00D0070007,8,0,-1.0,,-1.0,
RWS01_MONICA_00D01C00740AB8200007,8,0,77.1,,105.0,
RWS01_MONIBAS_0010vwq0139ra,4,0,-1.0,,-1.0,
RWS01_MONIBAS_0041hrl0573ra,6,0,27.0,,39.0,
RWS01_MONIBAS_0201hrl0285ra,4,0,82.5,,89.0,
RWS01_MONIBAS_0201hrl0285rb,2,0,73.0,,73.0,
RWS01_MONIBAS_0591hrr0934ra,16,0,53.775,,67.0,
RWS01_MONICA_00D00608603CD0050005,8,0,54.5,,110.0,
RWS01_MONIBAS_0151hrl1603ra,6,0,41.666666666666664,,65.0,
RWS01_MONICA_00D00107B055D0050009,8,0,85.6675,,88.0,
RWS01_MONIBAS_0121hrl1275ra,4,0,26.5,,27.0,
RWS01_MONIBAS_0161hrl0206ra_1,24,0,39.333333333333336,,85.0,
RWS01_MONICA_00D00C10600AD0070007,8,0,59.485,,80.0,
RWS01_MONIBAS_0121hrl1048ra,6,0,100.0,,111.0,
RWS01_MONIBAS_0161hrr0136ra,4,0,84.0,,84.0,
RWS01_MONIBAS_0040vws0083ra,2,0,-1.0,,-1.0,
RWS01_MONICA_00D0021B9050D0070007,8,0,33.5,,68.0,
RWS01_MONIBAS_0070vwa2513ra,8,0,-1.0,,-1.0,
RWS01_MONICA_00D00F08705010200005,8,0,73.25,,107.0,
RWS01_MONICA_00D01403A04BD0070087,8,0,71.1,,97.0,
RWS01_MONICA_00D00F03C80AD007000B,8,0,66.7675,,94.0,
RWS01_MONICA_00D01B05144BD0050005,8,0,-1.0,,-1.0,
RWS01_MONIBAS_0101hrl0140ra,8,0,93.0,,106.0,
RWS01_MONIBAS_0121hrl0421ra,8,0,83.75,,91.0,
RWS01_MONICA_00D00C0CB40FD0070007,8,0,-1.0,,-1.0,
RWS01_MONIBAS_0060vwn0497ra,6,0,102.66666666666667,,109.0,
RWS01_MONIBAS_4341hrl0041ra,4,0,87.0,,93.0,
RWS01_MONIBAS_0021hrl2203ra,4,0,97.0,,106.0,
RWS01_MONIBAS_0151hrl0840ra_1,16,0,70.41875,,100.0,
RWS01_MONIBAS_0021hrl1592ra,4,0,91.5,,97.0,
RWS01_MONIBAS_0041hrr0268ra,6,0,86.66666666666667,,92.0,
RWS01_MONIBAS_0041hrr0015ra,10,0,93.4,,105.0,
RWS01_MONIBAS_0011hrr1110ra,6,0,94.66666666666667,,105.0,
RWS01_MONIBAS_0011hrr1363ra,6,0,105.33333333333333,,122.0,
RWS01_MONIBAS_0071hrl0209ra,4,0,106.5,,114.0,
RWS01_MONIBAS_0281hrl0037ra,6,0,102.0,,111.0,
RWS01_MONIBAS_0301hrr0104ra,16,0,72.5175,,105.0,
RWS01_MONIBAS_0071hrl0066ra,6,0,104.33333333333333,,118.0,
RWS01_MONICA_00D00C0CB40FD007000F,8,0,-1.0,,-1.0,
RWS01_MONICA_00D0010DB80F68200005,8,0,68.75,,99.0,
RWS01_MONIBAS_0020vwc1411ra,2,0,75.0,,75.0,
RWS01_MONIBAS_3251hrr0170ra,4,0,32.0,,34.0,
RWS01_MONIBAS_0101hrr0088ra,6,0,102.66666666666667,,116.0,
RWS01_MONICA_00D00C0CB40FD007000B,8,0,-1.0,,-1.0,
RWS01_MONIBAS_0020vwc1664ra,2,0,-1.0,,-1.0,
RWS01_MONICA_00D00A021C0FD005000D,8,0,85.42,,88.0,
RWS01_MONICA_00D01C00740AB820000B,8,0,88.39,,92.0,
RWS01_MONIBAS_0271hrr0448ra,4,0,85.0,,89.0,
RWS01_MONICA_00D01001E04BD0070007,8,0,23.5,,48.0,
RWS01_MONIBAS_0291hrr0139ra,6,0,109.33333333333333,,118.0,
RWS01_MONIBAS_0011hrr0400ra,6,0,102.33333333333333,,121.0,
RWS01_MONIBAS_0020vwg1150ra,4,0,87.0,,90.0,
RWS01_MONICA_00D001038828D0050005,8,0,79.435,,108.0,
RWS01_MONICA_00D01001E04BD007000B,8,0,29.2825,,40.0,
RWS01_MONICA_00D00A021C0FD0050011,8,0,58.6075,,79.0,
RWS01_MONIBAS_0021hrl0829ra,10,0,105.4,,132.0,
RWS01_MONIBAS_0581hrl0595ra,4,0,61.5,,67.0,
RWS01_MONICA_00D001038828D0050009,8,0,74.6075,,102.0,
RWS01_MONIBAS_0201hrl0308ra,6,0,77.0,,80.0,
RWS01_MONIBAS_0171hrr0149ra,16,0,86.60625,,106.0,
RWS01_MONIBAS_0021hrl1404ra,6,0,104.66666666666667,,116.0,
RWS01_MONIBAS_0161hrl0574ra,6,0,105.66666666666667,,121.0,
RWS01_MONIBAS_0071hrl1982ra,8,0,77.75,,87.0,
RWS01_MONIBAS_0091hrr0405ra,10,0,63.0,,85.0,
RWS01_MONIBAS_0040vwe0758ra,4,0,95.0,,99.0,
RWS01_MONICA_00D00A021C0FD0050005,8,0,77.8325,,105.0,
RWS01_MONIBAS_0271hrr0302ra,4,0,59.5,,62.0,
RWS01_MONICA_00D00A021C0FD0050009,8,0,74.0,,99.0,
RWS01_MONIBAS_0150vwh1547ra,4,0,35.0,,71.0,
RWS01_MONIBAS_0281hrr1132ra,8,0,98.0,,109.0,
RWS01_MONIBAS_0010vwn0094ra,2,0,99.0,,99.0,
RWS01_MONIBAS_0020vwn1592ra,8,0,83.75,,94.0,
RWS01_MONIBAS_0071hrl0329ra,4,0,107.5,,118.0,
RWS01_MONIBAS_4341hrl0054ra,4,0,94.0,,99.0,
RWS01_MONIBAS_0070vwa0312ra,8,0,-1.0,,-1.0,
RWS01_MONIBAS_0321hrr0540ra,16,0,76.05875,,114.0,
RWS01_MONIBAS_0271hrl0980ra,4,0,97.0,,102.0,
RWS01_MONIBAS_0071hrl0053ra,2,0,105.0,,105.0,
RWS01_MONIBAS_0011hrr0390ra,6,0,108.33333333333333,,124.0,
RWS01_MONIBAS_0100vws0166ra,4,0,88.5,,91.0,
RWS01_MONIBAS_0201hrl0298ra,8,0,86.5,,95.0,
RWS01_MONICA_00D00906D423D0050305,8,0,70.9725,,102.0,
RWS01_MONIBAS_0121hrl0446ra,8,0,33.5,,39.0,
RWS01_MONIBAS_0040vwg0633ra,2,0,88.0,,88.0,
RWS01_MONIBAS_0070vwd0070ra,2,0,76.0,,76.0,
RWS01_MONIBAS_0281hrr0337ra_1,16,0,73.69,,110.0,
RWS01_MONIBAS_0010vwq0113ra,4,0,-1.0,,-1.0,
RWS01_MONIBAS_0591hrl0893ra,16,0,89.91625,,100.0,
RWS01_MONIBAS_0121hrr0691ra,8,0,29.75,,45.0,
RWS01_MONIBAS_0151hrr0938ra,4,0,92.5,,98.0,
RWS01_MONIBAS_0270vwr0369ra,2,0,89.0,,89.0,
RWS01_MONIBAS_0021hrl1722ra,4,0,91.5,,98.0,
RWS01_MONIBAS_0040vwn0066ra,4,0,-1.0,,-1.0,
RWS01_MONIBAS_0010vwa0306ra,4,0,84.0,,90.0,
RWS01_MONIBAS_0280vwb1125ra,2,0,54.0,,54.0,
RWS01_MONIBAS_0121hrl0566ra,6,0,67.0,,72.0,
RWS01_MONIBAS_0010vwq0090ra,2,0,-1.0,,-1.0,
RWS01_MONICA_00D00A020C3710200005,8,0,37.0,,75.0,
RWS01_MONIBAS_0201hrr0183ra,4,0,99.5,,105.0,
RWS01_MONIBAS_0161hrl0192ra,6,0,94.0,,104.0,
RWS01_MONICA_00D01B0D1C0028200005,8,0,55.5,,112.0,
RWS01_MONICA_00D01407440AD0070007,8,0,97.305,,132.0,
RWS01_MONICA_00D01B0D1C0028200009,8,0,32.0,,65.0,
RWS01_MONIBAS_0590vwt0501ra,4,0,47.5,,96.0,
RWS01_MONICA_00D01403A04BD007000B,8,0,78.045,,108.0,
RWS01_MONIBAS_0121hrr0701ra,8,0,9.0,,16.0,
RWS01_MONIBAS_0151hrl0417ra,4,0,101.0,,108.0,
RWS01_MONIBAS_0500vwr2034ra,4,0,101.0,,108.0,
RWS01_MONIBAS_0021hrl1154ra,4,0,-1.0,,-1.0,
RWS01_MONIBAS_0150vwc0454ra,4,0,100.5,,109.0,
RWS01_MONIBAS_0581hrr0281ra,4,0,89.0,,95.0,
RWS01_MONIBAS_0281hrl1128ra,6,0,100.0,,114.0,
RWS01_MONIBAS_0200vwe0183ra,2,0,85.0,,85.0,
RWS01_MONIBAS_0200vwt0290ra,2,0,51.0,,51.0,
RWS01_MONIBAS_0120vwc0602ra,4,0,58.5,,61.0,
RWS01_MONICA_00D01402B41ED0050005,8,0,47.5,,96.0,
RWS01_MONICA_10D00C096C0010200009,2,0,57.0,,57.0,
RWS01_MONICA_00D01402B41ED0050009,8,0,69.445,,73.0,
RWS01_MONIBAS_0120vwx0584ra,6,0,87.33333333333333,,110.0,
RWS01_MONIBAS_0581hrl0713ra,4,0,101.5,,113.0,
RWS01_MONIBAS_0161hrl0442ra,6,0,86.66666666666667,,94.0,
RWS01_MONIBAS_0061hrr0446ra,10,0,102.0,,115.0,
RWS01_MONIBAS_0091hrr0287ra,6,0,93.0,,104.0,
RWS01_MONICA_00D01407440AD007000B,8,0,93.75,,100.0,
RWS01_MONIBAS_0021hrr1566ra,4,0,20.5,,21.0,
RWS01_MONIBAS_0121hrr0584ra,6,0,-1.0,,-1.0,
RWS01_MONIBAS_0501hrl1615ra,6,0,45.0,,48.0,
RWS01_MONIBAS_0011hrl1321ra,6,0,108.0,,122.0,
RWS01_MONIBAS_0021hrr1660ra,6,0,99.0,,106.0,
RWS01_MONICA_00D0321CFC32D0070187,8,0,82.65,,83.0,
RWS01_MONICA_00D01403A04BD0070007,8,0,83.6,,116.0,
RWS01_MONIBAS_0021hrr1709ra,6,0,100.66666666666667,,112.0,
RWS01_MONIBAS_0091hrr0657ra,6,0,107.33333333333333,,116.0,
RWS01_MONIBAS_0591hrl1017ra,16,0,-1.0,,-1.0,
RWS01_MONIBAS_0121hrl0196ra,6,0,94.66666666666667,,104.0,
RWS01_MONICA_00D00103D414D0050005,8,0,-1.0,,-1.0,
RWS01_MONIBAS_0121hrr0727ra,6,0,59.333333333333336,,62.0,
RWS01_MONIBAS_0090vwv0393ra,2,0,67.0,,67.0,
RWS01_MONIBAS_0201hrr0433ra,4,0,37.0,,39.0,
RWS01_MONIBAS_0161hrr0122ra,4,0,59.0,,62.0,
RWS01_MONIBAS_0121hrl0553ra,10,0,62.0,,71.0,
RWS01_MONIBAS_0091hrr0047ra,6,0,104.33333333333333,,116.0,
RWS01_MONICA_00D00219A85F60200307,8,0,74.8025,,77.0,
RWS01_MONIBAS_0050vwq0011ra,2,0,87.0,,87.0,
RWS01_MONICA_00D00C0A500FD0070307,8,0,46.5,,94.0,
RWS01_MONICA_00D005017053D007000B,8,0,74.68,,108.0,
RWS01_MONICA_00D00103D414D0050009,8,0,-1.0,,-1.0,
RWS01_MONICA_10D00702D82AD0070007,2,0,91.0,,91.0,
RWS01_MONICA_00D01C05A841D0050005,8,0,78.935,,108.0,
RWS01_MONICA_00D01C05A841D0050009,8,0,90.725,,98.0,
RWS01_MONICA_00D005017028D0050085,8,0,111.715,,231.0,
RWS01_MONICA_00D04F000806D0050005,8,0,48.5,,98.0,
RWS01_MONICA_00D005017053D0070007,8,0,55.5,,112.0,
RWS01_MONICA_00D005017028D0050089,8,0,64.315,,88.0,
RWS01_MONIBAS_0121hrl0063ra,4,0,87.5,,93.0,
RWS01_MONICA_00D0321AA019D0070007,8,0,44.5,,90.0,
RWS01_MONIBAS_0271hrr0041ra,4,0,108.0,,117.0,
RWS01_MONICA_10D00702D82AD007000B,2,0,82.0,,82.0,
RWS01_MONICA_00D0321AA019D007000B,8,0,54.185,,77.0,
RWS01_MONIBAS_0121hrl1377ra_1,16,0,35.0125,,73.0,
RWS01_MONIBAS_0581hrr0424ra,4,0,77.5,,81.0,
RWS01_MONIBAS_0121hrl0219ra,6,0,-1.0,,-1.0,
RWS01_MONIBAS_0010vwn0107ra_1,8,0,43.0,,87.0,
RWS01_MONIBAS_0501hrr1980ra,6,0,96.0,,106.0,
RWS01_MONICA_00D043047014D007000B,8,0,66.21000000000001,,93.0,
RWS01_MONIBAS_0121hrl0816ra,2,0,89.0,,89.0,
RWS01_MONIBAS_0281hrr1159ra,4,0,107.0,,111.0,
RWS01_MONIBAS_0071hrr1939ra,4,0,53.5,,108.0,
RWS01_MONIBAS_0150vwx0555ra,6,0,100.66666666666667,,109.0,
RWS01_MONICA_00D00901100AD0070307,8,0,49.0,,99.0,
RWS01_MONIBAS_0501hrl1485ra,4,0,9.0,,19.0,
RWS01_MONIBAS_0041hrr0730ra,4,0,30.0,,32.0,
RWS01_MONIBAS_0161hrr0264ra_1,32,0,69.80125,,104.0,
RWS01_MONIBAS_0281hrl0862rb,4,0,51.5,,59.0,
RWS01_MONIBAS_0021hrr1420ra,8,0,100.25,,108.0,
RWS01_MONIBAS_0281hrl0862ra,4,0,74.0,,76.0,
RWS01_MONIBAS_0651hrr0216ra,4,0,109.5,,113.0,
RWS01_MONICA_00D00901100AD007030F,8,0,58.0,,117.0,
RWS01_MONICA_00D043047014D0070007,8,0,75.8,,107.0,
RWS01_MONICA_00D00901100AD007030B,8,0,67.0275,,96.0,
RWS01_MONICA_00D00905440AA0200009,8,0,82.55,,112.0,
RWS01_MONIBAS_0121hrl0540ra,8,0,14.25,,18.0,
RWS01_MONICA_00D00905440AA0200005,8,0,89.765,,93.0,
RWS01_MONIBAS_0121hrr1447ra,4,0,103.0,,103.0,
RWS01_MONIBAS_0151hrr0782ra,6,0,92.0,,100.0,
RWS01_MONIBAS_0041hrl0081ra,8,0,102.0,,116.0,
RWS01_MONIBAS_0170vwc0128ra,8,0,31.5,,64.0,
RWS01_MONIBAS_0281hrl1102ra,6,0,95.33333333333333,,109.0,
RWS01_MONICA_00D002125046D0050009,8,0,8.4175,,9.0,
RWS01_MONIBAS_0730vwb0178ra,2,0,87.0,,87.0,
RWS01_MONIBAS_0020vwm1563ra,4,0,87.5,,91.0,
RWS01_MONICA_00D002125046D0050005,8,0,4.0,,9.0,
RWS01_MONICA_00D02503A45F90200005,8,0,-1.0,,-1.0,
RWS01_MONIBAS_0011hrr0915ra,8,0,109.75,,122.0,
RWS01_MONIBAS_0011hrl0878ra,6,0,103.66666666666667,,116.0,
RWS01_MONIBAS_0151hrr0417ra_1,16,0,90.81125,,98.0,
RWS01_MONICA_00D01800E82D98200007,8,0,45.0,,91.0,
RWS01_MONIBAS_0120vwa0456ra,2,0,51.0,,51.0,
RWS01_MONIBAS_0040vwg2346ra,8,0,-1.0,,-1.0,
RWS01_MONIBAS_0101hrl0033ra,6,0,23.333333333333332,,24.0,
RWS01_MONIBAS_0040vwn0436ra,4,0,88.5,,93.0,
RWS01_MONICA_00D01C055C5FD0070007,8,0,79.695,,109.0,
RWS01_MONICA_00D01009D45A18200005,8,0,41.0,,83.0,
RWS01_MONIBAS_0041hrr0623rb,2,0,100.0,,100.0,
RWS01_MONIBAS_0081hrr0049ra,4,0,-1.0,,-1.0,
RWS01_MONIBAS_0041hrr0493ra,6,0,55.333333333333336,,57.0,
RWS01_MONIBAS_0011hrl0482ra,4,0,89.5,,95.0,
RWS01_MONICA_00D00110B42D18200005,8,0,36.6775,,50.0,
RWS01_MONICA_00D01C055C5FD007000B,8,0,92.73,,97.0,
RWS01_MONIBAS_0041hrr0623ra,4,0,102.0,,109.0,
RWS01_MONIBAS_0040vwc0024ra,4,0,60.0,,63.0,
RWS01_MONIBAS_0091hrl0398ra,6,0,111.66666666666667,,130.0,
RWS01_MONICA_00D009043800D007000B,8,0,-1.0,,-1.0,
RWS01_MONIBAS_0091hrr0631ra,6,0,100.0,,106.0,
RWS01_MONICA_00D010015828D0050105,8,0,-1.0,,-1.0,
RWS01_MONICA_00D010024C4E30200007,8,0,36.5,,74.0,
RWS01_MONICA_00D01C02FC4BD0050105,8,0,64.545,,90.0,
RWS01_MONIBAS_0151hrl1006ra,4,0,88.0,,93.0,
RWS01_MONICA_00D1B200A400D0070007,8,0,62.2625,,84.0,
RWS01_MONICA_00D01C0E6C5FD007000F,8,0,87.4075,,90.0,
RWS01_MONICA_00D01C0E6C5FD007000B,8,0,-1.0,,-1.0,
RWS01_MONICA_00D004057C2860200007,8,0,40.0,,81.0,
RWS01_MONICA_00D009043800D007000F,8,0,-1.0,,-1.0,
RWS01_MONICA_00D0490E184F10200005,8,0,38.5,,78.0,
RWS01_MONICA_00D00F18EC6300200007,8,0,38.5,,78.0,
RWS01_MONICA_00D009043800D0070007,8,0,-1.0,,-1.0,
RWS01_MONIBAS_0090vwb0373ra,2,0,61.0,,61.0,
RWS01_MONIBAS_0021hrr1699ra,4,0,107.0,,116.0,
RWS01_MONIBAS_0161hrr0518ra,6,0,90.66666666666667,,102.0,
RWS01_MONIBAS_0581hrr0437ra,4,0,96.5,,103.0,
RWS01_MONIBAS_0070vwd2179ra,8,0,34.5,,70.0,
RWS01_MONIBAS_0271hrl0419ra,4,0,88.5,,94.0,
RWS01_MONIBAS_0501hrl1842ra,6,0,7.0,,14.0,
RWS01_MONICA_00D1B200A400D007000B,8,0,51.1025,,72.0,
RWS01_MONICA_00D004057C286020000B,8,0,66.975,,78.0,
RWS01_MONIBAS_0320vwd0421ra,8,0,42.0,,85.0,
RWS01_MONIBAS_0580vwr0940ra,8,0,53.5625,,73.0,
RWS01_MONICA_00D01C0E6C5FD0070007,8,0,52.0,,105.0,
RWS01_MONIBAS_0501hrl1975ra,6,0,92.0,,102.0,
RWS01_MONICA_00D001034C5ED005000D,8,0,89.9625,,93.0,
RWS01_MONICA_00D01C015023D005000D,8,0,87.8325,,98.0,
RWS01_MONIBAS_0020vwm0602ra,6,0,56.666666666666664,,90.0,
RWS01_MONICA_10D0020EDC2BD0050005,2,0,132.0,,132.0,
RWS01_MONIBAS_0041hrr0769ra,4,0,102.5,,109.0,
RWS01_MONIBAS_0071hrr0070ra,6,0,14.0,,16.0,
RWS01_MONIBAS_0040vwn0449ra,6,0,75.33333333333333,,84.0,
RWS01_MONICA_10D0020EDC2BD0050009,2,0,108.0,,108.0,
RWS01_MONICA_00D00104E80010200005,8,0,40.0,,81.0,
RWS01_MONIBAS_0051hrr0185ra,8,0,28.5,,62.0,
RWS01_MONICA_00D01C015023D0050005,8,0,79.1825,,107.0,
RWS01_MONICA_00D01C015023D0050009,8,0,96.2375,,100.0,
RWS01_MONIBAS_0151hrl1499ra,6,0,66.0,,106.0,
RWS01_MONIBAS_0730vwd1020ra,8,0,41.725,,57.0,
RWS01_MONICA_00D00608444918200005,8,0,44.0,,89.0,
RWS01_MONIBAS_0500vwr2381ra,4,0,88.0,,93.0,
RWS01_MONIBAS_0321hrl0630ra,16,0,53.25,,112.0,
RWS01_MONICA_00D04302FC37D0050009,8,0,62.75,,89.0,
RWS01_MONICA_00D04302FC37D0050005,8,0,-1.0,,-1.0,
RWS01_MONICA_00D001034C5ED0050009,8,0,72.875,,98.0,
RWS01_MONIBAS_0011hrl1347ra,6,0,102.66666666666667,,114.0,
RWS01_MONICA_00D001034C5ED0050005,8,0,78.8625,,106.0,
RWS01_MONIBAS_0100vwc0140ra,4,0,81.5,,85.0,
RWS01_MONIBAS_0020vwm1576ra,8,0,84.0,,89.0,
RWS01_MONICA_10D0020EDC2BD005000D,2,0,107.0,,107.0,
RWS01_MONIBAS_0121hrr1064ra,6,0,96.66666666666667,,107.0,
RWS01_MONIBAS_0730vwr1148ra,6,0,63.0,,101.0,
RWS01_MONIBAS_0021hrr0846ra,10,0,35.6,,63.0,
RWS01_MONICA_00D00E023407D007000B,8,0,32.0,,65.0,
RWS01_MONICA_10D01002F400B820000F,2,0,109.0,,109.0,
RWS01_MONICA_10D01002F400B820000B,2,0,96.0,,96.0,
RWS01_MONIBAS_0011hrl0758ra,16,0,-1.0,,-1.0,
RWS01_MONIBAS_0071hrl2238ra,16,0,58.0,,124.0,
RWS01_MONICA_10D01002F400B8200007,2,0,104.0,,104.0,
RWS01_MONIBAS_0121hrr0344ra,8,0,107.0,,125.0,
RWS01_MONIBAS_0160vwy0245ra,4,0,99.5,,107.0,
RWS01_MONIBAS_0041hrl2480ra,16,0,-1.0,,-1.0,
RWS01_MONIBAS_0010vwc0314ra,2,0,80.0,,80.0,
RWS01_MONIBAS_0160vwb0114ra,2,0,67.0,,67.0,
RWS01_MONIBAS_0070vwb1522ra,8,0,29.0,,59.0,
RWS01_MONIBAS_0020vwc1189ra,2,0,57.0,,57.0,
RWS01_MONICA_00D002120C1428200005,8,0,15.0775,,21.0,
RWS01_MONIBAS_0101hrr0312ra,8,0,72.75,,110.0,
RWS01_MONICA_00D002120C1428200009,8,0,22.3875,,25.0,
RWS01_MONICA_00D00F05705AB8200007,8,0,88.1675,,94.0,
RWS01_MONIBAS_0761hrl0101ra,4,0,94.0,,101.0,
RWS01_MONICA_00D00E023407D0070007,8,0,36.5,,74.0,
RWS01_MONIBAS_0271hrr0900ra,6,0,95.66666666666667,,105.0,
RWS01_MONICA_00D00A023014D0050011,8,0,83.63,,86.0,
RWS01_MONIBAS_0291hrr0125ra,6,0,97.0,,107.0,
RWS01_MONICA_00D0100A580FD0050009,8,0,-1.0,,-1.0,
RWS01_MONIBAS_0071hrl1983ra,8,0,77.25,,88.0,
RWS01_MONICA_00D00210B05000200007,8,0,58.7825,,81.0,
RWS01_MONIBAS_0070vwc2403ra,8,0,-1.0,,-1.0,
RWS01_MONIBAS_0051hrl0167ra,4,0,102.0,,110.0,
RWS01_MONIBAS_0021hrl0802ra_1,40,0,66.1755,,118.0,
RWS01_MONICA_00D0100A580FD005000D,8,0,-1.0,,-1.0,
RWS01_MONICA_00D0321FE446D0050009,8,0,68.8125,,100.0,
RWS01_MONIBAS_0021hrr0463ra,10,0,96.8,,103.0,
RWS01_MONICA_00D00500284BD0070007,8,0,-1.0,,-1.0,
RWS01_MONICA_00D0021A9C42D005000D,8,0,87.8325,,92.0,
RWS01_MONICA_00D0321FE446D0050005,8,0,56.5,,114.0,
RWS01_MONIBAS_0271hrl0778ra,8,0,36.0,,50.0,
RWS01_MONIBAS_0101hrr0063ra,6,0,-1.0,,-1.0,
RWS01_MONIBAS_0011hrr0305ra,4,0,105.5,,112.0,
RWS01_MONIBAS_0120vwy0619ra,6,0,61.0,,72.0,
RWS01_MONIBAS_0011hrr0558ra,16,0,-1.0,,-1.0,
RWS01_MONICA_00D00500284BD007000B,8,0,-1.0,,-1.0,
RWS01_MONICA_00D00227CC00D005000D,8,0,-1.0,,-1.0,
RWS01_MONICA_10D00205F41FD0070007,2,0,114.0,,114.0,
RWS01_MONIBAS_3251hrl0165ra,4,0,89.5,,97.0,
RWS01_MONICA_10D04C00705BD0070007,2,0,96.0,,96.0,
RWS01_MONICA_10D00205F41FD007000B,2,0,99.0,,99.0,
RWS01_MONICA_00D00227CC00D0050009,8,0,-1.0,,-1.0,
RWS01_MONICA_10D00205F41FD007000F,2,0,98.0,,98.0,
RWS01_MONIBAS_0761hrl0127ra,4,0,83.5,,88.0,
RWS01_MONIBAS_0020vwn1616ra,6,0,76.33333333333333,,84.0,
RWS01_MONICA_00D03A057C0000200007,8,0,51.5,,69.0,
RWS01_MONIBAS_0011hrr0162ra,8,0,101.25,,112.0,
RWS01_MONICA_10D04C00705BD007000B,2,0,92.0,,92.0,
RWS01_MONICA_10D00205F41FD0070013,2,0,93.0,,93.0,
RWS01_MONICA_00D01C1F203A08200007,8,0,-1.0,,-1.0,
RWS01_MONIBAS_3251hrl0152ra,4,0,94.5,,103.0,
RWS01_MONICA_00D03B0F5C14D0050005,8,0,80.61,,117.0,
RWS01_MONICA_00D00408E04118200005,8,0,27.0,,55.0,
RWS01_MONIBAS_0291hrl0098ra,4,0,89.0,,95.0,
RWS01_MONIBAS_0011hrl0389ra,4,0,101.0,,109.0,
RWS01_MONICA_00D00408BC23D007000B,8,0,55.44,,67.0,
RWS01_MONICA_00D00227CC00D0050005,8,0,-1.0,,-1.0,
RWS01_MONIBAS_0010vwm0105ra,6,0,94.33333333333333,,106.0,
RWS01_MONIBAS_0101hrr0219ra,6,0,45.333333333333336,,76.0,
RWS01_MONICA_00D00408BC23D0070007,8,0,36.5,,74.0,
RWS01_MONICA_00D03B0F5C14D0050009,8,0,89.0,,95.0,
RWS01_MONIBAS_0091hrl0635ra,6,0,104.0,,117.0,
RWS01_MONIBAS_0160vwx0215ra,6,0,83.66666666666667,,96.0,
RWS01_MONIBAS_0051hrl0047ra,4,0,102.0,,106.0,
RWS01_MONIBAS_0041hrr2413ra,16,0,-1.0,,-1.0,
RWS01_MONICA_00D03218485BC0200009,8,0,56.545,,78.0,
RWS01_MONIBAS_0011hrl0123ra,10,0,103.4,,118.0,
RWS01_MONICA_00D00A023014D0050009,8,0,70.25,,94.0,
RWS01_MONIBAS_0040vwf2440ra,8,0,-1.0,,-1.0,
RWS01_MONICA_00D03218485BC0200005,8,0,44.5,,90.0,
RWS01_MONIBAS_0100vwp0276ra,2,0,87.0,,87.0,
RWS01_MONICA_00D0321FE419B8200087,8,0,35.5,,72.0,
RWS01_MONICA_00D00A023014D0050005,8,0,78.985,,106.0,
RWS01_MONICA_00D0CD00943288200007,8,0,51.5,,104.0,
RWS01_MONIBAS_0010vwm0095ra,2,0,97.0,,97.0,
RWS01_MONIBAS_0040vwm0041ra,4,0,94.0,,99.0,
RWS01_MONICA_00D0CD0094328820000B,8,0,67.75,,94.0,
RWS01_MONICA_00D00A023014D005000D,8,0,86.1575,,87.0,
RWS01_MONIBAS_0021hrr0619ra,8,0,22.25,,92.0,
RWS01_MONIBAS_0271hrr0410ra,6,0,97.33333333333333,,110.0,
RWS01_MONIBAS_0731hrl0146ra,4,0,97.5,,104.0,
RWS01_MONIBAS_0081hrr0036ra,10,0,29.8,,59.0,
RWS01_MONIBAS_0021hrl0325ra,8,0,94.75,,100.0,
RWS01_MONIBAS_0071hrr1650ra,16,0,-1.0,,-1.0,
RWS01_MONIBAS_0121hrr0117ra,6,0,96.66666666666667,,106.0,
RWS01_MONIBAS_0501hrr1539ra,6,0,105.66666666666667,,114.0,
RWS01_MONICA_00D0020570003020000B,8,0,45.0,,91.0,
RWS01_MONIBAS_0141hrl0122ra,4,0,73.0,,78.0,
RWS01_MONIBAS_0071hrl1996ra,6,0,91.66666666666667,,110.0,
RWS01_MONICA_00D04C00C432D0050005,8,0,50.5,,102.0,
RWS01_MONIBAS_0501hrr1539rb,6,0,64.33333333333333,,100.0,
RWS01_MONICA_00D04C00C432D0050009,8,0,89.0975,,94.0,
RWS01_MONIBAS_0731hrl0279ra,6,0,96.0,,104.0,
RWS01_MONIBAS_0090vww0372ra,4,0,96.0,,98.0,
RWS01_MONIBAS_0351hrr0490ra,16,0,74.77375,,90.0,
RWS01_MONIBAS_0021hrr1077ra,6,0,106.0,,115.0,
RWS01_MONICA_00D00205700030200007,8,0,51.0,,103.0,
RWS01_MONICA_00D004086C31D0070007,8,0,83.05,,112.0,
RWS01_MONIBAS_0281hrr0282ra,4,0,17.5,,21.0,
RWS01_MONIBAS_0271hrl0512ra,4,0,73.0,,75.0,
RWS01_MONICA_00D00107EC00D0050009,8,0,88.3425,,90.0,
RWS01_MONICA_00D004086C31D007000B,8,0,98.5775,,106.0,
RWS01_MONIBAS_0271hrr0939ra,6,0,34.333333333333336,,41.0,
RWS01_MONIBAS_0271hrl0908ra,6,0,106.33333333333333,,121.0,
RWS01_MONIBAS_0501hrr1526ra,10,0,84.4,,116.0,
RWS01_MONIBAS_0091hrl0648ra,6,0,107.0,,121.0,
RWS01_MONIBAS_0761hrr0037ra,6,0,96.33333333333333,,111.0,
RWS01_MONIBAS_0010vwp0101ra,6,0,70.0,,109.0,
RWS01_MONIBAS_0081hrl0006ra,6,0,69.0,,110.0,
RWS01_MONICA_00D022087009D0070107,8,0,44.0,,89.0,
RWS01_MONIBAS_0581hrl0356ra,4,0,94.5,,103.0,
RWS01_MONIBAS_0011hrr0295rb,2,0,102.0,,102.0,
RWS01_MONIBAS_0011hrr0295ra,4,0,102.5,,107.0,
RWS01_MONIBAS_0160vwx0202ra,6,0,86.66666666666667,,92.0,
RWS01_MONICA_00D00F09205060200007,8,0,92.9525,,98.0,
RWS01_MONIBAS_0011hrl0519ra,4,0,96.0,,103.0,
RWS01_MONIBAS_0280vwd1284ra,8,0,33.0,,67.0,
RWS01_MONIBAS_0041hrr0121ra,10,0,-1.0,,-1.0,
RWS01_MONIBAS_0731hrl0159ra,4,0,97.0,,99.0,
RWS01_MONIBAS_0761hrl0007ra,4,0,97.0,,103.0,
RWS01_MONICA_00D0100A580FD0050005,8,0,-1.0,,-1.0,
RWS01_MONIBAS_0091hrl0372ra,8,0,101.0,,112.0,
RWS01_MONIBAS_0271hrl0156ra,4,0,-1.0,,-1.0,
RWS01_MONIBAS_0021hrr0369ra,10,0,97.4,,110.0,
RWS01_MONIBAS_0121hrr1314ra,6,0,11.0,,19.0,
RWS01_MONICA_00D00607482E6820000D,8,0,91.5525,,99.0,
RWS01_MONIBAS_0021hrl2431ra,4,0,94.0,,101.0,
RWS01_MONIBAS_0271hrr0556rb,4,0,103.5,,110.0,
RWS01_MONIBAS_0271hrr0556ra,4,0,91.0,,96.0,
RWS01_MONICA_00D00C163C50D0070007,8,0,88.845,,122.0,
RWS01_MONIBAS_0011hrr1377ra,6,0,104.0,,117.0,
RWS01_MONIBAS_0581hrl0619ra,6,0,43.333333333333336,,54.0,
RWS01_MONIBAS_0041hrl0321ra,6,0,100.66666666666667,,109.0,
RWS01_MONICA_00D00607482E68200009,8,0,76.4725,,106.0,
RWS01_MONICA_00D0321FF041A8200007,8,0,29.5,,60.0,
RWS01_MONICA_00D00607482E68200005,8,0,55.5,,112.0,
RWS01_MONIBAS_0271hrr0423ra,6,0,34.666666666666664,,47.0,
RWS01_MONICA_00D00C163C50D007000B,8,0,68.75,,98.0,
RWS01_MONIBAS_0101hrl0308ra,6,0,51.333333333333336,,84.0,
RWS01_MONIBAS_0131hrl0137ra,8,0,30.25,,44.0,
RWS01_MONICA_00D0010E0C3C60200007,8,0,96.58,,101.0,
RWS01_MONIBAS_0021hrr2394ra,8,0,84.75,,101.0,
RWS01_MONIBAS_0101hrl0285ra,2,0,91.0,,91.0,
RWS01_MONIBAS_0101hrl0285rb,8,0,71.25,,97.0,
RWS01_MONIBAS_0671hrl0279ra,4,0,95.5,,103.0,
RWS01_MONIBAS_0071hrl0052ra,2,0,-1.0,,-1.0,
RWS01_MONICA_00D00607482E68200011,8,0,51.0,,103.0,
RWS01_MONIBAS_0021hrl2551ra,4,0,28.5,,34.0,
RWS01_MONIBAS_0281hrl0145ra,6,0,101.66666666666667,,114.0,
RWS01_MONICA_00D00107EC00D0050005,8,0,74.0,,99.0,
RWS01_MONIBAS_0021hrl1736ra,4,0,87.5,,94.0,
RWS01_MONIBAS_0151hrl1592ra,6,0,47.333333333333336,,75.0,
RWS01_MONICA_00D00104782D68200005,8,0,75.5325,,103.0,
RWS01_MONICA_00D001134032D005000D,8,0,89.7,,99.0,
RWS01_MONIBAS_0120vwu0583ra,4,0,91.5,,93.0,
RWS01_MONICA_00D0010E0C3C6020000B,8,0,86.33,,89.0,
RWS01_MONIBAS_0060vwn0602ra,4,0,104.0,,110.0,
RWS01_MONIBAS_0071hrr1423ra,16,0,61.875,,105.0,
RWS01_MONICA_00D0321FE419B8200007,8,0,65.6925,,89.0,
RWS01_MONIBAS_0061hrr0552rb,4,0,105.0,,114.0,
RWS01_MONIBAS_0100vwq0276ra,4,0,-1.0,,-1.0,
RWS01_MONIBAS_0061hrr0552ra,4,0,107.5,,112.0,
RWS01_MONIBAS_0201hrr0420ra,6,0,-1.0,,-1.0,
RWS01_MONICA_00D03A09082DD0050005,8,0,55.94,,60.0,
RWS01_MONIBAS_0021hrl2564rb,4,0,-1.0,,-1.0,
RWS01_MONIBAS_0201hrl0416ra,6,0,104.0,,118.0,
RWS01_MONICA_00D03A09082DD0050009,8,0,53.9125,,60.0,
RWS01_MONIBAS_0501hrl1509ra,10,0,47.0,,64.0,
RWS01_MONIBAS_0021hrl2564ra,4,0,65.0,,69.0,
RWS01_MONIBAS_0271hrl0169ra,4,0,103.5,,110.0,
RWS01_MONIBAS_0060vwm0526ra,6,0,106.66666666666667,,113.0,
RWS01_MONIBAS_0071hrl0172ra,4,0,98.0,,106.0,
RWS01_MONIBAS_0300vwc0230ra,8,0,42.5,,86.0,
RWS01_MONICA_00D00100E423D005000D,8,0,98.8125,,108.0,
RWS01_MONIBAS_0201hrl0140ra,4,0,102.0,,109.0,
RWS01_MONICA_00D01002200FD007000B,8,0,89.225,,121.0,
RWS01_MONIBAS_0021hrl0432ra,10,0,97.8,,105.0,
RWS01_MONICA_00D001134032D0050009,8,0,55.5,,112.0,
RWS01_MONIBAS_0040vwa0757ra,8,0,43.0,,87.0,
RWS01_MONICA_00D00104782D68200009,8,0,70.25,,95.0,
RWS01_MONIBAS_0041hrl0717ra,4,0,99.0,,104.0,
RWS01_MONICA_00D00100E423D0050009,8,0,92.9575,,98.0,
RWS01_MONIBAS_0011hrl0978ra_1,32,0,73.684375,,115.0,
RWS01_MONICA_00D00100E423D0050005,8,0,76.935,,104.0,
RWS01_MONIBAS_0580vwu0125ra,2,0,95.0,,95.0,
RWS01_MONICA_00D01002200FD0070007,8,0,62.4925,,84.0,
RWS01_MONICA_00D001134032D0050005,8,0,62.0,,125.0,
RWS01_MONICA_00D00A024C4B10200005,8,0,49.927499999999995,,73.0,
RWS01_MONIBAS_0201hrl0429ra,6,0,105.66666666666667,,116.0,
RWS01_MONIBAS_0020vwc1785ra,2,0,57.0,,57.0,
RWS01_MONIBAS_0091hrl0622ra,6,0,104.66666666666667,,114.0,
RWS01_MONIBAS_0070vwd1802ra,8,0,-1.0,,-1.0,
RWS01_MONIBAS_0021hrr2381ra,6,0,86.66666666666667,,94.0,
RWS01_MONIBAS_0090vws0385ra,4,0,106.5,,115.0,
RWS01_MONICA_00D00100E423D0050015,8,0,89.75,,93.0,
RWS01_MONIBAS_0051hrl0021ra,4,0,100.0,,105.0,
RWS01_MONIBAS_0161hrl0562ra,6,0,101.66666666666667,,113.0,
RWS01_MONICA_00D00100E423D0050011,8,0,69.02250000000001,,93.0,
RWS01_MONIBAS_0281hrl0158ra,6,0,107.66666666666667,,119.0,
RWS01_MONIBAS_0301hrr0225ra,16,0,-1.0,,-1.0,
RWS01_MONICA_00D005017028D0050005,8,0,55.0,,111.0,
RWS01_MONIBAS_0091hrr0394ra,6,0,13.0,,14.0,
RWS01_MONIBAS_0040vwc0490ra,2,0,59.0,,59.0,
RWS01_MONICA_00D005017028D0050009,8,0,65.6,,93.0,
RWS01_MONIBAS_0020vwn0641ra,4,0,110.0,,117.0,
RWS01_MONIBAS_0201hrl0166ra,4,0,107.0,,115.0,
RWS01_MONIBAS_0091hrr0261ra,6,0,-1.0,,-1.0,
RWS01_MONIBAS_0041hrr0147ra,10,0,67.2,,74.0,
RWS01_MONIBAS_0581hrr0530ra,4,0,37.5,,39.0,
RWS01_MONIBAS_0271hrr0569ra,4,0,99.0,,101.0,
RWS01_MONIBAS_0281hrr1120ra,6,0,91.66666666666667,,101.0,
RWS01_MONIBAS_0151hrr0435ra,8,0,101.0,,118.0,
RWS01_MONIBAS_0021hrl2324ra,6,0,70.33333333333333,,75.0,
RWS01_MONIBAS_0581hrl0606ra,4,0,47.5,,50.0,
RWS01_MONIBAS_0120vwx0583ra,6,0,51.666666666666664,,83.0,
RWS01_MONIBAS_0011hrr0798ra,16,0,-1.0,,-1.0,
RWS01_MONIBAS_0011hrl0136ra,10,0,102.2,,116.0,
RWS01_MONICA_10D00205F41FD0070017,2,0,87.0,,87.0,
RWS01_MONICA_00D032199432D0050009,8,0,75.215,,102.0,
RWS01_MONIBAS_0121hrl0170ra,6,0,84.66666666666667,,88.0,
RWS01_MONIBAS_0151hrr0555ra,6,0,87.0,,93.0,
RWS01_MONIBAS_0040vwe0637ra,2,0,96.0,,96.0,
RWS01_MONIBAS_0651hrr0229ra_1,16,0,66.2575,,103.0,
RWS01_MONICA_00D032199432D0050005,8,0,55.0,,111.0,
RWS01_MONIBAS_0021hrl0672ra,10,0,104.4,,114.0,
RWS01_MONICA_00D03A04A80AD007000B,8,0,69.56,,97.0,
RWS01_MONIBAS_0021hrr2644ra,4,0,104.5,,111.0,
RWS01_MONICA_00D03A04A80AD0070007,8,0,53.5,,108.0,
RWS01_MONIBAS_0021hrl2311ra,6,0,83.33333333333333,,90.0,
RWS01_MONIBAS_0120vwx0570ra,4,0,89.0,,95.0,
RWS01_MONIBAS_0071hrl1970ra,8,0,74.0,,81.0,
RWS01_MONIBAS_0041hrr0027ra,8,0,100.0,,111.0,
RWS01_MONIBAS_0761hrr0131ra,16,0,-1.0,,-1.0,
RWS01_MONIBAS_0121hrl0579ra,4,0,58.0,,61.0,
RWS01_MONIBAS_0011hrr0678ra,16,0,-1.0,,-1.0,
RWS01_MONIBAS_0010vwb0287ra,2,0,47.0,,47.0,
RWS01_MONICA_00D006066C49A0200005,8,0,31.5,,64.0,
RWS01_MONIBAS_0021hrl2577ra,8,0,16.5,,25.0,
RWS01_MONICA_00D032199432D005000D,8,0,-1.0,,-1.0,
RWS01_MONIBAS_0021hrr1432ra,4,0,114.0,,123.0,
RWS01_MONIBAS_0150vwb0402ra,2,0,92.0,,92.0,
RWS01_MONIBAS_0120vwx0596ra,4,0,-1.0,,-1.0,
RWS01_MONICA_00D00219F02AD005000D,8,0,43.5,,88.0,
RWS01_MONICA_00D00607D42768200005,8,0,56.5,,114.0,
RWS01_MONICA_00D00607D42768200009,8,0,76.8325,,108.0,
RWS01_MONIBAS_0011hrl1104ra,6,0,102.33333333333333,,117.0,
RWS01_MONICA_00D032195C0018200005,8,0,43.0,,87.0,
RWS01_MONICA_00D03A09CC00D0070007,8,0,57.2,,62.0,
RWS01_MONIBAS_0220vwd0130ra,4,0,30.5,,62.0,
RWS01_MONICA_00D00104582ED0070007,8,0,76.7025,,103.0,
RWS01_MONIBAS_0151hrr0806ra,6,0,5.0,,6.0,
RWS01_MONIBAS_0281hrr1156ra,4,0,48.5,,98.0,
RWS01_MONICA_00D00705C850D0050009,8,0,-1.0,,-1.0,
RWS01_MONICA_00D00219F02AD0050011,8,0,56.375,,78.0,
RWS01_MONICA_00D01B0D2000D007000F,8,0,69.6075,,96.0,
RWS01_MONICA_00D00705C850D0050005,8,0,-1.0,,-1.0,
RWS01_MONICA_00D01B0D2000D007000B,8,0,49.0,,99.0,
RWS01_MONIBAS_0041hrl0570ra,4,0,21.5,,22.0,
RWS01_MONICA_00D00406C80A60200007,8,0,29.0,,59.0,
RWS01_MONIBAS_0011hrr1373ra,6,0,104.66666666666667,,118.0,
RWS01_MONICA_00D01B0D2000D0070007,8,0,78.1975,,107.0,
RWS01_MONICA_00D00104582ED007000B,8,0,90.51,,92.0,
RWS01_MONICA_00D00103FC12D0070007,8,0,-1.0,,-1.0,
RWS01_MONIBAS_0581hrr0303ra,4,0,93.0,,98.0,
RWS01_MONIBAS_0121hrl0543ra,8,0,5.25,,11.0,
RWS01_MONIBAS_0010vwc1764ra,8,0,-1.0,,-1.0,
RWS01_MONICA_00D00406C80A6020000B,8,0,-1.0,,-1.0,
RWS01_MONIBAS_0281hrl0908ra,8,0,87.0,,105.0,
RWS01_MONIBAS_0010vwq0101ra,6,0,-1.0,,-1.0,
RWS01_MONIBAS_0271hrr0188ra,4,0,10.0,,10.0,
RWS01_MONIBAS_0021hrl0791ra,10,0,88.4,,121.0,
RWS01_MONIBAS_0501hrl1471ra,4,0,11.0,,12.0,
RWS01_MONIBAS_0201hrr0291ra,4,0,76.5,,79.0,
RWS01_MONICA_00D00404BC5A08200007,8,0,70.0725,,78.0,
RWS01_MONIBAS_0201hrl0155ra,4,0,109.0,,119.0,
RWS01_MONIBAS_0010vwn0106ra,4,0,87.0,,88.0,
RWS01_MONIBAS_0350vwc0583ra,8,0,-1.0,,-1.0,
RWS01_MONICA_00D03A07642DD0050005,8,0,72.4325,,99.0,
RWS01_MONIBAS_0150vwm0627ra,6,0,88.66666666666667,,98.0,
RWS01_MONIBAS_0021hrr2342ra_1,24,0,58.05666666666667,,99.0,
RWS01_MONIBAS_0121hrr0822ra,6,0,49.0,,79.0,
RWS01_MONIBAS_0021hrl2182ra,4,0,99.5,,106.0,
RWS01_MONICA_00D03A07642DD0050009,8,0,86.2325,,99.0,
RWS01_MONIBAS_0091hrr0669ra,6,0,100.33333333333333,,108.0,
RWS01_MONIBAS_0121hrl0160ra,6,0,96.33333333333333,,104.0,
RWS01_MONIBAS_0581hrr0410ra,6,0,32.333333333333336,,52.0,
RWS01_MONIBAS_0501hrr2378rb,4,0,93.5,,96.0,
RWS01_MONIBAS_0021hrr1672ra,6,0,98.66666666666667,,111.0,
RWS01_MONIBAS_0501hrr2378ra,2,0,98.0,,98.0,
RWS01_MONIBAS_0760vwv0019ra,4,0,87.5,,93.0,
RWS01_MONIBAS_0040vwx0490ra,6,0,24.0,,27.0,
RWS01_MONIBAS_0581hrr0293ra,4,0,98.5,,107.0,
RWS01_MONIBAS_0121hrl0293ra,8,0,60.0,,63.0,
RWS01_MONIBAS_0321hrr0066ra,6,0,98.66666666666667,,108.0,
RWS01_MONICA_00D00219F02AD0050009,8,0,34.6925,,39.0,
RWS01_MONIBAS_0021hrl1309ra,6,0,106.33333333333333,,114.0,
RWS01_MONIBAS_0280vwb0533ra,8,0,-1.0,,-1.0,
RWS01_MONIBAS_0060vwh0573ra,4,0,94.5,,96.0,
RWS01_MONICA_00D00219F02AD0050005,8,0,43.0,,52.0,
RWS01_MONIBAS_0041hrl0713ra,4,0,99.5,,103.0,
RWS01_MONIBAS_0021hrl0814ra,8,0,112.25,,126.0,
RWS01_MONIBAS_0501hrl1497ra,10,0,34.6,,63.0,
RWS01_MONIBAS_0121hrl0530ra,8,0,15.5,,17.0,
RWS01_MONICA_00D00103900010200005,8,0,36.667500000000004,,51.0,
RWS01_MONIBAS_0150vwb0548ra,2,0,88.0,,88.0,
RWS01_MONICA_00D00227741F00200007,8,0,40.0,,81.0,
RWS01_MONIBAS_0241hrl0042ra,6,0,112.66666666666667,,122.0,
RWS01_MONIBAS_0201hrr0301ra,6,0,75.66666666666667,,79.0,
RWS01_MONIBAS_0161hrr0376ra_1,24,0,18.243333333333336,,32.0,
RWS01_MONIBAS_0270vwn0716rb,4,0,77.0,,83.0,
RWS01_MONIBAS_0270vwn0716ra,2,0,19.0,,19.0,
RWS01_MONIBAS_0281hrl0632ra,16,0,82.8625,,101.0,
RWS01_MONIBAS_0581hrl0941ra,8,0,50.03,,69.0,
RWS01_MONICA_00D00224203CD0070007,8,0,47.5,,96.0,
RWS01_MONIBAS_0281hrr1049ra,6,0,102.66666666666667,,111.0,
RWS01_MONIBAS_0121hrr1304ra,6,0,9.666666666666666,,16.0,
RWS01_MONIBAS_0070vwh2036ra,4,0,99.5,,111.0,
RWS01_MONICA_00D0320F245AD007000B,8,0,67.1075,,94.0,
RWS01_MONICA_00D00224203CD007000F,8,0,79.1375,,83.0,
RWS01_MONICA_00D03B0F5C14D007000B,8,0,47.0,,63.0,
RWS01_MONIBAS_0020vwa1635ra,2,0,68.0,,68.0,
RWS01_MONICA_00D03B0F5C14D0070007,8,0,53.05,,73.0,
RWS01_MONIBAS_0161hrr0485ra,6,0,74.0,,80.0,
RWS01_MONIBAS_0280vwr0273ra,4,0,86.5,,92.0,
RWS01_MONICA_00D00224203CD007000B,8,0,43.5,,88.0,
RWS01_MONICA_00D010085800D0070007,8,0,52.0,,105.0,
RWS01_MONICA_00D0320F245AD0070007,8,0,53.0,,107.0,
RWS01_MONIBAS_0020vwm0345rb_1,8,0,46.5,,94.0,
RWS01_MONICA_00D00103FC12D007000B,8,0,-1.0,,-1.0,
RWS01_MONICA_00D010085800D007000B,8,0,95.31,,100.0,
RWS01_MONICA_00D010085800D007000F,8,0,85.05,,89.0,
RWS01_MONIBAS_0011hrl1584ra,8,0,31.0,,63.0,
RWS01_MONIBAS_0021hrl0934ra,8,0,84.75,,128.0,
RWS01_MONIBAS_0151hrr0926ra,4,0,96.5,,102.0,
RWS01_MONIBAS_0271hrl0399ra,4,0,76.0,,80.0,
RWS01_MONIBAS_0151hrr0770ra,6,0,42.333333333333336,,55.0,
RWS01_MONIBAS_0731hrr0056ra,4,0,98.0,,107.0,
RWS01_MONIBAS_0271hrr0175ra,4,0,72.0,,72.0,
RWS01_MONIBAS_0320vwa0652ra,8,0,42.0,,85.0,
RWS01_MONIBAS_0091hrr0523ra,6,0,101.0,,115.0,
RWS01_MONIBAS_0121hrr0835ra,6,0,97.33333333333333,,104.0,
RWS01_MONIBAS_0501hrr1870ra,6,0,77.0,,80.0,
RWS01_MONICA_00D00F06F400B8200007,8,0,72.1675,,102.0,
RWS01_MONICA_00D01001041C10200005,8,0,-1.0,,-1.0,
RWS01_MONIBAS_0501hrl1578ra_1,24,0,76.22583333333334,,101.0,
RWS01_MONIBAS_0161hrr0232ra,10,0,80.6,,100.0,
RWS01_MONICA_00D0321A8023D0050009,8,0,-1.0,,-1.0,
RWS01_MONIBAS_0151hrl0874ra,4,0,49.5,,52.0,
RWS01_MONIBAS_0150vwm0601ra,2,0,85.0,,85.0,
RWS01_MONIBAS_0020vwf2406ra,2,0,79.0,,79.0,
RWS01_MONICA_00D02503A05ED0050005,8,0,56.0,,113.0,
RWS01_MONIBAS_0150vwc0204ra,2,0,80.0,,80.0,
RWS01_MONIBAS_0021hrl1059ra,6,0,109.66666666666667,,114.0,
RWS01_MONICA_00D02503A05ED0050009,8,0,71.6675,,103.0,
RWS01_MONIBAS_0150vwm0591ra,6,0,100.66666666666667,,104.0,
RWS01_MONIBAS_0040vwm0434ra,4,0,38.5,,58.0,
RWS01_MONIBAS_0151hrr0900ra,4,0,86.5,,92.0,
RWS01_MONIBAS_0441hrl0204ra,4,0,92.0,,103.0,
RWS01_MONIBAS_0501hrl2073ra,4,0,97.0,,106.0,
RWS01_MONIBAS_0091hrl0409ra,10,0,101.6,,119.0,
RWS01_MONIBAS_0101hrl0056ra,6,0,48.0,,58.0,
RWS01_MONICA_00D01002B059D0050305,8,0,49.555,,53.0,
RWS01_MONIBAS_0121hrr1281ra,4,0,10.5,,11.0,
RWS01_MONIBAS_0271hrl0649ra,6,0,12.666666666666666,,40.0,
RWS01_MONIBAS_0160vwb0094ra,2,0,74.0,,74.0,
RWS01_MONIBAS_0731hrr0163ra,4,0,95.0,,99.0,
RWS01_MONIBAS_0500vwb2211ra,8,0,-1.0,,-1.0,
RWS01_MONIBAS_0011hrl0768ra,16,0,83.42625,,103.0,
RWS01_MONIBAS_0501hrl2203ra,16,0,-1.0,,-1.0,
RWS01_MONIBAS_0091hrl0279ra,6,0,95.0,,105.0,
RWS01_MONICA_00D0321A8023D0050005,8,0,-1.0,,-1.0,
RWS01_MONICA_00D01002B059D0050309,8,0,32.26,,35.0,
RWS01_MONIBAS_0121hrr0225ra,6,0,96.33333333333333,,104.0,
RWS01_MONIBAS_0041hrr0720ra,4,0,43.5,,45.0,
RWS01_MONIBAS_0021hrl0807ra_1,40,0,79.2005,,120.0,
RWS01_MONIBAS_0020vwm0603ra,6,0,60.333333333333336,,92.0,
RWS01_MONIBAS_0161hrl0552ra_1,24,0,-1.0,,-1.0,
RWS01_MONIBAS_0060vwa3108ra,8,0,39.0,,79.0,
RWS01_MONIBAS_0581hrr0449ra,4,0,51.5,,53.0,
RWS01_MONICA_10D00222C43CD005000D,2,0,87.0,,87.0,
RWS01_MONIBAS_0011hrl0528ra,4,0,76.5,,79.0,
RWS01_MONIBAS_0020vwm0593ra,6,0,37.666666666666664,,61.0,
RWS01_MONIBAS_0011hrr0153ra,6,0,99.66666666666667,,110.0,
RWS01_MONIBAS_0161hrr0628ra,8,0,74.0,,106.0,
RWS01_MONICA_00D01B033C1ED0050185,8,0,-1.0,,-1.0,
RWS01_MONIBAS_0101hrr0215ra,6,0,38.0,,43.0,
RWS01_MONICA_00D00219383760200007,8,0,80.8025,,82.0,
RWS01_MONIBAS_0220vwx0130ra,2,0,81.0,,81.0,
RWS01_MONICA_00D00C0CD455D0050009,8,0,78.18,,107.0,
RWS01_MONICA_00D0021938376020000B,8,0,73.5125,,75.0,
RWS01_MONIBAS_0501hrr1589ra_1,24,0,68.44083333333333,,116.0,
RWS01_MONICA_00D00C0CD455D005000D,8,0,69.4275,,99.0,
RWS01_MONIBAS_0151hrr0890ra,4,0,87.5,,91.0,
RWS01_MONICA_00D04302E80FD0050009,8,0,93.17,,97.0,
RWS01_MONICA_00D002061C0C18200005,8,0,29.5,,60.0,
RWS01_MONICA_00D04302E80FD0050005,8,0,72.4725,,99.0,
RWS01_MONICA_00D0071F442AD0050105,8,0,-1.0,,-1.0,
RWS01_MONICA_00D00F05A02610200009,8,0,59.79,,82.0,
RWS01_MONIBAS_0041hrl0214ra,6,0,109.0,,120.0,
RWS01_MONICA_00D00C0CD455D0050005,8,0,59.0,,119.0,
RWS01_MONIBAS_0101hrr0072ra,6,0,97.33333333333333,,107.0,
RWS01_MONICA_00D00F05A02610200005,8,0,46.0,,93.0,
RWS01_MONICA_00D00104CC37D0070007,8,0,81.7575,,110.0,
RWS01_MONIBAS_0591hrl0906ra,4,0,94.5,,107.0,
RWS01_MONIBAS_0121hrr1294ra,6,0,5.0,,6.0,
RWS01_MONIBAS_0151hrl0371ra,6,0,118.0,,130.0,
RWS01_MONICA_00D00A035C46D007000F,8,0,26.75,,36.0,
RWS01_MONICA_00D00A035C46D007000B,8,0,28.0225,,39.0,
RWS01_MONICA_00D00104CC37D007000B,8,0,70.88,,99.0,
RWS01_MONICA_00D0040AE45F28200009,8,0,67.2925,,92.0,
RWS01_MONIBAS_0151hrl0767ra,8,0,96.25,,110.0,
RWS01_MONICA_00D0010E1437D005000D,8,0,96.9625,,107.0,
RWS01_MONICA_00D010024C4ED007000B,8,0,87.0,,89.0,
RWS01_MONIBAS_0021hrr0736ra,6,0,64.66666666666667,,72.0,
RWS01_MONIBAS_0021hrr0736rb,6,0,42.333333333333336,,70.0,
RWS01_MONIBAS_0120vwa0228ra,2,0,81.0,,81.0,
RWS01_MONIBAS_0591hrl1001ra,16,0,90.07375,,109.0,
RWS01_MONIBAS_0731hrr0150ra,4,0,91.0,,94.0,
RWS01_MONIBAS_0291hrl0107ra,4,0,88.0,,95.0,
RWS01_MONIBAS_0021hrr0603ra,8,0,71.75,,107.0,
RWS01_MONIBAS_0070vwa2399ra,16,0,25.966250000000002,,72.0,
RWS01_MONICA_00D01C015041D007000B,8,0,73.2175,,100.0,
RWS01_MONICA_00D010024C4ED0070007,8,0,70.14750000000001,,97.0,
RWS01_MONICA_00D01C015041D007000F,8,0,82.8825,,84.0,
RWS01_MONIBAS_0021hrr0340ra,8,0,102.5,,122.0,
RWS01_MONICA_00D00A035C46D0070007,8,0,21.5,,44.0,
RWS01_MONICA_00D01C015041D0070007,8,0,80.0,,107.0,
RWS01_MONIBAS_0271hrl0360ra,4,0,13.5,,19.0,
RWS01_MONIBAS_0271hrl0360rb,2,0,15.0,,15.0,
RWS01_MONICA_00D010021419D0050005,8,0,-1.0,,-1.0,
RWS01_MONICA_00D010021419D0050009,8,0,-1.0,,-1.0,
RWS01_MONIBAS_0350vwb0482ra,16,0,-1.0,,-1.0,
RWS01_MONIBAS_0011hrl1081ra,6,0,99.33333333333333,,108.0,
RWS01_MONIBAS_0011hrl0492ra,4,0,92.0,,98.0,
RWS01_MONIBAS_0041hrr0613ra,4,0,102.5,,109.0,
RWS01_MONICA_00D01C0E883760200007,8,0,63.175,,87.0,
RWS01_MONIBAS_0040vwm0051ra,4,0,87.0,,92.0,
RWS01_MONIBAS_0041hrr0613rb,2,0,98.0,,98.0,
RWS01_MONICA_00D0010E1437D0050009,8,0,82.48,,113.0,
RWS01_MONIBAS_0591hrl0896ra,4,0,94.5,,100.0,
RWS01_MONICA_00D01B013014D0050009,8,0,49.0,,99.0,
RWS01_MONICA_00D0010E1437D0050005,8,0,67.0,,135.0,
RWS01_MONIBAS_0281hrl1247ra,16,0,64.58375,,113.0,
RWS01_MONICA_00D01B013014D0050005,8,0,53.5,,108.0,
RWS01_MONICA_00D0040AE45F28200005,8,0,77.4175,,106.0,
RWS01_MONIBAS_0070vwb2220ra,8,0,-1.0,,-1.0,
RWS01_MONIBAS_0121hrr0608ra,6,0,93.33333333333333,,98.0,
RWS01_MONIBAS_0281hrl1114ra,6,0,92.66666666666667,,97.0,
RWS01_MONIBAS_0011hrr0046ra,6,0,89.0,,99.0,
RWS01_MONIBAS_0011hrl0515ra,4,0,92.0,,97.0,
RWS01_MONIBAS_0021hrr0593ra,8,0,39.0,,83.0,
RWS01_MONIBAS_0580vwq0122ra,4,0,90.0,,97.0,
RWS01_MONIBAS_0271hrr0891ra,6,0,106.33333333333333,,118.0,
RWS01_MONIBAS_0670vwc0720ra,8,0,35.0,,71.0,
RWS01_MONIBAS_0280vws0276ra,4,0,41.5,,84.0,
RWS01_MONIBAS_0071hrr0215ra,4,0,91.0,,99.0,
RWS01_MONICA_00D007055C29D0070007,8,0,-1.0,,-1.0,
RWS01_MONIBAS_0041hrl0107ra,8,0,84.25,,95.0,
RWS01_MONIBAS_0041hrl0107rb,4,0,27.0,,28.0,
RWS01_MONIBAS_0071hrr0084ra,6,0,4.666666666666667,,8.0,
RWS01_MONICA_00D0021A4C16D0050005,8,0,47.364999999999995,,66.0,
RWS01_MONIBAS_0021hrl1189ra_1,16,0,67.3275,,114.0,
RWS01_MONIBAS_0101hrr0086ra,6,0,101.66666666666667,,118.0,
RWS01_MONIBAS_0040vwb2415ra,8,0,-1.0,,-1.0,
RWS01_MONICA_00D001038832D007000B,8,0,73.5475,,99.0,
RWS01_MONIBAS_0011hrr0788ra,16,0,84.1925,,103.0,
RWS01_MONIBAS_0291hrr0137ra,6,0,-1.0,,-1.0,
RWS01_MONIBAS_0150vwy0449ra,2,0,93.0,,93.0,
RWS01_MONIBAS_0051hrr0074ra,4,0,103.0,,108.0,
RWS01_MONIBAS_0061hrl0532ra,4,0,104.5,,111.0,
RWS01_MONIBAS_0731hrl0156ra,4,0,97.5,,101.0,
RWS01_MONICA_00D007055C29D007000B,8,0,-1.0,,-1.0,
RWS01_MONICA_00D00104383208200007,8,0,31.3825,,45.0,
RWS01_MONIBAS_0041hrr0627rb,2,0,103.0,,103.0,
RWS01_MONICA_00D01002242DD0050009,8,0,-1.0,,-1.0,
RWS01_MONIBAS_0041hrr0627ra,4,0,108.0,,115.0,
RWS01_MONICA_00D01002242DD0050005,8,0,-1.0,,-1.0,
RWS01_MONICA_00D00209D840D0070007,8,0,72.5975,,99.0,
RWS01_MONICA_00D0321FDC058820000B,8,0,-1.0,,-1.0,
RWS01_MONIBAS_0041hrr0747ra,10,0,61.0,,91.0,
RWS01_MONICA_00D00110E437D007000B,8,0,53.5,,108.0,
RWS01_MONICA_00D0021BE04110200005,8,0,-1.0,,-1.0,
RWS01_MONICA_00D00C0D3800D005000D,8,0,68.5425,,97.0,
RWS01_MONIBAS_0011hrr0668ra,16,0,-1.0,,-1.0,
RWS01_MONICA_00D00110E437D007000F,8,0,73.3325,,103.0,
RWS01_MONIBAS_0071hrl1873ra,16,0,-1.0,,-1.0,
RWS01_MONIBAS_0090vwc0267ra,2,0,83.0,,83.0,
RWS01_MONIBAS_0071hrl2008ra,8,0,85.5,,103.0,
RWS01_MONICA_00D00C0D3800D0050009,8,0,52.0,,105.0,
RWS01_MONICA_00D00C0D3800D0050005,8,0,58.5,,118.0,
RWS01_MONIBAS_0281hrl1857ra,16,0,91.52375,,120.0,
RWS01_MONICA_00D00110E437D0070007,8,0,89.6575,,121.0,
RWS01_MONIBAS_0160vwx0193ra,4,0,102.5,,109.0,
RWS01_MONICA_00D0021A4C16D005000D,8,0,66.795,,74.0,
RWS01_MONICA_00D0320F100018200005,8,0,55.447500000000005,,76.0,
RWS01_MONICA_00D0021A4C16D0050009,8,0,67.3475,,77.0,
RWS01_MONICA_00D001038832D0070007,8,0,77.0,,103.0,
RWS01_MONIBAS_0011hrl0279ra,6,0,92.66666666666667,,103.0,
RWS01_MONIBAS_0071hrr0097ra,6,0,17.0,,17.0,
RWS01_MONIBAS_0071hrl0055ra,8,0,104.25,,121.0,
RWS01_MONICA_00D00209D840D007000B,8,0,85.86,,90.0,
RWS01_MONIBAS_0351hrl0342ra,2,0,81.0,,81.0,
RWS01_MONIBAS_0081hrr0046ra,10,0,18.0,,36.0,
RWS01_MONICA_00D00909A83DD0050009,8,0,-1.0,,-1.0,
RWS01_MONIBAS_0011hrl0386ra,6,0,105.66666666666667,,119.0,
RWS01_MONICA_00D01B0F403798200007,8,0,44.0,,89.0,
RWS01_MONICA_00D00909A83DD0050005,8,0,-1.0,,-1.0,
RWS01_MONIBAS_0151hrl0981ra,4,0,25.0,,26.0,
RWS01_MONIBAS_0020vwn1110ra,4,0,4.5,,5.0,
RWS01_MONIBAS_0731hrl0169ra,4,0,89.5,,96.0,
RWS01_MONIBAS_0081hrr0059ra,4,0,102.0,,108.0,
RWS01_MONIBAS_0271hrr0784ra,12,0,101.0,,113.0,
RWS01_MONIBAS_0021hrr1219ra,8,0,103.75,,116.0,
RWS01_MONIBAS_0121hrl1251ra,6,0,94.33333333333333,,100.0,
RWS01_MONIBAS_0221hrr0158ra,4,0,102.5,,109.0,
RWS01_MONIBAS_0761hrr0134ra,4,0,86.0,,94.0,
RWS01_MONIBAS_0041hrr0351ra,4,0,33.5,,34.0,
RWS01_MONIBAS_0280vwa0280ra,2,0,54.0,,54.0,
RWS01_MONICA_00D00607A41E6020000B,8,0,53.5,,108.0,
RWS01_MONIBAS_0271hrl0995ra,6,0,98.33333333333333,,103.0,
RWS01_MONIBAS_0061hrl0557ra_1,16,0,-1.0,,-1.0,
RWS01_MONICA_00D00607A41E60200007,8,0,52.5,,106.0,
RWS01_MONIBAS_0011hrr0905ra,10,0,106.0,,115.0,
RWS01_MONICA_00D00C141C0008200007,8,0,29.0,,59.0,
RWS01_MONIBAS_0081hrl0029ra,12,0,98.0,,111.0,
RWS01_MONICA_00D001153C32D007000F,8,0,70.25,,100.0,
RWS01_MONIBAS_0041hrl0357ra,4,0,51.0,,52.0,
RWS01_MONICA_00D00607A41E6020000F,8,0,94.16,,100.0,
RWS01_MONICA_00D001153C32D007000B,8,0,75.3375,,106.0,
RWS01_MONIBAS_0761hrl0117ra,4,0,97.0,,101.0,
RWS01_MONIBAS_0091hrl0516ra,6,0,65.33333333333333,,106.0,
RWS01_MONICA_00D01C1F4412D007000B,8,0,-1.0,,-1.0,
RWS01_MONIBAS_0150vwf0598ra,2,0,91.0,,91.0,
RWS01_MONIBAS_2050vwr0034ra,4,0,93.5,,96.0,
RWS01_MONICA_00D001153C32D0070007,8,0,61.5,,124.0,
RWS01_MONIBAS_0010vwp0124ra,4,0,106.0,,114.0,
RWS01_MONICA_00D01C1F4412D0070007,8,0,-1.0,,-1.0,
RWS01_MONIBAS_0271hrl0875ra,6,0,103.66666666666667,,114.0,
RWS01_MONIBAS_0271hrr0927ra,6,0,74.66666666666667,,81.0,
RWS01_MONICA_00D0321CB45FD0050085,8,0,-1.0,,-1.0,
RWS01_MONICA_10D00205F41FD0070307,2,0,93.0,,93.0,
RWS01_MONIBAS_0091hrl0493ra,4,0,109.5,,117.0,
RWS01_MONIBAS_0021hrr0499ra,10,0,81.4,,93.0,
RWS01_MONIBAS_0101hrr0229ra,8,0,73.5,,79.0,
RWS01_MONIBAS_0150vwm0961ra,4,0,47.5,,96.0,
RWS01_MONICA_00D00104582ED0070087,8,0,68.37,,92.0,
RWS01_MONIBAS_0271hrl0133ra,4,0,95.5,,102.0,
RWS01_MONICA_00D010092850D0050009,8,0,78.76,,106.0,
RWS01_MONIBAS_0010vwd0066ra,2,0,86.0,,86.0,
RWS01_MONIBAS_0301hrl0079ra_1,16,0,76.68125,,95.0,
RWS01_MONIBAS_0051hrl0140ra,4,0,98.5,,105.0,
RWS01_MONIBAS_0280vwc0838ra,2,0,83.0,,83.0,
RWS01_MONIBAS_0101hrl0297ra,4,0,22.5,,46.0,
RWS01_MONICA_00D010092850D005000D,8,0,88.98,,98.0,
RWS01_MONICA_00D00901100AD007000B,8,0,91.375,,101.0,
RWS01_MONIBAS_0071hrl0305ra,4,0,101.5,,109.0,
RWS01_MONIBAS_0011hrl1583ra,16,0,49.0625,,106.0,
RWS01_MONIBAS_0060vwy0468ra,2,0,102.0,,102.0,
RWS01_MONIBAS_0061hrl0438ra,8,0,106.75,,118.0,
RWS01_MONIBAS_0201hrl0261ra,6,0,-1.0,,-1.0,
RWS01_MONIBAS_0041hrl0597ra,6,0,103.0,,113.0,
RWS01_MONIBAS_0011hrr1147ra,6,0,28.666666666666668,,88.0,
RWS01_MONICA_00D00901100AD0070007,8,0,50.5,,102.0,
RWS01_MONIBAS_0731hrl0250ra,4,0,99.5,,106.0,
RWS01_MONIBAS_0671hrr0284ra,4,0,98.0,,106.0,
RWS01_MONIBAS_0281hrl0991ra,6,0,91.66666666666667,,101.0,
RWS01_MONICA_00D03219000AD007000B,8,0,94.7675,,100.0,
RWS01_MONICA_00D00107C846D0050005,8,0,76.625,,106.0,
RWS01_MONIBAS_0151hrr1527ra,6,0,65.33333333333333,,100.0,
RWS01_MONIBAS_0010vwq0128ra,4,0,-1.0,,-1.0,
RWS01_MONIBAS_0010vwk0444ra,2,0,48.0,,48.0,
RWS01_MONICA_00D00107C846D0050009,8,0,87.1775,,92.0,
RWS01_MONICA_00D03219000AD0070007,8,0,56.0,,113.0,
RWS01_MONICA_00D01406F000D0050005,8,0,65.53,,89.0,
RWS01_MONICA_00D010092850D0050005,8,0,58.0,,117.0,
RWS01_MONICA_00D01406F000D0050009,8,0,77.815,,80.0,
RWS01_MONIBAS_0071hrl1980rb,4,0,74.5,,76.0,
RWS01_MONIBAS_0240vwt0058ra,2,0,90.0,,90.0,
RWS01_MONIBAS_0131hrl0147ra,6,0,54.333333333333336,,56.0,
RWS01_MONIBAS_0090vwh0410ra,4,0,85.0,,92.0,
RWS01_MONIBAS_3250vwr0126ra,2,0,-1.0,,-1.0,
RWS01_MONIBAS_0671hrl0269ra,4,0,99.5,,106.0,
RWS01_MONIBAS_0581hrl0584ra,4,0,51.0,,55.0,
RWS01_MONIBAS_0121hrl1407ra,4,0,-1.0,,-1.0,
RWS01_MONIBAS_0310vww0755ra,8,0,30.5,,62.0,
RWS01_MONIBAS_0060vwa0456ra,4,0,63.0,,69.0,
RWS01_MONIBAS_0021hrl0697ra,8,0,100.75,,113.0,
RWS01_MONIBAS_0021hrl1604ra,4,0,96.5,,104.0,
RWS01_MONIBAS_0351hrl0712ra,8,0,-1.0,,-1.0,
RWS01_MONIBAS_0010vwa0057ra,2,0,66.0,,66.0,
RWS01_MONIBAS_0021hrl1392ra,6,0,104.33333333333333,,115.0,
RWS01_MONIBAS_0441hrr0007ra,4,0,105.5,,112.0,
RWS01_MONIBAS_0101hrl0307ra,4,0,26.5,,54.0,
RWS01_MONIBAS_0060vwm0493ra,8,0,110.75,,129.0,
RWS01_MONIBAS_0090vwx0079ra,2,0,86.0,,86.0,
RWS01_MONIBAS_4341hrl0052ra,4,0,91.0,,97.0,
RWS01_MONIBAS_0090vwx0079rb,4,0,98.0,,104.0,
RWS01_MONICA_00D00607945D78200007,8,0,43.0,,87.0,
RWS01_MONICA_00D004057C3C08200007,8,0,40.394999999999996,,56.0,
RWS01_MONIBAS_0041hrl0331ra,4,0,101.5,,108.0,
RWS01_MONIBAS_0021hrl2552ra,4,0,30.0,,43.0,
RWS01_MONIBAS_0301hrr0235ra,16,0,-1.0,,-1.0,
RWS01_MONIBAS_0021hrl2552rb,2,0,7.0,,7.0,
RWS01_MONIBAS_0150vwc0790ra,2,0,93.0,,93.0,
RWS01_MONIBAS_0011hrr0835ra_1,16,0,86.775,,126.0,
RWS01_MONIBAS_0060vwa0589ra,2,0,80.0,,80.0,
RWS01_MONICA_00D009009C0AD0070107,8,0,87.305,,91.0,
RWS01_MONIBAS_0281hrr1117ra_1,24,0,71.45333333333333,,108.0,
RWS01_MONIBAS_0581hrr0542ra,4,0,74.0,,76.0,
RWS01_MONIBAS_0041hrl0727ra,4,0,86.5,,94.0,
RWS01_MONIBAS_0021hrl2565ra,4,0,-1.0,,-1.0,
RWS01_MONIBAS_0041hrr0257ra,6,0,50.666666666666664,,54.0,
RWS01_MONIBAS_0021hrl2312ra,6,0,78.0,,85.0,
RWS01_MONIBAS_0091hrr0273ra,6,0,94.33333333333333,,99.0,
RWS01_MONIBAS_0101hrl0151ra,10,0,91.4,,104.0,
RWS01_MONIBAS_0071hrl0175ra,4,0,109.5,,118.0,
RWS01_MONICA_00D01C1D9C50D0070007,8,0,50.5,,102.0,
RWS01_MONIBAS_0071hrr2001ra,4,0,76.5,,83.0,
RWS01_MONIBAS_0320vwb0427ra,8,0,50.072500000000005,,69.0,
RWS01_MONICA_00D0321FDC0588200007,8,0,-1.0,,-1.0,
RWS01_MONIBAS_0071hrl1980ra,4,0,78.0,,86.0,
RWS01_MONIBAS_0201hrl0274ra,6,0,65.33333333333333,,101.0,
RWS01_MONIBAS_0021hrr2403ra,4,0,89.0,,96.0,
RWS01_MONICA_00D01001782D10200005,8,0,-1.0,,-1.0,
RWS01_MONIBAS_0011hrl0159ra,6,0,104.33333333333333,,111.0,
RWS01_MONIBAS_0020vwb1411ra,2,0,69.0,,69.0,
RWS01_MONICA_00D00607782D68200005,8,0,52.5,,106.0,
RWS01_MONIBAS_4341hrl0065ra,2,0,83.0,,83.0,
RWS01_MONIBAS_0060vwn0518ra,4,0,108.5,,117.0,
RWS01_MONICA_00D03219000AD007000F,8,0,88.0,,93.0,
RWS01_MONIBAS_0101hrl0271ra,10,0,30.0,,81.0,
RWS01_MONIBAS_0581hrl0727ra,8,0,103.0,,118.0,
RWS01_MONICA_00D00607782D68200009,8,0,70.1775,,98.0,
RWS01_MONICA_00D00225585A10200005,8,0,43.0,,87.0,
RWS01_MONICA_00D00103E81CD0050009,8,0,-1.0,,-1.0,
RWS01_MONICA_00D00C15003210200009,8,0,41.015,,57.0,
RWS01_MONICA_00D00225585A10200009,8,0,40.5,,82.0,
RWS01_MONICA_00D00C15003210200005,8,0,42.2,,59.0,
RWS01_MONIBAS_0090vwu0057ra,2,0,88.0,,88.0,
RWS01_MONIBAS_0161hrr0138ra,4,0,82.5,,86.0,
RWS01_MONICA_00D00103E81CD0050005,8,0,-1.0,,-1.0,
RWS01_MONICA_00D0321CB45FD0050005,8,0,-1.0,,-1.0,
RWS01_MONICA_00D01C008C0AD0070007,8,0,89.9825,,122.0,
RWS01_MONIBAS_0091hrl0610ra,6,0,103.33333333333333,,112.0,
RWS01_MONIBAS_0501hrr1643ra,6,0,21.0,,22.0,
RWS01_MONIBAS_0020vwe0749ra,4,0,9.5,,12.0,
RWS01_MONICA_00D0321CB45FD0050009,8,0,-1.0,,-1.0,
RWS01_MONIBAS_0581hrr0805ra,16,0,-1.0,,-1.0,
RWS01_MONICA_00D01C008C0AD007000B,8,0,80.855,,109.0,
RWS01_MONIBAS_0071hrl0318ra,4,0,100.5,,108.0,
RWS01_MONIBAS_0011hrr0522ra,6,0,66.33333333333333,,74.0,
RWS01_MONIBAS_0161hrl0346ra,4,0,99.0,,104.0,
RWS01_MONIBAS_0271hrr0439ra,4,0,74.0,,80.0,
RWS01_MONIBAS_0120vwx0618ra,6,0,67.0,,78.0,
RWS01_MONIBAS_0011hrl1225ra,6,0,106.33333333333333,,113.0,
RWS01_MONICA_00D00223D42DD0050009,8,0,-1.0,,-1.0,
RWS01_MONICA_00D00223D42DD0050005,8,0,-1.0,,-1.0,
RWS01_MONIBAS_0061hrr0457ra,4,0,108.5,,117.0,
RWS01_MONIBAS_0021hrl1032ra,8,0,87.5,,129.0,
RWS01_MONIBAS_0091hrr0308ra,6,0,88.0,,99.0,
RWS01_MONIBAS_0501hrl1626ra,6,0,59.333333333333336,,65.0,
RWS01_MONIBAS_0021hrl1065ra_1,24,0,80.91333333333334,,121.0,
RWS01_MONICA_00D00F182800D007000B,8,0,96.6675,,106.0,
RWS01_MONIBAS_0280vwa1994ra,2,0,73.0,,73.0,
RWS01_MONICA_10D007049440D0070307,2,0,-1.0,,-1.0,
RWS01_MONIBAS_0060vwp0429ra,4,0,109.0,,117.0,
RWS01_MONIBAS_0151hrl0263ra,4,0,43.0,,87.0,
RWS01_MONIBAS_0070vwc1577ra,8,0,32.5,,66.0,
RWS01_MONICA_00D00F182800D0070007,8,0,55.0,,111.0,
RWS01_MONIBAS_0271hrr0319ra,4,0,58.0,,59.0,
RWS01_MONIBAS_0161hrl0226ra,6,0,55.666666666666664,,84.0,
RWS01_MONICA_00D00608503E6020000B,8,0,79.3025,,108.0,
RWS01_MONIBAS_0121hrr0040ra_1,24,0,53.24333333333333,,89.0,
RWS01_MONIBAS_0121hrr1154ra_1,24,0,25.333333333333332,,83.0,
RWS01_MONIBAS_0151hrl0396ra,4,0,103.5,,111.0,
RWS01_MONIBAS_0201hrr0315ra,6,0,74.0,,77.0,
RWS01_MONIBAS_0500vwb2116ra,8,0,-1.0,,-1.0,
RWS01_MONIBAS_0021hrr1684ra,6,0,92.0,,106.0,
RWS01_MONIBAS_0501hrr1884ra,6,0,79.66666666666667,,85.0,
RWS01_MONIBAS_0121hrr1199ra,8,0,90.5,,102.0,
RWS01_MONIBAS_0021hrr1577ra,6,0,36.333333333333336,,51.0,
RWS01_MONIBAS_0021hrr1827ra,16,0,-1.0,,-1.0,
RWS01_MONIBAS_0020vwa1133ra,2,0,56.0,,56.0,
RWS01_MONIBAS_0671hrl0374ra,4,0,89.0,,91.0,
RWS01_MONIBAS_0151hrl0383ra,8,0,102.5,,115.0,
RWS01_MONIBAS_0581hrr0315ra,4,0,90.5,,95.0,
RWS01_MONIBAS_0021hrr1082ra_1,24,0,66.95333333333333,,88.0,
RWS01_MONIBAS_0320vwc0632ra,8,0,39.5,,80.0,
RWS01_MONIBAS_0161hrl0333ra,4,0,91.5,,94.0,
RWS01_MONICA_00D0021BB046D007000B,8,0,38.325,,53.0,
RWS01_MONICA_00D1B201082D20200007,8,0,-1.0,,-1.0,
RWS01_MONICA_00D03B0E2832D0050005,8,0,53.0,,107.0,
RWS01_MONIBAS_0281hrl1139ra,6,0,97.0,,105.0,
RWS01_MONIBAS_0071hrr1438ra,8,0,47.0775,,67.0,
RWS01_MONIBAS_0151hrr0784ra,6,0,99.0,,109.0,
RWS01_MONICA_00D01D019C54D0050009,8,0,38.5,,78.0,
RWS01_MONIBAS_0021hrl2579ra,8,0,19.0,,46.0,
RWS01_MONICA_00D010013C0AD0070007,8,0,62.0,,125.0,
RWS01_MONICA_00D01D019C54D0050005,8,0,44.5,,90.0,
RWS01_MONIBAS_0020vwm0345ra_1,16,0,47.25,,101.0,
RWS01_MONIBAS_0021hrr2299ra,6,0,88.0,,96.0,
RWS01_MONIBAS_0011hrl1728ra,16,0,59.363749999999996,,109.0,
RWS01_MONIBAS_0060vwp0416ra,4,0,111.0,,120.0,
RWS01_MONIBAS_0040vwa2411ra,8,0,-1.0,,-1.0,
RWS01_MONIBAS_0161hrl0200ra,6,0,93.0,,102.0,
RWS01_MONIBAS_0121hrl0052ra,10,0,75.2,,80.0,
RWS01_MONIBAS_0011hrl1118ra,6,0,106.33333333333333,,118.0,
RWS01_MONICA_00D01B020052D0050009,8,0,89.0,,98.0,
RWS01_MONIBAS_0011hrl1332ra,6,0,106.0,,122.0,
RWS01_MONICA_00D00104681360200007,8,0,64.69,,87.0,
RWS01_MONIBAS_0021hrl2219ra,8,0,94.0,,103.0,
RWS01_MONIBAS_0010vwn0097ra,2,0,99.0,,99.0,
RWS01_MONIBAS_0010vwq0115ra,4,0,-1.0,,-1.0,
RWS01_MONIBAS_0271hrr0150ra,4,0,95.5,,99.0,
RWS01_MONICA_00D0021BB046D0070007,8,0,41.4925,,56.0,
RWS01_MONICA_00D01B020052D0050005,8,0,50.0,,101.0,
RWS01_MONIBAS_0580vwd0875ra,8,0,-1.0,,-1.0,
RWS01_MONIBAS_0671hrl0254ra,4,0,95.5,,103.0,
RWS01_MONIBAS_0121hrl0328ra,8,0,97.75,,110.0,
RWS01_MONIBAS_0071hrl0281ra,4,0,114.0,,121.0,
RWS01_MONICA_00D01001EC39D007000B,8,0,59.519999999999996,,63.0,
RWS01_MONIBAS_0150vwx0566ra,6,0,69.66666666666667,,111.0,
RWS01_MONIBAS_0120vwa1376ra_1,16,0,42.5,,92.0,
RWS01_MONIBAS_0021hrr0951ra,6,0,91.0,,100.0,
RWS01_MONIBAS_0161hrl0190ra,6,0,93.33333333333333,,106.0,
RWS01_MONIBAS_0271hrr0163ra,4,0,75.5,,79.0,
RWS01_MONICA_00D00608503E60200007,8,0,82.7,,115.0,
RWS01_MONIBAS_0271hrl0278ra,4,0,97.0,,101.0,
RWS01_MONIBAS_0131hrl0122ra,8,0,11.25,,21.0,
RWS01_MONIBAS_2081hrr0075ra,4,0,77.5,,85.0,
RWS01_MONICA_00D00F07A806B8200007,8,0,58.0,,117.0,
RWS01_MONIBAS_0041hrl0530ra_1,16,0,19.5475,,29.0,
RWS01_MONIBAS_0020vwe1564ra,2,0,94.0,,94.0,
RWS01_MONIBAS_0121hrl0208ra,6,0,99.66666666666667,,114.0,
RWS01_MONIBAS_0041hrl0200ra,6,0,105.66666666666667,,119.0,
RWS01_MONIBAS_0501hrr1991ra,6,0,95.33333333333333,,109.0,
RWS01_MONIBAS_0201hrl0169ra,4,0,105.5,,118.0,
RWS01_MONICA_00D00F07A806B820000B,8,0,72.5,,103.0,
RWS01_MONIBAS_0161hrr0111ra,4,0,20.0,,24.0,
RWS01_MONIBAS_0161hrr0497ra_1,24,0,83.9075,,106.0,
RWS01_MONIBAS_0271hrr0296ra,4,0,60.5,,64.0,
RWS01_MONIBAS_0121hrl0805ra,6,0,109.66666666666667,,123.0,
RWS01_MONIBAS_0021hrl2206ra,4,0,96.5,,103.0,
RWS01_MONIBAS_0020vwm0617ra,10,0,52.6,,96.0,
RWS01_MONIBAS_0011hrl0636ra,16,0,-1.0,,-1.0,
RWS01_MONIBAS_0320vwd0578ra,8,0,42.625,,68.0,
RWS01_MONIBAS_0101hrr0180ra,8,0,34.0,,39.0,
RWS01_MONIBAS_0441hrl0193ra,4,0,101.5,,108.0,
RWS01_MONICA_10D04C00384BB0200009,2,0,99.0,,99.0,
RWS01_MONIBAS_0101hrr0323ra,8,0,76.5,,121.0,
RWS01_MONICA_10D04C00384BB0200005,2,0,102.0,,102.0,
RWS01_MONICA_00D00901BC3CD007000B,8,0,-1.0,,-1.0,
RWS01_MONIBAS_0021hrr0711ra,10,0,63.0,,70.0,
RWS01_MONICA_00D00106A05AD0050085,8,0,62.5625,,87.0,
RWS01_MONICA_00D0321EF04B10200005,8,0,-1.0,,-1.0,
RWS01_MONIBAS_0151hrl0886ra,4,0,58.5,,61.0,
RWS01_MONIBAS_0011hrr0178ra,6,0,100.0,,108.0,
RWS01_MONIBAS_0011hrr0178rb,2,0,-1.0,,-1.0,
RWS01_MONIBAS_0050vwk0081ra,2,0,53.0,,53.0,
RWS01_MONICA_00D00901BC3CD0070007,8,0,-1.0,,-1.0,
RWS01_MONICA_00D0010D3C14D005000D,8,0,92.48,,97.0,
RWS01_MONICA_00D0071E4C2DD0050009,8,0,66.205,,90.0,
RWS01_MONIBAS_0121hrr0070ra,4,0,106.0,,113.0,
RWS01_MONIBAS_0121hrr1160ra,6,0,89.0,,99.0,
RWS01_MONICA_00D0071E4C2DD0050005,8,0,74.045,,101.0,
RWS01_MONIBAS_0151hrl0753ra,6,0,101.0,,112.0,
RWS01_MONIBAS_0350vwu0515ra,4,0,36.0,,73.0,
RWS01_MONIBAS_0101hrr0203ra,10,0,42.2,,61.0,
RWS01_MONIBAS_0011hrl0851ra_1,24,0,74.68416666666667,,114.0,
RWS01_MONICA_00D0010D3C14D0050009,8,0,53.0,,107.0,
RWS01_MONIBAS_0170vwa0149ra,8,0,17.5,,36.0,
RWS01_MONICA_00D0071ED04FD007000B,8,0,70.185,,72.0,
RWS01_MONICA_00D01001EC39D0070007,8,0,34.0,,69.0,
RWS01_MONICA_00D0071E4C2DD005000D,8,0,75.945,,78.0,
RWS01_MONIBAS_0201hrr0208ra,6,0,98.66666666666667,,107.0,
RWS01_MONICA_00D00408A800D0050005,8,0,41.6425,,58.0,
RWS01_MONICA_00D0021A500A68200009,8,0,81.53,,84.0,
RWS01_MONIBAS_0161hrr0507ra,6,0,86.66666666666667,,92.0,
RWS01_MONICA_00D0071ED04FD0070007,8,0,60.5,,81.0,
RWS01_MONICA_00D00408A800D0050009,8,0,52.167500000000004,,57.0,
RWS01_MONICA_00D0021A500A68200005,8,0,65.27,,88.0,
RWS01_MONIBAS_0121hrr0599ra,6,0,23.666666666666668,,73.0,
RWS01_MONIBAS_0121hrl0078rb,4,0,78.0,,80.0,
RWS01_MONIBAS_0041hrr0482ra,8,0,81.75,,89.0,
RWS01_MONIBAS_0121hrl0078ra,4,0,96.0,,102.0,
RWS01_MONIBAS_0291hrl0106ra,8,0,85.5,,91.0,
RWS01_MONIBAS_0281hrl0406ra,16,0,-1.0,,-1.0,
RWS01_MONIBAS_0011hrl0373ra,8,0,114.75,,141.0,
RWS01_MONIBAS_0091hrr0642ra,6,0,103.0,,109.0,
RWS01_MONICA_00D00218BC006020000B,8,0,24.7825,,36.0,
RWS01_MONIBAS_0020vwm1685ra,4,0,86.0,,90.0,
RWS01_MONIBAS_0041hrl0070ra,8,0,99.5,,105.0,
RWS01_MONICA_00D00218BC006020000F,8,0,22.5,,46.0,
RWS01_MONIBAS_0121hrr0190ra,6,0,102.33333333333333,,116.0,
RWS01_MONIBAS_0021hrr2166ra,16,0,59.96875,,84.0,
RWS01_MONIBAS_0041hrr0732ra,4,0,29.0,,30.0,
RWS01_MONICA_00D0320F4C1ED007000B,8,0,88.0,,96.0,
RWS01_MONIBAS_0081hrr0042ra_1,40,0,14.225,,37.0,
RWS01_MONIBAS_0011hrr0298ra,4,0,100.0,,103.0,
RWS01_MONIBAS_0150vwy0531ra,4,0,92.5,,97.0,
RWS01_MONICA_10D04C002C28B0200005,2,0,96.0,,96.0,
RWS01_MONIBAS_2081hrr0088ra,4,0,12.0,,25.0,
RWS01_MONIBAS_0020vwm1552ra,8,0,97.25,,102.0,
RWS01_MONIBAS_0270vwr0702ra,2,0,96.0,,96.0,
RWS01_MONICA_00D00103FC12D0070187,8,0,-1.0,,-1.0,
RWS01_MONICA_00D00218BC0060200007,8,0,40.4225,,60.0,
RWS01_MONICA_00D0320F4C1ED0070007,8,0,51.0,,103.0,
RWS01_MONIBAS_3481hrl0011ra,16,0,76.65625,,108.0,
RWS01_MONICA_00D010013C0AD007000B,8,0,57.5,,116.0,
RWS01_MONICA_00D00F09205060200307,8,0,55.0,,111.0,
RWS01_MONICA_00D01B0F40379820008B,8,0,85.6675,,90.0,
RWS01_MONIBAS_0281hrr1994ra,6,0,84.33333333333333,,96.0,
RWS01_MONICA_00D01B0F403798200087,8,0,47.5,,96.0,
RWS01_MONIBAS_0151hrl0646ra,10,0,93.6,,112.0,
RWS01_MONIBAS_0291hrl0119ra,8,0,102.75,,108.0,
RWS01_MONICA_00D010013C0AD007000F,8,0,80.975,,95.0,
RWS01_MONICA_00D03B0E2832D0050009,8,0,82.2225,,87.0,
RWS01_MONIBAS_0121hrr1173ra,6,0,91.33333333333333,,102.0,
RWS01_MONIBAS_0121hrr0320ra,8,0,103.75,,115.0,
RWS01_MONIBAS_0020vwn1137ra,6,0,33.666666666666664,,70.0,
RWS01_MONIBAS_0501hrl0990ra,6,0,97.66666666666667,,109.0,
RWS01_MONIBAS_0021hrr1194rb,4,0,94.5,,99.0,
RWS01_MONICA_00D01001583CD007000B,8,0,50.5,,102.0,
RWS01_MONIBAS_0011hrl1212ra,6,0,107.66666666666667,,126.0,
RWS01_MONIBAS_0021hrr1194ra,6,0,103.0,,112.0,
RWS01_MONIBAS_0270vwe0799ra,8,0,72.5,,110.0,
RWS01_MONIBAS_0730vwb0990ra,8,0,28.5,,58.0,
RWS01_MONICA_00D01001583CD007000F,8,0,66.125,,93.0,
RWS01_MONIBAS_0761hrl0080ra,16,0,59.065,,105.0,
RWS01_MONIBAS_0021hrr2179ra,16,0,70.625,,103.0,
RWS01_MONIBAS_0021hrr0724ra,8,0,32.25,,54.0,
RWS01_MONICA_00D01001583CD0070007,8,0,60.0,,121.0,
RWS01_MONIBAS_0151hrl0526ra,6,0,103.33333333333333,,116.0,
RWS01_MONICA_00D00F0920506020030B,8,0,73.1425,,102.0,
RWS01_MONIBAS_0121hrr0453ra,8,0,38.0,,53.0,
RWS01_MONIBAS_0151hrl0370ra,6,0,119.33333333333333,,134.0,
RWS01_MONIBAS_0041hrl0106ra,8,0,96.0,,104.0,
RWS01_MONICA_00D01C1ADC0038200005,8,0,66.4275,,92.0,
RWS01_MONIBAS_0011hrl0360ra,8,0,112.25,,126.0,
RWS01_MONIBAS_3251hrl0261ra,16,0,16.02625,,22.0,
RWS01_MONIBAS_0011hrl0503ra,4,0,52.0,,105.0,
RWS01_MONICA_00D0321CDC0AD0050185,8,0,4.0,,9.0,
RWS01_MONIBAS_0221hrl0102ra,4,0,104.0,,111.0,
RWS01_MONIBAS_0090vwy0392ra,4,0,102.5,,108.0,
RWS01_MONIBAS_0121hrr1053ra,6,0,73.33333333333333,,83.0,
RWS01_MONICA_00D01C0D5455D0070107,8,0,53.0075,,55.0,
RWS01_MONIBAS_0071hrr0227ra,4,0,95.5,,98.0,
RWS01_MONIBAS_0581hrl0239ra,4,0,90.5,,97.0,
RWS01_MONIBAS_0271hrl1093ra,8,0,33.082499999999996,,45.0,
RWS01_MONICA_00D03A020444A0200005,8,0,89.7025,,95.0,
RWS01_MONIBAS_0071hrr0072ra,6,0,15.666666666666666,,25.0,
RWS01_MONIBAS_0271hrr0069ra,6,0,62.0,,99.0,
RWS01_MONIBAS_0671hrl0361ra,4,0,90.5,,97.0,
RWS01_MONIBAS_0040vwm0448ra,6,0,54.333333333333336,,65.0,
RWS01_MONICA_00D00901701E10200005,8,0,-1.0,,-1.0,
RWS01_MONICA_00D004059428D0050005,8,0,-1.0,,-1.0,
RWS01_MONICA_00D00F03305010200005,8,0,39.5,,80.0,
RWS01_MONIBAS_0271hrl0887ra,6,0,103.66666666666667,,112.0,
RWS01_MONICA_00D004059428D0050009,8,0,-1.0,,-1.0,
RWS01_MONIBAS_0020vwd2460ra,8,0,31.0,,63.0,
RWS01_MONICA_00D00609140538200005,8,0,-1.0,,-1.0,
RWS01_MONIBAS_0021hrr2522ra,4,0,95.0,,101.0,
RWS01_MONICA_00D005026028D0050009,8,0,48.0,,97.0,
RWS01_MONIBAS_0091hrl0481ra,6,0,106.66666666666667,,121.0,
RWS01_MONIBAS_0121hrl1370ra,6,0,69.0,,79.0,
RWS01_MONIBAS_0731hrl0144ra,4,0,93.5,,102.0,
RWS01_MONIBAS_0041hrl0096ra,8,0,102.25,,119.0,
RWS01_MONIBAS_0041hrl0096rb,4,0,101.5,,104.0,
RWS01_MONIBAS_0281hrr0066ra,6,0,103.0,,111.0,
RWS01_MONIBAS_0011hrl0147ra,12,0,101.5,,114.0,
RWS01_MONIBAS_0381hrr0210ra,6,0,86.66666666666667,,95.0,
RWS01_MONIBAS_0731hrl0277ra,4,0,97.0,,101.0,
RWS01_MONICA_00D00106A05AD0050005,8,0,73.885,,101.0,
RWS01_MONIBAS_0290vwv0101ra,2,0,87.0,,87.0,
RWS01_MONICA_00D00106A05AD0050009,8,0,92.1575,,99.0,
RWS01_MONICA_00D005021841D0070007,8,0,57.0,,115.0,
RWS01_MONIBAS_0071hrr2516ra,16,0,54.875,,91.0,
RWS01_MONIBAS_0051hrl0178ra,4,0,98.5,,107.0,
RWS01_MONICA_00D001064055D0070007,8,0,92.455,,128.0,
RWS01_MONIBAS_0100vwb0199ra,2,0,25.0,,25.0,
RWS01_MONICA_00D0021B782DD0050009,8,0,69.3575,,73.0,
RWS01_MONICA_00D005026028D0050005,8,0,56.5,,114.0,
RWS01_MONIBAS_0051hrr0062ra,4,0,93.5,,96.0,
RWS01_MONICA_00D005021841D007000B,8,0,72.945,,105.0,
RWS01_MONIBAS_0120vwy0608ra,4,0,40.0,,42.0,
RWS01_MONIBAS_0041hrr0243ra,6,0,76.0,,85.0,
RWS01_MONIBAS_0150vwy0557ra,6,0,66.0,,83.0,
RWS01_MONICA_00D0021B782DD0050005,8,0,55.4225,,78.0,
RWS01_MONIBAS_0351hrl0518ra_1,16,0,82.655,,105.0,
RWS01_MONIBAS_0120vwy0585ra,8,0,58.5,,74.0,
RWS01_MONICA_00D009009C0AD0070007,8,0,54.5,,110.0,
RWS01_MONICA_00D01009E45FD005000D,8,0,67.985,,97.0,
RWS01_MONIBAS_0160vwy0243ra,4,0,93.5,,101.0,
RWS01_MONICA_00D0010DC82338200005,8,0,88.825,,96.0,
RWS01_MONICA_00D03219541900200007,8,0,46.0,,93.0,
RWS01_MONICA_00D01009E45FD0050009,8,0,53.0,,107.0,
RWS01_MONICA_00D0010DC82338200009,8,0,51.5,,104.0,
RWS01_MONIBAS_0161hrr0205ra_1,24,0,45.166666666666664,,104.0,
RWS01_MONIBAS_0101hrr0087ra,6,0,108.66666666666667,,125.0,
RWS01_MONIBAS_3251hrl0141ra,4,0,91.0,,92.0,
RWS01_MONIBAS_3251hrl0141rb,4,0,111.0,,117.0,
RWS01_MONIBAS_0291hrr0136ra,6,0,102.0,,110.0,
RWS01_MONICA_00D0010E343CD005000D,8,0,97.39,,107.0,
RWS01_MONICA_00D009045C0FD005000D,8,0,83.5475,,85.0,
RWS01_MONIBAS_0671hrr0178ra,6,0,92.66666666666667,,101.0,
RWS01_MONICA_00D0010E343CD0050009,8,0,-1.0,,-1.0,
RWS01_MONIBAS_0121hrr1433ra_1,16,0,56.0,,120.0,
RWS01_MONICA_00D049073000B8200007,8,0,55.5,,112.0,
RWS01_MONICA_00D009045C0FD0050005,8,0,52.5,,106.0,
RWS01_MONIBAS_0151hrr0551ra_1,24,0,74.7325,,97.0,
RWS01_MONICA_00D049073000B820000B,8,0,84.095,,89.0,
RWS01_MONIBAS_0100vws0319ra,6,0,12.0,,19.0,
RWS01_MONICA_00D009045C0FD0050009,8,0,70.4275,,97.0,
RWS01_MONIBAS_0100vwa0146ra,2,0,53.0,,53.0,
RWS01_MONIBAS_0041hrr0626ra,4,0,102.5,,107.0,
RWS01_MONICA_00D00104780000200007,8,0,63.067499999999995,,85.0,
RWS01_MONICA_00D009009C0AD007000B,8,0,81.0475,,111.0,
RWS01_MONIBAS_0041hrr0626rb,2,0,103.0,,103.0,
RWS01_MONIBAS_0281hrr0209ra,8,0,93.5,,104.0,
RWS01_MONIBAS_0011hrr0547ra,4,0,49.5,,52.0,
RWS01_MONIBAS_0131hrr0178ra,6,0,72.66666666666667,,82.0,
RWS01_MONICA_00D009009C0AD007000F,8,0,71.3125,,97.0,
RWS01_MONIBAS_0121hrl1263ra,6,0,81.33333333333333,,83.0,
RWS01_MONICA_00D00A022850D0070013,8,0,77.7825,,80.0,
RWS01_MONIBAS_0271hrr0915ra,6,0,11.666666666666666,,14.0,
RWS01_MONIBAS_0020vwh0626ra,6,0,71.66666666666667,,81.0,
RWS01_MONICA_00D0320EF00AD007030B,8,0,48.5,,98.0,
RWS01_MONIBAS_0221hrl0093ra,4,0,108.5,,112.0,
RWS01_MONIBAS_0021hrr1088ra,6,0,97.33333333333333,,109.0,
RWS01_MONICA_00D0010E343CD0050005,8,0,64.0,,129.0,
RWS01_MONIBAS_0071hrr0334ra,6,0,100.66666666666667,,109.0,
RWS01_MONIBAS_0011hrr0307ra,4,0,103.5,,109.0,
RWS01_MONIBAS_0091hrl0517ra,6,0,67.66666666666667,,109.0,
RWS01_MONIBAS_0121hrr0083ra,6,0,96.33333333333333,,105.0,
RWS01_MONICA_00D00209D840D0070187,8,0,-1.0,,-1.0,
RWS01_MONICA_00D0320EF00AD0070307,8,0,72.4125,,98.0,
RWS01_MONICA_00D00905D40008200007,8,0,61.6625,,69.0,
RWS01_MONIBAS_0091hrr0299ra_1,24,0,17.5,,110.0,
RWS01_MONICA_00D00103FC08D0050185,8,0,-1.0,,-1.0,
RWS01_MONIBAS_0150vwy0544ra,4,0,54.0,,68.0,
RWS01_MONIBAS_0041hrr0230ra,6,0,80.33333333333333,,83.0,
RWS01_MONICA_00D001038832D0070187,8,0,84.56,,86.0,
RWS01_MONICA_00D014027C50D0070007,8,0,57.0,,115.0,
RWS01_MONICA_00D00A022850D0070007,8,0,77.47749999999999,,108.0,
RWS01_MONIBAS_0101hrr0194ra,10,0,28.4,,54.0,
RWS01_MONIBAS_0121hrr1376ra_1,16,0,63.2275,,110.0,
RWS01_MONICA_00D00A022850D007000B,8,0,69.08,,93.0,
RWS01_MONIBAS_0160vwy0230ra,6,0,68.0,,79.0,
RWS01_MONICA_00D014027C50D007000B,8,0,70.3,,96.0,
RWS01_MONICA_00D002117C2DD007000B,8,0,97.5675,,103.0,
RWS01_MONIBAS_0150vwj1555ra,4,0,41.0,,83.0,
RWS01_MONICA_00D00A022850D007000F,8,0,64.25,,86.0,
RWS01_MONIBAS_0761hrr0146ra,4,0,92.0,,99.0,
RWS01_MONIBAS_0100vws0163ra,4,0,97.5,,99.0,
RWS01_MONIBAS_0671hrr0298ra,4,0,94.0,,103.0,
RWS01_MONIBAS_0021hrl1618ra,4,0,93.5,,99.0,
RWS01_MONIBAS_0281hrr0053ra,6,0,99.0,,109.0,
RWS01_MONIBAS_0021hrl0589ra,8,0,77.0,,112.0,
RWS01_MONIBAS_0201hrl0179ra_1,16,0,66.32625,,115.0,
RWS01_MONICA_00D01C11E04BD0050005,8,0,86.425,,120.0,
RWS01_MONIBAS_3251hrl0154ra,2,0,90.0,,90.0,
RWS01_MONICA_00D0010D3C14D0050005,8,0,62.0,,125.0,
RWS01_MONICA_00D01C11E04BD0050009,8,0,99.2925,,107.0,
RWS01_MONICA_00D00209DC4130200007,8,0,67.525,,91.0,
RWS01_MONIBAS_0670vwd0651ra,8,0,55.792500000000004,,79.0,
RWS01_MONICA_00D0320F183CD0050105,8,0,65.35249999999999,,91.0,
RWS01_MONICA_00D00209DC413020000B,8,0,58.715,,79.0,
RWS01_MONIBAS_0041hrl0478ra,8,0,42.0,,72.0,
RWS01_MONIBAS_0040vwm0078ra,4,0,88.5,,92.0,
RWS01_MONIBAS_0201hrr0199ra,8,0,109.0,,128.0,
RWS01_MONICA_00D001064055D007000B,8,0,74.515,,101.0,
RWS01_MONICA_00D001064055D007000F,8,0,-1.0,,-1.0,
RWS01_MONIBAS_0131hrr0165ra,4,0,77.5,,81.0,
RWS01_MONIBAS_0670vwa0416ra,8,0,65.355,,67.0,
RWS01_MONICA_00D0071EB846D005000D,8,0,58.394999999999996,,79.0,
RWS01_MONIBAS_0011hrl0121ra,10,0,102.0,,121.0,
RWS01_MONIBAS_0070vwc2297ra,8,0,39.582499999999996,,58.0,
RWS01_MONIBAS_0671hrr0308ra,4,0,90.5,,98.0,
RWS01_MONIBAS_0151hrl0740ra,6,0,96.0,,106.0,
RWS01_MONIBAS_0021hrl0469ra,10,0,98.8,,104.0,
RWS01_MONIBAS_0120vwy0598ra,4,0,43.5,,46.0,
RWS01_MONICA_00D0071EB846D0050009,8,0,80.1525,,82.0,
RWS01_MONIBAS_0121hrr0359ra,8,0,100.75,,120.0,
RWS01_MONICA_10D0040B4C15D007000B,2,0,54.0,,54.0,
RWS01_MONIBAS_0091hrl0504ra,4,0,104.0,,108.0,
RWS01_MONICA_00D0071EB846D0050005,8,0,66.5,,89.0,
RWS01_MONICA_00D00609140538200009,8,0,-1.0,,-1.0,
RWS01_MONIBAS_0101hrr0074ra,6,0,95.66666666666667,,104.0,
RWS01_MONIBAS_0171hrr0242ra,16,0,41.7975,,121.0,
RWS01_MONIBAS_0021hrl0336ra,10,0,98.8,,107.0,
RWS01_MONICA_10D0040B4C15D0070007,2,0,58.0,,58.0,
RWS01_MONIBAS_0061hrr0430ra,8,0,108.0,,116.0,
RWS01_MONIBAS_0271hrr0665ra,6,0,92.66666666666667,,101.0,
RWS01_MONIBAS_0090vwh0412ra_1,16,0,66.01,,89.0,
RWS01_MONIBAS_0101hrl0319ra,6,0,62.0,,99.0,
RWS01_MONICA_00D00F09582228200005,8,0,45.5,,92.0,
RWS01_MONIBAS_0041hrl0465ra,8,0,39.0,,41.0,
RWS01_MONIBAS_0161hrr0124ra,4,0,67.5,,73.0,
RWS01_MONIBAS_0281hrl0276ra,4,0,99.0,,105.0,
RWS01_MONIBAS_0200vwe0186ra,2,0,90.0,,90.0,
RWS01_MONIBAS_0071hrl0294ra,4,0,98.0,,104.0,
RWS01_MONIBAS_0241hrl0040ra,6,0,104.66666666666667,,112.0,
RWS01_MONIBAS_0021hrr2285ra,6,0,88.0,,94.0,
RWS01_MONIBAS_0500vwa2161ra,8,0,-1.0,,-1.0,
RWS01_MONIBAS_0060vwn0483ra,6,0,103.66666666666667,,109.0,
RWS01_MONIBAS_0021hrl1582ra,4,0,94.5,,104.0,
RWS01_MONIBAS_0010vwe0881ra,2,0,70.0,,70.0,
RWS01_MONIBAS_0271hrr0798ra,6,0,103.33333333333333,,115.0,
RWS01_MONICA_00D01002904628200005,8,0,-1.0,,-1.0,
RWS01_MONIBAS_0021hrr2428ra,4,0,98.0,,104.0,
RWS01_MONIBAS_0280vwd1523ra,8,0,-1.0,,-1.0,
RWS01_MONIBAS_0121hrr1423ra,4,0,106.0,,117.0,
RWS01_MONICA_00D01002904628200009,8,0,-1.0,,-1.0,
RWS01_MONIBAS_0061hrl0426ra,10,0,105.8,,115.0,
RWS01_MONIBAS_0580vwc1005ra,8,0,24.5,,50.0,
RWS01_MONICA_00D0010DC82338200085,8,0,46.0,,93.0,
RWS01_MONIBAS_0071hrr2399ra,16,0,70.875,,131.0,
RWS01_MONIBAS_0071hrl0161ra,4,0,98.0,,104.0,
RWS01_MONICA_00D00502741ED007000B,8,0,87.7925,,93.0,
RWS01_MONIBAS_0021hrr2548rb,2,0,72.0,,72.0,
RWS01_MONICA_10D02C007800D0070007,2,0,105.0,,105.0,
RWS01_MONIBAS_4341hrl0040ra,4,0,86.5,,92.0,
RWS01_MONIBAS_0120vwa0609ra,6,0,71.33333333333333,,76.0,
RWS01_MONIBAS_0021hrr2548ra,4,0,90.5,,96.0,
RWS01_MONIBAS_0101hrl0296ra,4,0,30.0,,61.0,
RWS01_MONIBAS_0271hrl0025ra,4,0,103.5,,113.0,
RWS01_MONIBAS_0441hrr0019ra,6,0,65.33333333333333,,104.0,
RWS01_MONICA_00D00502741ED0070007,8,0,50.5,,102.0,
RWS01_MONIBAS_0121hrl1143ra,6,0,100.0,,110.0,
RWS01_MONICA_00D001038828D0050185,8,0,67.5725,,94.0,
RWS01_MONIBAS_0071hrr2039ra,6,0,57.333333333333336,,92.0,
RWS01_MONIBAS_0041hrl0728ra,4,0,82.0,,88.0,
RWS01_MONIBAS_0281hrr0293ra,4,0,62.5,,66.0,
RWS01_MONIBAS_0281hrr0160ra,6,0,44.0,,46.0,
RWS01_MONICA_00D0430B903208200007,8,0,41.5,,84.0,
RWS01_MONICA_10D02C007800D007000B,2,0,92.0,,92.0,
RWS01_MONIBAS_0121hrl1396ra,4,0,61.5,,63.0,
RWS01_MONIBAS_0021hrl0576ra,8,0,75.0,,112.0,
RWS01_MONIBAS_0141hrl0146ra,4,0,68.0,,73.0,
RWS01_MONIBAS_0020vwh0639ra,4,0,86.0,,90.0,
RWS01_MONICA_00D001189C5FD0070087,8,0,-1.0,,-1.0,
RWS01_MONIBAS_0151hrl1581ra,4,0,82.5,,86.0,
RWS01_MONIBAS_0051hrl0152ra,4,0,105.0,,113.0,
RWS01_MONIBAS_0041hrl0452ra,6,0,78.33333333333333,,83.0,
RWS01_MONIBAS_0271hrr0282ra,4,0,90.5,,98.0,
RWS01_MONICA_00D01402FC0FD0050005,8,0,52.0,,105.0,
RWS01_MONIBAS_0040vwn0069ra,4,0,-1.0,,-1.0,
RWS01_MONIBAS_0731hrr0901ra,16,0,89.7675,,110.0,
RWS01_MONICA_00D01402FC0FD0050009,8,0,42.5,,86.0,
RWS01_MONIBAS_0061hrr0563ra,4,0,108.5,,116.0,
RWS01_MONIBAS_0201hrl0405ra,6,0,102.0,,115.0,
RWS01_MONIBAS_0060vwm0515ra,4,0,53.5,,108.0,
RWS01_MONIBAS_0040vwp0772ra_1,16,0,60.505,,107.0,
RWS01_MONIBAS_0501hrr2365ra,4,0,103.0,,110.0,
RWS01_MONIBAS_0100vwp0287ra,6,0,4.333333333333333,,8.0,
RWS01_MONICA_00D03B0E5000D0070007,8,0,22.2825,,35.0,
RWS01_MONIBAS_0021hrl1712ra,4,0,94.5,,103.0,
RWS01_MONIBAS_0280vwd1789ra,8,0,41.5,,84.0,
RWS01_MONICA_00D0010E343CD0050089,8,0,68.7225,,94.0,
RWS01_MONIBAS_0041hrr0136ra,10,0,23.8,,38.0,
RWS01_MONIBAS_0011hrr1242ra,6,0,101.66666666666667,,109.0,
RWS01_MONIBAS_0151hrr0424ra,4,0,93.0,,98.0,
RWS01_MONICA_00D00900F05078200007,8,0,-1.0,,-1.0,
RWS01_MONIBAS_0351hrl0711ra,8,0,-1.0,,-1.0,
RWS01_MONICA_00D0010E343CD0050085,8,0,51.0,,103.0,
RWS01_MONICA_00D01C03445FD0070087,8,0,68.3325,,93.0,
RWS01_MONIBAS_0161hrl0586ra,6,0,104.33333333333333,,117.0,
RWS01_MONICA_00D01403AC53D0070007,8,0,88.36,,122.0,
RWS01_MONIBAS_0441hrr0006ra,4,0,-1.0,,-1.0,
RWS01_MONIBAS_0161hrr0137ra,4,0,80.5,,85.0,
RWS01_MONIBAS_4341hrl0053ra,4,0,92.5,,98.0,
RWS01_MONIBAS_0120vwy0572ra,2,0,-1.0,,-1.0,
RWS01_MONICA_00D01403AC53D007000B,8,0,92.3025,,96.0,
RWS01_MONIBAS_0581hrl0572ra,4,0,34.5,,70.0,
RWS01_MONIBAS_0021hrl2290ra,6,0,91.33333333333333,,103.0,
RWS01_MONIBAS_0020vwn1614ra,4,0,80.5,,85.0,
RWS01_MONIBAS_0201hrl0395ra,6,0,99.33333333333333,,109.0,
RWS01_MONIBAS_0021hrl2553rb,2,0,48.0,,48.0,
RWS01_MONIBAS_0150vwh1537ra,6,0,50.333333333333336,,81.0,
RWS01_MONIBAS_0021hrl2553ra,2,0,9.0,,9.0,
RWS01_MONIBAS_0501hrr1631ra,6,0,90.0,,95.0,
RWS01_MONIBAS_0281hrl1989ra,4,0,81.0,,84.0,
RWS01_MONIBAS_0151hrr1012ra,4,0,94.0,,99.0,
RWS01_MONIBAS_0281hrr1011ra,6,0,88.0,,103.0,
RWS01_MONIBAS_0021hrl0706ra,8,0,106.5,,123.0,
RWS01_MONIBAS_0050vwq0014ra,2,0,89.0,,89.0,
RWS01_MONIBAS_0200vwa0303ra,2,0,72.0,,72.0,
RWS01_MONIBAS_0021hrl2566ra,4,0,67.5,,70.0,
RWS01_MONIBAS_0151hrr0544ra,6,0,94.0,,106.0,
RWS01_MONIBAS_0151hrr0797ra,6,0,28.333333333333332,,39.0,
RWS01_MONIBAS_0121hrl1023ra,8,0,103.25,,111.0,
RWS01_MONIBAS_0271hrr0678ra,6,0,97.66666666666667,,117.0,
RWS01_MONIBAS_0120vwx0604ra,6,0,73.0,,79.0,
RWS01_MONIBAS_0011hrr1122ra,6,0,93.33333333333333,,102.0,
RWS01_MONIBAS_0581hrl0715ra,4,0,107.5,,117.0,
RWS01_MONIBAS_0021hrr2535ra,4,0,107.0,,112.0,
RWS01_MONIBAS_0021hrr2535rb,4,0,81.5,,83.0,
RWS01_MONIBAS_0580vwa0853ra,8,0,-1.0,,-1.0,
RWS01_MONIBAS_0281hrl0049ra,6,0,101.33333333333333,,114.0,
RWS01_MONIBAS_0081hrr0021ra,4,0,88.5,,89.0,
RWS01_MONICA_00D03B0E5000D007000B,8,0,8.55,,13.0,
RWS01_MONIBAS_0221hrr0120ra,4,0,102.5,,110.0,
RWS01_MONIBAS_0281hrr1144ra,6,0,89.66666666666667,,110.0,
RWS01_MONIBAS_0281hrr1144rb,16,0,86.505,,113.0,
RWS01_MONIBAS_0091hrr0285ra,6,0,97.33333333333333,,105.0,
RWS01_MONIBAS_0141hrr0144ra,4,0,66.5,,69.0,
RWS01_MONICA_00D0020A040068200005,8,0,-1.0,,-1.0,
RWS01_MONIBAS_0051hrr0024ra,4,0,-1.0,,-1.0,
RWS01_MONIBAS_0070vwa2179ra,8,0,46.0,,93.0,
RWS01_MONIBAS_0161hrl0369ra,6,0,59.666666666666664,,95.0,
RWS01_MONIBAS_0670vwc0499ra,8,0,47.0,,95.0,
RWS01_MONIBAS_0271hrr0480ra,4,0,93.5,,101.0,
RWS01_MONICA_00D00211F80A6020000B,8,0,84.595,,93.0,
RWS01_MONIBAS_0040vwm0739ra,6,0,89.33333333333333,,92.0,
RWS01_MONIBAS_0011hrl1311ra,6,0,113.66666666666667,,127.0,
RWS01_MONIBAS_0500vww1823ra,2,0,16.0,,16.0,
RWS01_MONIBAS_0281hrl0197ra,6,0,96.33333333333333,,108.0,
RWS01_MONICA_00D00608C82E68200005,8,0,-1.0,,-1.0,
RWS01_MONIBAS_0280vwm0930ra,2,0,87.0,,87.0,
RWS01_MONICA_00D00608C82E68200009,8,0,-1.0,,-1.0,
RWS01_MONICA_00D00211F80A60200007,8,0,47.5,,96.0,
RWS01_MONICA_00D00100E42300200007,8,0,48.25,,68.0,
RWS01_MONIBAS_0671hrr0301ra,4,0,93.5,,101.0,
RWS01_MONIBAS_0040vwm0343ra,6,0,30.333333333333332,,93.0,
RWS01_MONIBAS_0280vwc1438ra,8,0,-1.0,,-1.0,
RWS01_MONIBAS_0271hrl0081ra,4,0,102.5,,106.0,
RWS01_MONIBAS_0101hrl0281ra,10,0,74.4,,101.0,
RWS01_MONIBAS_0151hrl1919ra,4,0,103.5,,107.0,
RWS01_MONIBAS_0201hrr0423ra,6,0,-1.0,,-1.0,
RWS01_MONIBAS_0731hrl0171ra,4,0,-1.0,,-1.0,
RWS01_MONIBAS_0060vwq0435ra,4,0,-1.0,,-1.0,
RWS01_MONIBAS_0281hrr0356ra,4,0,91.5,,95.0,
RWS01_MONIBAS_0791hrl0006ra,4,0,97.0,,99.0,
RWS01_MONIBAS_0051hrr0157ra,4,0,97.0,,102.0,
RWS01_MONIBAS_0150vwm0584ra,6,0,102.33333333333333,,110.0,
RWS01_MONIBAS_0271hrl0211ra,4,0,86.5,,91.0,
RWS01_MONICA_00D032253414D0050009,8,0,-1.0,,-1.0,
RWS01_MONIBAS_0021hrr0689ra,10,0,43.0,,60.0,
RWS01_MONIBAS_0161hrr0252ra,6,0,101.66666666666667,,115.0,
RWS01_MONIBAS_0021hrl1204ra_1,24,0,67.54166666666667,,112.0,
RWS01_MONIBAS_0021hrr2210ra,4,0,93.0,,98.0,
RWS01_MONIBAS_0731hrl0051ra,2,0,44.0,,44.0,
RWS01_MONICA_00D010016028D0050005,8,0,-1.0,,-1.0,
RWS01_MONIBAS_0201hrr0436ra,4,0,55.5,,60.0,
RWS01_MONIBAS_0060vwq0422ra,4,0,-1.0,,-1.0,
RWS01_MONICA_00D032253414D0050005,8,0,-1.0,,-1.0,
RWS01_MONICA_00D010016028D0050009,8,0,-1.0,,-1.0,
RWS01_MONIBAS_0151hrl1906ra,8,0,26.75,,110.0,
RWS01_MONIBAS_0500vwa2298ra,8,0,-1.0,,-1.0,
RWS01_MONIBAS_0021hrr2570ra,4,0,90.5,,96.0,
RWS01_MONIBAS_0011hrr1131ra_1,24,0,73.49,,113.0,
RWS01_MONIBAS_0141hrl0128ra,4,0,68.5,,71.0,
RWS01_MONIBAS_0271hrl0331ra,4,0,91.0,,93.0,
RWS01_MONIBAS_0150vwx0534ra,4,0,94.5,,96.0,
RWS01_MONIBAS_0060vwm0451ra,6,0,103.0,,111.0,
RWS01_MONIBAS_0271hrl0464ra,4,0,87.5,,91.0,
RWS01_MONIBAS_0081hrr0008ra,6,0,66.33333333333333,,107.0,
RWS01_MONICA_00D01403681ED005000D,8,0,-1.0,,-1.0,
RWS01_MONIBAS_0151hrr0547ra_1,24,0,77.98166666666667,,103.0,
RWS01_MONICA_00D0020A040068200009,8,0,-1.0,,-1.0,
RWS01_MONIBAS_0011hrl1204ra,6,0,108.0,,127.0,
RWS01_MONICA_00D0321A3014D0050009,8,0,25.0,,51.0,
RWS01_MONIBAS_0121hrr0396ra,8,0,101.0,,113.0,
RWS01_MONIBAS_0040vwc0129ra,4,0,29.0,,59.0,
RWS01_MONIBAS_0010vwq0093ra,2,0,-1.0,,-1.0,
RWS01_MONIBAS_0021hrr0329ra,8,0,101.0,,109.0,
RWS01_MONICA_00D0321A3014D0050005,8,0,26.0,,53.0,
RWS01_MONIBAS_0161hrr0398ra,6,0,21.666666666666668,,67.0,
RWS01_MONICA_00D0010DE42DD0070007,8,0,59.0,,119.0,
RWS01_MONICA_00D00C0C9832D0070087,8,0,47.86,,76.0,
RWS01_MONICA_00D0010DE42DD007000B,8,0,77.2225,,107.0,
RWS01_MONICA_00D0010DE42DD007000F,8,0,96.0775,,106.0,
RWS01_MONICA_00D0321A3014D005000D,8,0,42.095,,46.0,
RWS01_MONICA_00D1B200B85AD007000B,8,0,47.4,,65.0,
RWS01_MONIBAS_0121hrr0023ra,4,0,70.5,,76.0,
RWS01_MONIBAS_0070vwa1697ra,8,0,47.3225,,64.0,
RWS01_MONIBAS_0730vwa1117ra,8,0,-1.0,,-1.0,
RWS01_MONICA_00D1B200B85AD0070007,8,0,50.557500000000005,,71.0,
RWS01_MONIBAS_0271hrl0847ra,6,0,106.0,,120.0,
RWS01_MONIBAS_0151hrr0653ra_1,32,0,51.779375,,123.0,
RWS01_MONICA_00D01C1F283200200007,8,0,36.0,,73.0,
RWS01_MONIBAS_0151hrr0367ra,6,0,110.0,,120.0,
RWS01_MONIBAS_0281hrr0343ra,4,0,101.5,,108.0,
RWS01_MONIBAS_0021hrr1038ra,6,0,98.0,,107.0,
RWS01_MONIBAS_0020vwm0605ra,6,0,61.0,,95.0,
RWS01_MONIBAS_0020vwm0595ra,6,0,40.333333333333336,,66.0,
RWS01_MONIBAS_0020vwm1660ra,4,0,92.0,,97.0,
RWS01_MONIBAS_0021hrl1667ra,6,0,49.333333333333336,,53.0,
RWS01_MONIBAS_0011hrl1217ra,6,0,111.33333333333333,,127.0,
RWS01_MONICA_00D0040A102300200007,8,0,32.5,,66.0,
RWS01_MONIBAS_0351hrr0760ra,8,0,-1.0,,-1.0,
RWS01_MONICA_00D03B0FFC5AD007000B,8,0,20.9775,,22.0,
RWS01_MONIBAS_4341hrr0043ra,4,0,73.5,,79.0,
RWS01_MONICA_00D04C008053D0050009,8,0,65.3325,,90.0,
RWS01_MONIBAS_0011hrr1580ra,8,0,39.0,,79.0,
RWS01_MONIBAS_0010vwq0080ra,2,0,-1.0,,-1.0,
RWS01_MONICA_00D04C008053D0050005,8,0,51.5,,104.0,
RWS01_MONIBAS_0271hrr0503ra,4,0,93.0,,98.0,
RWS01_MONIBAS_0120vwa0542ra,2,0,103.0,,103.0,
RWS01_MONIBAS_0021hrl0397ra,10,0,99.4,,106.0,
RWS01_MONICA_00D03B0FFC5AD0070007,8,0,19.23,,23.0,
RWS01_MONIBAS_0040vwm0129ra,4,0,14.0,,16.0,
RWS01_MONIBAS_0101hrl0067ra,6,0,20.666666666666668,,25.0,
RWS01_MONIBAS_0021hrl0647ra,8,0,98.25,,107.0,
RWS01_MONIBAS_0070vwb2297ra,8,0,53.15,,73.0,
RWS01_MONICA_00D00F0B5450D005000D,8,0,47.5,,96.0,
RWS01_MONICA_00D0321CDC0AD0050005,8,0,9.5,,20.0,
RWS01_MONICA_00D01D01CC13D0050011,8,0,90.555,,96.0,
RWS01_MONIBAS_0281hrr0966ra,6,0,88.33333333333333,,100.0,
RWS01_MONIBAS_0281hrr0966rb,2,0,-1.0,,-1.0,
RWS01_MONIBAS_0120vwf1281ra,2,0,87.0,,87.0,
RWS01_MONICA_00D00F0B5450D0050011,8,0,52.0,,105.0,
RWS01_MONICA_10D0100AC800D007000B,2,0,91.0,,91.0,
RWS01_MONICA_00D0321CDC0AD0050009,8,0,18.125,,33.0,
RWS01_MONICA_00D01D01CC13D0050009,8,0,70.2875,,100.0,
RWS01_MONICA_00D00104A841D007000B,8,0,92.5475,,98.0,
RWS01_MONICA_00D00104A841D0070007,8,0,51.5,,104.0,
RWS01_MONIBAS_0271hrl0701ra,4,0,16.5,,17.0,
RWS01_MONIBAS_0090vwr0333ra,4,0,98.0,,105.0,
RWS01_MONIBAS_0501hrr1476ra,4,0,97.5,,103.0,
RWS01_MONICA_00D01B0D6C14D005000D,8,0,95.7025,,100.0,
RWS01_MONICA_00D01D01CC13D005000D,8,0,52.0,,105.0,
RWS01_MONICA_00D00F065832D0070007,8,0,54.5,,110.0,
RWS01_MONIBAS_0281hrl0314ra,4,0,97.0,,100.0,
RWS01_MONICA_00D01D01CC13D0050005,8,0,55.5,,112.0,
RWS01_MONIBAS_0020vwm0582ra,4,0,49.5,,51.0,
RWS01_MONICA_00D01B0D6C14D0050009,8,0,100.625,,177.0,
RWS01_MONIBAS_0221hrl0158ra,4,0,107.0,,112.0,
RWS01_MONICA_00D01B0D6C14D0050005,8,0,58.5,,118.0,
RWS01_MONIBAS_0120vwx0576ra,4,0,94.5,,102.0,
RWS01_MONIBAS_0271hrr0649ra,6,0,-1.0,,-1.0,
RWS01_MONIBAS_0271hrl0967ra,6,0,103.33333333333333,,114.0,
RWS01_MONIBAS_0281hrl1049ra,6,0,101.33333333333333,,109.0,
RWS01_MONICA_00D0430B800000200007,8,0,45.0,,91.0,
RWS01_MONICA_10D00403B42DD0050005,2,0,114.0,,114.0,
RWS01_MONIBAS_0061hrl0551ra,8,0,115.0,,132.0,
RWS01_MONICA_00D00C10A041D007000F,8,0,86.0325,,90.0,
RWS01_MONICA_10D00403B42DD0050009,2,0,102.0,,102.0,
RWS01_MONICA_00D00C10A041D007000B,8,0,68.9325,,95.0,
RWS01_MONIBAS_0241hrl0026ra,6,0,127.33333333333333,,152.0,
RWS01_MONICA_10D00403B42DD005000D,2,0,95.0,,95.0,
RWS01_MONIBAS_0270vwd0998ra,2,0,-1.0,,-1.0,
RWS01_MONIBAS_0281hrr0833ra,4,0,65.5,,68.0,
RWS01_MONIBAS_0281hrr0330ra,4,0,97.0,,101.0,
RWS01_MONICA_00D00903642890200009,8,0,-1.0,,-1.0,
RWS01_MONIBAS_0280vwc0466ra,8,0,-1.0,,-1.0,
RWS01_MONICA_00D00C10A041D0070007,8,0,51.5,,104.0,
RWS01_MONICA_00D00903642890200005,8,0,-1.0,,-1.0,
RWS01_MONICA_00D00F0B5450D0050005,8,0,58.0,,117.0,
RWS01_MONIBAS_0051hrl0092ra,4,0,100.0,,110.0,
RWS01_MONIBAS_0051hrl0092rb,4,0,101.0,,117.0,
RWS01_MONICA_00D00F08202290200005,8,0,55.5,,112.0,
RWS01_MONICA_00D00F0B5450D0050009,8,0,52.0,,105.0,
RWS01_MONIBAS_0270vwa0678ra,4,0,111.5,,112.0,
RWS01_MONIBAS_0201hrr0186ra,4,0,104.5,,110.0,
RWS01_MONIBAS_0020vwm1673ra,4,0,85.5,,93.0,
RWS01_MONIBAS_0271hrl0691ra,8,0,16.0,,19.0,
RWS01_MONICA_00D00F08202290200009,8,0,73.1525,,101.0,
RWS01_MONIBAS_0500vwv2044ra,2,0,60.0,,60.0,
RWS01_MONIBAS_0501hrr2327ra,16,0,-1.0,,-1.0,
RWS01_MONIBAS_0150vwq0507ra,4,0,88.5,,93.0,
RWS01_MONIBAS_0011hrr0168ra,8,0,74.25,,107.0,
RWS01_MONICA_00D01403681ED0050005,8,0,56.5,,114.0,
RWS01_MONIBAS_0071hrl1759ra,16,0,-1.0,,-1.0,
RWS01_MONIBAS_0041hrr0592ra,4,0,49.5,,100.0,
RWS01_MONIBAS_0060vwq0448ra,4,0,-1.0,,-1.0,
RWS01_MONICA_00D01403681ED0050009,8,0,50.0,,101.0,
RWS01_MONIBAS_0121hrl1218ra,6,0,100.66666666666667,,113.0,
RWS01_MONIBAS_0501hrr1606ra,6,0,91.0,,100.0,
RWS01_MONIBAS_0151hrr0737ra,6,0,89.66666666666667,,98.0,
RWS01_MONIBAS_0161hrr0492ra,6,0,92.66666666666667,,102.0,
RWS01_MONICA_00D00227D85FD0050005,8,0,8.7075,,9.0,
RWS01_MONIBAS_0201hrr0173ra,4,0,99.0,,116.0,
RWS01_MONIBAS_0270vwq0704ra,2,0,74.0,,74.0,
RWS01_MONIBAS_0581hrr0207ra,4,0,34.5,,46.0,
RWS01_MONIBAS_0151hrr0857ra,4,0,44.5,,46.0,
RWS01_MONICA_00D00C14E422D0050005,8,0,83.485,,112.0,
RWS01_MONIBAS_0041hrr0735ra,4,0,17.0,,21.0,
RWS01_MONIBAS_0021hrl1355ra,6,0,100.0,,110.0,
RWS01_MONICA_00D00C14E422D0050009,8,0,95.6175,,102.0,
RWS01_MONICA_00D010016028D005000D,8,0,-1.0,,-1.0,
RWS01_MONIBAS_0010vwd0107ra_1,8,0,43.0,,87.0,
RWS01_MONIBAS_0121hrl0617ra,6,0,-1.0,,-1.0,
RWS01_MONIBAS_4341hrl0027rb,4,0,85.5,,90.0,
RWS01_MONIBAS_0041hrr0602ra,4,0,102.0,,113.0,
RWS01_MONIBAS_4341hrl0027ra,2,0,92.0,,92.0,
RWS01_MONIBAS_0271hrr0399ra,6,0,98.66666666666667,,107.0,
RWS01_MONIBAS_0121hrl1205ra,8,0,101.25,,108.0,
RWS01_MONIBAS_0121hrl0737ra,6,0,107.0,,117.0,
RWS01_MONIBAS_0281hrr1435ra,16,0,-1.0,,-1.0,
RWS01_MONICA_00D01B0D3441D0070187,8,0,-1.0,,-1.0,
RWS01_MONIBAS_0151hrr0461ra,6,0,102.66666666666667,,115.0,
RWS01_MONICA_10D0040B68066020000B,2,0,83.0,,83.0,
RWS01_MONIBAS_0021hrl1092ra,6,0,73.0,,119.0,
RWS01_MONICA_10D0040B680660200007,2,0,99.0,,99.0,
RWS01_MONIBAS_3251hrl0162ra,4,0,86.0,,95.0,
RWS01_MONIBAS_0671hrl0418ra,16,0,81.6225,,104.0,
RWS01_MONIBAS_0201hrr0449ra,4,0,84.5,,90.0,
RWS01_MONIBAS_0271hrl0954ra,6,0,103.33333333333333,,118.0,
RWS01_MONIBAS_0071hrr0060ra,6,0,19.666666666666668,,26.0,
RWS01_MONIBAS_0021hrl0475ra_1,40,0,65.5015,,103.0,
RWS01_MONIBAS_0021hrl1235ra,6,0,36.0,,43.0,
RWS01_MONIBAS_0770vws0018ra,8,0,-1.0,,-1.0,
RWS01_MONIBAS_0071hrl1960ra,8,0,81.25,,94.0,
RWS01_MONIBAS_0011hrl0090ra,8,0,104.25,,118.0,
RWS01_MONICA_00D00609680560200007,8,0,87.3,,110.0,
RWS01_MONICA_00D01402181ED0070007,8,0,55.0,,111.0,
RWS01_MONIBAS_0041hrl0337ra,4,0,101.0,,106.0,
RWS01_MONICA_10D30F11245AD0070007,2,0,-1.0,,-1.0,
RWS01_MONIBAS_0291hrr0148ra,8,0,103.0,,113.0,
RWS01_MONIBAS_0350vwa0576ra,8,0,-1.0,,-1.0,
RWS01_MONIBAS_0071hrl0057ra,6,0,101.0,,106.0,
RWS01_MONIBAS_0090vwa0581ra,2,0,46.0,,46.0,
RWS01_MONICA_10D30F11245AD007000B,2,0,-1.0,,-1.0,
RWS01_MONIBAS_0121hrr1092ra,6,0,73.33333333333333,,81.0,
RWS01_MONIBAS_0061hrr0593ra,4,0,105.5,,110.0,
RWS01_MONIBAS_0041hrr0616rb,2,0,99.0,,99.0,
RWS01_MONIBAS_0041hrr0616ra,4,0,105.0,,113.0,
RWS01_MONIBAS_0151hrr0580ra,10,0,105.2,,124.0,
RWS01_MONICA_00D02000E405B0200005,8,0,54.792500000000004,,74.0,
RWS01_MONIBAS_3251hrl0188ra,4,0,95.0,,99.0,
RWS01_MONICA_00D01B02A42DD0050005,8,0,54.5,,110.0,
RWS01_MONICA_00D0010D7419D0070007,8,0,56.0,,113.0,
RWS01_MONIBAS_0021hrr1635ra,4,0,92.5,,99.0,
RWS01_MONIBAS_0041hrl0073ra,8,0,103.5,,112.0,
RWS01_MONIBAS_0281hrl1143ra,4,0,108.0,,115.0,
RWS01_MONIBAS_0151hrl0445ra,6,0,63.333333333333336,,104.0,
RWS01_MONICA_00D00702880000200007,8,0,-1.0,,-1.0,
RWS01_MONICA_00D0010D7419D007000B,8,0,53.5,,108.0,
RWS01_MONIBAS_0011hrl0486ra,4,0,90.0,,96.0,
RWS01_MONIBAS_0501hrr1582ra,6,0,90.66666666666667,,107.0,
RWS01_MONIBAS_0151hrr0976ra,4,0,-1.0,,-1.0,
RWS01_MONIBAS_3481hrr0150ra,2,0,58.0,,58.0,
RWS01_MONIBAS_0121hrr1488ra,16,0,4.16625,,12.0,
RWS01_MONIBAS_0021hrl0620ra,8,0,75.5,,112.0,
RWS01_MONIBAS_0281hrl0923ra,6,0,97.0,,106.0,
RWS01_MONIBAS_0061hrl0445ra,8,0,104.25,,111.0,
RWS01_MONICA_00D01B02A42DD0050009,8,0,70.75,,104.0,
RWS01_MONICA_00D01402181ED007000B,8,0,66.5675,,92.0,
RWS01_MONIBAS_0091hrl0669ra,6,0,104.33333333333333,,117.0,
RWS01_MONIBAS_0380vwp0205ra,4,0,81.0,,81.0,
RWS01_MONIBAS_0581hrl0226ra,4,0,60.5,,66.0,
RWS01_MONIBAS_0280vwx0274ra,4,0,77.5,,83.0,
RWS01_MONIBAS_0041hrl0086ra,8,0,101.25,,118.0,
RWS01_MONIBAS_0501hrl1554ra,4,0,68.0,,71.0,
RWS01_MONIBAS_0121hrr1355ra,4,0,-1.0,,-1.0,
RWS01_MONICA_00D01401EC32D007000B,8,0,101.75,,108.0,
RWS01_MONICA_00D00C10600AD0050005,8,0,-1.0,,-1.0,
RWS01_MONIBAS_0501hrr1858ra,6,0,84.0,,85.0,
RWS01_MONICA_10D004014C1E60200007,2,0,61.0,,61.0,
RWS01_MONIBAS_0271hrl0940ra,6,0,111.0,,124.0,
RWS01_MONICA_00D00C10600AD0050009,8,0,76.3375,,104.0,
RWS01_MONIBAS_0061hrr0616ra,6,0,13.333333333333334,,19.0,
RWS01_MONICA_10D00D01AC000020000B,2,0,94.0,,94.0,
RWS01_MONIBAS_0070vwb1468ra,8,0,41.0,,83.0,
RWS01_MONIBAS_0011hrl0509ra,4,0,92.5,,98.0,
RWS01_MONICA_00D0010D7419D007000F,8,0,-1.0,,-1.0,
RWS01_MONIBAS_0041hrl0457ra,6,0,58.333333333333336,,62.0,
RWS01_MONICA_00D002233046D0070007,8,0,67.74,,91.0,
RWS01_MONIBAS_0041hrl0457rb,2,0,30.0,,30.0,
RWS01_MONIBAS_0021hrl1128ra,4,0,69.0,,71.0,
RWS01_MONIBAS_0281hrl0936ra,6,0,88.66666666666667,,102.0,
RWS01_MONICA_10D004014C1E6020000B,2,0,57.0,,57.0,
RWS01_MONIBAS_0121hrr0632ra,4,0,-1.0,,-1.0,
RWS01_MONIBAS_0170vwd0210ra,8,0,47.75,,70.0,
RWS01_MONIBAS_0241hrr0056ra,4,0,97.5,,98.0,
RWS01_MONIBAS_0100vwp0299ra,4,0,8.5,,9.0,
RWS01_MONICA_10D01601C415D0050005,2,0,-1.0,,-1.0,
RWS01_MONIBAS_0290vws0096ra,4,0,91.5,,95.0,
RWS01_MONICA_10D01601C415D0050009,2,0,-1.0,,-1.0,
RWS01_MONIBAS_0021hrl2230ra,6,0,92.66666666666667,,101.0,
RWS01_MONICA_00D00C10600AD005000D,8,0,-1.0,,-1.0,
RWS01_MONIBAS_0040vwn0102ra,4,0,99.0,,104.0,
RWS01_MONIBAS_0160vwf0156ra,4,0,3.5,,8.0,
RWS01_MONIBAS_0241hrl0039ra,6,0,112.66666666666667,,124.0,
RWS01_MONIBAS_0020vwh0649ra,6,0,66.66666666666667,,102.0,
RWS01_MONIBAS_0591hrr1006ra,16,0,22.17125,,27.0,
RWS01_MONICA_00D005029C4ED007000B,8,0,64.0475,,70.0,
RWS01_MONIBAS_0040vwf2343ra,16,0,29.5625,,51.0,
RWS01_MONIBAS_0580vwq0120ra,4,0,83.5,,86.0,
RWS01_MONIBAS_0121hrr1128ra,6,0,84.66666666666667,,91.0,
RWS01_MONIBAS_0091hrr0551ra,6,0,64.66666666666667,,104.0,
RWS01_MONICA_00D01C05C400D0050009,8,0,67.235,,96.0,
RWS01_MONIBAS_0281hrr1052ra,6,0,90.66666666666667,,99.0,
RWS01_MONIBAS_0151hrl0458ra,8,0,75.25,,109.0,
RWS01_MONICA_00D00209E03368200009,8,0,81.5725,,89.0,
RWS01_MONIBAS_0151hrr0710ra,8,0,100.0,,112.0,
RWS01_MONICA_00D00209E03368200005,8,0,69.7175,,94.0,
RWS01_MONIBAS_0121hrr1342ra,4,0,-1.0,,-1.0,
RWS01_MONIBAS_0061hrr0843ra,16,0,88.11375,,113.0,
RWS01_MONICA_00D03A033C50D0050005,8,0,20.0,,41.0,
RWS01_MONICA_00D01001F055D0050005,8,0,-1.0,,-1.0,
RWS01_MONICA_00D03A033C50D0050009,8,0,30.695,,33.0,
RWS01_MONIBAS_0281hrl0300ra,4,0,101.5,,106.0,
RWS01_MONIBAS_0581hrl0466ra,4,0,105.5,,112.0,
RWS01_MONICA_00D01001F055D0050009,8,0,-1.0,,-1.0,
RWS01_MONIBAS_0010vwa1048ra,4,0,82.5,,90.0,
RWS01_MONIBAS_0501hrr1952ra,6,0,99.66666666666667,,106.0,
RWS01_MONICA_00D01402FC2838200009,8,0,53.5175,,80.0,
RWS01_MONICA_00D00909C45508200007,8,0,-1.0,,-1.0,
RWS01_MONIBAS_0011hrr1247ra,6,0,110.0,,123.0,
RWS01_MONIBAS_0121hrl0723rb,2,0,87.0,,87.0,
RWS01_MONICA_00D00108743200200007,8,0,-1.0,,-1.0,
RWS01_MONIBAS_0121hrl0723ra,6,0,102.0,,112.0,
RWS01_MONICA_00D010086419D005000D,8,0,88.615,,95.0,
RWS01_MONICA_00D01402FC2838200005,8,0,49.5,,100.0,
RWS01_MONIBAS_0121hrl0354ra,8,0,98.0,,107.0,
RWS01_MONIBAS_0121hrl0354rb,4,0,95.0,,102.0,
RWS01_MONIBAS_0020vwg1154ra,4,0,45.5,,48.0,
RWS01_MONICA_00D010086419D0050009,8,0,76.3025,,104.0,
RWS01_MONIBAS_0160vwa0485ra,2,0,84.0,,84.0,
RWS01_MONIBAS_0011hrr1114ra,6,0,96.0,,103.0,
RWS01_MONIBAS_0021hrl2389ra,6,0,91.66666666666667,,95.0,
RWS01_MONICA_00D01C05C400D0050005,8,0,-1.0,,-1.0,
RWS01_MONICA_00D010086419D0050005,8,0,89.1325,,121.0,
RWS01_MONIBAS_0220vwq0123ra,4,0,95.5,,105.0,
RWS01_MONIBAS_0151hrr0221ra,4,0,108.0,,116.0,
RWS01_MONIBAS_0161hrl0570ra,6,0,106.0,,120.0,
RWS01_MONIBAS_0091hrr0458ra,6,0,83.66666666666667,,88.0,
RWS01_MONICA_00D005029C4ED0070007,8,0,32.5,,66.0,
RWS01_MONIBAS_0280vwb0634ra,8,0,32.5,,66.0,
RWS01_MONIBAS_0071hrl1986ra,6,0,83.66666666666667,,96.0,
RWS01_MONIBAS_0011hrr0417ra,6,0,-1.0,,-1.0,
RWS01_MONIBAS_0071hrl1986rb,2,0,77.0,,77.0,
RWS01_MONIBAS_0281hrl1156ra,4,0,-1.0,,-1.0,
RWS01_MONIBAS_0321hrr0072ra,4,0,110.0,,112.0,
RWS01_MONIBAS_0021hrr1648ra,4,0,97.5,,104.0,
RWS01_MONICA_00D00F065832D007000B,8,0,90.465,,94.0,
RWS01_MONIBAS_0581hrl0333ra,4,0,115.5,,130.0,
RWS01_MONIBAS_0091hrl0273ra,6,0,96.0,,100.0,
RWS01_MONIBAS_0291hrr0122ra,6,0,96.33333333333333,,106.0,
RWS01_MONIBAS_0011hrl0473ra,4,0,41.5,,84.0,
RWS01_MONIBAS_0301hrl0188ra,16,0,43.6175,,95.0,
RWS01_MONIBAS_0121hrr0885ra,6,0,59.333333333333336,,69.0,
RWS01_MONIBAS_0091hrl0429ra,6,0,105.33333333333333,,116.0,
RWS01_MONICA_00D03A08C419D0070007,8,0,18.5,,38.0,
RWS01_MONIBAS_0121hrl1088ra,6,0,105.66666666666667,,115.0,
RWS01_MONIBAS_0120vwy0575ra,4,0,19.5,,20.0,
RWS01_MONICA_10D0100AC800D0070007,2,0,103.0,,103.0,
RWS01_MONIBAS_0271hrr0528ra_1,16,0,87.19,,116.0,
RWS01_MONIBAS_0041hrl0431ra,8,0,76.75,,80.0,
RWS01_MONIBAS_0061hrr0580ra,4,0,109.5,,117.0,
RWS01_MONICA_00D00103BC19D0050185,8,0,66.3625,,91.0,
RWS01_MONIBAS_0021hrl0873ra,8,0,115.75,,130.0,
RWS01_MONIBAS_0041hrl0564ra,4,0,48.0,,54.0,
RWS01_MONICA_00D0430AC00068200009,8,0,38.1425,,55.0,
RWS01_MONIBAS_0121hrl0234ra,6,0,106.0,,120.0,
RWS01_MONICA_00D03A08C419D007000B,8,0,34.894999999999996,,37.0,
RWS01_MONIBAS_0101hrr0097ra,6,0,100.66666666666667,,111.0,
RWS01_MONIBAS_0200vwb0224ra,4,0,72.5,,73.0,
RWS01_MONICA_00D00C0B2055D005000D,8,0,90.0525,,97.0,
RWS01_MONIBAS_0020vwn1624ra,4,0,70.5,,74.0,
RWS01_MONIBAS_0071hrl0271ra,4,0,109.0,,120.0,
RWS01_MONIBAS_0011hrr1101ra,6,0,94.33333333333333,,102.0,
RWS01_MONIBAS_0041hrl0551ra,6,0,60.0,,63.0,
RWS01_MONIBAS_0011hrr1221ra,6,0,100.66666666666667,,115.0,
RWS01_MONICA_00D0022A400010200005,8,0,-1.0,,-1.0,
RWS01_MONIBAS_0120vwa0123ra_1,16,0,70.0625,,95.0,
RWS01_MONIBAS_0161hrl0606ra,6,0,115.33333333333333,,132.0,
RWS01_MONIBAS_0061hrr0509ra,4,0,109.0,,117.0,
RWS01_MONIBAS_0160vwy0203ra,6,0,85.33333333333333,,97.0,
RWS01_MONIBAS_0121hrl0830ra,6,0,101.33333333333333,,112.0,
RWS01_MONIBAS_0121hrr0778ra,6,0,65.66666666666667,,101.0,
RWS01_MONIBAS_0501hrl1924ra,6,0,99.33333333333333,,111.0,
RWS01_MONICA_00D00107A450D0050009,8,0,84.3825,,90.0,
RWS01_MONIBAS_0581hrl0320ra,4,0,93.5,,100.0,
RWS01_MONICA_00D00107A450D0050005,8,0,97.5475,,98.0,
RWS01_MONICA_00D00C0B2055D0050009,8,0,77.14750000000001,,107.0,
RWS01_MONICA_00D04D01442808200007,8,0,38.0,,77.0,
RWS01_MONICA_00D00C0B2055D0050005,8,0,58.5,,118.0,
RWS01_MONIBAS_0320vws0488ra,8,0,73.4,,99.0,
RWS01_MONIBAS_0201hrl0383ra,6,0,98.33333333333333,,108.0,
RWS01_MONIBAS_0041hrr0139ra,12,0,28.333333333333332,,33.0,
RWS01_MONIBAS_0101hrl0175ra,8,0,81.25,,88.0,
RWS01_MONIBAS_0131hrr0162ra,4,0,80.0,,82.0,
RWS01_MONIBAS_0280vwa0529ra,8,0,53.845,,76.0,
RWS01_MONIBAS_0120vwa0661ra,2,0,94.0,,94.0,
RWS01_MONICA_00D00F09B80018200005,8,0,34.0,,69.0,
RWS01_MONIBAS_0041hrl2149ra,16,0,64.225,,112.0,
RWS01_MONIBAS_0121hrr0262ra,6,0,103.0,,112.0,
RWS01_MONIBAS_0131hrl0038ra,6,0,39.333333333333336,,55.0,
RWS01_MONIBAS_0121hrr0898ra,6,0,55.333333333333336,,61.0,
RWS01_MONIBAS_0201hrl0250ra,8,0,92.75,,106.0,
RWS01_MONIBAS_0011hrl0139ra,10,0,103.4,,118.0,
RWS01_MONICA_10D032182C00B0200185,2,0,-1.0,,-1.0,
RWS01_MONIBAS_0161hrl0619rb,2,0,85.0,,85.0,
RWS01_MONIBAS_0160vwy0216rb,2,0,61.0,,61.0,
RWS01_MONIBAS_0160vwy0216ra,4,0,69.5,,75.0,
RWS01_MONICA_00D01402DC3CD0070007,8,0,73.9725,,106.0,
RWS01_MONIBAS_0161hrl0619ra,6,0,101.33333333333333,,113.0,
RWS01_MONIBAS_0021hrr1012ra,6,0,104.0,,117.0,
RWS01_MONICA_00D01402DC3CD007000B,8,0,66.0,,95.0,
RWS01_MONIBAS_0091hrl0536ra,6,0,36.0,,110.0,
RWS01_MONIBAS_0121hrr0512ra,8,0,50.25,,72.0,
RWS01_MONIBAS_0150vwa0539ra,2,0,93.0,,93.0,
RWS01_MONICA_00D00F082022D0050009,8,0,91.095,,98.0,
RWS01_MONICA_00D00909F004D0070007,8,0,-1.0,,-1.0,
RWS01_MONIBAS_0121hrr1222ra,8,0,32.75,,52.0,
RWS01_MONICA_00D00F082022D0050005,8,0,53.5,,108.0,
RWS01_MONIBAS_0100vwb0147ra,2,0,17.0,,17.0,
RWS01_MONIBAS_0141hrl0127ra,4,0,71.5,,77.0,
RWS01_MONIBAS_0201hrl0263ra,2,0,78.0,,78.0,
RWS01_MONIBAS_0151hrl0613ra_1,32,0,68.705,,125.0,
RWS01_MONICA_00D00909F004D007000B,8,0,-1.0,,-1.0,
RWS01_MONIBAS_0201hrl0143ra,4,0,104.5,,115.0,
RWS01_MONIBAS_0060vwn0462ra,8,0,102.0,,109.0,
RWS01_MONICA_00D002233046D007000B,8,0,64.2025,,88.0,
RWS01_MONIBAS_0100vwq0307ra,4,0,-1.0,,-1.0,
RWS01_MONICA_00D04C00B44100200007,8,0,41.5,,84.0,
RWS01_MONIBAS_0500vwr1556ra,4,0,42.0,,85.0,
RWS01_MONIBAS_0671hrr0184ra,4,0,94.5,,98.0,
RWS01_MONIBAS_0020vwm0355ra,8,0,95.0,,107.0,
RWS01_MONICA_00D01401EC32D0070007,8,0,56.0,,113.0,
RWS01_MONIBAS_0241hrr0043ra,6,0,105.66666666666667,,112.0,
RWS01_MONIBAS_0041hrr0090ra,8,0,98.75,,109.0,
RWS01_MONIBAS_0161hrl0343ra,4,0,101.0,,123.0,
RWS01_MONIBAS_0760vwy0016ra,2,0,92.0,,92.0,
RWS01_MONIBAS_0040vwn0342ra,6,0,87.66666666666667,,100.0,
RWS01_MONIBAS_0121hrr1102ra,6,0,61.666666666666664,,65.0,
RWS01_MONICA_00D01C058405D0050009,8,0,91.025,,96.0,
RWS01_MONIBAS_0271hrr0875ra,6,0,107.0,,120.0,
RWS01_MONIBAS_0671hrr0171ra,4,0,94.5,,101.0,
RWS01_MONICA_00D001086005D0050305,8,0,-1.0,,-1.0,
RWS01_MONICA_00D01C058405D0050005,8,0,72.97749999999999,,100.0,
RWS01_MONIBAS_0040vwg2341ra,8,0,16.0375,,23.0,
RWS01_MONIBAS_0161hrl0436ra_1,24,0,75.81666666666666,,106.0,
RWS01_MONIBAS_0121hrl0314ra_1,32,0,62.81875,,106.0,
RWS01_MONIBAS_0091hrr0088ra,4,0,96.0,,97.0,
RWS01_MONICA_10D00716683250200005,2,0,-1.0,,-1.0,
RWS01_MONIBAS_0051hrr0037ra,4,0,-1.0,,-1.0,
RWS01_MONIBAS_0091hrl0656ra,6,0,109.33333333333333,,124.0,
RWS01_MONIBAS_0671hrr0327ra,4,0,94.5,,100.0,
RWS01_MONIBAS_0021hrr1132ra,4,0,101.0,,106.0,
RWS01_MONIBAS_0011hrl0379ra,8,0,105.5,,117.0,
RWS01_MONIBAS_0090vws0701ra,6,0,78.33333333333333,,80.0,
RWS01_MONIBAS_0041hrr0379ra,8,0,58.5,,60.0,
RWS01_MONICA_00D0060968056020000B,8,0,74.6775,,103.0,
RWS01_MONICA_00D010020C55D0050005,8,0,-1.0,,-1.0,
RWS01_MONICA_00D010020C55D0050009,8,0,-1.0,,-1.0,
RWS01_MONIBAS_0091hrl0523ra,6,0,33.0,,101.0,
RWS01_MONICA_00D01C11641400200007,8,0,47.417500000000004,,64.0,
RWS01_MONIBAS_0021hrl1428ra,4,0,89.5,,93.0,
RWS01_MONIBAS_0761hrl0154ra,4,0,87.5,,93.0,
RWS01_MONIBAS_4341hrr0055ra,4,0,36.5,,46.0,
RWS01_MONIBAS_0101hrl0293ra,4,0,75.5,,81.0,
RWS01_MONIBAS_0671hrl0287ra,4,0,96.5,,102.0,
RWS01_MONIBAS_0060vwf0473ra,4,0,87.0,,87.0,
RWS01_MONIBAS_0281hrl1991ra,6,0,85.33333333333333,,93.0,
RWS01_MONIBAS_0121hrr0157ra,6,0,104.66666666666667,,116.0,
RWS01_MONIBAS_0271hrl0356ra,6,0,51.333333333333336,,78.0,
RWS01_MONIBAS_0100vwc0131ra,2,0,75.0,,75.0,
RWS01_MONIBAS_0161hrl0357ra,6,0,93.33333333333333,,104.0,
RWS01_MONIBAS_0281hrr0081ra,6,0,97.0,,108.0,
RWS01_MONIBAS_0201hrr0281ra,6,0,74.0,,78.0,
RWS01_MONIBAS_0161hrr0131ra,4,0,79.0,,86.0,
RWS01_MONICA_00D0071E3400D0070007,8,0,-1.0,,-1.0,
RWS01_MONIBAS_0501hrl2381ra,4,0,-1.0,,-1.0,
RWS01_MONIBAS_0761hrl0021ra,4,0,103.5,,109.0,
RWS01_MONIBAS_0101hrl0160ra,6,0,93.66666666666667,,103.0,
RWS01_MONIBAS_0581hrr0326ra,4,0,96.5,,102.0,
RWS01_MONIBAS_0020vwc2287ra,8,0,43.5,,88.0,
RWS01_MONICA_00D04C004C0FD0070007,8,0,48.5,,98.0,
RWS01_MONIBAS_0271hrl0093ra,4,0,103.0,,109.0,
RWS01_MONIBAS_0161hrr0144ra,4,0,86.0,,89.0,
RWS01_MONIBAS_0160vwx0242ra,4,0,94.0,,100.0,
RWS01_MONICA_00D04C004C0FD007000B,8,0,66.5,,95.0,
RWS01_MONIBAS_0581hrr0566ra,4,0,17.5,,18.0,
RWS01_MONIBAS_0070vwb2150ra,8,0,67.0725,,91.0,
RWS01_MONICA_00D0071E3400D007000B,8,0,-1.0,,-1.0,
RWS01_MONICA_10D00C096C2D10200009,2,0,59.0,,59.0,
RWS01_MONIBAS_0271hrr0361ra,4,0,104.0,,109.0,
RWS01_MONIBAS_4341hrr0068ra,4,0,89.5,,90.0,
RWS01_MONIBAS_0201hrl0398ra,6,0,98.0,,107.0,
RWS01_MONIBAS_0581hrr0183ra,6,0,56.333333333333336,,64.0,
RWS01_MONIBAS_0161hrr0514ra,6,0,91.66666666666667,,102.0,
RWS01_MONIBAS_0201hrr0424ra,6,0,19.666666666666668,,33.0,
RWS01_MONIBAS_0121hrr0024ra,4,0,73.0,,78.0,
RWS01_MONIBAS_0351hrl0610ra,16,0,-1.0,,-1.0,
RWS01_MONIBAS_0021hrr2582ra,4,0,99.5,,108.0,
RWS01_MONICA_00D00104841E38200005,8,0,55.0,,111.0,
RWS01_MONIBAS_0010vwc0251ra,2,0,-1.0,,-1.0,
RWS01_MONIBAS_0281hrr0224ra,8,0,93.0,,100.0,
RWS01_MONICA_00D00F093400D0050009,8,0,101.8325,,108.0,
RWS01_MONIBAS_0151hrr0368ra,6,0,111.33333333333333,,123.0,
RWS01_MONIBAS_0101hrl0042ra,6,0,8.666666666666666,,14.0,
RWS01_MONICA_00D00104841E38200009,8,0,43.0,,87.0,
RWS01_MONIBAS_0070vwb0110ra,2,0,40.0,,40.0,
RWS01_MONIBAS_0150vwx0520ra,6,0,100.33333333333333,,108.0,
RWS01_MONIBAS_0670vwa0712ra,8,0,39.5,,80.0,
RWS01_MONICA_00D00F093400D0050005,8,0,57.0,,115.0,
RWS01_MONICA_00D0320EA446D0050085,8,0,90.2025,,93.0,
RWS01_MONIBAS_0011hrl0950ra,8,0,53.5,,120.0,
RWS01_MONIBAS_0170vwa0130ra,8,0,33.5,,68.0,
RWS01_MONICA_00D0320EA446D0050089,8,0,86.0425,,88.0,
RWS01_MONIBAS_0501hrl0979ra,4,0,103.5,,111.0,
RWS01_MONIBAS_0150vwe1540ra,2,0,95.0,,95.0,
RWS01_MONICA_00D00906A40AD0050009,8,0,52.0,,105.0,
RWS01_MONIBAS_4341hrr0042ra,4,0,73.5,,80.0,
RWS01_MONICA_00D00906A40AD0050005,8,0,87.5,,117.0,
RWS01_MONIBAS_0151hrl0800ra,6,0,91.33333333333333,,95.0,
RWS01_MONIBAS_0271hrl0859ra,6,0,110.66666666666667,,118.0,
RWS01_MONIBAS_0040vwm0725ra,4,0,74.0,,78.0,
RWS01_MONIBAS_0201hrl0278ra,6,0,93.0,,104.0,
RWS01_MONIBAS_0161hrr0634ra,6,0,102.66666666666667,,116.0,
RWS01_MONIBAS_0121hrr0144ra,6,0,105.33333333333333,,113.0,
RWS01_MONIBAS_0270vwc0939ra,4,0,95.5,,101.0,
RWS01_MONICA_00D00F093400D005000D,8,0,-1.0,,-1.0,
RWS01_MONIBAS_0671hrr0542ra,16,0,71.055,,100.0,
RWS01_MONIBAS_0151hrl0790ra,4,0,91.0,,95.0,
RWS01_MONIBAS_0581hrr0170ra,6,0,67.66666666666667,,73.0,
RWS01_MONIBAS_0010vwh0869ra,4,0,94.0,,98.0,
RWS01_MONIBAS_0791hrr0010ra,4,0,104.5,,108.0,
RWS01_MONIBAS_0151hrl1522ra,6,0,63.333333333333336,,100.0,
RWS01_MONIBAS_0011hrl1062ra,8,0,106.75,,119.0,
RWS01_MONIBAS_0761hrr0063ra,4,0,92.5,,100.0,
RWS01_MONIBAS_0590vws1399ra,4,0,8.0,,8.0,
RWS01_MONIBAS_0761hrl0034ra,4,0,53.5,,108.0,
RWS01_MONICA_00D00C0B6C00D0050085,8,0,71.94,,97.0,
RWS01_MONIBAS_0271hrl0583ra,6,0,77.33333333333333,,91.0,
RWS01_MONIBAS_0161hrr0157ra,4,0,66.0,,71.0,
RWS01_MONIBAS_0120vwb1287ra,2,0,59.0,,59.0,
RWS01_MONICA_00D00906C40C08200007,8,0,16.0,,33.0,
RWS01_MONIBAS_0150vwy0640ra,4,0,78.5,,83.0,
RWS01_MONICA_00D032199446D007000F,8,0,50.8925,,57.0,
RWS01_MONIBAS_0731hrl1144ra,6,0,51.0,,85.0,
RWS01_MONIBAS_0351hrr0521ra,4,0,91.5,,98.0,
RWS01_MONIBAS_0071hrl1987rb,2,0,75.0,,75.0,
RWS01_MONICA_00D032199446D007000B,8,0,37.3525,,56.0,
RWS01_MONIBAS_0071hrl1987ra,6,0,83.0,,95.0,
RWS01_MONICA_00D01B0AA055D007000B,8,0,-1.0,,-1.0,
RWS01_MONIBAS_0271hrl0009ra,4,0,105.0,,113.0,
RWS01_MONIBAS_0121hrl1457ra,6,0,67.0,,109.0,
RWS01_MONICA_00D00104A8416020000B,8,0,81.825,,85.0,
RWS01_MONIBAS_0011hrr0287ra,4,0,99.0,,104.0,
RWS01_MONICA_00D01B0AA055D0070007,8,0,-1.0,,-1.0,
RWS01_MONICA_00D01B0D3441D0070007,8,0,81.4525,,110.0,
RWS01_MONIBAS_0241hrl0025ra,6,0,120.33333333333333,,148.0,
RWS01_MONIBAS_0280vwa1952ra,8,0,38.5,,78.0,
RWS01_MONIBAS_0021hrl1642ra,4,0,51.5,,56.0,
RWS01_MONICA_00D010018C3CD007000F,8,0,44.5,,90.0,
RWS01_MONIBAS_0011hrl0580ra,16,0,25.75,,106.0,
RWS01_MONICA_00D00110500FD0050009,8,0,104.03,,111.0,
RWS01_MONICA_00D010018C3CD007000B,8,0,48.5,,98.0,
RWS01_MONIBAS_0271hrr0134ra,4,0,77.5,,81.0,
RWS01_MONICA_00D00110500FD0050005,8,0,58.0,,117.0,
RWS01_MONIBAS_0021hrr2368ra,6,0,94.66666666666667,,101.0,
RWS01_MONICA_00D00110500FD005000D,8,0,-1.0,,-1.0,
RWS01_MONIBAS_0090vwr0212ra,4,0,79.5,,81.0,
RWS01_MONIBAS_0291hrl0094ra,10,0,55.0,,74.0,
RWS01_MONIBAS_0151hrr0595ra,6,0,103.0,,117.0,
RWS01_MONICA_00D01001385AD0050005,8,0,-1.0,,-1.0,
RWS01_MONICA_00D01C0E882DD0050009,8,0,-1.0,,-1.0,
RWS01_MONICA_00D01C0E882DD005000D,8,0,61.685,,83.0,
RWS01_MONIBAS_0060vwm0489ra,6,0,104.33333333333333,,108.0,
RWS01_MONICA_00D01001385AD0050009,8,0,-1.0,,-1.0,
RWS01_MONIBAS_0021hrl1762ra,4,0,60.0,,62.0,
RWS01_MONICA_00D01001385AD005000D,8,0,-1.0,,-1.0,
RWS01_MONICA_00D010018C3CD0070007,8,0,51.0,,103.0,
RWS01_MONIBAS_0021hrr1740ra,6,0,36.0,,45.0,
RWS01_MONIBAS_0150vwy0520ra,6,0,90.33333333333333,,93.0,
RWS01_MONICA_00D043045C0FD0050009,8,0,88.775,,102.0,
RWS01_MONIBAS_0271hrr0267ra,4,0,86.0,,89.0,
RWS01_MONIBAS_0271hrr0517ra,4,0,94.5,,103.0,
RWS01_MONICA_00D01C0E882DD0050005,8,0,51.5,,104.0,
RWS01_MONIBAS_0021hrl1221ra,8,0,65.0,,90.0,
RWS01_MONIBAS_0040vwn0129ra,4,0,110.5,,127.0,
RWS01_MONIBAS_0040vwm0117ra,4,0,42.5,,47.0,
RWS01_MONIBAS_0120vwx0588ra,10,0,53.2,,71.0,
RWS01_MONICA_00D043045C0FD0050005,8,0,75.1775,,103.0,
RWS01_MONICA_00D00104A84160200007,8,0,45.0,,91.0,
RWS01_MONICA_00D01B0D3441D007000F,8,0,87.4625,,94.0,
RWS01_MONICA_00D01B0D3441D007000B,8,0,72.92,,102.0,
RWS01_MONICA_00D032199446D0070007,8,0,37.3525,,56.0,
RWS01_MONIBAS_0581hrl1189ra,16,0,-1.0,,-1.0,
RWS01_MONIBAS_0281hrr0954ra,8,0,88.5,,97.0,
RWS01_MONICA_00D01C0D3C2820200007,8,0,-1.0,,-1.0,
RWS01_MONIBAS_0121hrl0486ra,8,0,-1.0,,-1.0,
RWS01_MONIBAS_0281hrr1316ra,16,0,39.63,,108.0,
RWS01_MONICA_00D00909C41900200007,8,0,-1.0,,-1.0,
RWS01_MONIBAS_0011hrl0460ra,8,0,100.25,,112.0,
RWS01_MONICA_00D00F092050D007000F,8,0,98.2,,106.0,
RWS01_MONIBAS_0501hrr2052ra,6,0,93.0,,100.0,
RWS01_MONICA_00D005020442D007000B,8,0,92.34,,103.0,
RWS01_MONICA_00D005020442D0070007,8,0,55.0,,111.0,
RWS01_MONICA_00D00F092050D0070013,8,0,89.89,,96.0,
RWS01_MONIBAS_0070vwc2220ra,8,0,39.0,,79.0,
RWS01_MONIBAS_0021hrl0766ra,10,0,88.0,,130.0,
RWS01_MONICA_00D00704B451D007000B,8,0,-1.0,,-1.0,
RWS01_MONIBAS_0281hrl0172ra,10,0,103.2,,120.0,
RWS01_MONICA_00D00704B451D0070007,8,0,-1.0,,-1.0,
RWS01_MONICA_00D01001BC50D0050009,8,0,-1.0,,-1.0,
RWS01_MONICA_00D01001BC50D0050005,8,0,-1.0,,-1.0,
RWS01_MONIBAS_0501hrr1847ra,6,0,94.0,,101.0,
RWS01_MONICA_00D00F092050D0070007,8,0,65.0,,131.0,
RWS01_MONIBAS_0071hrr0349ra,4,0,103.0,,109.0,
RWS01_MONICA_00D00F092050D007000B,8,0,84.9475,,115.0,
RWS01_MONIBAS_0271hrl0820ra,6,0,98.66666666666667,,104.0,
RWS01_MONIBAS_0121hrl0669ra_1,32,0,62.335,,118.0,
RWS01_MONICA_00D00F07682CC0200009,8,0,68.375,,104.0,
RWS01_MONICA_00D002279C61D007000B,8,0,72.485,,103.0,
RWS01_MONICA_00D00F07682CC0200005,8,0,83.0825,,115.0,
RWS01_MONIBAS_0021hrl1114ra,4,0,7.5,,16.0,
RWS01_MONIBAS_0021hrl1367ra,6,0,95.0,,101.0,
RWS01_MONICA_00D01B08D432D0050009,8,0,7.3325,,11.0,
RWS01_MONIBAS_0091hrr0577ra,8,0,93.5,,108.0,
RWS01_MONICA_00D002279C61D0070007,8,0,55.5,,112.0,
RWS01_MONIBAS_0091hrr0443ra,6,0,53.0,,55.0,
RWS01_MONIBAS_0121hrl1337ra,4,0,-1.0,,-1.0,
RWS01_MONIBAS_0731hrl1024ra,8,0,-1.0,,-1.0,
RWS01_MONIBAS_0011hrl0856ra,6,0,107.0,,116.0,
RWS01_MONIBAS_0011hrl1698ra,8,0,-1.0,,-1.0,
RWS01_MONIBAS_0161hrl0647ra_1,24,0,66.315,,115.0,
RWS01_MONIBAS_0041hrl0072ra,8,0,104.0,,116.0,
RWS01_MONICA_00D00704B451D007000F,8,0,-1.0,,-1.0,
RWS01_MONIBAS_0121hrl0749ra,6,0,106.0,,113.0,
RWS01_MONICA_00D01B0D1C00D0050005,8,0,58.0,,117.0,
RWS01_MONICA_00D0010D9050D007000F,8,0,95.3175,,109.0,
RWS01_MONIBAS_0041hrr0734ra,4,0,23.5,,26.0,
RWS01_MONIBAS_0091hrl0047ra,6,0,103.0,,105.0,
RWS01_MONICA_00D01B08D432D0050005,8,0,8.0,,17.0,
RWS01_MONICA_00D01B0D1C00D0050009,8,0,50.5,,102.0,
RWS01_MONICA_00D0010D9050D007000B,8,0,53.0,,107.0,
RWS01_MONICA_00D1B200A45AD0050009,8,0,59.677499999999995,,82.0,
RWS01_MONIBAS_0021hrr1753ra,6,0,19.666666666666668,,25.0,
RWS01_MONIBAS_0151hrr0725ra,6,0,97.66666666666667,,109.0,
RWS01_MONICA_00D00100E84418200005,8,0,30.5,,62.0,
RWS01_MONICA_00D1B200A45AD0050005,8,0,46.5,,94.0,
RWS01_MONICA_00D0010D9050D0070007,8,0,57.5,,116.0,
RWS01_MONICA_00D01B0D1C00D005000D,8,0,65.8175,,92.0,
RWS01_MONIBAS_0151hrr0844ra,6,0,7.333333333333333,,10.0,
RWS01_MONIBAS_0301hrr0193ra,16,0,-1.0,,-1.0,
RWS01_MONIBAS_0020vwm1171ra,6,0,88.33333333333333,,101.0,
RWS01_MONIBAS_0011hrl0617ra,24,0,42.88583333333333,,98.0,
RWS01_MONICA_00D01B08F80098200007,8,0,50.0,,101.0,
RWS01_MONIBAS_0351hrr0548ra,4,0,87.5,,95.0,
RWS01_MONIBAS_0061hrl0566ra,4,0,109.0,,112.0,
RWS01_MONIBAS_0061hrl3098ra,16,0,72.11375,,121.0,
RWS01_MONIBAS_0021hrl1247ra,6,0,39.333333333333336,,43.0,
RWS01_MONIBAS_0041hrr0232ra,6,0,59.333333333333336,,74.0,
RWS01_MONIBAS_0151hrl0577ra,6,0,97.33333333333333,,110.0,
RWS01_MONIBAS_0041hrr0485ra,8,0,79.25,,94.0,
RWS01_MONIBAS_0010vwj0447ra,2,0,49.0,,49.0,
RWS01_MONICA_00D01B08F8009820000B,8,0,71.215,,101.0,
RWS01_MONIBAS_0011hrl0101ra,6,0,107.0,,113.0,
RWS01_MONICA_00D0040AF80AD0050009,8,0,75.7625,,102.0,
RWS01_MONIBAS_0071hrr0203ra,4,0,95.5,,104.0,
RWS01_MONICA_00D00C12B01ED0050005,8,0,56.0,,113.0,
RWS01_MONIBAS_0091hrr0366ra_1,24,0,36.49666666666666,,62.0,
RWS01_MONIBAS_0501hrr2065ra,4,0,97.0,,99.0,
RWS01_MONIBAS_0121hrl0473ra,8,0,-1.0,,-1.0,
RWS01_MONIBAS_0011hrl0101rb,6,0,103.66666666666667,,106.0,
RWS01_MONIBAS_0011hrr0260ra,6,0,-1.0,,-1.0,
RWS01_MONICA_00D0040AF80AD005000D,8,0,91.9825,,97.0,
RWS01_MONIBAS_0021hrl2364ra,6,0,89.66666666666667,,97.0,
RWS01_MONIBAS_0321hrl0056ra,4,0,99.5,,110.0,
RWS01_MONIBAS_0771hrl0079ra,16,0,73.21875,,101.0,
RWS01_MONICA_00D00C12B01ED005000D,8,0,-1.0,,-1.0,
RWS01_MONICA_00D0040AF80AD0050005,8,0,57.0,,115.0,
RWS01_MONICA_00D00C12B01ED0050009,8,0,50.5,,102.0,
RWS01_MONIBAS_3261hrr0056ra,16,0,-1.0,,-1.0,
RWS01_MONICA_00D00227CC21D0050005,8,0,19.5475,,27.0,
RWS01_MONICA_00D009095824D0050009,8,0,-1.0,,-1.0,
RWS01_MONIBAS_0071hrl1961ra,8,0,78.25,,90.0,
RWS01_MONIBAS_0091hrr0324ra,10,0,99.4,,110.0,
RWS01_MONIBAS_3251hrr0201ra,4,0,21.5,,30.0,
RWS01_MONIBAS_0041hrr0365ra,4,0,62.0,,68.0,
RWS01_MONIBAS_0041hrr0112ra,10,0,19.0,,33.0,
RWS01_MONICA_00D014077800D0070007,8,0,50.0,,101.0,
RWS01_MONICA_00D009095824D005000D,8,0,-1.0,,-1.0,
RWS01_MONIBAS_0160vwm0388ra,6,0,65.33333333333333,,102.0,
RWS01_MONIBAS_0090vwr0702ra,4,0,11.0,,15.0,
RWS01_MONIBAS_0091hrl0287ra,6,0,96.0,,106.0,
RWS01_MONIBAS_0581hrl0347rb,4,0,95.5,,100.0,
RWS01_MONIBAS_0591hrr0510ra,2,0,92.0,,92.0,
RWS01_MONIBAS_0581hrl0347ra,2,0,95.0,,95.0,
RWS01_MONIBAS_0121hrl0592ra,6,0,23.333333333333332,,38.0,
RWS01_MONIBAS_0060vwn0596ra,4,0,102.5,,106.0,
RWS01_MONIBAS_0041hrr0615ra,4,0,103.0,,109.0,
RWS01_MONIBAS_0041hrr0615rb,2,0,98.0,,98.0,
RWS01_MONICA_00D0071F206208200007,8,0,40.9375,,62.0,
RWS01_MONIBAS_0011hrr0536ra,6,0,51.666666666666664,,54.0,
RWS01_MONICA_00D010018428D0050305,8,0,-1.0,,-1.0,
RWS01_MONICA_00D009095824D0050005,8,0,-1.0,,-1.0,
RWS01_MONICA_00D014077800D007000B,8,0,83.225,,89.0,
RWS01_MONIBAS_0021hrr1384ra,6,0,96.66666666666667,,100.0,
RWS01_MONICA_00D00223C841D007000B,8,0,45.0,,91.0,
RWS01_MONIBAS_0021hrr1407ra,6,0,103.33333333333333,,112.0,
RWS01_MONIBAS_0010vwa0541ra,2,0,-1.0,,-1.0,
RWS01_MONIBAS_0271hrl0871ra_1,24,0,67.04166666666667,,118.0,
RWS01_MONIBAS_0041hrl0445ra,6,0,34.333333333333336,,48.0,
RWS01_MONIBAS_0041hrr0498ra,6,0,23.333333333333332,,25.0,
RWS01_MONIBAS_0090vwt0114ra,2,0,81.0,,81.0,
RWS01_MONICA_00D00223C841D0070007,8,0,51.0,,103.0,
RWS01_MONIBAS_0580vwu0129ra,2,0,89.0,,89.0,
RWS01_MONIBAS_0441hrl0026ra,4,0,101.5,,107.0,
RWS01_MONIBAS_0591hrr0896ra,4,0,99.0,,103.0,
RWS01_MONICA_00D00A02301408200007,8,0,51.8275,,70.0,
RWS01_MONIBAS_0041hrl0312ra,6,0,97.33333333333333,,103.0,
RWS01_MONIBAS_0011hrr0273ra,6,0,93.66666666666667,,107.0,
RWS01_MONIBAS_0121hrr0686ra_1,32,0,30.875,,63.0,
RWS01_MONICA_00D1B200C023D0070007,8,0,-1.0,,-1.0,
RWS01_MONIBAS_0121hrl0602ra,6,0,-1.0,,-1.0,
RWS01_MONIBAS_0010vwn0887rb,4,0,93.5,,98.0,
RWS01_MONIBAS_0010vwn0887ra,2,0,95.0,,95.0,
RWS01_MONIBAS_0011hrr0883ra,6,0,109.33333333333333,,115.0,
RWS01_MONIBAS_0060vwn0489ra,4,0,106.5,,111.0,
RWS01_MONIBAS_0041hrr0508ra,8,0,14.0,,22.0,
RWS01_MONIBAS_0091hrr0337ra,6,0,105.66666666666667,,115.0,
RWS01_MONIBAS_0160vwa0629ra,2,0,18.0,,18.0,
RWS01_MONIBAS_0091hrr0337rb,4,0,94.5,,97.0,
RWS01_MONIBAS_0091hrl0261ra,6,0,-1.0,,-1.0,
RWS01_MONIBAS_3481hrl0147ra,2,0,61.0,,61.0,
RWS01_MONIBAS_0170vws0000ra,2,0,65.0,,65.0,
RWS01_MONICA_00D1B200C023D007000B,8,0,-1.0,,-1.0,
RWS01_MONIBAS_0011hrr1368ra,6,0,104.66666666666667,,119.0,
RWS01_MONIBAS_0091hrr0074ra,4,0,99.0,,105.0,
RWS01_MONIBAS_0091hrr0683ra,6,0,95.0,,107.0,
RWS01_MONIBAS_0021hrl0908ra,6,0,117.0,,134.0,
RWS01_MONIBAS_0581hrl0201ra,4,0,78.5,,85.0,
RWS01_MONIBAS_0151hrr0951ra,4,0,96.0,,102.0,
RWS01_MONIBAS_0070vwd1992ra,2,0,52.0,,52.0,
RWS01_MONIBAS_0500vwr0965ra,4,0,92.0,,98.0,
RWS01_MONIBAS_0501hrr1833ra,6,0,87.66666666666667,,102.0,
RWS01_MONIBAS_0121hrl0113ra,6,0,79.0,,85.0,
RWS01_MONIBAS_0281hrl0911ra,8,0,73.5,,115.0,
RWS01_MONIBAS_0071hrr0087ra,6,0,-1.0,,-1.0,
RWS01_MONIBAS_0101hrr0085ra,6,0,102.33333333333333,,116.0,
RWS01_MONIBAS_0071hrr0310ra,24,0,-1.0,,-1.0,
RWS01_MONIBAS_0151hrr0831ra,6,0,15.333333333333334,,19.0,
RWS01_MONICA_00D00607782D90200005,8,0,84.845,,90.0,
RWS01_MONIBAS_0150vwh0610ra_1,16,0,61.44625,,107.0,
RWS01_MONICA_00D00F05A038D0070007,8,0,54.5,,110.0,
RWS01_MONIBAS_0291hrr0134ra,6,0,99.33333333333333,,108.0,
RWS01_MONIBAS_0061hrr0602ra,4,0,94.5,,98.0,
RWS01_MONIBAS_0281hrr1795ra,16,0,74.735,,112.0,
RWS01_MONICA_00D03A064023D0050009,8,0,86.3825,,95.0,
RWS01_MONICA_00D00F05A038D007000B,8,0,110.1775,,148.0,
RWS01_MONICA_00D03A064023D0050005,8,0,50.0,,101.0,
RWS01_MONIBAS_0150vwy0533ra,4,0,89.5,,93.0,
RWS01_MONIBAS_0591hrr0906ra,4,0,95.5,,103.0,
RWS01_MONIBAS_0301hrr0086ra,24,0,-1.0,,-1.0,
RWS01_MONICA_00D01402605AD0050009,8,0,69.11,,96.0,
RWS01_MONICA_00D01402605AD0050005,8,0,58.0,,117.0,
RWS01_MONIBAS_0281hrr0118ra,6,0,34.0,,38.0,
RWS01_MONIBAS_0100vwp0285ra,8,0,9.0,,30.0,
RWS01_MONIBAS_0731hrr0235ra,4,0,98.0,,104.0,
RWS01_MONIBAS_0151hrl0661ra_1,32,0,89.0475,,132.0,
RWS01_MONIBAS_0170vwn0248ra,8,0,50.0,,101.0,
RWS01_MONIBAS_0100vwq0298ra,4,0,-1.0,,-1.0,
RWS01_MONIBAS_0151hrl0934ra,4,0,77.0,,79.0,
RWS01_MONIBAS_0021hrr0926ra,8,0,44.75,,77.0,
RWS01_MONIBAS_0091hrr0087ra,4,0,100.5,,105.0,
RWS01_MONIBAS_0280vwy0273rb,2,0,55.0,,55.0,
RWS01_MONIBAS_0500vwc2115ra,8,0,-1.0,,-1.0,
RWS01_MONIBAS_0280vwy0273ra,2,0,68.0,,68.0,
RWS01_MONIBAS_0010vwq0105ra,4,0,-1.0,,-1.0,
RWS01_MONIBAS_0040vwp0770ra,4,0,99.5,,106.0,
RWS01_MONIBAS_0071hrr2148ra,16,0,61.78375,,109.0,
RWS01_MONIBAS_0501hrl1936ra,6,0,94.66666666666667,,107.0,
RWS01_MONIBAS_0041hrr0018ra,10,0,95.6,,109.0,
RWS01_MONIBAS_0581hrl0561ra,4,0,84.5,,89.0,
RWS01_MONICA_00D022087C43D007000B,8,0,93.75,,96.0,
RWS01_MONICA_00D01B0ACC37D0070307,8,0,72.5,,100.0,
RWS01_MONICA_00D01B032037D0050005,8,0,-1.0,,-1.0,
RWS01_MONICA_00D01B032037D0050009,8,0,-1.0,,-1.0,
RWS01_MONIBAS_0011hrr1355ra,6,0,105.66666666666667,,115.0,
RWS01_MONIBAS_0121hrr1390ra_1,16,0,68.45625,,100.0,
RWS01_MONICA_00D00715285088200007,8,0,48.5,,98.0,
RWS01_MONICA_00D00F08002280200005,8,0,46.0,,93.0,
RWS01_MONIBAS_0021hrr0796ra,10,0,66.6,,90.0,
RWS01_MONIBAS_0070vwb1944ra,2,0,94.0,,94.0,
RWS01_MONICA_00D00F08002280200009,8,0,63.5,,85.0,
RWS01_MONICA_00D022087C43D0070007,8,0,51.0,,103.0,
RWS01_MONIBAS_0021hrr1157ra,4,0,104.0,,107.0,
RWS01_MONIBAS_0071hrr1521ra,16,0,87.40125,,117.0,
RWS01_MONIBAS_0021hrl2257ra,6,0,89.33333333333333,,97.0,
RWS01_MONIBAS_0131hrl0159ra,6,0,41.333333333333336,,44.0,
RWS01_MONICA_00D001131405D005000D,8,0,90.9075,,103.0,
RWS01_MONIBAS_0121hrr0406ra,8,0,99.5,,114.0,
RWS01_MONIBAS_0021hrr0663ra,10,0,44.8,,62.0,
RWS01_MONIBAS_0091hrl0631ra,6,0,106.66666666666667,,118.0,
RWS01_MONIBAS_0161hrl0211ra,6,0,59.333333333333336,,63.0,
RWS01_MONIBAS_0761hrr0077ra,4,0,91.5,,97.0,
RWS01_MONICA_00D001131405D0050005,8,0,62.5,,126.0,
RWS01_MONICA_00D01C0E6C5F08200007,8,0,38.5,,78.0,
RWS01_MONIBAS_0581hrr0361ra_1,16,0,69.76375,,101.0,
RWS01_MONICA_00D001131405D0050009,8,0,54.5,,110.0,
RWS01_MONIBAS_0501hrl2034ra,6,0,97.33333333333333,,106.0,
RWS01_MONIBAS_0160vwy0206ra_1,24,0,56.9025,,89.0,
RWS01_MONIBAS_0671hrr0315ra,4,0,91.5,,98.0,
RWS01_MONIBAS_0131hrr0150ra,8,0,89.25,,113.0,
RWS01_MONICA_00D0010D6023D007000F,8,0,85.845,,92.0,
RWS01_MONIBAS_0161hrl0344ra,4,0,98.0,,103.0,
RWS01_MONIBAS_0280vwx0273ra,4,0,-1.0,,-1.0,
RWS01_MONIBAS_0020vwe0900ra,2,0,93.0,,93.0,
RWS01_MONIBAS_0151hrl1548ra,6,0,77.33333333333333,,121.0,
RWS01_MONIBAS_0081hrl0050ra,4,0,106.5,,116.0,
RWS01_MONIBAS_0201hrl0131ra,4,0,96.0,,101.0,
RWS01_MONICA_00D0010D6023D007000B,8,0,80.6,,113.0,
RWS01_MONICA_00D00A02484100200007,8,0,39.0675,,53.0,
RWS01_MONIBAS_0061hrr0628ra,6,0,37.333333333333336,,42.0,
RWS01_MONICA_00D0010D6023D0070007,8,0,85.3375,,116.0,
RWS01_MONIBAS_0321hrl0069ra,4,0,96.5,,98.0,
RWS01_MONIBAS_0071hrr1401ra,16,0,87.415,,113.0,
RWS01_MONICA_10D00703A423D0070007,2,0,101.0,,101.0,
RWS01_MONIBAS_0591hrl0496ra,2,0,91.0,,91.0,
RWS01_MONIBAS_0760vwy0028ra,2,0,74.0,,74.0,
RWS01_MONIBAS_0011hrr0510ra,6,0,95.33333333333333,,105.0,
RWS01_MONIBAS_0501hrl0952ra,8,0,98.25,,106.0,
RWS01_MONIBAS_0501hrl2021ra,6,0,99.33333333333333,,110.0,
RWS01_MONIBAS_0010vwp0118ra,4,0,106.0,,109.0,
RWS01_MONICA_10D00703A423D007000B,2,0,93.0,,93.0,
RWS01_MONICA_00D002058C1460200007,8,0,53.0,,107.0,
RWS01_MONIBAS_0070vwa1802ra,8,0,-1.0,,-1.0,
RWS01_MONIBAS_0100vwp0298ra,4,0,24.0,,30.0,
RWS01_MONICA_00D002058C146020000B,8,0,68.7825,,97.0,
RWS01_MONIBAS_0070vwb2403ra,8,0,38.0,,77.0,
RWS01_MONIBAS_0161hrl0464ra,6,0,57.333333333333336,,66.0,
RWS01_MONIBAS_0121hrl1443ra_1,16,0,61.90125,,111.0,
RWS01_MONIBAS_0151hrl0827ra,4,0,-1.0,,-1.0,
RWS01_MONIBAS_0100vwq0285ra,4,0,-1.0,,-1.0,
RWS01_MONIBAS_0271hrr0983ra,4,0,20.5,,22.0,
RWS01_MONIBAS_0040vwn0739ra,4,0,46.0,,50.0,
RWS01_MONIBAS_0021hrr1264ra,6,0,105.33333333333333,,115.0,
RWS01_MONIBAS_0150vwm0586ra,6,0,103.66666666666667,,107.0,
RWS01_MONIBAS_0011hrl0234ra,6,0,-1.0,,-1.0,
RWS01_MONIBAS_0021hrr0819ra,8,0,93.0,,105.0,
RWS01_MONIBAS_0121hrr0213ra_1,24,0,76.8775,,117.0,
RWS01_MONIBAS_0281hrr0095ra,6,0,95.0,,105.0,
RWS01_MONIBAS_0010vwp0105ra,4,0,104.5,,108.0,
RWS01_MONICA_00D00227CC21D0050009,8,0,15.0,,16.0,
RWS01_MONIBAS_0010vwq0118ra,4,0,-1.0,,-1.0,
RWS01_MONIBAS_0100vwp0308ra,4,0,12.0,,15.0,
RWS01_MONIBAS_0111hrr0198ra,4,0,81.5,,88.0,
RWS01_MONICA_00D01B054423D0050005,8,0,-1.0,,-1.0,
RWS01_MONIBAS_0121hrr0370ra,8,0,106.75,,123.0,
RWS01_MONIBAS_0791hrl0018ra,4,0,104.0,,113.0,
RWS01_MONICA_00D01B054423D0050009,8,0,-1.0,,-1.0,
RWS01_MONIBAS_0061hrl3108ra,16,0,67.95375,,107.0,
RWS01_MONIBAS_0150vwb0262ra,2,0,77.0,,77.0,
RWS01_MONIBAS_0141hrl0126ra,4,0,78.0,,83.0,
RWS01_MONIBAS_0161hrl0331ra,8,0,45.25,,100.0,
RWS01_MONIBAS_0010vwn0861ra,2,0,99.0,,99.0,
RWS01_MONICA_00D01001C00A18200005,8,0,-1.0,,-1.0,
RWS01_MONIBAS_0121hrl0019ra,4,0,66.5,,71.0,
RWS01_MONIBAS_0060vwm0570ra,4,0,112.0,,119.0,
RWS01_MONIBAS_0731hrr0222ra,4,0,100.5,,105.0,
RWS01_MONIBAS_0081hrl0063ra,4,0,105.0,,110.0,
RWS01_MONIBAS_0021hrr1277ra,6,0,105.33333333333333,,117.0,
RWS01_MONIBAS_0271hrr0863ra,6,0,102.66666666666667,,110.0,
RWS01_MONIBAS_0121hrr1114ra,6,0,17.333333333333332,,20.0,
RWS01_MONIBAS_0041hrr0125ra,10,0,56.6,,63.0,
RWS01_MONIBAS_0241hrr0042ra,6,0,115.66666666666667,,132.0,
RWS01_MONIBAS_4341hrr0032ra,4,0,59.5,,65.0,
RWS01_MONIBAS_0761hrl0131ra,4,0,75.5,,79.0,
RWS01_MONICA_00D04305C837D0070007,8,0,-1.0,,-1.0,
RWS01_MONIBAS_0060vwq0446ra,4,0,-1.0,,-1.0,
RWS01_MONICA_00D00205D404D0050089,8,0,71.92,,74.0,
RWS01_MONIBAS_0021hrl1549ra,8,0,95.25,,110.0,
RWS01_MONIBAS_0201hrl0386ra,6,0,101.0,,109.0,
RWS01_MONIBAS_0281hrr0114ra,6,0,32.333333333333336,,38.0,
RWS01_MONICA_00D00205D404D0050085,8,0,38.0,,77.0,
RWS01_MONICA_00D010092850D007000F,8,0,87.64750000000001,,94.0,
RWS01_MONICA_00D010092850D007000B,8,0,95.3625,,103.0,
RWS01_MONIBAS_0150vwm0595ra,2,0,99.0,,99.0,
RWS01_MONIBAS_0271hrl0200ra,4,0,89.0,,95.0,
RWS01_MONIBAS_0271hrr1177ra_1,16,0,53.0,,108.0,
RWS01_MONIBAS_0081hrr0019ra,8,0,67.75,,95.0,
RWS01_MONICA_00D010092850D0070007,8,0,53.0,,107.0,
RWS01_MONICA_00D00F06481408200007,8,0,70.3875,,98.0,
RWS01_MONIBAS_0060vwm0573ra,4,0,113.0,,121.0,
RWS01_MONIBAS_0011hrl1192ra,6,0,105.0,,118.0,
RWS01_MONIBAS_0581hrr0578ra,4,0,62.5,,66.0,
RWS01_MONIBAS_0040vwm0487ra,4,0,70.5,,74.0,
RWS01_MONICA_00D04305C837D007000B,8,0,-1.0,,-1.0,
RWS01_MONIBAS_0121hrr0398ra,8,0,47.75,,102.0,
RWS01_MONIBAS_0201hrl0253ra,8,0,90.5,,101.0,
RWS01_MONIBAS_0010vwa0066ra,2,0,75.0,,75.0,
RWS01_MONIBAS_0581hrr0195ra,4,0,59.5,,60.0,
RWS01_MONIBAS_0040vwm0101ra,4,0,89.0,,92.0,
RWS01_MONIBAS_0201hrl0409ra,6,0,103.33333333333333,,118.0,
RWS01_MONIBAS_0020vwn1621ra,4,0,78.5,,82.0,
RWS01_MONIBAS_0151hrr0369ra,6,0,111.0,,124.0,
RWS01_MONICA_10D010071455D0050005,2,0,55.0,,55.0,
RWS01_MONIBAS_0020vwm0607ra,6,0,61.0,,96.0,
RWS01_MONIBAS_0020vwm0597ra,6,0,44.666666666666664,,71.0,
RWS01_MONIBAS_0101hrl0302ra,4,0,26.0,,53.0,
RWS01_MONIBAS_0021hrl1669ra,6,0,41.0,,46.0,
RWS01_MONICA_00D01C02FC55D0070087,8,0,65.0,,87.0,
RWS01_MONIBAS_4341hrr0045ra,4,0,70.0,,72.0,
RWS01_MONICA_10D010071455D005000D,2,0,57.0,,57.0,
RWS01_MONIBAS_0070vwc1763ra,8,0,-1.0,,-1.0,
RWS01_MONIBAS_0500vwr2382ra,4,0,88.5,,94.0,
RWS01_MONIBAS_0111hrr0207ra,4,0,85.5,,86.0,
RWS01_MONICA_00D014070400D0050005,8,0,70.2625,,126.0,
RWS01_MONIBAS_0011hrr1351ra,6,0,105.0,,110.0,
RWS01_MONIBAS_0121hrr0278ra,8,0,101.5,,118.0,
RWS01_MONICA_00D014070400D0050009,8,0,67.405,,71.0,
RWS01_MONICA_10D010071455D0050009,2,0,57.0,,57.0,
RWS01_MONIBAS_0020vwa1613ra,2,0,74.0,,74.0,
RWS01_MONIBAS_0221hrl0130ra,4,0,44.5,,90.0,
RWS01_MONICA_00D00F06243CD0050005,8,0,54.5,,110.0,
RWS01_MONICA_00D00F06243CD0050009,8,0,85.78,,99.0,
RWS01_MONIBAS_0141hrl0139ra,4,0,74.5,,75.0,
RWS01_MONIBAS_0090vwh0415ra,4,0,84.0,,92.0,
RWS01_MONIBAS_0141hrr0142ra,4,0,69.5,,74.0,
RWS01_MONIBAS_0580vwd0985ra,8,0,43.332499999999996,,59.0,
RWS01_MONIBAS_0011hrl0973ra,8,0,104.5,,119.0,
RWS01_MONIBAS_0280vwc1316ra,8,0,40.0,,81.0,
RWS01_MONIBAS_0280vwc0727ra,8,0,32.5,,66.0,
RWS01_MONIBAS_0151hrr0356ra,4,0,101.5,,104.0,
RWS01_MONIBAS_0291hrl0103ra,4,0,84.0,,90.0,
RWS01_MONIBAS_0161hrr0387ra,6,0,60.333333333333336,,65.0,
RWS01_MONIBAS_0281hrr0221ra,8,0,93.0,,100.0,
RWS01_MONIBAS_0161hrr0611ra,6,0,103.33333333333333,,119.0,
RWS01_MONIBAS_2081hrr0085ra,4,0,19.5,,40.0,
RWS01_MONIBAS_2081hrl0078ra,4,0,98.5,,105.0,
RWS01_MONIBAS_2081hrl0078rb,2,0,98.0,,98.0,
RWS01_MONIBAS_0021hrl1656ra,4,0,8.0,,10.0,
RWS01_MONIBAS_0011hrl1228ra,6,0,105.33333333333333,,118.0,
RWS01_MONICA_00D00211685568200009,8,0,-1.0,,-1.0,
RWS01_MONICA_00D00223181E10200005,8,0,-1.0,,-1.0,
RWS01_MONIBAS_0120vwx0574ra,4,0,92.0,,99.0,
RWS01_MONICA_00D00211685568200005,8,0,-1.0,,-1.0,
RWS01_MONIBAS_0021hrl1340ra,6,0,105.0,,113.0,
RWS01_MONIBAS_0761hrr0040ra,8,0,91.75,,98.0,
RWS01_MONIBAS_0011hrl1085ra,6,0,103.66666666666667,,114.0,
RWS01_MONIBAS_0581hrl0286ra_1,16,0,9.75,,42.0,
RWS01_MONICA_00D00404B05F10200005,8,0,88.5425,,94.0,
RWS01_MONIBAS_0271hrl0716ra,4,0,27.5,,31.0,
RWS01_MONIBAS_0021hrr2247ra,6,0,-1.0,,-1.0,
RWS01_MONIBAS_0150vwb0490ra,2,0,83.0,,83.0,
RWS01_MONIBAS_0281hrr0101ra,6,0,75.0,,86.0,
RWS01_MONIBAS_0201hrl0146ra,4,0,100.5,,112.0,
RWS01_MONIBAS_0020vwz0628ra,2,0,89.0,,89.0,
RWS01_MONIBAS_0161hrr0134ra,4,0,42.5,,86.0,
RWS01_MONIBAS_0010vwm0899ra,4,0,104.0,,110.0,
RWS01_MONIBAS_0011hrl1108ra,6,0,100.33333333333333,,115.0,
RWS01_MONIBAS_0070vwc0075ra,2,0,61.0,,61.0,
RWS01_MONIBAS_0040vwn0713ra,6,0,97.0,,102.0,
RWS01_MONICA_00D00113484600200007,8,0,56.5625,,78.0,
RWS01_MONIBAS_0011hrl0840ra,6,0,107.66666666666667,,118.0,
RWS01_MONIBAS_0090vws0213ra,4,0,46.5,,50.0,
RWS01_MONICA_00D00F06F428D005000D,8,0,89.1575,,106.0,
RWS01_MONICA_00D00F06F428D0050005,8,0,-1.0,,-1.0,
RWS01_MONIBAS_0151hrr0739ra,6,0,89.0,,99.0,
RWS01_MONIBAS_0761hrl0037ra,8,0,100.0,,105.0,
RWS01_MONICA_00D00F06F428D0050009,8,0,75.4275,,107.0,
RWS01_MONIBAS_0021hrl0538ra,12,0,97.83333333333333,,103.0,
RWS01_MONICA_00D00F04183708200007,8,0,38.0,,77.0,
RWS01_MONIBAS_0281hrr0581ra,16,0,-1.0,,-1.0,
RWS01_MONIBAS_0281hrr0857ra,4,0,80.5,,85.0,
RWS01_MONIBAS_0021hrr1885ra,16,0,83.40625,,105.0,
RWS01_MONIBAS_0010vwm0289ra,4,0,85.0,,88.0,
RWS01_MONICA_00D00907A04ED0070187,8,0,81.705,,87.0,
RWS01_MONIBAS_0271hrr0255ra,4,0,-1.0,,-1.0,
RWS01_MONIBAS_0220vwq0125ra,4,0,-1.0,,-1.0,
RWS01_MONICA_00D03A0C842800200007,8,0,-1.0,,-1.0,
RWS01_MONICA_00D00223C841D0070187,8,0,82.4175,,86.0,
RWS01_MONIBAS_0500vwh0969ra,6,0,87.66666666666667,,98.0,
RWS01_MONIBAS_0021hrl1630ra,4,0,69.5,,73.0,
RWS01_MONICA_00D00901A850D0050305,8,0,64.615,,89.0,
RWS01_MONICA_00D00608184610200005,8,0,35.5,,72.0,
RWS01_MONIBAS_0201hrl0159ra,4,0,102.0,,110.0,
RWS01_MONIBAS_0201hrr0295ra,8,0,71.75,,76.0,
RWS01_MONIBAS_0271hrr0495ra,4,0,92.0,,98.0,
RWS01_MONIBAS_0281hrl0062ra,6,0,108.66666666666667,,117.0,
RWS01_MONIBAS_0350vwb0670ra,8,0,-1.0,,-1.0,
RWS01_MONIBAS_0151hrr0463ra,6,0,105.0,,120.0,
RWS01_MONICA_10D007044C00D0070007,2,0,106.0,,106.0,
RWS01_MONICA_10D007044C00D007000B,2,0,93.0,,93.0,
RWS01_MONICA_00D0010ED84BD0070013,8,0,-1.0,,-1.0,
RWS01_MONIBAS_0060vwp0426ra,4,0,111.0,,115.0,
RWS01_MONIBAS_0120vwy0577ra,6,0,26.666666666666668,,49.0,
RWS01_MONIBAS_0051hrl0126ra,4,0,94.5,,99.0,
RWS01_MONICA_00D00104E800D0050009,8,0,72.95,,104.0,
RWS01_MONICA_00D0010ED84BD007000F,8,0,98.1825,,99.0,
RWS01_MONIBAS_0021hrl1100ra,6,0,62.666666666666664,,99.0,
RWS01_MONICA_00D00104E800D0050005,8,0,55.0,,111.0,
RWS01_MONIBAS_0060vwm0599ra,4,0,84.5,,90.0,
RWS01_MONICA_00D00F0C9805D0070007,8,0,5.2,,7.0,
RWS01_MONIBAS_0021hrr1645ra,4,0,98.5,,105.0,
RWS01_MONICA_00D00225FC37D0050005,8,0,50.5,,102.0,
RWS01_MONICA_00D00F0C9805D007000F,8,0,1.5,,4.0,
RWS01_MONIBAS_0151hrr1617ra_1,16,0,92.96,,101.0,
RWS01_MONICA_00D00F0C9805D007000B,8,0,2.0,,5.0,
RWS01_MONIBAS_0771hrr0103ra,16,0,72.2975,,105.0,
RWS01_MONIBAS_0280vwj0853ra,2,0,57.0,,57.0,
RWS01_MONICA_00D0010D3005D005000D,8,0,69.5,,99.0,
RWS01_MONIBAS_0051hrl0006ra,4,0,63.5,,64.0,
RWS01_MONIBAS_0271hrr0388ra,6,0,94.66666666666667,,105.0,
RWS01_MONIBAS_0281hrl0218ra,8,0,98.25,,104.0,
RWS01_MONICA_00D00C0A380DD007000B,8,0,80.0,,107.0,
RWS01_MONICA_00D0320EFC00D0050309,8,0,72.6975,,98.0,
RWS01_MONIBAS_0160vwx0256ra,4,0,102.0,,110.0,
RWS01_MONICA_00D00C0A380DD007000F,8,0,48.0,,97.0,
RWS01_MONICA_00D0010D3005D0050009,8,0,74.2825,,110.0,
RWS01_MONICA_00D0320EFC00D0050305,8,0,71.785,,101.0,
RWS01_MONICA_00D0010D3005D0050005,8,0,59.0,,119.0,
RWS01_MONIBAS_0151hrr0450ra,6,0,102.0,,113.0,
RWS01_MONIBAS_0270vwr0705ra,2,0,91.0,,91.0,
RWS01_MONIBAS_3251hrl0271ra,24,0,44.100833333333334,,95.0,
RWS01_MONIBAS_0021hrl1750ra,4,0,81.0,,84.0,
RWS01_MONIBAS_0121hrl0583ra,4,0,48.0,,51.0,
RWS01_MONIBAS_0021hrl0778ra,10,0,89.2,,125.0,
RWS01_MONICA_00D00C0A380DD0070013,8,0,90.65,,95.0,
RWS01_MONIBAS_0201hrr0162ra,4,0,100.0,,102.0,
RWS01_MONIBAS_0151hrr0570ra,8,0,102.75,,118.0,
RWS01_MONIBAS_0051hrl0019ra,4,0,100.5,,109.0,
RWS01_MONICA_00D0050178003020000B,8,0,-1.0,,-1.0,
RWS01_MONIBAS_0021hrr2354ra,6,0,84.66666666666667,,90.0,
RWS01_MONIBAS_0091hrr0322ra,10,0,98.0,,105.0,
RWS01_MONIBAS_0581hrl0349ra,6,0,94.33333333333333,,100.0,
RWS01_MONICA_00D00225C45A28200005,8,0,79.46000000000001,,129.0,
RWS01_MONICA_00D00501780030200007,8,0,-1.0,,-1.0,
RWS01_MONIBAS_0171hrl0194ra,16,0,63.76625,,108.0,
RWS01_MONIBAS_0121hrl1314ra,6,0,95.0,,109.0,
RWS01_MONIBAS_0501hrr1594ra,6,0,96.66666666666667,,101.0,
RWS01_MONICA_00D00C0A380DD0070007,8,0,57.0,,115.0,
RWS01_MONICA_00D0021A9C42D0050011,8,0,78.125,,92.0,
RWS01_MONIBAS_0501hrr2062ra,4,0,100.5,,101.0,
RWS01_MONIBAS_0671hrl0251ra,4,0,95.5,,102.0,
RWS01_MONIBAS_0091hrl0473ra_1,24,0,76.4075,,117.0,
RWS01_MONIBAS_0161hrr0361ra,6,0,40.0,,62.0,
RWS01_MONIBAS_0281hrl0075ra,6,0,101.0,,111.0,
RWS01_MONIBAS_0121hrl1447ra,4,0,103.0,,109.0,
RWS01_MONICA_10D01601F860D0050009,2,0,-1.0,,-1.0,
RWS01_MONICA_00D00C12E050D0070007,8,0,44.5,,90.0,
RWS01_MONICA_00D00225FC37D0050009,8,0,63.595,,88.0,
RWS01_MONICA_00D00C12E050D007000B,8,0,81.5825,,88.0,
RWS01_MONICA_10D01601F860D0050005,2,0,-1.0,,-1.0,
RWS01_MONIBAS_0161hrr0637ra,6,0,106.66666666666667,,121.0,
RWS01_MONIBAS_0500vwa0964ra,6,0,65.66666666666667,,72.0,
RWS01_MONIBAS_0091hrl0395ra,6,0,115.33333333333333,,132.0,
RWS01_MONIBAS_0020vwh0647ra,8,0,70.0,,98.0,
RWS01_MONIBAS_0201hrr0179ra_1,16,0,87.66125,,99.0,
RWS01_MONIBAS_0241hrr0045ra,6,0,110.66666666666667,,125.0,
RWS01_MONIBAS_0041hrr0725ra,4,0,44.5,,45.0,
RWS01_MONIBAS_0151hrl0817ra,4,0,95.5,,98.0,
RWS01_MONICA_00D00905241ED007000B,8,0,71.45,,97.0,
RWS01_MONIBAS_0151hrl0421ra,4,0,100.0,,106.0,
RWS01_MONICA_00D00905241ED007000F,8,0,86.455,,89.0,
RWS01_MONIBAS_0021hrl0884ra,10,0,109.8,,127.0,
RWS01_MONIBAS_0041hrl0205ra,6,0,108.66666666666667,,119.0,
RWS01_MONIBAS_0151hrl0554ra,6,0,104.0,,122.0,
RWS01_MONIBAS_0091hrl0405ra,10,0,107.8,,123.0,
RWS01_MONIBAS_0581hrl0215ra,4,0,39.5,,43.0,
RWS01_MONIBAS_0040vwn0357ra,8,0,48.0,,101.0,
RWS01_MONICA_00D0021928416020000B,8,0,62.32,,64.0,
RWS01_MONICA_00D00905241ED0070007,8,0,82.305,,114.0,
RWS01_MONIBAS_0041hrl0348ra,4,0,91.0,,95.0,
RWS01_MONIBAS_0070vwa0110ra,2,0,-1.0,,-1.0,
RWS01_MONIBAS_0121hrr1081ra,8,0,97.75,,107.0,
RWS01_MONIBAS_0020vwm1555ra,4,0,50.5,,102.0,
RWS01_MONIBAS_0020vwm1555rb,4,0,93.5,,97.0,
RWS01_MONICA_00D00219284160200007,8,0,67.145,,72.0,
RWS01_MONIBAS_0091hrr0456ra,6,0,67.33333333333333,,72.0,
RWS01_MONIBAS_0021hrr1396ra,6,0,102.0,,108.0,
RWS01_MONIBAS_0011hrr0873ra,6,0,118.0,,128.0,
RWS01_MONIBAS_0121hrl0712ra,6,0,105.0,,117.0,
RWS01_MONICA_00D0320F243208200007,8,0,44.0,,89.0,
RWS01_MONIBAS_0070vwb1577ra,8,0,33.5,,68.0,
RWS01_MONIBAS_0021hrl0644ra,8,0,72.5,,100.0,
RWS01_MONIBAS_0091hrr0575ra,8,0,96.75,,106.0,
RWS01_MONICA_00D02E00940CD0050005,8,0,46.0,,93.0,
RWS01_MONICA_00D01F0BD058D007000B,8,0,47.0,,95.0,
RWS01_MONIBAS_0020vwd1936ra,8,0,43.0,,87.0,
RWS01_MONIBAS_0241hrr0032ra,6,0,112.33333333333333,,116.0,
RWS01_MONICA_00D0040B0806D0050305,8,0,73.135,,102.0,
RWS01_MONICA_00D02E00940CD0050009,8,0,75.6675,,81.0,
RWS01_MONICA_00D01F0BD058D0070007,8,0,50.0,,101.0,
RWS01_MONICA_00D01B034C0AD0050009,8,0,81.7825,,92.0,
RWS01_MONIBAS_0011hrr0061ra_1,32,0,77.65,,108.0,
RWS01_MONIBAS_0061hrr0484ra,6,0,107.33333333333333,,118.0,
RWS01_MONICA_00D01B034C0AD0050005,8,0,45.0,,91.0,
RWS01_MONIBAS_0021hrl0511ra,10,0,98.0,,102.0,
RWS01_MONIBAS_0011hrl0627ra,16,0,34.4225,,98.0,
RWS01_MONIBAS_0120vwr0059rb,4,0,75.0,,78.0,
RWS01_MONIBAS_0120vwr0059ra,2,0,83.0,,83.0,
RWS01_MONICA_00D03217204648200007,8,0,44.572500000000005,,67.0,
RWS01_MONIBAS_0071hrr0300ra,4,0,99.0,,105.0,
RWS01_MONICA_00D00223942DD0050005,8,0,48.0,,97.0,
RWS01_MONIBAS_0091hrl0525ra,6,0,65.33333333333333,,103.0,
RWS01_MONIBAS_0071hrl0286ra,4,0,104.5,,110.0,
RWS01_MONIBAS_0041hrr0475ra,4,0,47.0,,52.0,
RWS01_MONIBAS_0441hrl0003ra,4,0,103.0,,108.0,
RWS01_MONIBAS_0041hrr0475rb,4,0,54.5,,57.0,
RWS01_MONIBAS_0021hrl0871ra,8,0,-1.0,,-1.0,
RWS01_MONIBAS_0281hrl0311ra,4,0,-1.0,,-1.0,
RWS01_MONIBAS_0041hrl0218ra,6,0,103.0,,112.0,
RWS01_MONICA_00D00223942DD0050009,8,0,44.0,,89.0,
RWS01_MONIBAS_0021hrl2245ra,6,0,88.33333333333333,,97.0,
RWS01_MONIBAS_0041hrr0618rb,2,0,99.0,,99.0,
RWS01_MONIBAS_0041hrl0588ra,6,0,94.33333333333333,,106.0,
RWS01_MONIBAS_0101hrr0118ra,6,0,107.66666666666667,,115.0,
RWS01_MONIBAS_0071hrl2465ra,16,0,59.25,,129.0,
RWS01_MONIBAS_0591hrl0963ra,16,0,73.88625,,111.0,
RWS01_MONICA_00D00F07A80608200007,8,0,41.5,,84.0,
RWS01_MONICA_00D0010ED84BD007000B,8,0,83.61,,119.0,
RWS01_MONICA_00D001014063D0070007,8,0,55.5,,112.0,
RWS01_MONICA_00D01C0D1032D0070007,8,0,24.5,,50.0,
RWS01_MONIBAS_0041hrr0618ra,4,0,106.0,,114.0,
RWS01_MONIBAS_0091hrr0469ra,6,0,90.33333333333333,,95.0,
RWS01_MONIBAS_0091hrr0216ra,4,0,-1.0,,-1.0,
RWS01_MONICA_00D0010ED84BD0070007,8,0,58.0,,117.0,
RWS01_MONIBAS_0200vwb0213ra,2,0,79.0,,79.0,
RWS01_MONICA_00D0040B0806D0050309,8,0,91.05,,105.0,
RWS01_MONICA_00D001014063D007000B,8,0,78.0925,,109.0,
RWS01_MONIBAS_0041hrl0075ra,8,0,101.75,,111.0,
RWS01_MONIBAS_0121hrr1451ra,4,0,99.0,,100.0,
RWS01_MONIBAS_0021hrl2508ra,16,0,36.35625,,56.0,
RWS01_MONICA_00D001014063D007000F,8,0,92.6725,,95.0,
RWS01_MONIBAS_0731hrr0225ra,4,0,101.0,,105.0,
RWS01_MONIBAS_0731hrl1153ra,4,0,46.0,,93.0,
RWS01_MONIBAS_0091hrr0562ra,8,0,98.5,,102.0,
RWS01_MONIBAS_0161hrl0604ra,6,0,114.66666666666667,,134.0,
RWS01_MONIBAS_0121hrl1064rb,4,0,92.5,,100.0,
RWS01_MONICA_00D0040B0806D005030D,8,0,80.1,,83.0,
RWS01_MONIBAS_0121hrl1064ra,6,0,108.33333333333333,,113.0,
RWS01_MONICA_00D01C0D1032D007000B,8,0,25.75,,30.0,
RWS01_MONIBAS_0591hrr1341ra,4,0,38.5,,42.0,
RWS01_MONIBAS_0071hrr0075ra,6,0,14.666666666666666,,16.0,
RWS01_MONICA_00D0090AE82D90200185,8,0,-1.0,,-1.0,
RWS01_MONICA_00D001014063D0070013,8,0,84.9275,,90.0,
RWS01_MONIBAS_0021hrr0936ra,6,0,55.0,,59.0,
RWS01_MONICA_00D03220300A08200007,8,0,34.3125,,49.0,
RWS01_MONIBAS_0011hrr0370ra,8,0,108.25,,127.0,
RWS01_MONIBAS_0581hrl0455ra,4,0,99.0,,105.0,
RWS01_MONIBAS_0080vwr0053ra,6,0,-1.0,,-1.0,
RWS01_MONIBAS_0011hrl0364ra,8,0,112.25,,124.0,
RWS01_MONICA_00D00C11004BD0050009,8,0,78.69,,107.0,
RWS01_MONIBAS_0091hrl0418ra,6,0,96.0,,110.0,
RWS01_MONIBAS_3251hrl0177ra,4,0,81.0,,84.0,
RWS01_MONIBAS_0091hrl0418rb,2,0,86.0,,86.0,
RWS01_MONIBAS_0280vwx0276ra,4,0,92.5,,100.0,
RWS01_MONIBAS_0020vwa2321ra,2,0,77.0,,77.0,
RWS01_MONIBAS_0061hrr0471ra,4,0,104.5,,110.0,
RWS01_MONIBAS_0021hrl0897ra,6,0,-1.0,,-1.0,
RWS01_MONICA_00D00C11004BD0050005,8,0,84.6075,,116.0,
RWS01_MONIBAS_0121hrr0741ra,6,0,51.0,,64.0,
RWS01_MONIBAS_0151hrl0434ra,6,0,105.33333333333333,,121.0,
RWS01_MONIBAS_0760vwc0052ra,8,0,39.0,,79.0,
RWS01_MONIBAS_0011hrl0507ra,4,0,93.5,,98.0,
RWS01_MONIBAS_0041hrl0322ra,6,0,100.0,,110.0,
RWS01_MONIBAS_0090vwu0053ra,4,0,96.5,,99.0,
RWS01_MONICA_00D01C14E05D20200007,8,0,39.0,,79.0,
RWS01_MONIBAS_0581hrl0442ra,4,0,99.5,,107.0,
RWS01_MONIBAS_0441hrl0016ra,4,0,104.0,,110.0,
RWS01_MONIBAS_0201hrr0176ra,4,0,96.5,,100.0,
RWS01_MONIBAS_0350vwb0550ra,8,0,72.375,,101.0,
RWS01_MONIBAS_0281hrr0107ra_1,24,0,19.125,,29.0,
RWS01_MONICA_00D00216742DD007000B,8,0,52.0,,105.0,
RWS01_MONICA_00D00216742DD0070007,8,0,105.4175,,113.0,
RWS01_MONICA_00D001147C32D005000D,8,0,50.0,,101.0,
RWS01_MONICA_00D001147C32D0050009,8,0,56.5,,114.0,
RWS01_MONIBAS_0731hrr0238ra,4,0,95.0,,103.0,
RWS01_MONIBAS_0501hrl2059ra,16,0,85.1675,,108.0,
RWS01_MONIBAS_0100vwt0113ra,4,0,88.5,,95.0,
RWS01_MONIBAS_0151hrl0567ra,8,0,100.75,,117.0,
RWS01_MONIBAS_0090vwy0384ra,2,0,94.0,,94.0,
RWS01_MONICA_00D001015809D0070087,8,0,69.0825,,98.0,
RWS01_MONICA_00D00C11004BD005000D,8,0,95.6775,,100.0,
RWS01_MONICA_00D001147C32D0050005,8,0,63.5,,128.0,
RWS01_MONIBAS_0161hrl0617ra,6,0,102.66666666666667,,116.0,
RWS01_MONIBAS_0161hrr0147ra,4,0,91.0,,96.0,
RWS01_MONIBAS_0161hrl0474ra,8,0,101.25,,118.0,
RWS01_MONICA_00D04C01AC32D0050009,8,0,-1.0,,-1.0,
RWS01_MONIBAS_0151hrl0911ra,4,0,84.0,,86.0,
RWS01_MONIBAS_0100vwp0307ra,4,0,18.5,,20.0,
RWS01_MONICA_00D04C01AC32D0050005,8,0,-1.0,,-1.0,
RWS01_MONIBAS_0501hrl2046ra,4,0,111.0,,120.0,
RWS01_MONICA_00D01406C850D0050009,8,0,68.98,,93.0,
RWS01_MONIBAS_0010vwq0083ra,2,0,-1.0,,-1.0,
RWS01_MONIBAS_0010vwm0873ra,2,0,99.0,,99.0,
RWS01_MONICA_00D00606B823D0050305,8,0,56.5,,114.0,
RWS01_MONIBAS_0070vwa0149ra,2,0,52.0,,52.0,
RWS01_MONIBAS_0671hrr0186ra,2,0,89.0,,89.0,
RWS01_MONIBAS_0021hrr0433ra,10,0,93.2,,102.0,
RWS01_MONIBAS_0581hrr0551rb,2,0,80.0,,80.0,
RWS01_MONIBAS_0581hrr0551ra,4,0,66.0,,71.0,
RWS01_MONIBAS_0091hrr0099ra,4,0,96.0,,98.0,
RWS01_MONICA_00D01406C850D0050005,8,0,95.785,,180.0,
RWS01_MONIBAS_0161hrl0341ra,4,0,94.0,,98.0,
RWS01_MONIBAS_0010vwj0300ra,2,0,61.0,,61.0,
RWS01_MONIBAS_0501hrr1963ra,6,0,100.33333333333333,,103.0,
RWS01_MONIBAS_0021hrr0829ra,8,0,67.75,,78.0,
RWS01_MONIBAS_0150vwd0474ra,2,0,65.0,,65.0,
RWS01_MONIBAS_0060vwc0752ra,8,0,-1.0,,-1.0,
RWS01_MONIBAS_0021hrl2378ra,6,0,91.66666666666667,,101.0,
RWS01_MONIBAS_0011hrr1125ra,6,0,98.0,,109.0,
RWS01_MONICA_00D00C12D83C20200007,8,0,28.0,,57.0,
RWS01_MONIBAS_0121hrr0251ra,6,0,103.0,,114.0,
RWS01_MONIBAS_0011hrr1628ra,16,0,69.2975,,114.0,
RWS01_MONICA_00D00F183C00D0050005,8,0,61.0,,123.0,
RWS01_MONIBAS_0020vwd0618ra,4,0,44.5,,90.0,
RWS01_MONIBAS_0121hrl0093ra,6,0,89.66666666666667,,97.0,
RWS01_MONICA_00D00F183C00D0050009,8,0,53.5,,108.0,
RWS01_MONIBAS_0100vwq0299ra,4,0,-1.0,,-1.0,
RWS01_MONIBAS_0010vwp0115ra,4,0,107.5,,111.0,
RWS01_MONIBAS_0150vwe0596ra,4,0,95.0,,100.0,
RWS01_MONIBAS_0121hrr0754ra,6,0,83.33333333333333,,87.0,
RWS01_MONIBAS_0161hrl0461ra,6,0,45.666666666666664,,50.0,
RWS01_MONIBAS_0121hrl0103ra,6,0,93.0,,97.0,
RWS01_MONICA_00D03A0B201490200005,8,0,80.795,,84.0,
RWS01_MONIBAS_0121hrr0527ra,8,0,103.0,,117.0,
RWS01_MONIBAS_0101hrl0186ra,8,0,32.75,,71.0,
RWS01_MONIBAS_0160vwy0182ra,4,0,92.0,,96.0,
RWS01_MONIBAS_0150vwm0619ra,8,0,96.25,,107.0,
RWS01_MONIBAS_0061hrr0497ra,4,0,108.0,,115.0,
RWS01_MONIBAS_0091hrl0645ra,6,0,108.0,,123.0,
RWS01_MONIBAS_0671hrr0293ra,4,0,88.5,,94.0,
RWS01_MONIBAS_0271hrr0851ra,10,0,96.6,,109.0,
RWS01_MONIBAS_3251hrr0204ra,6,0,20.666666666666668,,28.0,
RWS01_MONIBAS_0501hrl1828ra,4,0,49.5,,55.0,
RWS01_MONICA_00D002255805D0070007,8,0,47.5,,96.0,
RWS01_MONIBAS_0081hrl0073ra,4,0,98.5,,104.0,
RWS01_MONIBAS_0011hrr0899ra,6,0,105.66666666666667,,121.0,
RWS01_MONIBAS_0151hrr0236ra,4,0,110.5,,119.0,
RWS01_MONIBAS_0021hrr0699ra,8,0,60.25,,68.0,
RWS01_MONICA_00D002255805D007000F,8,0,71.4875,,75.0,
RWS01_MONICA_00D0320EA446D0050005,8,0,94.9475,,99.0,
RWS01_MONIBAS_0281hrl1417ra,16,0,39.9375,,112.0,
RWS01_MONIBAS_0501hrl1685rb,24,0,3.7741666666666664,,13.0,
RWS01_MONIBAS_0501hrl1685ra,6,0,6.666666666666667,,12.0,
RWS01_MONICA_00D002255805D007000B,8,0,83.59,,85.0,
RWS01_MONICA_00D01D01A038D0070007,8,0,64.6625,,89.0,
RWS01_MONIBAS_0021hrr0566ra,8,0,10.25,,15.0,
RWS01_MONICA_00D00C12D83C2020000B,8,0,-1.0,,-1.0,
RWS01_MONIBAS_3250vwa0188ra,2,0,74.0,,74.0,
RWS01_MONIBAS_0080vwf0018ra,8,0,45.0,,94.0,
RWS01_MONIBAS_0271hrl0346ra,4,0,80.5,,88.0,
RWS01_MONICA_00D0320EF00AD007000B,8,0,93.7,,100.0,
RWS01_MONIBAS_0021hrr1143ra,4,0,96.5,,101.0,
RWS01_MONIBAS_0160vwy0195ra,4,0,98.0,,101.0,
RWS01_MONIBAS_0151hrl0794ra,6,0,94.66666666666667,,97.0,
RWS01_MONICA_00D002231428D0070007,8,0,47.0,,95.0,
RWS01_MONIBAS_0121hrr0647ra,8,0,101.5,,111.0,
RWS01_MONIBAS_0280vwy0030ra,4,0,90.5,,92.0,
RWS01_MONIBAS_0060vwn0473ra,4,0,102.0,,106.0,
RWS01_MONIBAS_0010vwq0096ra,2,0,-1.0,,-1.0,
RWS01_MONIBAS_0020vwm0344ra,4,0,100.0,,105.0,
RWS01_MONICA_00D01001F05FD0070007,8,0,36.0,,73.0,
RWS01_MONIBAS_0121hrr0634ra,4,0,108.0,,114.0,
RWS01_MONIBAS_0270vwt0559ra,4,0,104.0,,111.0,
RWS01_MONIBAS_0161hrl0354ra,6,0,98.33333333333333,,117.0,
RWS01_MONICA_00D0320EF00AD0070007,8,0,54.0,,109.0,
RWS01_MONIBAS_0091hrl0512ra,8,0,74.5,,112.0,
RWS01_MONIBAS_0010vwp0128ra,4,0,104.5,,107.0,
RWS01_MONIBAS_0581hrl0825ra,16,0,-1.0,,-1.0,
RWS01_MONICA_00D002231428D007000B,8,0,43.5,,88.0,
RWS01_MONICA_00D01001F05FD007000B,8,0,46.725,,63.0,
RWS01_MONIBAS_0021hrl1417ra,8,0,98.25,,108.0,
RWS01_MONIBAS_0161hrl0354rb,4,0,72.0,,73.0,
RWS01_MONICA_00D00A02301410200005,8,0,42.0,,85.0,
RWS01_MONIBAS_0581hrr0431ra,4,0,93.5,,100.0,
RWS01_MONIBAS_0021hrr0313ra,4,0,52.0,,105.0,
RWS01_MONIBAS_0040vwn0331ra,4,0,84.0,,89.0,
RWS01_MONICA_00D00A02301410200009,8,0,38.5,,78.0,
RWS01_MONICA_00D0060818326020000B,8,0,91.875,,97.0,
RWS01_MONIBAS_0011hrr1232ra,8,0,95.75,,108.0,
RWS01_MONICA_00D00608183260200007,8,0,54.5,,110.0,
RWS01_MONIBAS_0151hrr0249ra,4,0,94.5,,100.0,
RWS01_MONIBAS_0280vwe0847ra,2,0,-1.0,,-1.0,
RWS01_MONICA_00D01009384610200005,8,0,47.6875,,56.0,
RWS01_MONIBAS_0160vwr0239ra,4,0,45.5,,60.0,
RWS01_MONICA_00D00C12982DD0050005,8,0,56.5,,114.0,
RWS01_MONIBAS_0160vwr0239rb,4,0,89.5,,95.0,
RWS01_MONICA_00D01009384610200009,8,0,31.817500000000003,,47.0,
RWS01_MONICA_00D00227F80DD0070007,8,0,49.0,,99.0,
RWS01_MONIBAS_0281hrr0092ra,6,0,92.0,,102.0,
RWS01_MONICA_00D00C12982DD0050009,8,0,74.69,,103.0,
RWS01_MONIBAS_0270vwc0051ra,2,0,75.0,,75.0,
RWS01_MONIBAS_0121hrl0434ra_1,32,0,52.708125,,75.0,
RWS01_MONIBAS_0161hrr0120ra,4,0,43.5,,48.0,
RWS01_MONICA_00D00227F80DD007000B,8,0,89.605,,95.0,
RWS01_MONIBAS_0581hrr0337ra,4,0,92.5,,98.0,
RWS01_MONICA_00D005023033D0050005,8,0,52.5,,106.0,
RWS01_MONIBAS_0011hrr0427ra_1,32,0,82.065625,,112.0,
RWS01_MONIBAS_0070vwc2004ra,2,0,-1.0,,-1.0,
RWS01_MONICA_00D005023033D0050009,8,0,64.225,,94.0,
RWS01_MONIBAS_0161hrl0264ra_1,32,0,73.776875,,112.0,
RWS01_MONICA_00D00C0BFC55D005000D,8,0,91.435,,96.0,
RWS01_MONIBAS_0151hrl1897ra,4,0,96.5,,105.0,
RWS01_MONICA_00D00C0BFC55D0050009,8,0,51.0,,103.0,
RWS01_MONICA_00D04F02B815D0050005,8,0,-1.0,,-1.0,
RWS01_MONIBAS_0581hrl0920ra,16,0,53.25,,105.0,
RWS01_MONICA_00D00C0BFC55D0050005,8,0,59.0,,119.0,
RWS01_MONICA_00D03217103260200007,8,0,70.25,,102.0,
RWS01_MONICA_00D00900BC09D005000D,8,0,95.33,,99.0,
RWS01_MONIBAS_0121hrr0409ra,8,0,96.25,,108.0,
RWS01_MONICA_00D00900BC09D0050005,8,0,77.55,,106.0,
RWS01_MONICA_00D00900BC09D0050009,8,0,78.4325,,106.0,
RWS01_MONIBAS_0021hrr2233ra,6,0,91.33333333333333,,100.0,
RWS01_MONICA_00D00205C41ED0070017,8,0,63.927499999999995,,87.0,
RWS01_MONICA_00D00205C41ED0070013,8,0,69.295,,96.0,
RWS01_MONIBAS_0201hrr0413ra,6,0,15.666666666666666,,18.0,
RWS01_MONICA_00D00206D820D0070017,8,0,85.4625,,93.0,
RWS01_MONIBAS_0161hrr0503ra,6,0,88.33333333333333,,92.0,
RWS01_MONICA_00D0321FE4558820000B,8,0,84.895,,93.0,
RWS01_MONIBAS_0281hrl0089ra,6,0,106.33333333333333,,118.0,
RWS01_MONICA_00D0321FE45588200007,8,0,72.22749999999999,,97.0,
RWS01_MONICA_00D00206D820D0070013,8,0,93.0425,,96.0,
RWS01_MONICA_00D049074852B820000B,8,0,64.5725,,91.0,
RWS01_MONIBAS_0061hrl0450ra_1,40,0,81.79299999999999,,119.0,
RWS01_MONICA_00D00206D820D007000F,8,0,96.48,,100.0,
RWS01_MONICA_00D00609343C18200005,8,0,57.582499999999996,,78.0,
RWS01_MONIBAS_0271hrr0720ra,6,0,103.33333333333333,,113.0,
RWS01_MONICA_00D00227C008D0050009,8,0,35.707499999999996,,40.0,
RWS01_MONIBAS_0011hrl1696ra,16,0,75.85875,,118.0,
RWS01_MONICA_00D01C15EC5828200005,8,0,69.035,,72.0,
RWS01_MONICA_00D00227C008D0050005,8,0,50.125,,54.0,
RWS01_MONICA_00D00206D820D007000B,8,0,75.765,,102.0,
RWS01_MONIBAS_0221hrr0168ra_1,16,0,-1.0,,-1.0,
RWS01_MONIBAS_0121hrr1324ra_1,24,0,5.3425,,25.0,
RWS01_MONICA_00D00206D820D0070007,8,0,53.0,,107.0,
RWS01_MONICA_00D00C12982DD005000D,8,0,68.75,,97.0,
RWS01_MONIBAS_0101hrl0314ra,8,0,65.0,,94.0,
RWS01_MONIBAS_2081hrr0084ra,4,0,23.5,,25.0,
RWS01_MONIBAS_0020vwm0585ra,6,0,26.333333333333332,,41.0,
RWS01_MONIBAS_0021hrr1065ra_1,24,0,43.60583333333333,,60.0,
RWS01_MONICA_00D0021A3C4068200009,8,0,68.9025,,75.0,
RWS01_MONIBAS_0500vww1550ra,2,0,83.0,,83.0,
RWS01_MONICA_00D00104781460200007,8,0,31.0,,63.0,
RWS01_MONICA_00D0021A3C4068200005,8,0,66.95,,100.0,
RWS01_MONIBAS_0021hrr2460ra,16,0,67.28,,102.0,
RWS01_MONIBAS_0090vws0694ra,6,0,62.333333333333336,,97.0,
RWS01_MONIBAS_0291hrl0115ra,8,0,102.5,,112.0,
RWS01_MONIBAS_0281hrl1522ra,16,0,-1.0,,-1.0,
RWS01_MONIBAS_0060vwm0465ra,8,0,111.0,,128.0,
RWS01_MONIBAS_0021hrl1777ra,4,0,87.5,,93.0,
RWS01_MONICA_00D01000F000D0050005,8,0,-1.0,,-1.0,
RWS01_MONIBAS_0100vwa0172ra,4,0,64.5,,68.0,
RWS01_MONIBAS_0161hrl0235ra,6,0,29.666666666666668,,91.0,
RWS01_MONIBAS_0051hrr0143ra,6,0,100.33333333333333,,107.0,
RWS01_MONICA_00D01B022C32D007000B,8,0,85.0,,88.0,
RWS01_MONIBAS_0271hrl0105ra,4,0,101.0,,108.0,
RWS01_MONIBAS_0161hrr0623ra,8,0,90.0,,112.0,
RWS01_MONICA_00D00205C41ED0070007,8,0,54.5,,110.0,
RWS01_MONICA_00D00A01C400D007000F,8,0,93.515,,97.0,
RWS01_MONIBAS_0161hrr0409ra,6,0,40.333333333333336,,123.0,
RWS01_MONIBAS_0041hrl0710ra_1,48,0,80.89791666666666,,111.0,
RWS01_MONICA_00D03B0E2832D007000B,8,0,85.765,,94.0,
RWS01_MONICA_00D00A01C400D007000B,8,0,76.6875,,103.0,
RWS01_MONIBAS_0010vwq0213ra,2,0,-1.0,,-1.0,
RWS01_MONIBAS_0041hrr0007ra,6,0,92.66666666666667,,103.0,
RWS01_MONICA_00D03B0E2832D0070007,8,0,74.4075,,103.0,
RWS01_MONIBAS_0271hrr0866ra,6,0,102.0,,110.0,
RWS01_MONIBAS_0161hrr0133ra,4,0,81.0,,86.0,
RWS01_MONICA_00D01000F000D0050009,8,0,-1.0,,-1.0,
RWS01_MONICA_00D00205C41ED007000F,8,0,87.22749999999999,,96.0,
RWS01_MONIBAS_0730vwv1150ra,4,0,38.0,,77.0,
RWS01_MONIBAS_0151hrr0477ra,10,0,98.4,,111.0,
RWS01_MONICA_00D00205C41ED007000B,8,0,71.6225,,102.0,
RWS01_MONIBAS_0121hrl1300ra,6,0,80.33333333333333,,87.0,
RWS01_MONIBAS_0761hrl0023ra,4,0,99.0,,105.0,
RWS01_MONIBAS_0121hrr0240ra,6,0,101.66666666666667,,111.0,
RWS01_MONIBAS_0281hrl1402ra,8,0,67.0675,,91.0,
RWS01_MONIBAS_0141hrr0141ra,4,0,69.5,,74.0,
RWS01_MONIBAS_0201hrl0134ra,4,0,104.5,,107.0,
RWS01_MONIBAS_0151hrr0344ra,6,0,90.66666666666667,,107.0,
RWS01_MONIBAS_0150vwx0544ra,4,0,100.5,,104.0,
RWS01_MONIBAS_0271hrr0879ra,6,0,104.33333333333333,,118.0,
RWS01_MONICA_00D00225A048D007000B,8,0,65.7775,,91.0,
RWS01_MONIBAS_0020vws1599ra,4,0,87.0,,90.0,
RWS01_MONIBAS_0581hrr0612ra_1,24,0,73.35833333333333,,97.0,
RWS01_MONIBAS_0020vwm0572ra,10,0,48.6,,81.0,
RWS01_MONIBAS_0270vwj0809ra,2,0,95.0,,95.0,
RWS01_MONIBAS_0060vwm0585ra,6,0,112.66666666666667,,135.0,
RWS01_MONICA_00D00225A048D0070007,8,0,49.0,,99.0,
RWS01_MONICA_00D01C0D181410200005,8,0,79.615,,85.0,
RWS01_MONIBAS_0120vwx0586ra,10,0,58.4,,79.0,
RWS01_MONIBAS_0051hrr0010ra,4,0,52.5,,54.0,
RWS01_MONIBAS_0761hrl0143ra,6,0,28.0,,31.0,
RWS01_MONIBAS_0591hrl0499ra,4,0,85.0,,89.0,
RWS01_MONICA_00D00705B406D0050009,8,0,-1.0,,-1.0,
RWS01_MONICA_00D002278C49D0050009,8,0,45.7375,,46.0,
RWS01_MONICA_00D00F09601A30200007,8,0,37.0,,75.0,
RWS01_MONICA_00D00705B406D0050005,8,0,-1.0,,-1.0,
RWS01_MONIBAS_0151hrl1511ra,6,0,64.33333333333333,,100.0,
RWS01_MONIBAS_0731hrr0847ra,8,0,53.375,,60.0,
RWS01_MONIBAS_0280vwc0940ra,2,0,86.0,,86.0,
RWS01_MONIBAS_0761hrr0052ra,4,0,79.0,,83.0,
RWS01_MONIBAS_0011hrl0961ra,8,0,104.0,,121.0,
RWS01_MONICA_00D002278C49D0050005,8,0,34.7825,,48.0,
RWS01_MONIBAS_0161hrl0248ra,8,0,103.75,,115.0,
RWS01_MONIBAS_0151hrl0922ra,4,0,88.0,,93.0,
RWS01_MONIBAS_0150vwm0583ra,2,0,97.0,,97.0,
RWS01_MONIBAS_0241hrl0014ra,6,0,76.66666666666667,,118.0,
RWS01_MONIBAS_0011hrr0143rb,6,0,95.0,,103.0,
RWS01_MONIBAS_0281hrr0845ra,4,0,27.5,,56.0,
RWS01_MONIBAS_0770vwa0077ra,8,0,47.8,,65.0,
RWS01_MONIBAS_0090vwv0391ra,2,0,-1.0,,-1.0,
RWS01_MONIBAS_0501hrr1488ra,4,0,104.5,,114.0,
RWS01_MONIBAS_0201hrr0439ra,4,0,69.0,,72.0,
RWS01_MONICA_00D001085032D0050009,8,0,67.9125,,72.0,
RWS01_MONIBAS_0011hrl0987ra,8,0,99.75,,116.0,
RWS01_MONICA_00D001085032D0050005,8,0,50.665,,70.0,
RWS01_MONIBAS_0021hrr1764ra,4,0,66.0,,68.0,
RWS01_MONIBAS_0500vwx2041ra,4,0,80.5,,89.0,
RWS01_MONIBAS_0151hrr0464ra,6,0,106.66666666666667,,120.0,
RWS01_MONIBAS_0160vwa0356ra,4,0,74.0,,78.0,
RWS01_MONICA_00D00225A04820200007,8,0,62.625,,86.0,
RWS01_MONIBAS_0281hrl0170ra,6,0,107.0,,116.0,
RWS01_MONICA_00D010018428D0050009,8,0,-1.0,,-1.0,
RWS01_MONICA_00D010018428D0050005,8,0,-1.0,,-1.0,
RWS01_MONIBAS_0021hrr1631ra,4,0,93.5,,100.0,
RWS01_MONIBAS_0011hrr0406ra,6,0,100.0,,116.0,
RWS01_MONIBAS_0120vwe0623ra,6,0,53.666666666666664,,83.0,
RWS01_MONIBAS_0670vwb0238ra,2,0,15.0,,15.0,
RWS01_MONIBAS_0040vwm0723ra,4,0,55.0,,56.0,
RWS01_MONIBAS_0151hrr1542ra,6,0,70.0,,113.0,
RWS01_MONIBAS_0501hrr0993ra,4,0,58.5,,59.0,
RWS01_MONIBAS_0321hrr0063ra,6,0,97.66666666666667,,106.0,
RWS01_MONIBAS_0040vwg0457ra,2,0,87.0,,87.0,
RWS01_MONIBAS_0281hrr0978ra,8,0,91.0,,99.0,
RWS01_MONIBAS_0040vwg0457rb,2,0,84.0,,84.0,
RWS01_MONIBAS_0201hrr0319ra,6,0,71.33333333333333,,72.0,
RWS01_MONIBAS_0011hrr0143ra,6,0,104.33333333333333,,114.0,
RWS01_MONIBAS_0021hrl1232ra,6,0,32.0,,48.0,
RWS01_MONIBAS_0011hrr1137ra_1,24,0,81.96583333333334,,111.0,
RWS01_MONIBAS_0120vwx0599ra,4,0,38.0,,77.0,
RWS01_MONIBAS_0040vwn0118ra,4,0,91.5,,96.0,
RWS01_MONIBAS_0071hrr1990ra,4,0,76.5,,81.0,
RWS01_MONIBAS_0271hrr0123ra,4,0,24.0,,26.0,
RWS01_MONIBAS_0060vwp0438ra,4,0,107.5,,115.0,
RWS01_MONIBAS_0070vwd2462ra,8,0,40.0,,81.0,
RWS01_MONIBAS_0151hrl0206ra,4,0,43.5,,88.0,
RWS01_MONIBAS_0120vwy0589ra,4,0,35.5,,42.0,
RWS01_MONICA_00D006075C2860200007,8,0,62.0,,125.0,
RWS01_MONICA_00D00A01C400D0070007,8,0,84.125,,118.0,
RWS01_MONIBAS_0671hrl0370ra,4,0,92.5,,98.0,
RWS01_MONIBAS_0271hrl0835ra,6,0,105.33333333333333,,116.0,
RWS01_MONIBAS_0201hrr0306ra,6,0,77.0,,80.0,
RWS01_MONIBAS_0170vwe0101ra,8,0,67.0425,,95.0,
RWS01_MONICA_00D006075C286020000B,8,0,75.0825,,103.0,
RWS01_MONICA_00D010018428D005000D,8,0,-1.0,,-1.0,
RWS01_MONICA_00D01B022C32D0070007,8,0,72.575,,103.0,
RWS01_MONIBAS_0151hrr0584ra,8,0,110.25,,130.0,
RWS01_MONIBAS_0121hrl1290ra,4,0,21.5,,23.0,
RWS01_MONIBAS_0130vwg0187ra,4,0,78.0,,79.0,
RWS01_MONICA_00D04F00045F80200005,8,0,42.5,,86.0,
RWS01_MONICA_00D01C006400C0200005,8,0,45.0,,91.0,
RWS01_MONIBAS_0011hrr0396ra,6,0,114.33333333333333,,137.0,
RWS01_MONIBAS_0071hrr0195ra,4,0,101.0,,105.0,
RWS01_MONICA_00D0010DF40068200009,8,0,90.51,,96.0,
RWS01_MONIBAS_0161hrr0480ra,8,0,71.0,,89.0,
RWS01_MONICA_00D0010DF40068200005,8,0,54.0,,109.0,
RWS01_MONIBAS_0281hrl0206ra,8,0,100.25,,109.0,
RWS01_MONICA_10D0321EF050D0050009,2,0,92.0,,92.0,
RWS01_MONIBAS_0161hrr0529ra,6,0,97.33333333333333,,105.0,
RWS01_MONIBAS_0061hrl0541rb,4,0,105.5,,113.0,
RWS01_MONIBAS_0061hrl0541ra,4,0,106.0,,113.0,
RWS01_MONIBAS_0011hrl1336ra,6,0,104.66666666666667,,120.0,
RWS01_MONICA_10D0321EF050D0050005,2,0,102.0,,102.0,
RWS01_MONIBAS_0071hrr0338ra,4,0,110.5,,115.0,
RWS01_MONIBAS_0151hrr0714ra,8,0,99.75,,108.0,
RWS01_MONICA_00D0010DF4006820000D,8,0,-1.0,,-1.0,
RWS01_MONIBAS_0020vwm1663ra,4,0,89.0,,96.0,
RWS01_MONICA_00D0320F2C00D0050005,8,0,53.5,,108.0,
RWS01_MONIBAS_0131hrl0131ra,8,0,30.5,,41.0,
RWS01_MONICA_00D03A08D83DD0050009,8,0,70.49,,74.0,
RWS01_MONIBAS_0150vwm0966ra,2,0,89.0,,89.0,
RWS01_MONICA_00D03A08D83DD0050005,8,0,57.947500000000005,,80.0,
RWS01_MONICA_00D0320F2C00D0050009,8,0,90.9375,,96.0,
RWS01_MONIBAS_0150vws0517ra,4,0,102.0,,109.0,
RWS01_MONIBAS_0021hrl1378ra,6,0,105.66666666666667,,119.0,
RWS01_MONICA_00D04C00B44118200005,8,0,41.0,,83.0,
RWS01_MONIBAS_0090vwb0625ra,2,0,48.0,,48.0,
RWS01_MONIBAS_0291hrr0131ra,6,0,95.33333333333333,,105.0,
RWS01_MONIBAS_0280vwb1857ra,8,0,58.25,,78.0,
RWS01_MONIBAS_0021hrr1777ra,4,0,62.5,,65.0,
RWS01_MONIBAS_0501hrr1618ra,6,0,85.33333333333333,,105.0,
RWS01_MONICA_00D00C12841ED0070007,8,0,45.0,,91.0,
RWS01_MONIBAS_0200vwh0191ra,4,0,88.0,,99.0,
RWS01_MONIBAS_0500vwm1515ra,6,0,58.666666666666664,,90.0,
RWS01_MONIBAS_0041hrl0181ra,6,0,103.66666666666667,,113.0,
RWS01_MONICA_00D00C12841ED007000B,8,0,-1.0,,-1.0,
RWS01_MONIBAS_0011hrl0867ra,6,0,70.66666666666667,,112.0,
RWS01_MONIBAS_0271hrr0376ra,6,0,105.33333333333333,,124.0,
RWS01_MONICA_00D00C12841ED007000F,8,0,-1.0,,-1.0,
RWS01_MONIBAS_0271hrr0376rb,2,0,82.0,,82.0,
RWS01_MONICA_00D00C0E4855D005000D,8,0,95.87,,102.0,
RWS01_MONIBAS_0121hrl1153ra_1,24,0,73.37166666666667,,112.0,
RWS01_MONIBAS_0671hrl0263ra,4,0,97.0,,103.0,
RWS01_MONICA_00D00C0E4855D0050009,8,0,75.3375,,106.0,
RWS01_MONIBAS_0121hrl0858ra,6,0,101.33333333333333,,110.0,
RWS01_MONICA_00D00C0E4855D0050005,8,0,57.5,,116.0,
RWS01_MONIBAS_0150vwm0953ra,6,0,54.666666666666664,,83.0,
RWS01_MONIBAS_0161hrr0240ra,6,0,62.0,,100.0,
RWS01_MONIBAS_4341hrl0039ra,4,0,86.0,,92.0,
RWS01_MONIBAS_0021hrr2220ra,4,0,93.5,,98.0,
RWS01_MONIBAS_0321hrl0654ra,16,0,67.76125,,122.0,
RWS01_MONIBAS_0011hrr0156ra,8,0,99.5,,112.0,
RWS01_MONICA_00D00C0E4C0FD0070007,8,0,51.0,,103.0,
RWS01_MONIBAS_0280vwn0931ra,2,0,-1.0,,-1.0,
RWS01_MONIBAS_0280vwn0931rb,2,0,82.0,,82.0,
RWS01_MONICA_00D001015809D007000F,8,0,88.5475,,91.0,
RWS01_MONIBAS_0091hrr0588ra,8,0,108.25,,133.0,
RWS01_MONICA_00D001015809D007000B,8,0,73.1725,,99.0,
RWS01_MONICA_00D00C0E4C0FD007000B,8,0,47.0,,95.0,
RWS01_MONIBAS_0280vwb1604ra,8,0,-1.0,,-1.0,
RWS01_MONIBAS_0071hrr0325ra,4,0,105.0,,112.0,
RWS01_MONICA_00D00C0E4C0FD007000F,8,0,60.6375,,87.0,
RWS01_MONICA_00D001015809D0070007,8,0,80.6875,,110.0,
RWS01_MONIBAS_0120vwc1344ra,4,0,57.0,,58.0,
RWS01_MONIBAS_0151hrr1568ra,4,0,93.0,,101.0,
RWS01_MONIBAS_0761hrl0049ra,4,0,96.0,,101.0,
RWS01_MONIBAS_0040vwn0345ra,6,0,95.66666666666667,,102.0,
RWS01_MONIBAS_0581hrr0920ra,16,0,73.08125,,104.0,
RWS01_MONICA_00D0010D2405D0070007,8,0,84.3475,,121.0,
RWS01_MONIBAS_0280vwx0022ra,6,0,100.33333333333333,,105.0,
RWS01_MONICA_00D00F095C38D0070007,8,0,57.0,,115.0,
RWS01_MONIBAS_0041hrl0194ra,6,0,102.0,,112.0,
RWS01_MONICA_00D00F095C38D007000B,8,0,102.4175,,110.0,
RWS01_MONIBAS_0071hrl0178ra,4,0,99.0,,107.0,
RWS01_MONICA_00D00F095C38D007000F,8,0,89.5325,,95.0,
RWS01_MONICA_00D01407341ED007000B,8,0,78.5,,105.0,
RWS01_MONICA_00D00F183C0060200007,8,0,71.125,,99.0,
RWS01_MONICA_00D01407341ED0070007,8,0,78.955,,107.0,
RWS01_MONIBAS_0041hrr0737ra,4,0,27.0,,29.0,
RWS01_MONIBAS_0051hrl0116ra_1,16,0,85.15,,114.0,
RWS01_MONIBAS_0300vwd0089ra,8,0,90.0375,,158.0,
RWS01_MONICA_00D00408A800D0070007,8,0,66.955,,90.0,
RWS01_MONIBAS_0020vwm1676ra,4,0,86.0,,94.0,
RWS01_MONIBAS_3251hrr0180ra,4,0,84.5,,90.0,
RWS01_MONIBAS_0160vwf0155ra,4,0,22.5,,23.0,
RWS01_MONIBAS_0071hrl0165ra,4,0,91.0,,98.0,
RWS01_MONIBAS_0121hrl0462ra,8,0,35.5,,40.0,
RWS01_MONICA_00D00103BC19D0050005,8,0,-1.0,,-1.0,
RWS01_MONICA_00D00103BC19D0050009,8,0,48.5,,98.0,
RWS01_MONIBAS_0041hrr0724ra,4,0,54.0,,56.0,
RWS01_MONIBAS_0151hrr0966ra,4,0,101.5,,110.0,
RWS01_MONICA_00D00206340AD0050011,8,0,72.2425,,97.0,
RWS01_MONIBAS_0020vwn1159ra,8,0,37.75,,71.0,
RWS01_MONIBAS_0011hrl0498ra,4,0,96.5,,104.0,
RWS01_MONICA_00D00206340AD0050015,8,0,87.195,,93.0,
RWS01_MONIBAS_0120vwg1275ra_1,16,0,63.625,,92.0,
RWS01_MONIBAS_0011hrl0245ra,6,0,-1.0,,-1.0,
RWS01_MONICA_00D03A051846D0050005,8,0,77.425,,112.0,
RWS01_MONIBAS_0120vwe1210ra,4,0,23.0,,28.0,
RWS01_MONICA_10D00402B0000020000B,2,0,-1.0,,-1.0,
RWS01_MONIBAS_0151hrl0709rb,2,0,98.0,,98.0,
RWS01_MONIBAS_0151hrl0709ra,6,0,102.33333333333333,,113.0,
RWS01_MONIBAS_0061hrl0435ra,8,0,109.0,,124.0,
RWS01_MONIBAS_0121hrr1476ra,6,0,26.0,,80.0,
RWS01_MONICA_00D03A051846D0050009,8,0,91.0325,,100.0,
RWS01_MONIBAS_0071hrl1972ra,4,0,72.0,,78.0,
RWS01_MONIBAS_0020vwh0635ra,4,0,69.5,,76.0,
RWS01_MONIBAS_0021hrl1018ra,6,0,105.66666666666667,,120.0,
RWS01_MONICA_00D00206340AD005000D,8,0,-1.0,,-1.0,
RWS01_MONIBAS_0021hrl0656ra,6,0,102.66666666666667,,111.0,
RWS01_MONICA_00D00206340AD0050005,8,0,52.5,,106.0,
RWS01_MONIBAS_0350vwa0609ra,16,0,-1.0,,-1.0,
RWS01_MONIBAS_0041hrr0354ra,4,0,52.5,,53.0,
RWS01_MONIBAS_0020vwg1155ra,4,0,19.0,,25.0,
RWS01_MONICA_00D00206340AD0050009,8,0,76.53999999999999,,105.0,
RWS01_MONIBAS_0060vwd0488ra,2,0,80.0,,80.0,
RWS01_MONIBAS_0280vwx0035ra,2,0,92.0,,92.0,
RWS01_MONIBAS_0581hrl0589ra,4,0,69.5,,74.0,
RWS01_MONICA_00D00408E04100200007,8,0,42.2,,59.0,
RWS01_MONIBAS_0500vwd2113ra,8,0,-1.0,,-1.0,
RWS01_MONIBAS_0011hrl0748ra,16,0,93.92375,,123.0,
RWS01_MONIBAS_0020vwc0942ra,2,0,80.0,,80.0,
RWS01_MONIBAS_0271hrr0029ra,4,0,-1.0,,-1.0,
RWS01_MONICA_00D0090AE82D90200005,8,0,-1.0,,-1.0,
RWS01_MONIBAS_0121hrl1196ra,6,0,103.66666666666667,,112.0,
RWS01_MONICA_00D0010D2405D007000B,8,0,90.805,,97.0,
RWS01_MONIBAS_0041hrr0221ra,6,0,87.33333333333333,,95.0,
RWS01_MONICA_00D0090AE82D90200009,8,0,-1.0,,-1.0,
RWS01_MONIBAS_0011hrr0778ra,16,0,80.69875,,101.0,
RWS01_MONICA_00D01C001414B8200087,8,0,56.167500000000004,,77.0,
RWS01_MONIBAS_0071hrl1985ra,8,0,79.0,,91.0,
RWS01_MONIBAS_0121hrr1463ra,6,0,64.0,,98.0,
RWS01_MONIBAS_0121hrl0342ra,8,0,102.0,,111.0,
RWS01_MONIBAS_0091hrr0348ra,6,0,91.33333333333333,,98.0,
RWS01_MONIBAS_0061hrl0568ra,4,0,114.0,,121.0,
RWS01_MONICA_00D00C14E440D0070007,8,0,-1.0,,-1.0,
RWS01_MONIBAS_0100vwd0146ra,2,0,59.0,,59.0,
RWS01_MONIBAS_0071hrr0063ra,6,0,18.0,,20.0,
RWS01_MONIBAS_0770vwc0047ra,8,0,31.5,,64.0,
RWS01_MONIBAS_0091hrr0085ra,4,0,93.0,,104.0,
RWS01_MONIBAS_0101hrr0239ra,8,0,71.5,,79.0,
RWS01_MONIBAS_0020vwm1569ra,4,0,83.5,,89.0,
RWS01_MONIBAS_0301hrr0097ra,24,0,53.846666666666664,,99.0,
RWS01_MONIBAS_0151hrl0326ra,4,0,102.5,,103.0,
RWS01_MONIBAS_0011hrr0658ra,16,0,-1.0,,-1.0,
RWS01_MONICA_10D00402B00000200007,2,0,94.0,,94.0,
RWS01_MONIBAS_0291hrr0158ra,4,0,49.0,,99.0,
RWS01_MONIBAS_0151hrl0699ra,4,0,97.0,,106.0,
RWS01_MONICA_00D00C14E440D007000B,8,0,-1.0,,-1.0,
RWS01_MONIBAS_0760vwv0031ra,2,0,47.0,,47.0,
RWS01_MONICA_00D00F06C41408200007,8,0,53.5275,,78.0,
RWS01_MONIBAS_0010vwp0080ra,2,0,94.0,,94.0,
RWS01_MONIBAS_0040vwn0105ra,4,0,94.0,,99.0,
RWS01_MONICA_00D00408A800D007000B,8,0,73.5,,75.0,
RWS01_MONICA_00D002194C0560200007,8,0,33.5225,,52.0,
RWS01_MONIBAS_0020vwn0344ra_1,24,0,52.25,,99.0,
RWS01_MONIBAS_0121hrl1076ra,8,0,95.75,,104.0,
RWS01_MONIBAS_0300vwd0196ra,8,0,-1.0,,-1.0,
RWS01_MONIBAS_0131hrr0067ra,8,0,45.75,,75.0,
RWS01_MONIBAS_0091hrl0539ra,6,0,73.33333333333333,,119.0,
RWS01_MONIBAS_0271hrr0016ra,2,0,76.0,,76.0,
RWS01_MONICA_00D009060000D0050005,8,0,83.6575,,114.0,
RWS01_MONIBAS_0021hrl0763ra,10,0,86.6,,121.0,
RWS01_MONIBAS_0351hrr0537ra,6,0,84.0,,91.0,
RWS01_MONICA_00D009060000D0050009,8,0,76.135,,105.0,
RWS01_MONICA_00D01C1F5055D0070007,8,0,83.75,,86.0,
RWS01_MONICA_10D00A003C0AD0070007,2,0,108.0,,108.0,
RWS01_MONICA_10D00A003C0AD007000B,2,0,97.0,,97.0,
RWS01_MONICA_00D009060000D005000D,8,0,90.8325,,98.0,
RWS01_MONIBAS_0200vwt0288ra,2,0,67.0,,67.0,
RWS01_MONIBAS_0220vwq0124ra,4,0,94.5,,103.0,
RWS01_MONIBAS_0020vwn1146ra,6,0,21.666666666666668,,54.0,
RWS01_MONIBAS_0281hrl1046ra,6,0,93.66666666666667,,100.0,
RWS01_MONICA_10D00A003C0AD007000F,2,0,91.0,,91.0,
RWS01_MONICA_00D002194C056020000B,8,0,53.515,,63.0,
RWS01_MONICA_00D00218F04668200005,8,0,70.7925,,96.0,
RWS01_MONICA_00D01C10800008200007,8,0,42.5,,86.0,
RWS01_MONIBAS_0021hrr0674ra,8,0,28.75,,34.0,
RWS01_MONICA_00D00218F04668200009,8,0,88.2925,,93.0,
RWS01_MONIBAS_0281hrr1077ra,6,0,98.66666666666667,,105.0,
RWS01_MONIBAS_0131hrr0054ra,6,0,26.333333333333332,,33.0,
RWS01_MONIBAS_0151hrr0211ra,4,0,51.5,,104.0,
RWS01_MONIBAS_0021hrr0421ra,10,0,98.4,,104.0,
RWS01_MONICA_00D00205D404D0050009,8,0,-1.0,,-1.0,
RWS01_MONICA_00D0010E485AD005000D,8,0,-1.0,,-1.0,
RWS01_MONICA_00D00205D404D0050005,8,0,54.5,,110.0,
RWS01_MONIBAS_0041hrl0706ra,12,0,96.5,,112.0,
RWS01_MONIBAS_0011hrr1090ra,6,0,106.66666666666667,,120.0,
RWS01_MONIBAS_0160vwb0199ra,4,0,75.0,,79.0,
RWS01_MONICA_00D002233046D0070187,8,0,81.3125,,83.0,
RWS01_MONICA_00D0010E485AD0050009,8,0,84.85249999999999,,117.0,
RWS01_MONIBAS_0131hrr0187ra,4,0,75.5,,78.0,
RWS01_MONIBAS_0021hrr0541ra,10,0,59.8,,76.0,
RWS01_MONICA_00D0021AC030D0050005,8,0,76.3025,,104.0,
RWS01_MONICA_00D0010E485AD0050005,8,0,92.3,,130.0,
RWS01_MONIBAS_0141hrl0124ra,4,0,72.0,,76.0,
RWS01_MONICA_00D0021AC030D0050009,8,0,84.21000000000001,,87.0,
RWS01_MONICA_00D03217204648200187,8,0,-1.0,,-1.0,
RWS01_MONICA_00D00205D404D005000D,8,0,47.5,,96.0,
RWS01_MONICA_00D04305E05DD0050009,8,0,-1.0,,-1.0,
RWS01_MONIBAS_0281hrl1789ra,16,0,-1.0,,-1.0,
RWS01_MONIBAS_0501hrl1947ra,6,0,106.33333333333333,,132.0,
RWS01_MONIBAS_0100vwp0296ra,4,0,65.0,,66.0,
RWS01_MONICA_00D00205D404D0050011,8,0,66.2075,,90.0,
RWS01_MONICA_00D04305E05DD0050005,8,0,-1.0,,-1.0,
RWS01_MONIBAS_0280vwb0513ra,8,0,38.0,,77.0,
RWS01_MONIBAS_0041hrr0247ra,6,0,84.0,,92.0,
RWS01_MONIBAS_0020vwn1120ra,4,0,5.5,,6.0,
RWS01_MONIBAS_0060vwn0581ra,4,0,47.5,,96.0,
RWS01_MONIBAS_0161hrl0595ra,8,0,-1.0,,-1.0,
RWS01_MONIBAS_0501hrl1671ra,6,0,67.66666666666667,,75.0,
RWS01_MONIBAS_0581hrl0706ra,2,0,87.0,,87.0,
RWS01_MONIBAS_0131hrr0174ra,6,0,77.0,,80.0,
RWS01_MONIBAS_0021hrr0554ra,14,0,22.428571428571427,,74.0,
RWS01_MONICA_00D009054414D007000B,8,0,75.525,,102.0,
RWS01_MONIBAS_0010vwq0071ra,2,0,-1.0,,-1.0,
RWS01_MONIBAS_0071hrr0236ra_1,16,0,72.56625,,104.0,
RWS01_MONICA_00D009054414D007000F,8,0,97.77250000000001,,104.0,
RWS01_MONIBAS_0160vwb0066ra,2,0,73.0,,73.0,
RWS01_MONIBAS_0161hrl0222ra,6,0,56.666666666666664,,85.0,
RWS01_MONIBAS_0070vwd2129ra,8,0,2.5,,6.0,
RWS01_MONIBAS_0271hrl0238ra,4,0,104.5,,109.0,
RWS01_MONICA_00D00909F004D0070187,8,0,-1.0,,-1.0,
RWS01_MONIBAS_0121hrr0515ra,8,0,68.75,,98.0,
RWS01_MONICA_00D009054414D0070007,8,0,86.0,,115.0,
RWS01_MONIBAS_0161hrl0582ra,6,0,103.0,,111.0,
RWS01_MONIBAS_0010vwp0093ra,2,0,100.0,,100.0,
RWS01_MONIBAS_0670vwa0580ra,8,0,59.5625,,82.0,
RWS01_MONIBAS_0020vwn1636ra,4,0,26.0,,28.0,
RWS01_MONIBAS_0070vwd0108ra,2,0,38.0,,38.0,
RWS01_MONIBAS_0021hrr1048ra,6,0,99.66666666666667,,110.0,
RWS01_MONICA_00D002231428D0070187,8,0,84.57,,87.0,
RWS01_MONIBAS_0151hrr0224ra,4,0,108.5,,117.0,
RWS01_MONICA_00D01B0D681418200005,8,0,81.9,,84.0,
RWS01_MONIBAS_0121hrr0875ra,6,0,53.666666666666664,,90.0,
RWS01_MONIBAS_0091hrr0098ra,4,0,98.0,,108.0,
RWS01_MONIBAS_0071hrr2004ra,4,0,82.5,,85.0,
RWS01_MONICA_00D001010855D0050009,8,0,100.725,,106.0,
RWS01_MONIBAS_4341hrr0057ra,4,0,49.0,,54.0,
RWS01_MONICA_00D00F09043C68200005,8,0,91.74,,97.0,
RWS01_MONICA_00D001010855D0050005,8,0,83.9,,114.0,
RWS01_MONICA_10D00401544460200007,2,0,-1.0,,-1.0,
RWS01_MONIBAS_0011hrr1340ra,6,0,111.33333333333333,,126.0,
RWS01_MONICA_10D0040154446020000B,2,0,-1.0,,-1.0,
RWS01_MONICA_00D001010855D005000D,8,0,91.965,,97.0,
RWS01_MONIBAS_0021hrr1288ra,6,0,104.33333333333333,,119.0,
RWS01_MONIBAS_0281hrr0369ra,4,0,101.0,,104.0,
RWS01_MONIBAS_0161hrl0488ra,6,0,103.33333333333333,,118.0,
RWS01_MONIBAS_0761hrr0066ra,4,0,98.0,,104.0,
RWS01_MONIBAS_0101hrl0208ra,10,0,33.0,,36.0,
RWS01_MONICA_00D01C001414B820000B,8,0,65.75,,88.0,
RWS01_MONIBAS_0041hrr0487ra,6,0,54.0,,60.0,
RWS01_MONICA_00D02000EC00D0050005,8,0,-1.0,,-1.0,
RWS01_MONICA_00D01C001414B8200007,8,0,41.5,,84.0,
RWS01_MONIBAS_0150vwy0548ra,4,0,43.5,,58.0,
RWS01_MONIBAS_3251hrr0193ra,4,0,64.5,,75.0,
RWS01_MONICA_00D02000EC00D0050009,8,0,-1.0,,-1.0,
RWS01_MONICA_00D001010855D0050011,8,0,71.715,,97.0,
RWS01_MONIBAS_0201hrl0240ra,4,0,101.0,,104.0,
RWS01_MONIBAS_0270vwf0012ra,2,0,38.0,,38.0,
RWS01_MONIBAS_3251hrr0216ra,4,0,8.5,,11.0,
RWS01_MONIBAS_0010vwq0107ra,4,0,-1.0,,-1.0,
RWS01_MONIBAS_0071hrl0152ra,4,0,100.0,,100.0,
RWS01_MONIBAS_0041hrr0101ra,8,0,89.75,,103.0,
RWS01_MONIBAS_0151hrl1537ra,6,0,68.66666666666667,,115.0,
RWS01_MONIBAS_0201hrl0120ra,6,0,94.66666666666667,,117.0,
RWS01_MONIBAS_0091hrl0490ra,6,0,101.66666666666667,,113.0,
RWS01_MONIBAS_0281hrl0948ra,8,0,65.0,,92.0,
RWS01_MONIBAS_0281hrl1020ra,6,0,90.66666666666667,,102.0,
RWS01_MONIBAS_0021hrr1168ra,4,0,102.0,,109.0,
RWS01_MONIBAS_0040vwm0354ra,6,0,80.0,,84.0,
RWS01_MONIBAS_0581hrr0443ra,4,0,75.5,,80.0,
RWS01_MONIBAS_0021hrr1022ra,6,0,99.0,,108.0,
RWS01_MONIBAS_0040vwn0728ra,4,0,55.5,,61.0,
RWS01_MONIBAS_0060vwn0604ra,4,0,100.5,,106.0,
RWS01_MONIBAS_0501hrl0976ra,4,0,101.0,,108.0,
RWS01_MONIBAS_0321hrr0685ra,16,0,67.73125,,117.0,
RWS01_MONICA_00D00218F04668200011,8,0,85.735,,89.0,
RWS01_MONICA_00D00212405A68200009,8,0,82.5825,,89.0,
RWS01_MONICA_00D01C11685A18200005,8,0,47.0,,95.0,
RWS01_MONICA_00D0021240050020000B,8,0,67.345,,80.0,
RWS01_MONICA_00D00212405A68200005,8,0,47.5,,96.0,
RWS01_MONIBAS_0201hrl0373ra,10,0,84.4,,102.0,
RWS01_MONIBAS_0011hrr0632ra,24,0,67.44166666666666,,107.0,
RWS01_MONICA_00D00212400500200007,8,0,41.0,,83.0,
RWS01_MONICA_00D00218F0466820000D,8,0,83.405,,85.0,
RWS01_MONIBAS_0141hrl0137ra,4,0,72.5,,74.0,
RWS01_MONIBAS_0161hrl0342ra,4,0,92.5,,105.0,
RWS01_MONIBAS_0091hrl0500ra,4,0,-1.0,,-1.0,
RWS01_MONICA_00D00219C45420200007,8,0,55.4,,79.0,
RWS01_MONICA_00D002113405D007000B,8,0,69.32,,94.0,
RWS01_MONICA_00D01406DC00D0070007,8,0,53.75,,72.0,
RWS01_MONICA_00D01406DC00D007000B,8,0,66.095,,67.0,
RWS01_MONIBAS_0010vwc0287ra,2,0,46.0,,46.0,
RWS01_MONICA_00D002113405D0070007,8,0,65.5825,,91.0,
RWS01_MONICA_00D04F00283CD0070007,8,0,53.5,,108.0,
RWS01_MONIBAS_0121hrr0387ra,8,0,104.75,,120.0,
RWS01_MONIBAS_0121hrr0134ra,6,0,105.33333333333333,,113.0,
RWS01_MONIBAS_0101hrl0326ra,4,0,77.0,,86.0,
RWS01_MONIBAS_0161hrr0287ra,12,0,101.0,,111.0,
RWS01_MONICA_00D04F00283CD007000B,8,0,98.455,,102.0,
RWS01_MONIBAS_0101hrl0326rb,6,0,9.333333333333334,,19.0,
RWS01_MONIBAS_0350vwu0523ra,4,0,81.5,,85.0,
RWS01_MONICA_00D010018C3CD0070307,8,0,66.295,,92.0,
RWS01_MONIBAS_0271hrl0126ra,4,0,100.5,,105.0,
RWS01_MONICA_00D002113405D007000F,8,0,72.675,,76.0,
RWS01_MONIBAS_0011hrr0159ra,8,0,102.75,,111.0,
RWS01_MONICA_00D01B0F1005D0070007,8,0,34.25,,46.0,
RWS01_MONICA_00D01403540F08200007,8,0,39.0,,79.0,
RWS01_MONIBAS_0091hrl0651ra,6,0,107.33333333333333,,118.0,
RWS01_MONICA_00D0010E485AD0050085,8,0,69.5575,,100.0,
RWS01_MONIBAS_0040vwm0717ra,4,0,21.5,,24.0,
RWS01_MONIBAS_0151hrr0358ra,4,0,103.0,,107.0,
RWS01_MONICA_00D01F0BC841D0050009,8,0,65.89,,91.0,
RWS01_MONICA_00D01F0BC841D0050005,8,0,73.035,,102.0,
RWS01_MONICA_00D01B0F1005D007000B,8,0,35.480000000000004,,36.0,
RWS01_MONIBAS_0121hrr0539ra_1,32,0,65.10125,,111.0,
RWS01_MONIBAS_0351hrl0490ra,16,0,74.08125,,105.0,
RWS01_MONICA_00D00F041050D0070007,8,0,54.5,,110.0,
RWS01_MONICA_10D002060C00D0070017,2,0,87.0,,87.0,
RWS01_MONIBAS_0581hrr0589ra,4,0,87.0,,94.0,
RWS01_MONICA_10D002060C00D0070013,2,0,94.0,,94.0,
RWS01_MONICA_00D00F041050D007000B,8,0,94.125,,105.0,
RWS01_MONIBAS_0281hrl0175ra,8,0,106.75,,124.0,
RWS01_MONIBAS_0021hrr2245ra,6,0,89.33333333333333,,95.0,
RWS01_MONICA_00D00F041C1E10200005,8,0,45.0,,91.0,
RWS01_MONIBAS_0161hrr0537ra,8,0,89.75,,109.0,
RWS01_MONICA_00D01B012000D007000B,8,0,89.325,,99.0,
RWS01_MONICA_00D03220440060200007,8,0,-1.0,,-1.0,
RWS01_MONICA_00D01402483CD0050009,8,0,84.1575,,93.0,
RWS01_MONIBAS_0020vwn1632ra,4,0,52.5,,53.0,
RWS01_MONIBAS_0201hrl0375ra,6,0,92.66666666666667,,102.0,
RWS01_MONIBAS_0071hrr1873ra,16,0,-1.0,,-1.0,
RWS01_MONICA_00D01402483CD0050005,8,0,84.235,,113.0,
RWS01_MONICA_00D01B012000D0070007,8,0,52.0,,105.0,
RWS01_MONIBAS_0091hrr0079ra,4,0,100.5,,111.0,
RWS01_MONIBAS_0271hrl0139ra,4,0,102.0,,109.0,
RWS01_MONIBAS_0160vwy0239ra,6,0,76.33333333333333,,91.0,
RWS01_MONICA_10D007166832D0050005,2,0,103.0,,103.0,
RWS01_MONIBAS_0351hrr0542ra,6,0,88.33333333333333,,97.0,
RWS01_MONIBAS_0731hrl0282ra,4,0,99.0,,106.0,
RWS01_MONICA_10D007166832D0050009,2,0,82.0,,82.0,
RWS01_MONIBAS_0091hrl0411ra,6,0,104.33333333333333,,115.0,
RWS01_MONICA_00D00F069423D0050009,8,0,67.7,,95.0,
RWS01_MONICA_00D0010F041ED0050011,8,0,86.5,,94.0,
RWS01_MONICA_00D00F069423D0050005,8,0,75.305,,107.0,
RWS01_MONICA_00D04911CC0AD0070007,8,0,73.8225,,81.0,
RWS01_MONIBAS_0021hrl1645ra,6,0,56.333333333333336,,64.0,
RWS01_MONIBAS_0101hrl0170ra,10,0,77.4,,91.0,
RWS01_MONIBAS_0150vwm1547ra,6,0,46.0,,71.0,
RWS01_MONICA_00D00100B85ED0070007,8,0,75.0,,105.0,
RWS01_MONIBAS_0280vwc1207ra,8,0,60.875,,84.0,
RWS01_MONIBAS_0270vwf0016ra,2,0,91.0,,91.0,
RWS01_MONICA_00D00100B85ED007000B,8,0,66.78999999999999,,91.0,
RWS01_MONIBAS_0021hrr1750ra,6,0,27.666666666666668,,48.0,
RWS01_MONIBAS_0671hrr0180ra,8,0,95.25,,101.0,
RWS01_MONIBAS_0020vwm0359ra,4,0,95.0,,97.0,
RWS01_MONICA_00D00100B85ED007000F,8,0,76.055,,81.0,
RWS01_MONIBAS_0141hrl0119ra,4,0,79.0,,90.0,
RWS01_MONIBAS_0221hrl0110ra,4,0,102.0,,116.0,
RWS01_MONICA_00D00205B400D0050009,8,0,50.5,,102.0,
RWS01_MONIBAS_0021hrl1885ra,16,0,75.52250000000001,,111.0,
RWS01_MONIBAS_0161hrr0524ra,8,0,93.75,,103.0,
RWS01_MONIBAS_0101hrl0290ra,6,0,57.0,,87.0,
RWS01_MONICA_00D00205B400D005000D,8,0,91.375,,96.0,
RWS01_MONIBAS_0731hrl0162ra,4,0,95.5,,103.0,
RWS01_MONIBAS_0121hrl0598ra,6,0,5.0,,9.0,
RWS01_MONIBAS_0020vwd0331ra,2,0,117.0,,117.0,
RWS01_MONIBAS_0060vwm0509ra,4,0,102.5,,111.0,
RWS01_MONICA_00D00205B400D0050005,8,0,54.0,,109.0,
RWS01_MONIBAS_0101hrl0300rb,4,0,17.5,,36.0,
RWS01_MONICA_00D01B0F1005D0070087,8,0,23.5175,,33.0,
RWS01_MONIBAS_0101hrl0300ra,4,0,22.0,,45.0,
RWS01_MONIBAS_0010vwp0099ra,2,0,104.0,,104.0,
RWS01_MONICA_00D0010F041ED005000D,8,0,96.25,,101.0,
RWS01_MONIBAS_0011hrl1172ra,6,0,109.33333333333333,,124.0,
RWS01_MONIBAS_0151hrr0332ra,4,0,97.0,,104.0,
RWS01_MONIBAS_0280vwy0276ra,2,0,95.0,,95.0,
RWS01_MONIBAS_0010vwp0099rb,6,0,106.0,,114.0,
RWS01_MONICA_00D00219C4542020000B,8,0,73.725,,74.0,
RWS01_MONICA_00D0010F041ED0050005,8,0,60.5,,122.0,
RWS01_MONICA_00D0010F041ED0050009,8,0,107.25,,113.0,
RWS01_MONIBAS_0501hrr2073ra,4,0,100.0,,116.0,
RWS01_MONICA_00D0010E005FD005000D,8,0,99.3325,,111.0,
RWS01_MONIBAS_0151hrr0848ra,4,0,13.5,,15.0,
RWS01_MONIBAS_0731hrl1121ra,16,0,22.37625,,32.0,
RWS01_MONICA_00D0010E005FD0050009,8,0,55.5,,112.0,
RWS01_MONICA_00D01401C832D0050009,8,0,79.125,,81.0,
RWS01_MONIBAS_0011hrl1315ra,6,0,113.33333333333333,,121.0,
RWS01_MONIBAS_0051hrl0137ra,4,0,-1.0,,-1.0,
RWS01_MONIBAS_0011hrr0516ra,6,0,86.0,,90.0,
RWS01_MONICA_00D01401C832D0050005,8,0,68.44,,94.0,
RWS01_MONICA_00D01B0B0C0FD0070087,8,0,87.76,,91.0,
RWS01_MONIBAS_0121hrl0608ra,6,0,38.333333333333336,,42.0,
RWS01_MONIBAS_0241hrl0048ra,6,0,101.33333333333333,,107.0,
RWS01_MONIBAS_0171hrl0304ra,4,0,20.5,,30.0,
RWS01_MONIBAS_0071hrr1980ra,8,0,79.75,,85.0,
RWS01_MONICA_00D01009A43238200009,8,0,-1.0,,-1.0,
RWS01_MONIBAS_0151hrl0449ra,6,0,66.0,,107.0,
RWS01_MONIBAS_0121hrr1119ra,6,0,30.666666666666668,,35.0,
RWS01_MONICA_00D01009A43238200005,8,0,-1.0,,-1.0,
RWS01_MONIBAS_0040vwf0697ra,4,0,97.0,,104.0,
RWS01_MONICA_01D14600D414D0050085,8,0,-1.0,,-1.0,
RWS01_MONIBAS_0201hrr0427ra,6,0,12.0,,25.0,
RWS01_MONICA_00D009012800D007000B,8,0,-1.0,,-1.0,
RWS01_MONIBAS_0121hrl1423ra,4,0,104.5,,109.0,
RWS01_MONICA_00D009012800D0070007,8,0,-1.0,,-1.0,
RWS01_MONICA_00D03B0FFC4BD0050005,8,0,68.425,,93.0,
RWS01_MONICA_00D0010E005FD0050005,8,0,60.0,,121.0,
RWS01_MONIBAS_0010vwd0548ra,6,0,10.333333333333334,,24.0,
RWS01_MONIBAS_0090vwp0047ra,4,0,-1.0,,-1.0,
RWS01_MONIBAS_0021hrl0549ra,12,0,96.16666666666667,,100.0,
RWS01_MONICA_00D03B0FFC4BD0050009,8,0,83.25,,88.0,
RWS01_MONICA_00D03A054405D007000B,8,0,49.0,,99.0,
RWS01_MONICA_00D0071FEC02D0050005,8,0,71.9175,,98.0,
RWS01_MONIBAS_0671hrl0284ra,4,0,96.5,,104.0,
RWS01_MONIBAS_0591hrr1001ra,16,0,12.0,,22.0,
RWS01_MONICA_00D0071FEC02D0050009,8,0,43.0,,87.0,
RWS01_MONICA_00D01009E805D0070007,8,0,57.5,,116.0,
RWS01_MONIBAS_0291hrr0143ra,6,0,101.33333333333333,,111.0,
RWS01_MONICA_00D1B200C428D0050005,8,0,48.5,,98.0,
RWS01_MONICA_00D03A054405D0070007,8,0,85.515,,90.0,
RWS01_MONIBAS_0060vwq0426ra,4,0,-1.0,,-1.0,
RWS01_MONICA_00D002129046D007000B,8,0,72.605,,102.0,
RWS01_MONIBAS_0051hrr0140ra,6,0,101.33333333333333,,108.0,
RWS01_MONICA_00D002129046D007000F,8,0,85.51,,87.0,
RWS01_MONIBAS_0280vwa0631ra,8,0,39.5,,80.0,
RWS01_MONICA_00D0100B1032D007000B,8,0,88.1325,,97.0,
RWS01_MONICA_00D002129046D0070007,8,0,58.0,,117.0,
RWS01_MONIBAS_0130vwq0038ra,2,0,82.0,,82.0,
RWS01_MONIBAS_0201hrr0284ra,8,0,76.5,,80.0,
RWS01_MONIBAS_0271hrr0048ra,4,0,104.0,,109.0,
RWS01_MONICA_00D1B200C428D0050009,8,0,81.35249999999999,,84.0,
RWS01_MONICA_00D01009E805D007000B,8,0,75.5975,,106.0,
RWS01_MONICA_00D01009E805D007000F,8,0,86.9075,,92.0,
RWS01_MONIBAS_4341hrl0049ra,4,0,90.5,,98.0,
RWS01_MONICA_00D00906C40C10200005,8,0,45.5,,92.0,
RWS01_MONIBAS_0011hrr0373ra,8,0,109.75,,132.0,
RWS01_MONICA_00D0100B1032D0070007,8,0,49.5,,100.0,
RWS01_MONIBAS_0161hrr0404ra,6,0,57.333333333333336,,59.0,
RWS01_MONIBAS_0071hrr0172ra,4,0,86.5,,90.0,
RWS01_MONIBAS_0061hrl0466ra,4,0,104.0,,110.0,
RWS01_MONICA_00D04911CC0AD0070087,8,0,49.0,,99.0,
RWS01_MONIBAS_0281hrr0824ra,4,0,18.5,,20.0,
RWS01_MONIBAS_0161hrr0141ra,4,0,77.5,,81.0,
RWS01_MONIBAS_0011hrr0266ra,6,0,96.33333333333333,,108.0,
RWS01_MONIBAS_0021hrr1789ra,16,0,-1.0,,-1.0,
RWS01_MONIBAS_0121hrl0572ra,4,0,-1.0,,-1.0,
RWS01_MONIBAS_0071hrr0315ra,4,0,102.5,,107.0,
RWS01_MONICA_00D04911CC0AD007008B,8,0,84.5875,,86.0,
RWS01_MONIBAS_0021hrl2460ra,16,0,81.87375,,100.0,
RWS01_MONIBAS_0060vwp0446ra,4,0,113.5,,122.0,
RWS01_MONIBAS_0021hrr1656ra,6,0,99.0,,109.0,
RWS01_MONIBAS_0281hrl0282rb,4,0,101.0,,104.0,
RWS01_MONIBAS_0021hrl0403ra,10,0,97.8,,105.0,
RWS01_MONIBAS_0281hrl0282ra,4,0,105.0,,110.0,
RWS01_MONIBAS_0010vwm0879ra,2,0,93.0,,93.0,
RWS01_MONIBAS_0121hrr0027ra,4,0,73.5,,79.0,
RWS01_MONIBAS_0011hrr1118ra,6,0,97.33333333333333,,107.0,
RWS01_MONIBAS_0011hrr0529ra,6,0,17.666666666666668,,22.0,
RWS01_MONIBAS_0101hrr0092ra,6,0,95.0,,112.0,
RWS01_MONIBAS_0011hrr0529rb,24,0,-1.0,,-1.0,
RWS01_MONIBAS_0201hrr0391ra,6,0,22.333333333333332,,29.0,
RWS01_MONIBAS_0020vwm1651ra,4,0,-1.0,,-1.0,
RWS01_MONIBAS_0021hrl1257ra,6,0,53.333333333333336,,57.0,
RWS01_MONIBAS_0120vwf1290ra,6,0,73.66666666666667,,81.0,
RWS01_MONIBAS_0151hrl0186ra,6,0,22.666666666666668,,70.0,
RWS01_MONIBAS_0281hrr2001ra,4,0,73.0,,82.0,
RWS01_MONIBAS_0141hrr0122ra,4,0,71.0,,75.0,
RWS01_MONICA_00D00108684BD0050009,8,0,-1.0,,-1.0,
RWS01_MONIBAS_0150vws0507ra,2,0,-1.0,,-1.0,
RWS01_MONIBAS_0021hrl1137ra,4,0,9.0,,11.0,
RWS01_MONIBAS_0020vwh0644ra,2,0,88.0,,88.0,
RWS01_MONIBAS_0020vwh0644rb,6,0,64.33333333333333,,97.0,
RWS01_MONIBAS_0761hrl0159ra,4,0,91.5,,95.0,
RWS01_MONICA_01D02400B84918200005,8,0,-1.0,,-1.0,
RWS01_MONIBAS_0271hrr0035ra,4,0,106.0,,114.0,
RWS01_MONIBAS_0020vwr1216ra,2,0,90.0,,90.0,
RWS01_MONIBAS_0121hrl0835ra,6,0,103.66666666666667,,115.0,
RWS01_MONICA_00D00205B400D0050085,8,0,45.0,,91.0,
RWS01_MONICA_00D00108684BD0050005,8,0,-1.0,,-1.0,
RWS01_MONICA_00D0430B8C4610200005,8,0,40.0,,81.0,
RWS01_MONIBAS_0011hrr0133ra,10,0,100.6,,112.0,
RWS01_MONIBAS_0151hrr0835ra,6,0,19.666666666666668,,24.0,
RWS01_MONIBAS_0120vwe0624ra,6,0,28.0,,86.0,
RWS01_MONIBAS_0671hrl0297ra,4,0,91.0,,94.0,
RWS01_MONIBAS_0120vwy0579ra,4,0,25.5,,27.0,
RWS01_MONICA_00D01B0B0C0FD0070007,8,0,83.955,,114.0,
RWS01_MONIBAS_0090vwr0115ra,4,0,82.5,,86.0,
RWS01_MONICA_00D01B0B0C0FD007000B,8,0,75.48,,102.0,
RWS01_MONIBAS_0161hrr0274ra,10,0,103.2,,139.0,
RWS01_MONIBAS_0091hrr0663ra,6,0,100.0,,108.0,
RWS01_MONIBAS_0070vwc1401ra,8,0,42.125,,60.0,
RWS01_MONIBAS_0151hrr0821ra,6,0,15.0,,20.0,
RWS01_MONIBAS_0011hrr1410ra_1,8,0,67.455,,95.0,
RWS01_MONIBAS_0011hrl0847ra,6,0,110.33333333333333,,125.0,
RWS01_MONIBAS_0021hrl0522ra,10,0,95.8,,100.0,
RWS01_MONIBAS_0121hrr1190ra,6,0,84.66666666666667,,98.0,
RWS01_MONIBAS_0121hrl0691ra,8,0,105.0,,120.0,
RWS01_MONIBAS_0081hrl0071ra,4,0,-1.0,,-1.0,
RWS01_MONIBAS_0021hrr1417ra,8,0,100.25,,113.0,
RWS01_MONIBAS_0071hrl0275ra,4,0,109.0,,115.0,
RWS01_MONICA_10D00F05985A08200007,2,0,81.0,,81.0,
RWS01_MONIBAS_0350vwa0478ra,8,0,-1.0,,-1.0,
RWS01_MONICA_00D0010DB00548200007,8,0,44.072500000000005,,65.0,
RWS01_MONIBAS_0501hrl0973ra,4,0,100.0,,108.0,
RWS01_MONIBAS_0021hrl0918ra,6,0,106.33333333333333,,112.0,
RWS01_MONIBAS_0150vwy0523ra,6,0,93.0,,95.0,
RWS01_MONIBAS_0021hrr1154ra,4,0,105.5,,112.0,
RWS01_MONICA_00D00F06F436C0200005,8,0,64.125,,90.0,
RWS01_MONIBAS_0761hrr0069ra,16,0,69.38125,,98.0,
RWS01_MONICA_00D020010841D0070307,8,0,65.25,,92.0,
RWS01_MONIBAS_0151hrr0701ra,6,0,97.33333333333333,,109.0,
RWS01_MONIBAS_0321hrl0079ra,4,0,99.0,,104.0,
RWS01_MONICA_00D00F055018D0050005,8,0,54.5,,110.0,
RWS01_MONIBAS_0121hrr1213ra,4,0,44.0,,49.0,
RWS01_MONIBAS_0151hrl0543ra,6,0,65.66666666666667,,105.0,
RWS01_MONICA_00D00F055018D0050009,8,0,90.9425,,105.0,
RWS01_MONICA_00D0090AD030D007008B,8,0,-1.0,,-1.0,
RWS01_MONICA_00D00F073C18C0200009,8,0,57.5,,116.0,
RWS01_MONICA_00D00106104B00200007,8,0,63.8925,,67.0,
RWS01_MONIBAS_0071hrl0142ra,6,0,103.33333333333333,,106.0,
RWS01_MONIBAS_0070vwd2148ra,8,0,-1.0,,-1.0,
RWS01_MONICA_00D0090AD030D0070087,8,0,-1.0,,-1.0,
RWS01_MONICA_00D00F073C18C0200005,8,0,60.0,,121.0,
RWS01_MONIBAS_0461hrl0038ra,4,0,89.5,,101.0,
RWS01_MONICA_00D0010D205FD0050005,8,0,59.0,,119.0,
RWS01_MONICA_00D0010D205FD0050009,8,0,54.0,,109.0,
RWS01_MONIBAS_0121hrr1070ra,8,0,91.75,,101.0,
RWS01_MONICA_00D00209D84060200187,8,0,-1.0,,-1.0,
RWS01_MONICA_00D0010D205FD005000D,8,0,93.14750000000001,,100.0,
RWS01_MONICA_00D00907A04ED007000B,8,0,65.94,,91.0,
RWS01_MONIBAS_0121hrl0701ra,8,0,99.75,,112.0,
RWS01_MONIBAS_0271hrl0975ra,4,0,101.5,,107.0,
RWS01_MONIBAS_0500vwm1480ra,2,0,70.0,,70.0,
RWS01_MONICA_00D01407200AD0050009,8,0,36.5,,49.0,
RWS01_MONIBAS_0041hrr0331ra,6,0,20.0,,23.0,
RWS01_MONICA_00D01407200AD0050005,8,0,40.25,,54.0,
RWS01_MONIBAS_0011hrl0464ra,4,0,92.5,,99.0,
RWS01_MONICA_00D014026C50D0050009,8,0,70.1325,,99.0,
RWS01_MONICA_00D0321E4C00D0050185,8,0,63.417500000000004,,86.0,
RWS01_MONICA_00D014026C50D0050005,8,0,64.0,,129.0,
RWS01_MONIBAS_0021hrl0905ra,6,0,114.0,,131.0,
RWS01_MONICA_00D00907A04ED0070007,8,0,50.5,,102.0,
RWS01_MONICA_00D00C144C55D005000D,8,0,58.8825,,80.0,
RWS01_MONIBAS_0121hrl1173ra,6,0,106.33333333333333,,117.0,
RWS01_MONICA_00D0010E9C5FD0050011,8,0,87.7825,,95.0,
RWS01_MONIBAS_0281hrl1134ra,6,0,91.33333333333333,,101.0,
RWS01_MONIBAS_0041hrr0727ra,4,0,34.0,,36.0,
RWS01_MONIBAS_0091hrl0295ra,6,0,96.33333333333333,,103.0,
RWS01_MONIBAS_0160vwm0385ra,2,0,-1.0,,-1.0,
RWS01_MONIBAS_0201hrr0298ra,8,0,77.75,,82.0,
RWS01_MONIBAS_0021hrl2354ra,6,0,90.33333333333333,,100.0,
RWS01_MONICA_10D0040B680668200005,2,0,50.0,,50.0,
RWS01_MONIBAS_0280vwa1113ra,2,0,63.0,,63.0,
RWS01_MONIBAS_0070vwa1930ra,8,0,-1.0,,-1.0,
RWS01_MONICA_10D0040B680668200009,2,0,35.0,,35.0,
RWS01_MONIBAS_0091hrr0423ra,8,0,39.0,,63.0,
RWS01_MONIBAS_0021hrr1404ra,6,0,105.66666666666667,,117.0,
RWS01_MONICA_00D0010E2432D0050009,8,0,109.6675,,119.0,
RWS01_MONIBAS_0121hrl0452ra,8,0,44.0,,50.0,
RWS01_MONICA_00D0010E9C5FD0050005,8,0,63.5,,128.0,
RWS01_MONICA_10D03218D441D005000D,2,0,71.0,,71.0,
RWS01_MONIBAS_0060vwn0466ra,8,0,104.25,,112.0,
RWS01_MONIBAS_0101hrr0147ra_1,32,0,26.59,,60.0,
RWS01_MONICA_00D0010E9C5FD0050009,8,0,81.61,,111.0,
RWS01_MONICA_00D0020DD05AD0070307,8,0,47.25,,70.0,
RWS01_MONIBAS_0281hrl1997ra,6,0,84.0,,87.0,
RWS01_MONICA_00D0010E2432D005000D,8,0,98.8575,,107.0,
RWS01_MONIBAS_0280vwd0509ra,8,0,48.65,,70.0,
RWS01_MONICA_00D0020DD05AD007030B,8,0,41.5,,84.0,
RWS01_MONIBAS_0280vwg1141ra,4,0,90.5,,95.0,
RWS01_MONICA_10D03218D441D0050009,2,0,-1.0,,-1.0,
RWS01_MONIBAS_0100vwq0303ra,4,0,-1.0,,-1.0,
RWS01_MONIBAS_0581hrr0825ra,16,0,-1.0,,-1.0,
RWS01_MONIBAS_0121hrl0821ra,6,0,107.0,,119.0,
RWS01_MONICA_00D0010E9C5FD005000D,8,0,-1.0,,-1.0,
RWS01_MONICA_10D03218D441D0050005,2,0,86.0,,86.0,
RWS01_MONICA_00D0320F5437D0050085,8,0,51.0,,103.0,
RWS01_MONICA_00D0320F5437D0050089,8,0,46.0,,93.0,
RWS01_MONICA_00D0010E2432D0050005,8,0,60.5,,122.0,
RWS01_MONICA_00D01D01B42ED0070007,8,0,48.0,,97.0,
RWS01_MONIBAS_4341hrl0023ra,2,0,79.0,,79.0,
RWS01_MONIBAS_0021hrr0827ra,8,0,86.0,,102.0,
RWS01_MONIBAS_0160vwm0408ra,2,0,16.0,,16.0,
RWS01_MONIBAS_0071hrl0288ra,4,0,104.0,,110.0,
RWS01_MONIBAS_0150vwy0643ra,6,0,80.0,,89.0,
RWS01_MONICA_00D01D01B42ED007000B,8,0,-1.0,,-1.0,
RWS01_MONIBAS_0121hrl1053ra,6,0,100.0,,109.0,
RWS01_MONICA_00D009051050D007000F,8,0,87.5825,,90.0,
RWS01_MONIBAS_0011hrl0469ra_1,16,0,64.16125,,96.0,
RWS01_MONIBAS_0760vwv0021ra,4,0,40.0,,81.0,
RWS01_MONIBAS_0011hrr0768ra,16,0,-1.0,,-1.0,
RWS01_MONICA_00D009051050D007000B,8,0,72.5,,97.0,
RWS01_MONIBAS_0500vwf1478ra,4,0,42.5,,86.0,
RWS01_MONICA_00D009051050D0070007,8,0,79.8425,,109.0,
RWS01_MONIBAS_0011hrr1225ra,6,0,99.66666666666667,,112.0,
RWS01_MONICA_00D00111EC32D005000D,8,0,67.25,,94.0,
RWS01_MONIBAS_0351hrr0329ra,2,0,-1.0,,-1.0,
RWS01_MONIBAS_0011hrl0400ra_1,16,0,68.4675,,97.0,
RWS01_MONICA_00D00905D05AD007000B,8,0,33.8475,,35.0,
RWS01_MONIBAS_0011hrr0492ra,6,0,94.0,,100.0,
RWS01_MONIBAS_0121hrl1209ra,4,0,108.0,,116.0,
RWS01_MONICA_00D00905D05AD007000F,8,0,37.0,,37.0,
RWS01_MONIBAS_0040vwc0351ra,4,0,-1.0,,-1.0,
RWS01_MONICA_00D00905D05AD0070007,8,0,21.88,,30.0,
RWS01_MONIBAS_0121hrr1239ra,6,0,31.0,,39.0,
RWS01_MONIBAS_0581hrl0431ra,4,0,95.0,,101.0,
RWS01_MONIBAS_0121hrr0850ra,6,0,68.66666666666667,,107.0,
RWS01_MONIBAS_0011hrl0094ra,6,0,107.33333333333333,,120.0,
RWS01_MONIBAS_0090vwb0093ra,2,0,77.0,,77.0,
RWS01_MONICA_10D010030000C0200005,2,0,99.0,,99.0,
RWS01_MONIBAS_0151hrl1527ra,6,0,66.33333333333333,,103.0,
RWS01_MONIBAS_0281hrl0664ra,16,0,77.72875,,114.0,
RWS01_MONIBAS_0151hrr1598ra_1,16,0,-1.0,,-1.0,
RWS01_MONICA_10D010030000C0200009,2,0,95.0,,95.0,
RWS01_MONIBAS_0010vwj0880ra,2,0,60.0,,60.0,
RWS01_MONICA_00D00111EC32D0050009,8,0,52.5,,106.0,
RWS01_MONIBAS_0501hrr1841ra,6,0,91.0,,98.0,
RWS01_MONICA_00D005018C55D0050005,8,0,55.5,,112.0,
RWS01_MONIBAS_0021hrr0444ra,10,0,98.4,,105.0,
RWS01_MONIBAS_0060vwm0580ra,4,0,108.5,,113.0,
RWS01_MONIBAS_0241hrr0052ra,6,0,56.666666666666664,,91.0,
RWS01_MONICA_00D00111EC32D0050005,8,0,61.0,,123.0,
RWS01_MONIBAS_0121hrr0480ra,8,0,13.0,,16.0,
RWS01_MONIBAS_0041hrr0081ra,8,0,-1.0,,-1.0,
RWS01_MONICA_00D005018C55D0050009,8,0,89.28999999999999,,94.0,
RWS01_MONICA_00D00219E023D007000B,8,0,92.6375,,103.0,
RWS01_MONIBAS_0080vwr0055ra,6,0,-1.0,,-1.0,
RWS01_MONICA_00D00F061414D007000B,8,0,91.735,,101.0,
RWS01_MONIBAS_0091hrl0678ra,6,0,102.66666666666667,,111.0,
RWS01_MONIBAS_0100vwr0155ra,2,0,59.0,,59.0,
RWS01_MONICA_00D00219E023D007000F,8,0,65.2075,,92.0,
RWS01_MONICA_00D00F06B804D005000D,8,0,90.5275,,100.0,
RWS01_MONICA_00D00219E023D0070007,8,0,79.16,,109.0,
RWS01_MONIBAS_0501hrl1563ra,6,0,51.333333333333336,,81.0,
RWS01_MONIBAS_0161hrl0485ra,6,0,102.0,,114.0,
RWS01_MONICA_00D00F06B804D0050009,8,0,54.5,,110.0,
RWS01_MONIBAS_3481hrr0154ra,2,0,52.0,,52.0,
RWS01_MONICA_00D00F06B804D0050005,8,0,47.0,,95.0,
RWS01_MONICA_00D01001CC1910200005,8,0,-1.0,,-1.0,
RWS01_MONIBAS_0151hrl0900ra,4,0,62.0,,65.0,
RWS01_MONIBAS_0161hrl0245ra,4,0,100.5,,107.0,
RWS01_MONICA_00D0090AD030D007000B,8,0,-1.0,,-1.0,
RWS01_MONIBAS_0091hrr0053ra,8,0,81.25,,118.0,
RWS01_MONICA_00D0090AD030D0070007,8,0,-1.0,,-1.0,
RWS01_MONIBAS_0091hrr0449ra,6,0,57.0,,58.0,
RWS01_MONIBAS_0021hrr0577ra,8,0,38.5,,60.0,
RWS01_MONICA_00D0071EE055D007000B,8,0,82.615,,87.0,
RWS01_MONICA_00D010022001D0050009,8,0,-1.0,,-1.0,
RWS01_MONICA_00D010022001D0050005,8,0,-1.0,,-1.0,
RWS01_MONIBAS_0501hrl1550ra,4,0,58.5,,59.0,
RWS01_MONICA_00D0071EE055D0070007,8,0,69.64,,103.0,
RWS01_MONIBAS_0041hrr0597ra,4,0,99.5,,108.0,
RWS01_MONIBAS_0011hrr1332ra,6,0,98.66666666666667,,109.0,
RWS01_MONIBAS_0041hrr0237ra,6,0,59.666666666666664,,67.0,
RWS01_MONIBAS_0280vwx0270ra,6,0,85.66666666666667,,89.0,
RWS01_MONICA_00D00F061414D0070007,8,0,97.23,,108.0,
RWS01_MONIBAS_0161hrl0352ra,8,0,94.75,,110.0,
RWS01_MONICA_00D0010CFC14D0050005,8,0,92.8225,,126.0,
RWS01_MONIBAS_0161hrr0510ra,6,0,93.33333333333333,,101.0,
RWS01_MONICA_00D0010CFC14D0050009,8,0,100.5675,,104.0,
RWS01_MONIBAS_0020vwn1659ra,6,0,87.0,,91.0,
RWS01_MONIBAS_0150vwe0955ra,2,0,10.0,,10.0,
RWS01_MONIBAS_0350vwd0663ra,8,0,-1.0,,-1.0,
RWS01_MONIBAS_0131hrr0064ra,8,0,45.5,,64.0,
RWS01_MONICA_00D0010CFC14D005000D,8,0,88.985,,97.0,
RWS01_MONIBAS_0121hrr0493ra,8,0,34.5,,36.0,
RWS01_MONICA_00D0100B1C0068200005,8,0,39.0,,56.0,
RWS01_MONIBAS_0011hrl1208ra,6,0,108.33333333333333,,129.0,
RWS01_MONIBAS_0151hrl0890ra,4,0,36.5,,41.0,
RWS01_MONICA_00D0320F242838200105,8,0,59.7025,,81.0,
RWS01_MONIBAS_0061hrr0451ra,4,0,109.0,,116.0,
RWS01_MONIBAS_0151hrl0770ra,8,0,95.5,,108.0,
RWS01_MONICA_00D00C144C55D0050009,8,0,64.5275,,91.0,
RWS01_MONICA_00D00C144C55D0050005,8,0,45.0,,91.0,
RWS01_MONICA_00D00219803768200005,8,0,54.04,,56.0,
RWS01_MONICA_00D01B0F3C3CD007000B,8,0,22.572499999999998,,23.0,
RWS01_MONIBAS_0091hrr0329ra,6,0,97.33333333333333,,108.0,
RWS01_MONICA_00D00219803768200009,8,0,51.9125,,54.0,
RWS01_MONICA_00D01B0F3C3CD0070007,8,0,12.0,,25.0,
RWS01_MONIBAS_0351hrl0527ra,6,0,54.0,,87.0,
RWS01_MONIBAS_0021hrl0882ra,8,0,112.0,,124.0,
RWS01_MONIBAS_0101hrl0197ra,8,0,38.25,,43.0,
RWS01_MONIBAS_0121hrl0225ra,6,0,101.0,,116.0,
RWS01_MONIBAS_0581hrr0455ra,4,0,10.5,,12.0,
RWS01_MONIBAS_0020vwn0566ra,6,0,-1.0,,-1.0,
RWS01_MONIBAS_0010vwq0085ra,2,0,-1.0,,-1.0,
RWS01_MONIBAS_0121hrl0358ra,8,0,95.5,,107.0,
RWS01_MONIBAS_0011hrl0211ra,6,0,98.0,,105.0,
RWS01_MONIBAS_0270vww0977ra,2,0,59.0,,59.0,
RWS01_MONICA_00D01B02A437D007000B,8,0,48.7425,,53.0,
RWS01_MONICA_00D0010E2432D0050085,8,0,74.8175,,102.0,
RWS01_MONIBAS_0281hrr0202ra,8,0,89.75,,100.0,
RWS01_MONIBAS_0501hrl1696ra,4,0,22.0,,24.0,
RWS01_MONICA_00D0010E2432D0050089,8,0,67.3,,98.0,
RWS01_MONICA_00D01B02A437D0070007,8,0,23.0,,47.0,
RWS01_MONICA_00D005023C5ED0070007,8,0,53.5,,108.0,
RWS01_MONIBAS_0150vwx0525ra,6,0,99.33333333333333,,108.0,
RWS01_MONIBAS_0010vwc0033ra,2,0,87.0,,87.0,
RWS01_MONIBAS_0101hrl0062ra,6,0,42.0,,47.0,
RWS01_MONICA_00D005023C5ED007000B,8,0,93.1175,,101.0,
RWS01_MONIBAS_0070vwa1956ra,2,0,83.0,,83.0,
RWS01_MONIBAS_0020vwm0609ra,6,0,58.0,,94.0,
RWS01_MONICA_00D020012041D007000B,8,0,-1.0,,-1.0,
RWS01_MONIBAS_0091hrl0558ra,8,0,83.5,,121.0,
RWS01_MONIBAS_0121hrr0889ra,6,0,66.66666666666667,,75.0,
RWS01_MONICA_00D020012041D0070007,8,0,-1.0,,-1.0,
RWS01_MONICA_00D009051050D007008B,8,0,93.675,,98.0,
RWS01_MONIBAS_0281hrr0215ra,6,0,90.33333333333333,,104.0,
RWS01_MONIBAS_0011hrr1728ra,16,0,21.0,,87.0,
RWS01_MONIBAS_0090vwc0091ra,2,0,84.0,,84.0,
RWS01_MONIBAS_0091hrl0425ra,6,0,73.0,,116.0,
RWS01_MONICA_00D009051050D0070087,8,0,82.25,,110.0,
RWS01_MONIBAS_0011hrr0978ra_1,32,0,53.183125000000004,,127.0,
RWS01_MONIBAS_0010vwp0072ra,2,0,102.0,,102.0,
RWS01_MONICA_00D00100A434D0050009,8,0,-1.0,,-1.0,
RWS01_MONICA_00D00100A434D0050005,8,0,-1.0,,-1.0,
RWS01_MONIBAS_0021hrr0457ra,10,0,76.0,,104.0,
RWS01_MONIBAS_0060vwm0593ra,4,0,98.5,,99.0,
RWS01_MONIBAS_0121hrr0623ra,4,0,102.0,,105.0,
RWS01_MONIBAS_0731hrr1042ra,6,0,54.333333333333336,,87.0,
RWS01_MONIBAS_0151hrl0926ra,4,0,86.0,,90.0,
RWS01_MONIBAS_0051hrr0047ra,4,0,95.0,,98.0,
RWS01_MONICA_00D002063826D0070007,8,0,51.0,,103.0,
RWS01_MONICA_00D00C162850D0050005,8,0,73.1725,,101.0,
RWS01_MONIBAS_0440vwb0181ra,4,0,76.0,,81.0,
RWS01_MONICA_00D01406F000D0070007,8,0,63.025,,85.0,
RWS01_MONIBAS_0131hrr0171ra,6,0,77.33333333333333,,80.0,
RWS01_MONICA_10D01C10F432D007000F,2,0,90.0,,90.0,
RWS01_MONIBAS_0161hrr0166ra,10,0,70.0,,85.0,
RWS01_MONIBAS_0730vwe1042ra,8,0,75.4,,79.0,
RWS01_MONICA_10D01C10F432D007000B,2,0,96.0,,96.0,
RWS01_MONIBAS_0100vwp0281ra,4,0,74.5,,78.0,
RWS01_MONIBAS_0271hrl0005ra,4,0,100.5,,112.0,
RWS01_MONIBAS_0731hrl1148ra,2,0,90.0,,90.0,
RWS01_MONICA_00D00C102428D005000D,8,0,-1.0,,-1.0,
RWS01_MONIBAS_0021hrr2364ra,6,0,90.0,,98.0,
RWS01_MONICA_10D001183C3CD0050005,2,0,97.0,,97.0,
RWS01_MONICA_00D002063826D007000F,8,0,75.27,,102.0,
RWS01_MONIBAS_0101hrr0330ra,6,0,104.0,,120.0,
RWS01_MONIBAS_0281hrr0695ra,16,0,84.7875,,111.0,
RWS01_MONICA_00D01406F000D007000B,8,0,77.945,,83.0,
RWS01_MONIBAS_0241hrl0021ra,6,0,130.0,,137.0,
RWS01_MONICA_00D00C102428D0050009,8,0,51.5,,104.0,
RWS01_MONICA_00D00C162850D0050009,8,0,87.4175,,90.0,
RWS01_MONICA_00D002063826D007000B,8,0,50.0,,101.0,
RWS01_MONICA_00D0010DB80FD005000D,8,0,68.485,,96.0,
RWS01_MONICA_00D00C102428D0050005,8,0,-1.0,,-1.0,
RWS01_MONIBAS_0671hrr0324ra,4,0,97.5,,104.0,
RWS01_MONICA_00D002063826D0070017,8,0,90.44,,95.0,
RWS01_MONIBAS_0101hrl0205ra,10,0,34.2,,53.0,
RWS01_MONICA_00D01C038037D0070007,8,0,74.75,,100.0,
RWS01_MONICA_00D002063826D0070013,8,0,74.26,,100.0,
RWS01_MONICA_00D01C038037D007000B,8,0,87.38,,92.0,
RWS01_MONIBAS_0071hrr2007ra,6,0,54.333333333333336,,83.0,
RWS01_MONIBAS_0300vwb0091ra,8,0,-1.0,,-1.0,
RWS01_MONIBAS_0271hrr0779ra,12,0,98.5,,116.0,
RWS01_MONICA_00D00C0CC019D0050085,8,0,44.0,,89.0,
RWS01_MONIBAS_0131hrl0035ra,6,0,47.666666666666664,,61.0,
RWS01_MONICA_10D01C10F432D0070007,2,0,112.0,,112.0,
RWS01_MONICA_00D01C038037D007000F,8,0,69.5,,93.0,
RWS01_MONICA_00D01C038037D0070013,8,0,91.025,,93.0,
RWS01_MONICA_00D00501583DD0070007,8,0,83.1075,,114.0,
RWS01_MONIBAS_0021hrr0326ra,8,0,101.75,,120.0,
RWS01_MONICA_10D00405883268200309,2,0,104.0,,104.0,
RWS01_MONIBAS_0151hrr0599ra,6,0,103.0,,114.0,
RWS01_MONICA_00D00501583DD007000B,8,0,72.66,,104.0,
RWS01_MONIBAS_0281hrl0043rb,2,0,94.0,,94.0,
RWS01_MONIBAS_0281hrl0043ra,4,0,107.5,,112.0,
RWS01_MONIBAS_0070vwa1837ra,8,0,-1.0,,-1.0,
RWS01_MONIBAS_0281hrl0296ra,4,0,106.0,,110.0,
RWS01_MONIBAS_0051hrr0167ra,4,0,64.0,,65.0,
RWS01_MONICA_00D00F187832D0070007,8,0,-1.0,,-1.0,
RWS01_MONICA_10D00405883268200305,2,0,-1.0,,-1.0,
RWS01_MONIBAS_0731hrl1135ra,6,0,37.0,,72.0,
RWS01_MONIBAS_0501hrl2030ra,6,0,98.0,,114.0,
RWS01_MONICA_00D0010DB80FD0050009,8,0,73.2825,,103.0,
RWS01_MONICA_00D00F075001B820000B,8,0,43.5,,88.0,
RWS01_MONICA_00D001145C05D0050005,8,0,68.5,,138.0,
RWS01_MONICA_00D00F075001B8200007,8,0,51.0,,103.0,
RWS01_MONICA_00D00F187832D007000B,8,0,84.66,,89.0,
RWS01_MONICA_00D0010DB80FD0050005,8,0,57.5,,116.0,
RWS01_MONICA_10D001183C3CD0050009,2,0,81.0,,81.0,
RWS01_MONIBAS_0271hrr0490ra,4,0,94.5,,101.0,
RWS01_MONIBAS_0281hrl0319ra,4,0,97.5,,104.0,
RWS01_MONICA_00D001145C05D005000D,8,0,90.8125,,101.0,
RWS01_MONICA_00D001145C05D0050009,8,0,53.5,,108.0,
RWS01_MONICA_10D009082445D0070187,2,0,-1.0,,-1.0,
RWS01_MONIBAS_0040vwc2414ra,8,0,-1.0,,-1.0,
RWS01_MONIBAS_0581hrr0192ra,6,0,27.666666666666668,,33.0,
RWS01_MONIBAS_0271hrl0365ra,4,0,31.5,,33.0,
RWS01_MONIBAS_3251hrl0170ra,4,0,86.5,,95.0,
RWS01_MONICA_00D00905E823B0200005,8,0,-1.0,,-1.0,
RWS01_MONICA_00D00C10880AD005000D,8,0,91.4525,,97.0,
RWS01_MONICA_00D00905E823B0200009,8,0,97.0,,103.0,
RWS01_MONIBAS_0021hrr1762ra,4,0,48.0,,48.0,
RWS01_MONICA_00D0021BB03CD0050005,8,0,73.2025,,99.0,
RWS01_MONIBAS_0151hrr0466ra,6,0,107.66666666666667,,120.0,
RWS01_MONICA_00D0021BB03CD0050009,8,0,90.07,,98.0,
RWS01_MONIBAS_0091hrl0532ra,6,0,69.33333333333333,,111.0,
RWS01_MONIBAS_0011hrl1137ra_1,24,0,84.78416666666666,,121.0,
RWS01_MONIBAS_0151hrl1899ra,6,0,68.66666666666667,,109.0,
RWS01_MONIBAS_0501hrl1681ra,6,0,8.333333333333334,,12.0,
RWS01_MONIBAS_0291hrl0126ra,8,0,105.5,,118.0,
RWS01_MONICA_00D0071E4C37D007000B,8,0,-1.0,,-1.0,
RWS01_MONIBAS_0101hrl0077ra,8,0,46.5,,81.0,
RWS01_MONIBAS_0021hrl1766ra,4,0,93.5,,99.0,
RWS01_MONIBAS_0100vwp0294ra,4,0,76.0,,82.0,
RWS01_MONIBAS_0731hrl0150ra,4,0,100.5,,106.0,
RWS01_MONIBAS_0271hrl0232ra,4,0,102.0,,106.0,
RWS01_MONICA_00D0071E4C37D0070007,8,0,76.485,,109.0,
RWS01_MONICA_00D00C10880AD0050005,8,0,55.0,,111.0,
RWS01_MONIBAS_0020vwm0561ra,10,0,72.6,,96.0,
RWS01_MONICA_00D01C003037A0200085,8,0,64.0825,,69.0,
RWS01_MONIBAS_0501hrl1824ra,4,0,22.5,,26.0,
RWS01_MONICA_00D00C10880AD0050009,8,0,78.6875,,106.0,
RWS01_MONIBAS_0011hrl1160ra,6,0,105.0,,120.0,
RWS01_MONIBAS_0201hrl0389ra,6,0,101.0,,109.0,
RWS01_MONIBAS_0291hrl0139ra,6,0,104.66666666666667,,110.0,
RWS01_MONIBAS_0071hrr1992ra,4,0,81.5,,85.0,
RWS01_MONICA_00D01C00480AB8200007,8,0,75.4825,,102.0,
RWS01_MONIBAS_0051hrr0021ra,4,0,69.0,,71.0,
RWS01_MONICA_00D0021A681E60200007,8,0,57.792500000000004,,80.0,
RWS01_MONIBAS_0501hrl1957ra,6,0,60.0,,100.0,
RWS01_MONIBAS_0021hrl1110ra,4,0,2.0,,5.0,
RWS01_MONICA_00D01C00480AB820000B,8,0,74.445,,102.0,
RWS01_MONIBAS_0581hrr0215ra,4,0,67.0,,73.0,
RWS01_MONIBAS_0580vwb1007ra,8,0,34.0,,69.0,
RWS01_MONICA_00D0021A681E6020000B,8,0,69.9175,,71.0,
RWS01_MONIBAS_0090vwd0084ra,2,0,82.0,,82.0,
RWS01_MONIBAS_0150vwm0946ra,4,0,93.5,,100.0,
RWS01_MONIBAS_0201hrl0123ra,4,0,106.0,,117.0,
RWS01_MONIBAS_0281hrl1742ra,16,0,92.60125,,120.0,
RWS01_MONIBAS_0281hrl0056ra,6,0,103.66666666666667,,114.0,
RWS01_MONIBAS_0151hrr0729ra,6,0,89.33333333333333,,101.0,
RWS01_MONIBAS_0021hrl1753ra,4,0,79.0,,83.0,
RWS01_MONICA_00D00405B432D007000B,8,0,-1.0,,-1.0,
RWS01_MONIBAS_0151hrr0453ra,6,0,105.0,,119.0,
RWS01_MONIBAS_0270vwb1140ra,8,0,-1.0,,-1.0,
RWS01_MONIBAS_0271hrl0485ra,4,0,58.0,,59.0,
RWS01_MONIBAS_0011hrl0118ra,10,0,99.4,,118.0,
RWS01_MONIBAS_0011hrl0118rb,2,0,90.0,,90.0,
RWS01_MONIBAS_0101hrl0312ra,8,0,43.25,,89.0,
RWS01_MONICA_00D00405B432D0070007,8,0,-1.0,,-1.0,
RWS01_MONIBAS_0270vwa0063ra,4,0,23.5,,27.0,
RWS01_MONIBAS_0011hrr0648ra,16,0,-1.0,,-1.0,
RWS01_MONIBAS_0061hrl0441ra,8,0,104.5,,119.0,
RWS01_MONIBAS_0151hrr0573ra,10,0,102.8,,123.0,
RWS01_MONICA_00D00F055024D007000B,8,0,89.805,,98.0,
RWS01_MONIBAS_0051hrl0016ra,4,0,99.0,,108.0,
RWS01_MONICA_00D01007B050D005000D,8,0,90.75,,100.0,
RWS01_MONIBAS_0071hrr0197ra,4,0,105.0,,107.0,
RWS01_MONICA_00D00218FC55D0050009,8,0,88.565,,92.0,
RWS01_MONIBAS_0281hrr1284ra,16,0,-1.0,,-1.0,
RWS01_MONICA_00D00F055024D0070007,8,0,52.5,,106.0,
RWS01_MONIBAS_0301hrr0197ra,24,0,-1.0,,-1.0,
RWS01_MONIBAS_0011hrr0252ra,6,0,-1.0,,-1.0,
RWS01_MONIBAS_0151hrr1531ra,6,0,68.33333333333333,,109.0,
RWS01_MONICA_00D01007B050D0050005,8,0,82.3475,,114.0,
RWS01_MONIBAS_0021hrl1740ra,4,0,86.5,,91.0,
RWS01_MONIBAS_0201hrr0152ra,4,0,109.0,,119.0,
RWS01_MONICA_00D01007B050D0050009,8,0,74.0975,,105.0,
RWS01_MONICA_00D0040B0806D0050005,8,0,84.25,,116.0,
RWS01_MONICA_00D0040B0806D0050009,8,0,76.49,,104.0,
RWS01_MONIBAS_0201hrl0149ra,4,0,108.5,,124.0,
RWS01_MONIBAS_0201hrr0285ra,4,0,79.5,,82.0,
RWS01_MONIBAS_0201hrr0285rc,2,0,78.0,,78.0,
RWS01_MONIBAS_0201hrr0285rb,2,0,78.0,,78.0,
RWS01_MONICA_00D00218FC55D0050005,8,0,75.98,,102.0,
RWS01_MONIBAS_0011hrl1303ra,6,0,113.0,,138.0,
RWS01_MONIBAS_2421hrl0313ra,4,0,85.0,,92.0,
RWS01_MONIBAS_0281hrl1159ra,4,0,105.0,,113.0,
RWS01_MONIBAS_0101hrr0249ra,6,0,77.0,,79.0,
RWS01_MONIBAS_4341hrr0051ra,4,0,18.5,,22.0,
RWS01_MONIBAS_0280vwa1987ra,8,0,-1.0,,-1.0,
RWS01_MONIBAS_0120vww0575ra,2,0,60.0,,60.0,
RWS01_MONIBAS_0221hrl0135ra,4,0,45.5,,92.0,
RWS01_MONIBAS_0021hrr1392ra,6,0,97.33333333333333,,106.0,
RWS01_MONIBAS_0021hrr1642ra,4,0,97.5,,105.0,
RWS01_MONIBAS_0271hrr0169ra,4,0,47.5,,48.0,
RWS01_MONIBAS_0501hrr1509ra,6,0,67.33333333333333,,109.0,
RWS01_MONIBAS_0271hrr0419ra,6,0,75.66666666666667,,103.0,
RWS01_MONIBAS_0141hrr0147ra,4,0,54.5,,67.0,
RWS01_MONIBAS_0201hrr0272ra,6,0,93.33333333333333,,101.0,
RWS01_MONIBAS_0161hrr0393ra,6,0,105.66666666666667,,114.0,
RWS01_MONIBAS_0161hrr0140ra,4,0,83.0,,88.0,
RWS01_MONIBAS_0160vwx0246ra,4,0,-1.0,,-1.0,
RWS01_MONIBAS_0120vwd1359ra,2,0,46.0,,46.0,
RWS01_MONIBAS_0671hrr0684ra,16,0,99.815,,111.0,
RWS01_MONICA_00D01C1F1440D007000B,8,0,-1.0,,-1.0,
RWS01_MONIBAS_0270vwd1091ra,8,0,57.595,,79.0,
RWS01_MONIBAS_0071hrl1952ra,6,0,56.333333333333336,,90.0,
RWS01_MONIBAS_0040vwm0072ra,4,0,90.0,,96.0,
RWS01_MONICA_00D01C1F1440D0070007,8,0,-1.0,,-1.0,
RWS01_MONIBAS_4341hrl0037ra,4,0,85.0,,91.0,
RWS01_MONIBAS_0280vwr0278ra,4,0,82.5,,90.0,
RWS01_MONIBAS_0270vwc1003ra,2,0,74.0,,74.0,
RWS01_MONIBAS_3251hrl0183ra,4,0,79.5,,83.0,
RWS01_MONIBAS_0161hrr0260ra,10,0,63.0,,117.0,
RWS01_MONIBAS_2050vwe0130ra,4,0,95.0,,101.0,
RWS01_MONIBAS_0040vwm0348ra,6,0,30.666666666666668,,94.0,
RWS01_MONIBAS_0020vwc2653ra,8,0,-1.0,,-1.0,
RWS01_MONICA_00D0040B0806D005000D,8,0,92.6175,,99.0,
RWS01_MONIBAS_0101hrr0129ra,8,0,53.5,,115.0,
RWS01_MONIBAS_0021hrl1123ra,4,0,3.0,,7.0,
RWS01_MONIBAS_0011hrl1556ra,16,0,72.21875,,106.0,
RWS01_MONICA_00D00F08E800B8200007,8,0,70.5,,101.0,
RWS01_MONIBAS_0060vwn0588ra,6,0,93.33333333333333,,111.0,
RWS01_MONIBAS_0380vwp0212ra,6,0,94.66666666666667,,108.0,
RWS01_MONIBAS_0201hrr0328ra_1,24,0,73.9025,,106.0,
RWS01_MONIBAS_0131hrl0142ra,8,0,14.25,,23.0,
RWS01_MONICA_00D01C003037A0200005,8,0,19.565,,27.0,
RWS01_MONIBAS_0021hrr2257ra,6,0,85.33333333333333,,90.0,
RWS01_MONIBAS_0041hrl0316ra,6,0,102.0,,107.0,
RWS01_MONIBAS_0021hrr1668ra,6,0,98.66666666666667,,108.0,
RWS01_MONICA_00D005027400D0050005,8,0,57.0,,115.0,
RWS01_MONIBAS_0280vwy0037ra,2,0,80.0,,80.0,
RWS01_MONICA_00D005027400D0050009,8,0,50.0,,101.0,
RWS01_MONIBAS_0281hrl0270ra,6,0,61.333333333333336,,99.0,
RWS01_MONIBAS_0291hrr0142ra,6,0,103.33333333333333,,108.0,
RWS01_MONICA_00D03218340088200187,8,0,-1.0,,-1.0,
RWS01_MONIBAS_0121hrr0268ra,4,0,92.0,,98.0,
RWS01_MONIBAS_0070vwc1522ra,8,0,30.0,,61.0,
RWS01_MONIBAS_0121hrr0268rb,4,0,96.0,,97.0,
RWS01_MONIBAS_0501hrr1486ra,6,0,32.333333333333336,,99.0,
RWS01_MONICA_00D01C003037A0200009,8,0,19.36,,25.0,
RWS01_MONICA_10D0040B502B60200007,2,0,70.0,,70.0,
RWS01_MONIBAS_0101hrr0080ra,6,0,96.33333333333333,,108.0,
RWS01_MONIBAS_0011hrr1096ra,6,0,103.33333333333333,,117.0,
RWS01_MONIBAS_0500vwc2256ra,8,0,-1.0,,-1.0,
RWS01_MONIBAS_0300vwd0226ra,8,0,56.6,,77.0,
RWS01_MONIBAS_0121hrl0727rb,2,0,89.0,,89.0,
RWS01_MONIBAS_0121hrl0727ra,6,0,103.0,,113.0,
RWS01_MONICA_00D0320F5437D0050009,8,0,90.345,,101.0,
RWS01_MONIBAS_0201hrr0402ra,6,0,27.666666666666668,,37.0,
RWS01_MONIBAS_0041hrr0712ra,10,0,53.8,,77.0,
RWS01_MONIBAS_0101hrr0103ra,8,0,95.0,,109.0,
RWS01_MONIBAS_0011hrr0278ra,4,0,96.5,,102.0,
RWS01_MONIBAS_0011hrr0278rb,2,0,92.0,,92.0,
RWS01_MONICA_00D00F080013C0200005,8,0,66.0,,94.0,
RWS01_MONIBAS_0021hrl1003ra,6,0,119.33333333333333,,141.0,
RWS01_MONIBAS_0241hrl0034ra,6,0,119.66666666666667,,140.0,
RWS01_MONIBAS_0121hrr0148ra,6,0,103.33333333333333,,112.0,
RWS01_MONICA_00D0320F5437D0050005,8,0,55.5,,112.0,
RWS01_MONIBAS_0731hrl1122ra,4,0,18.5,,21.0,
RWS01_MONICA_00D04911CC0AD0070187,8,0,-1.0,,-1.0,
RWS01_MONIBAS_3251hrl0196ra,4,0,81.0,,81.0,
RWS01_MONIBAS_0151hrl0208ra,4,0,43.0,,87.0,
RWS01_MONICA_00D0060864576020000B,8,0,49.0,,99.0,
RWS01_MONIBAS_0581hrl0326ra,4,0,102.0,,109.0,
RWS01_MONIBAS_0201hrr0211ra_1,24,0,76.57333333333334,,122.0,
RWS01_MONIBAS_0091hrr0675ra,6,0,102.66666666666667,,113.0,
RWS01_MONICA_00D00608645760200007,8,0,100.8175,,106.0,
RWS01_MONIBAS_0020vwb1790ra,8,0,-1.0,,-1.0,
RWS01_MONIBAS_0151hrr1557ra,6,0,62.333333333333336,,102.0,
RWS01_MONIBAS_0020vwc2390ra,4,0,84.5,,87.0,
RWS01_MONIBAS_0271hrr0156ra,4,0,-1.0,,-1.0,
RWS01_MONICA_00D00901505AC0200005,8,0,-1.0,,-1.0,
RWS01_MONICA_00D00901505AC0200009,8,0,-1.0,,-1.0,
RWS01_MONIBAS_0791hrr0014rb,2,0,-1.0,,-1.0,
RWS01_MONIBAS_0351hrr0423ra,8,0,68.0,,96.0,
RWS01_MONIBAS_0010vwf0047ra_1,16,0,76.115,,100.0,
RWS01_MONIBAS_0101hrr0093ra,6,0,94.0,,108.0,
RWS01_MONIBAS_0271hrr0023ra,4,0,95.5,,98.0,
RWS01_MONIBAS_0791hrr0014ra,4,0,-1.0,,-1.0,
RWS01_MONIBAS_0320vwd0465ra,8,0,-1.0,,-1.0,
RWS01_MONICA_00D00F0BC44BD0070087,8,0,15.657499999999999,,25.0,
RWS01_MONICA_10D0040B502B6020000B,2,0,64.0,,64.0,
RWS01_MONIBAS_0671hrl0176ra,4,0,57.0,,59.0,
RWS01_MONIBAS_0300vws0081ra_1,8,0,51.225,,69.0,
RWS01_MONIBAS_0010vwq0099rb,2,0,-1.0,,-1.0,
RWS01_MONIBAS_0010vwq0099ra,6,0,-1.0,,-1.0,
RWS01_MONICA_00D00C0BF05FD007000F,8,0,-1.0,,-1.0,
RWS01_MONIBAS_0010vwn0878ra,2,0,95.0,,95.0,
RWS01_MONIBAS_0021hrl1029ra,6,0,117.66666666666667,,128.0,
RWS01_MONICA_00D00C0BF05FD007000B,8,0,72.14750000000001,,98.0,
RWS01_MONIBAS_0021hrl2582ra,4,0,14.0,,17.0,
RWS01_MONIBAS_0581hrl0578ra,4,0,54.5,,57.0,
RWS01_MONIBAS_0151hrr0942ra,6,0,90.33333333333333,,96.0,
RWS01_MONIBAS_3261hrr0021ra,16,0,-1.0,,-1.0,
RWS01_MONIBAS_0061hrr0570ra,4,0,112.5,,119.0,
RWS01_MONIBAS_0091hrl0056rb,8,0,106.75,,116.0,
RWS01_MONIBAS_0091hrl0056ra,2,0,104.0,,104.0,
RWS01_MONIBAS_0100vwq0294ra,4,0,-1.0,,-1.0,
RWS01_MONIBAS_0151hrl0938ra,4,0,72.0,,74.0,
RWS01_MONICA_00D03A08781410200005,8,0,22.0,,45.0,
RWS01_MONIBAS_0070vwd1401ra,8,0,26.5,,54.0,
RWS01_MONIBAS_0020vwd2649ra,8,0,-1.0,,-1.0,
RWS01_MONIBAS_0501hrr1472ra,4,0,97.0,,100.0,
RWS01_MONICA_00D001080400D0050005,8,0,71.6875,,97.0,
RWS01_MONICA_00D001080400D0050009,8,0,84.26,,87.0,
RWS01_MONIBAS_0281hrl1120ra,6,0,93.33333333333333,,105.0,
RWS01_MONIBAS_0021hrl2462ra,8,0,44.75,,60.0,
RWS01_MONIBAS_0121hrl1432ra_1,16,0,61.70875,,107.0,
RWS01_MONIBAS_0021hrr1033ra,6,0,101.66666666666667,,106.0,
RWS01_MONIBAS_0010vwe0874ra,2,0,86.0,,86.0,
RWS01_MONIBAS_0121hrl0846ra,6,0,105.33333333333333,,118.0,
RWS01_MONIBAS_0501hrl0961ra,8,0,92.25,,105.0,
RWS01_MONICA_00D00C0BF05FD0070007,8,0,-1.0,,-1.0,
RWS01_MONIBAS_0731hrr0239ra,4,0,94.0,,102.0,
RWS01_MONIBAS_0060vwe0570ra,4,0,105.5,,114.0,
RWS01_MONIBAS_0121hrl1328ra,6,0,97.66666666666667,,112.0,
RWS01_MONIBAS_0041hrl0063ra,8,0,108.0,,125.0,
RWS01_MONIBAS_0160vwy0211ra,6,0,73.0,,86.0,
RWS01_MONIBAS_0021hrl0414ra,10,0,97.2,,102.0,
RWS01_MONIBAS_0121hrr1332ra,6,0,-1.0,,-1.0,
RWS01_MONIBAS_0041hrr0570ra,4,0,27.0,,40.0,
RWS01_MONIBAS_0121hrr1332rb,4,0,11.0,,13.0,
RWS01_MONICA_00D00C043000D0070007,8,0,72.455,,99.0,
RWS01_MONIBAS_0581hrl0183ra,4,0,7.0,,8.0,
RWS01_MONIBAS_0070vwb1698ra,8,0,59.25,,82.0,
RWS01_MONIBAS_0011hrr1359ra,6,0,107.0,,123.0,
RWS01_MONIBAS_0011hrl0452ra,4,0,106.5,,115.0,
RWS01_MONICA_00D00C043000D007000B,8,0,76.66,,89.0,
RWS01_MONIBAS_0021hrr1309ra,6,0,108.33333333333333,,120.0,
RWS01_MONIBAS_0121hrl1185ra,6,0,104.0,,113.0,
RWS01_MONIBAS_0060vwc0490ra,2,0,52.0,,52.0,
RWS01_MONIBAS_0041hrr0463ra,8,0,65.5,,88.0,
RWS01_MONICA_00D00C043000D007000F,8,0,73.0325,,99.0,
RWS01_MONIBAS_0271hrl0854ra,8,0,103.25,,116.0,
RWS01_MONIBAS_0011hrr0861ra,6,0,104.33333333333333,,112.0,
RWS01_MONICA_00D01B032041D0070007,8,0,-1.0,,-1.0,
RWS01_MONIBAS_0070vwd1521ra,8,0,33.5,,68.0,
RWS01_MONIBAS_0041hrl0410ra,8,0,86.25,,90.0,
RWS01_MONICA_00D00C043000D0070013,8,0,100.35,,110.0,
RWS01_MONIBAS_0501hrr1615ra,6,0,35.333333333333336,,108.0,
RWS01_MONIBAS_0051hrl0110ra,4,0,105.0,,112.0,
RWS01_MONIBAS_0270vwb0050ra,8,0,40.1375,,57.0,
RWS01_MONIBAS_0021hrl0391ra,10,0,101.4,,114.0,
RWS01_MONICA_00D001043800D007000B,8,0,93.605,,97.0,
RWS01_MONIBAS_0021hrl0894ra,6,0,70.66666666666667,,112.0,
RWS01_MONICA_00D01B032041D007000B,8,0,-1.0,,-1.0,
RWS01_MONICA_00D001043800D0070007,8,0,82.25,,111.0,
RWS01_MONIBAS_0020vwa0620ra,4,0,35.0,,71.0,
RWS01_MONIBAS_0021hrl2222ra,6,0,63.0,,99.0,
RWS01_MONIBAS_0591hrl0888ra,2,0,83.0,,83.0,
RWS01_MONIBAS_0760vwa0007ra,8,0,40.0,,81.0,
RWS01_MONIBAS_0501hrr1855ra,6,0,89.0,,98.0,
RWS01_MONIBAS_0060vwm0558ra_1,16,0,63.6175,,111.0,
RWS01_MONICA_00D001086005D0050009,8,0,56.195,,58.0,
RWS01_MONICA_00D007049840D0050009,8,0,-1.0,,-1.0,
RWS01_MONIBAS_0581hrr0561ra,4,0,36.0,,37.0,
RWS01_MONIBAS_0201hrr0309ra,6,0,-1.0,,-1.0,
RWS01_MONIBAS_0321hrl0065ra,6,0,94.0,,97.0,
RWS01_MONIBAS_0351hrr0437ra,16,0,67.3125,,117.0,
RWS01_MONIBAS_0581hrl0196ra,4,0,28.0,,34.0,
RWS01_MONIBAS_0501hrr1975ra,6,0,102.66666666666667,,121.0,
RWS01_MONIBAS_0021hrr0815ra,8,0,94.75,,102.0,
RWS01_MONICA_00D00C10D022D0050305,8,0,65.77,,92.0,
RWS01_MONIBAS_0041hrr0739ra,4,0,27.0,,29.0,
RWS01_MONIBAS_0201hrr0429ra,4,0,28.5,,32.0,
RWS01_MONICA_00D001086005D0050005,8,0,43.47,,59.0,
RWS01_MONICA_00D00227A835D0050305,8,0,27.4375,,44.0,
RWS01_MONIBAS_0071hrr0052ra,2,0,-1.0,,-1.0,
RWS01_MONIBAS_0011hrr0981ra,8,0,97.25,,108.0,
RWS01_MONIBAS_0021hrl0641ra,6,0,66.0,,103.0,
RWS01_MONICA_00D00227A835D0050309,8,0,41.0,,62.0,
RWS01_MONIBAS_0100vwq0281ra,4,0,-1.0,,-1.0,
RWS01_MONIBAS_0121hrl0331ra,8,0,99.5,,109.0,
RWS01_MONIBAS_0730vwb0850ra,8,0,61.792500000000004,,87.0,
RWS01_MONIBAS_0011hrl0728ra,16,0,-1.0,,-1.0,
RWS01_MONIBAS_0041hrr0606ra,4,0,108.0,,116.0,
RWS01_MONIBAS_0201hrr0166ra,4,0,98.5,,106.0,
RWS01_MONICA_00D00F0BC44BD0070007,8,0,16.0,,33.0,
RWS01_MONIBAS_0021hrr0552ra,14,0,20.142857142857142,,53.0,
RWS01_MONIBAS_0281hrr1893ra,16,0,82.3125,,117.0,
RWS01_MONIBAS_0040vwn0071ra,4,0,-1.0,,-1.0,
RWS01_MONIBAS_0021hrl0774ra,10,0,80.4,,126.0,
RWS01_MONIBAS_0011hrr1213ra,6,0,101.0,,111.0,
RWS01_MONICA_00D001037C5C00200007,8,0,66.5,,92.0,
RWS01_MONIBAS_0020vwe1429ra,4,0,92.5,,97.0,
RWS01_MONICA_00D001037C5C0020000B,8,0,65.3925,,88.0,
RWS01_MONIBAS_0150vwa0996ra,2,0,43.0,,43.0,
RWS01_MONICA_00D00F0BC44BD007000B,8,0,21.7175,,23.0,
RWS01_MONICA_00D00F0BC44BD007000F,8,0,23.0,,23.0,
RWS01_MONIBAS_0101hrl0147ra_1,32,0,84.539375,,116.0,
RWS01_MONIBAS_0170vwm0248ra,8,0,42.5,,86.0,
RWS01_MONIBAS_0301hrr0207ra,16,0,82.98125,,103.0,
RWS01_MONIBAS_0011hrr1070ra,6,0,101.66666666666667,,113.0,
RWS01_MONIBAS_0060vwp0432ra,4,0,106.0,,113.0,
RWS01_MONIBAS_0041hrl0076ra,8,0,-1.0,,-1.0,
RWS01_MONICA_00D00609B01ED0050005,8,0,100.03,,106.0,
RWS01_MONIBAS_0041hrr0583ra,4,0,48.5,,98.0,
RWS01_MONICA_00D00609B01ED0050009,8,0,56.0,,113.0,
RWS01_MONICA_00D007049840D0050005,8,0,-1.0,,-1.0,
RWS01_MONIBAS_0501hrr0951ra_1,16,0,76.595,,114.0,
RWS01_MONICA_10D00703F02FD007000B,2,0,89.0,,89.0,
RWS01_MONICA_10D00703F02FD0070007,2,0,105.0,,105.0,
RWS01_MONIBAS_0020vwm1558ra,4,0,90.5,,94.0,
RWS01_MONICA_00D00F03585AD0050005,8,0,-1.0,,-1.0,
RWS01_MONIBAS_0060vwm0602ra,4,0,89.5,,98.0,
RWS01_MONIBAS_0091hrl0666ra,6,0,104.0,,118.0,
RWS01_MONIBAS_0091hrl0270ra,6,0,97.33333333333333,,109.0,
RWS01_MONIBAS_0041hrl2355ra,16,0,61.8625,,94.0,
RWS01_MONIBAS_0011hrl1040ra,6,0,99.33333333333333,,115.0,
RWS01_MONICA_00D0490D3C32D0050105,8,0,38.332499999999996,,52.0,
RWS01_MONIBAS_0011hrl0478ra,4,0,90.5,,96.0,
RWS01_MONICA_00D01403AC42D0050009,8,0,97.2675,,104.0,
RWS01_MONIBAS_0020vwn1131ra,6,0,18.666666666666668,,47.0,
RWS01_MONIBAS_0270vwj0806ra,2,0,81.0,,81.0,
RWS01_MONICA_00D03A09CC0F88200007,8,0,52.0,,105.0,
RWS01_MONICA_00D01403AC42D0050005,8,0,81.9175,,111.0,
RWS01_MONIBAS_0581hrr0201ra,4,0,60.5,,62.0,
RWS01_MONIBAS_0011hrr1560ra,4,0,88.5,,90.0,
RWS01_MONICA_00D03A09CC0F8820000B,8,0,90.9725,,94.0,
RWS01_MONIBAS_0070vwa2295ra,8,0,45.0,,91.0,
RWS01_MONICA_00D00C17104BD007000B,8,0,66.75,,95.0,
RWS01_MONIBAS_0021hrr0685ra,10,0,36.0,,49.0,
RWS01_MONIBAS_0021hrl2368ra,6,0,91.0,,100.0,
RWS01_MONICA_00D0071E400010200005,8,0,-1.0,,-1.0,
RWS01_MONIBAS_0281hrl0069ra,6,0,103.0,,112.0,
RWS01_MONIBAS_0161hrr0655ra,6,0,97.0,,108.0,
RWS01_MONIBAS_0091hrl0390ra,6,0,71.66666666666667,,113.0,
RWS01_MONICA_00D00C17104BD0070007,8,0,-1.0,,-1.0,
RWS01_MONIBAS_0041hrr0619ra,4,0,102.5,,111.0,
RWS01_MONIBAS_0041hrr0619rb,2,0,98.0,,98.0,
RWS01_MONICA_00D00107984BD0050009,8,0,62.817499999999995,,88.0,
RWS01_MONICA_00D0321CDC14D007000B,8,0,51.0,,103.0,
RWS01_MONIBAS_0090vwb0092ra,2,0,75.0,,75.0,
RWS01_MONIBAS_0021hrr1059ra,6,0,75.0,,79.0,
RWS01_MONICA_00D00107984BD0050005,8,0,71.445,,97.0,
RWS01_MONIBAS_0010vwa1667ra,8,0,63.6,,67.0,
RWS01_MONIBAS_0731hrl0164ra,4,0,95.0,,101.0,
RWS01_MONICA_00D006098C12D007000B,8,0,13.515,,19.0,
RWS01_MONICA_00D006098C12D007000F,8,0,14.2675,,20.0,
RWS01_MONIBAS_0501hrl1838ra,6,0,25.666666666666668,,49.0,
RWS01_MONIBAS_0321hrr0452ra,16,0,63.7575,,111.0,
RWS01_MONICA_00D0321CDC14D0070007,8,0,54.5,,110.0,
RWS01_MONIBAS_0131hrr0185ra,4,0,77.0,,77.0,
RWS01_MONIBAS_0590vwh0506ra,2,0,69.0,,69.0,
RWS01_MONIBAS_0131hrr0185rb,4,0,74.5,,76.0,
RWS01_MONIBAS_0011hrr1200ra,6,0,100.0,,115.0,
RWS01_MONICA_00D006098C12D0070007,8,0,16.5825,,27.0,
RWS01_MONIBAS_0011hrl0608ra,16,0,-1.0,,-1.0,
RWS01_MONIBAS_0731hrr0849ra,16,0,81.5625,,104.0,
RWS01_MONIBAS_0011hrl1053ra,8,0,101.0,,122.0,
RWS01_MONIBAS_0021hrr0708ra,8,0,57.75,,65.0,
RWS01_MONIBAS_0100vwp0317ra,6,0,4.666666666666667,,9.0,
RWS01_MONIBAS_0351hrl0539ra,8,0,-1.0,,-1.0,
RWS01_MONIBAS_0020vwn1144ra,6,0,-1.0,,-1.0,
RWS01_MONIBAS_0041hrr0093ra,12,0,98.5,,111.0,
RWS01_MONICA_00D00F03585AD0050009,8,0,37.0,,75.0,
RWS01_MONIBAS_0161hrl0340ra,4,0,91.0,,101.0,
RWS01_MONICA_00D00608180D68200005,8,0,58.0,,117.0,
RWS01_MONIBAS_0041hrr0343ra,4,0,53.0,,56.0,
RWS01_MONIBAS_0281hrr0323ra,4,0,101.5,,107.0,
RWS01_MONIBAS_3251hrr0129ra,4,0,105.0,,109.0,
RWS01_MONIBAS_0271hrr0512ra,4,0,95.0,,101.0,
RWS01_MONIBAS_0221hrr0153ra,4,0,99.0,,102.0,
RWS01_MONICA_00D00209D84060200007,8,0,69.6675,,95.0,
RWS01_MONICA_00D00608180D68200009,8,0,71.75,,102.0,
RWS01_MONIBAS_0090vwc0092ra,2,0,82.0,,82.0,
RWS01_MONICA_00D00209D8406020000B,8,0,83.6525,,85.0,
RWS01_MONIBAS_0041hrl2342ra,8,0,93.375,,99.0,
RWS01_MONIBAS_0101hrl0050ra,6,0,46.333333333333336,,50.0,
RWS01_MONIBAS_0091hrr0078ra,4,0,97.5,,105.0,
RWS01_MONIBAS_0201hrl0482ra,4,0,16.0,,17.0,
RWS01_MONIBAS_0150vwb0360ra,2,0,88.0,,88.0,
RWS01_MONIBAS_0020vwg0900ra,2,0,82.0,,82.0,
RWS01_MONIBAS_0011hrl0598ra,16,0,47.03875,,102.0,
RWS01_MONICA_00D0010D3C1ED007000F,8,0,87.0625,,91.0,
RWS01_MONIBAS_0501hrl1575ra,6,0,81.0,,89.0,
RWS01_MONICA_00D00609705568200005,8,0,80.25,,111.0,
RWS01_MONIBAS_0201hrl0362ra,6,0,61.666666666666664,,100.0,
RWS01_MONIBAS_0011hrr1573ra,4,0,93.0,,102.0,
RWS01_MONIBAS_0350vws0561ra,2,0,81.0,,81.0,
RWS01_MONICA_00D00609705568200009,8,0,70.405,,96.0,
RWS01_MONIBAS_0091hrr0065ra,10,0,104.2,,121.0,
RWS01_MONIBAS_0061hrr0463ra,4,0,103.5,,106.0,
RWS01_MONIBAS_0271hrr0908ra,6,0,78.0,,80.0,
RWS01_MONIBAS_0151hrl0782ra,4,0,89.0,,93.0,
RWS01_MONIBAS_0151hrl0805ra,6,0,89.0,,94.0,
RWS01_MONIBAS_0121hrl0117ra,6,0,70.66666666666667,,76.0,
RWS01_MONIBAS_0091hrl0546ra,4,0,105.5,,112.0,
RWS01_MONIBAS_0040vwn0717ra,4,0,94.0,,101.0,
RWS01_MONICA_00D0010D3C1ED0070007,8,0,76.8825,,108.0,
RWS01_MONIBAS_0501hrl0987ra,6,0,103.0,,109.0,
RWS01_MONIBAS_0580vwc0877ra,8,0,-1.0,,-1.0,
RWS01_MONICA_00D0010D3C1ED007000B,8,0,91.8025,,97.0,
RWS01_MONIBAS_0271hrr0371ra,4,0,98.0,,107.0,
RWS01_MONIBAS_0501hrl2295ra,16,0,-1.0,,-1.0,
RWS01_MONICA_00D00107DC5FD0050009,8,0,-1.0,,-1.0,
RWS01_MONIBAS_0020vwm1176ra_1,16,0,37.625,,102.0,
RWS01_MONIBAS_0151hrr0347ra,4,0,103.0,,112.0,
RWS01_MONIBAS_0020vwn1643ra,6,0,71.66666666666667,,74.0,
RWS01_MONICA_00D04F001839D0050005,8,0,49.0,,99.0,
RWS01_MONICA_00D00107DC5FD0050005,8,0,52.5,,106.0,
RWS01_MONICA_00D00229684BD0050005,8,0,73.0,,78.0,
RWS01_MONIBAS_0101hrr0233ra,6,0,77.0,,80.0,
RWS01_MONIBAS_0021hrr2519ra,4,0,95.5,,102.0,
RWS01_MONIBAS_0121hrr0759ra,6,0,90.0,,98.0,
RWS01_MONIBAS_0060vwd0865ra,8,0,68.0,,99.0,
RWS01_MONIBAS_0281hrl0053ra,6,0,103.0,,113.0,
RWS01_MONIBAS_0150vwx0510ra,4,0,102.0,,109.0,
RWS01_MONIBAS_0060vwm0475ra,4,0,113.0,,126.0,
RWS01_MONIBAS_0271hrr0887ra,6,0,103.66666666666667,,115.0,
RWS01_MONICA_00D0321EDC53D007000B,8,0,74.1675,,102.0,
RWS01_MONIBAS_0271hrr0251ra,6,0,30.666666666666668,,68.0,
RWS01_MONIBAS_0101hrr0090ra,6,0,97.0,,110.0,
RWS01_MONIBAS_0020vwa2196ra,2,0,75.0,,75.0,
RWS01_MONICA_00D0321EDC53D0070007,8,0,89.8925,,124.0,
RWS01_MONIBAS_0041hrr0096ra,12,0,95.66666666666667,,103.0,
RWS01_MONICA_00D00229684BD0050009,8,0,66.1825,,76.0,
RWS01_MONIBAS_0161hrr0659ra,6,0,80.0,,101.0,
RWS01_MONIBAS_0281hrl0186ra,8,0,94.25,,114.0,
RWS01_MONIBAS_0141hrl0117ra,4,0,79.0,,92.0,
RWS01_MONIBAS_0201hrl0484ra,4,0,31.5,,32.0,
RWS01_MONIBAS_0381hrl0210ra,6,0,52.333333333333336,,75.0,
RWS01_MONIBAS_0010vwp0107ra,4,0,106.0,,111.0,
RWS01_MONIBAS_0021hrr2506ra,16,0,60.495,,107.0,
RWS01_MONIBAS_0281hrl0209ra,8,0,97.75,,108.0,
RWS01_MONIBAS_0101hrl0087ra,6,0,73.66666666666667,,79.0,
RWS01_MONIBAS_0281hrl0066ra,6,0,104.33333333333333,,114.0,
RWS01_MONICA_00D00F095C0438200009,8,0,-1.0,,-1.0,
RWS01_MONICA_00D01101980E50200005,8,0,33.0,,67.0,
RWS01_MONIBAS_0060vwm0605ra,4,0,37.0,,75.0,
RWS01_MONIBAS_0101hrr0113ra,6,0,103.0,,112.0,
RWS01_MONICA_00D00F095C0438200005,8,0,-1.0,,-1.0,
RWS01_MONIBAS_0131hrl0045ra,6,0,57.0,,63.0,
RWS01_MONICA_00D00606CC2DD0050005,8,0,61.5,,124.0,
RWS01_MONIBAS_0151hrr0467ra,6,0,103.66666666666667,,117.0,
RWS01_MONICA_00D00F0C302800200007,8,0,-1.0,,-1.0,
RWS01_MONICA_00D0071F1447D0050009,8,0,57.667500000000004,,80.0,
RWS01_MONIBAS_0161hrr0419ra,8,0,108.25,,129.0,
RWS01_MONICA_00D00F0C30280020000B,8,0,32.0,,65.0,
RWS01_MONIBAS_0121hrr0519ra,10,0,106.0,,117.0,
RWS01_MONIBAS_0670vwc0586ra,16,0,38.0,,85.0,
RWS01_MONICA_00D0071F1447D0050005,8,0,45.0,,91.0,
RWS01_MONICA_00D00606CC2DD0050009,8,0,79.25,,106.0,
RWS01_MONIBAS_0011hrr0135ra,10,0,99.8,,111.0,
RWS01_MONIBAS_0171hrl0078ra,16,0,86.865,,111.0,
RWS01_MONICA_00D00606CC2DD005000D,8,0,80.75,,112.0,
RWS01_MONIBAS_0131hrl0178ra,6,0,73.33333333333333,,76.0,
RWS01_MONIBAS_0291hrl0125ra,8,0,107.0,,121.0,
RWS01_MONICA_00D00606CC2DD0050011,8,0,95.8475,,103.0,
RWS01_MONIBAS_0121hrr0376ra,8,0,106.5,,123.0,
RWS01_MONIBAS_0021hrl1634ra,4,0,56.5,,63.0,
RWS01_MONIBAS_0161hrr0276ra,8,0,116.25,,161.0,
RWS01_MONICA_00D005023C5ED0070307,8,0,71.0425,,97.0,
RWS01_MONIBAS_0271hrl0342ra,4,0,-1.0,,-1.0,
RWS01_MONIBAS_0020vwm0682ra,4,0,78.0,,79.0,
RWS01_MONIBAS_0201hrl0244ra,4,0,99.5,,105.0,
RWS01_MONICA_00D00F05A03808200007,8,0,44.0,,89.0,
RWS01_MONIBAS_0281hrl0079ra,6,0,97.66666666666667,,109.0,
RWS01_MONIBAS_0271hrl0128ra,4,0,97.5,,101.0,
RWS01_MONIBAS_0500vwr2386ra,4,0,87.5,,94.0,
RWS01_MONICA_00D00206146200200007,8,0,29.5,,60.0,
RWS01_MONIBAS_0350vwu0521ra,4,0,78.5,,86.0,
RWS01_MONIBAS_0021hrl1621ra,4,0,94.0,,101.0,
RWS01_MONICA_00D0071F1447D005000D,8,0,69.0,,69.0,
RWS01_MONIBAS_0271hrr0384ra,6,0,95.0,,105.0,
RWS01_MONICA_10D009082445D007000B,2,0,93.0,,93.0,
RWS01_MONIBAS_0071hrr0187ra,4,0,99.0,,104.0,
RWS01_MONIBAS_0020vwn1656ra,6,0,87.0,,95.0,
RWS01_MONIBAS_0280vwy0021ra,4,0,84.0,,88.0,
RWS01_MONIBAS_0500vwd1623ra,2,0,87.0,,87.0,
RWS01_MONIBAS_0061hrr0489ra,4,0,109.5,,118.0,
RWS01_MONIBAS_0021hrr2350ra,6,0,86.66666666666667,,96.0,
RWS01_MONICA_00D0010D905060200007,8,0,88.0425,,91.0,
RWS01_MONICA_10D009082445D0070007,2,0,103.0,,103.0,
RWS01_MONIBAS_0101hrl0181ra,8,0,82.0,,93.0,
RWS01_MONIBAS_0731hrr0946ra,16,0,1.75,,6.0,
RWS01_MONIBAS_0581hrr0347ra,6,0,96.0,,104.0,
RWS01_MONIBAS_0051hrr0044ra,4,0,90.0,,93.0,
RWS01_MONIBAS_0040vwm0358ra,6,0,79.66666666666667,,84.0,
RWS01_MONIBAS_0271hrr0647ra,6,0,94.33333333333333,,106.0,
RWS01_MONIBAS_4341hrr0054ra,4,0,29.5,,33.0,
RWS01_MONIBAS_0671hrr0312ra,4,0,91.5,,99.0,
RWS01_MONICA_00D01B02D84DD0050005,8,0,-1.0,,-1.0,
RWS01_MONIBAS_0201hrl0111ra,4,0,85.0,,90.0,
RWS01_MONIBAS_0271hrr1093ra,8,0,36.0,,73.0,
RWS01_MONICA_00D01B02D84DD0050009,8,0,-1.0,,-1.0,
RWS01_MONIBAS_0121hrr0230ra,6,0,106.66666666666667,,120.0,
RWS01_MONIBAS_0010vwc0548ra,2,0,71.0,,71.0,
RWS01_MONICA_00D0071EE05CD0050009,8,0,71.35,,73.0,
RWS01_MONIBAS_0061hrl0682ra,16,0,-1.0,,-1.0,
RWS01_MONICA_00D0071EE05CD0050005,8,0,41.0,,83.0,
RWS01_MONIBAS_0441hrr0024ra,4,0,93.5,,98.0,
RWS01_MONIBAS_0501hrl1969ra,6,0,91.33333333333333,,100.0,
RWS01_MONICA_00D0022598333020000B,8,0,68.39750000000001,,94.0,
RWS01_MONICA_00D006070C5FD007000B,8,0,98.7875,,104.0,
RWS01_MONICA_00D020012037D0050005,8,0,74.045,,101.0,
RWS01_MONICA_00D006070C5FD0070007,8,0,57.5,,116.0,
RWS01_MONIBAS_0121hrr0506ra,8,0,40.75,,56.0,
RWS01_MONICA_00D020012037D0050009,8,0,89.1375,,96.0,
RWS01_MONICA_00D00225983330200007,8,0,50.0,,101.0,
RWS01_MONIBAS_0121hrl0717rb,2,0,76.0,,76.0,
RWS01_MONIBAS_0201hrl0137ra,4,0,103.0,,114.0,
RWS01_MONIBAS_0121hrl0717ra,6,0,103.66666666666667,,114.0,
RWS01_MONIBAS_0160vwx0247ra,6,0,54.0,,92.0,
RWS01_MONIBAS_0201hrr0416ra,6,0,21.333333333333332,,32.0,
RWS01_MONIBAS_0011hrr0482ra,6,0,77.0,,80.0,
RWS01_MONIBAS_0151hrr0441ra,10,0,98.0,,113.0,
RWS01_MONIBAS_0020vwb2653ra,8,0,-1.0,,-1.0,
RWS01_MONIBAS_0171hrl0172ra,16,0,65.58375,,112.0,
RWS01_MONICA_00D04F001839D0050085,8,0,47.0,,95.0,
RWS01_MONIBAS_2081hrl0087ra,4,0,104.0,,109.0,
RWS01_MONIBAS_0321hrl0424ra,16,0,47.325,,101.0,
RWS01_MONIBAS_0011hrl0831ra,6,0,110.66666666666667,,124.0,
RWS01_MONICA_00D00110B82DD0070007,8,0,84.5,,113.0,
RWS01_MONIBAS_0060vwp0448ra,4,0,116.5,,126.0,
RWS01_MONICA_00D009019C3200200007,8,0,-1.0,,-1.0,
RWS01_MONIBAS_0500vww2040ra,2,0,78.0,,78.0,
RWS01_MONIBAS_0281hrl1038ra,6,0,75.33333333333333,,116.0,
RWS01_MONIBAS_0591hrl0972ra,16,0,88.81875,,110.0,
RWS01_MONICA_00D00110B82DD007000B,8,0,73.6375,,102.0,
RWS01_MONIBAS_0201hrl0257ra,6,0,96.33333333333333,,109.0,
RWS01_MONICA_00D00110B82DD007000F,8,0,90.4325,,100.0,
RWS01_MONIBAS_0061hrl0562ra,4,0,112.0,,120.0,
RWS01_MONIBAS_0011hrr0758ra,16,0,-1.0,,-1.0,
RWS01_MONIBAS_0151hrr0957ra,4,0,102.0,,112.0,
RWS01_MONIBAS_0121hrr1085ra,10,0,99.0,,105.0,
RWS01_MONIBAS_0020vwb1705ra,4,0,94.5,,97.0,
RWS01_MONIBAS_0101hrr0019ra,6,0,97.0,,109.0,
RWS01_MONIBAS_0581hrl0207ra,4,0,35.0,,40.0,
RWS01_MONICA_00D00105EC00D0050005,8,0,56.0,,113.0,
RWS01_MONIBAS_0091hrr0473ra_1,24,0,61.8775,,101.0,
RWS01_MONIBAS_0121hrr1108ra,6,0,12.666666666666666,,16.0,
RWS01_MONICA_00D00105EC00D0050009,8,0,60.0,,121.0,
RWS01_MONIBAS_0281hrr0942ra,8,0,81.25,,92.0,
RWS01_MONICA_00D01B0CFC00D0070007,8,0,59.0,,119.0,
RWS01_MONIBAS_0351hrr0664ra,16,0,-1.0,,-1.0,
RWS01_MONICA_00D009019C320020000B,8,0,-1.0,,-1.0,
RWS01_MONIBAS_0120vwx0565ra,6,0,87.0,,94.0,
RWS01_MONIBAS_0351hrr0531ra,6,0,61.333333333333336,,107.0,
RWS01_MONIBAS_0071hrr0161ra,4,0,104.0,,113.0,
RWS01_MONIBAS_0151hrr0561ra,6,0,93.66666666666667,,103.0,
RWS01_MONICA_00D01B0CFC00D007000F,8,0,71.87,,102.0,
RWS01_MONIBAS_4341hrr0041ra,4,0,76.0,,82.0,
RWS01_MONICA_00D01B0CFC00D007000B,8,0,80.5325,,109.0,
RWS01_MONIBAS_0280vwg1144ra,4,0,43.0,,87.0,
RWS01_MONIBAS_0761hrl0122ra,16,0,-1.0,,-1.0,
RWS01_MONIBAS_0201hrr0140ra,4,0,-1.0,,-1.0,
RWS01_MONIBAS_0241hrl0037ra,6,0,116.33333333333333,,132.0,
RWS01_MONIBAS_0060vwp0435ra,4,0,103.5,,109.0,
RWS01_MONICA_00D001123C5AD007000B,8,0,-1.0,,-1.0,
RWS01_MONICA_00D001123C5AD007000F,8,0,-1.0,,-1.0,
RWS01_MONIBAS_0281hrl0293ra,4,0,105.0,,110.0,
RWS01_MONICA_00D00C12BC0A10200005,8,0,37.5,,76.0,
RWS01_MONIBAS_0220vwq0116ra,4,0,94.5,,104.0,
RWS01_MONIBAS_0151hrr0944ra,4,0,98.0,,102.0,
RWS01_MONIBAS_0070vwb1423ra,8,0,44.365,,62.0,
RWS01_MONIBAS_0061hrl0455ra,4,0,107.5,,114.0,
RWS01_MONIBAS_0671hrl0273ra,4,0,90.5,,98.0,
RWS01_MONIBAS_0291hrr0154ra,8,0,101.25,,111.0,
RWS01_MONICA_10D03B148405D007000B,2,0,52.0,,52.0,
RWS01_MONIBAS_0071hrr0281ra,4,0,54.5,,110.0,
RWS01_MONIBAS_0021hrr0932ra,8,0,48.25,,75.0,
RWS01_MONIBAS_0011hrr0255ra,6,0,-1.0,,-1.0,
RWS01_MONICA_10D03B148405D0070007,2,0,73.0,,73.0,
RWS01_MONICA_00D001123C5AD0070007,8,0,76.7225,,104.0,
RWS01_MONIBAS_0130vwc0095ra,2,0,59.0,,59.0,
RWS01_MONICA_10D004011C0028200009,2,0,96.0,,96.0,
RWS01_MONIBAS_0071hrl1615ra,16,0,-1.0,,-1.0,
RWS01_MONIBAS_0070vwd2003ra,2,0,41.0,,41.0,
RWS01_MONIBAS_0011hrl0844ra,6,0,103.33333333333333,,114.0,
RWS01_MONIBAS_0500vwy1554rb,2,0,66.0,,66.0,
RWS01_MONIBAS_3251hrl0173ra,4,0,89.5,,95.0,
RWS01_MONIBAS_0120vwx0578ra,4,0,85.0,,88.0,
RWS01_MONICA_00D00C17404680200005,8,0,36.0,,73.0,
RWS01_MONICA_10D004011C0028200005,2,0,111.0,,111.0,
RWS01_MONIBAS_0500vwy1554ra,2,0,79.0,,79.0,
RWS01_MONICA_00D001043800D0070187,8,0,84.9325,,87.0,
RWS01_MONIBAS_0061hrl0588ra,4,0,103.0,,108.0,
RWS01_MONIBAS_0501hrl1930ra,6,0,96.33333333333333,,105.0,
RWS01_MONICA_00D0321EDC5808200007,8,0,24.5,,50.0,
RWS01_MONIBAS_0100vwb0140ra,2,0,70.0,,70.0,
RWS01_MONIBAS_0011hrl1290ra,6,0,107.66666666666667,,119.0,
RWS01_MONIBAS_0271hrl0712ra,4,0,25.0,,51.0,
RWS01_MONICA_00D01B0AA055D0070187,8,0,-1.0,,-1.0,
RWS01_MONIBAS_0300vwa0148ra,8,0,38.0,,77.0,
RWS01_MONIBAS_0021hrr0812ra,8,0,91.25,,100.0,
RWS01_MONIBAS_0040vwn0108ra,2,0,22.0,,22.0,
RWS01_MONIBAS_0141hrr0133ra,4,0,55.0,,61.0,
RWS01_MONIBAS_0040vwn0108rb,4,0,79.5,,80.0,
RWS01_MONIBAS_0041hrl0326ra,4,0,97.0,,104.0,
RWS01_MONIBAS_0161hrr0130ra,4,0,79.0,,82.0,
RWS01_MONIBAS_0581hrl0170ra,4,0,58.0,,61.0,
RWS01_MONIBAS_2421hrl0310ra,4,0,88.0,,96.0,
RWS01_MONIBAS_0271hrr0277ra,4,0,89.0,,93.0,
RWS01_MONICA_00D03A0B084BD0050005,8,0,84.7575,,88.0,
RWS01_MONIBAS_0071hrl2324ra,16,0,73.3175,,104.0,
RWS01_MONIBAS_0011hrl0342ra,8,0,105.5,,120.0,
RWS01_MONICA_00D04C007039D0050009,8,0,67.1925,,95.0,
RWS01_MONICA_00D04C007039D0050005,8,0,54.0,,109.0,
RWS01_MONIBAS_0161hrl0613ra,6,0,109.66666666666667,,127.0,
RWS01_MONIBAS_0021hrl0666ra,10,0,102.0,,108.0,
RWS01_MONIBAS_0580vwa0896ra,8,0,36.5,,74.0,
RWS01_MONIBAS_0021hrr0945ra,6,0,83.66666666666667,,92.0,
RWS01_MONIBAS_0011hrl0738ra,16,0,-1.0,,-1.0,
RWS01_MONIBAS_0500vwd1587ra_1,8,0,43.5,,88.0,
RWS01_MONICA_00D002295000D007000B,8,0,97.24,,102.0,
RWS01_MONIBAS_0091hrr0421ra,8,0,41.75,,55.0,
RWS01_MONICA_00D001128023D005000D,8,0,91.5525,,102.0,
RWS01_MONICA_00D00400E0326020000B,8,0,90.6525,,97.0,
RWS01_MONIBAS_0021hrr1045ra,6,0,100.0,,111.0,
RWS01_MONIBAS_0040vwn0455ra,2,0,44.0,,44.0,
RWS01_MONIBAS_0021hrl2570rb,2,0,-1.0,,-1.0,
RWS01_MONIBAS_0021hrl2570ra,4,0,71.0,,72.0,
RWS01_MONICA_00D00400E03260200007,8,0,74.7075,,101.0,
RWS01_MONIBAS_0501hrl0984ra,8,0,103.0,,113.0,
RWS01_MONIBAS_0151hrr0930ra,4,0,93.0,,99.0,
RWS01_MONIBAS_0061hrl0469ra,4,0,103.5,,107.0,
RWS01_MONIBAS_0280vwa1738ra,8,0,28.0,,57.0,
RWS01_MONIBAS_0151hrl0652ra,8,0,92.0,,97.0,
RWS01_MONIBAS_0040vwn0442ra,6,0,75.33333333333333,,80.0,
RWS01_MONIBAS_0040vwb0027ra,2,0,81.0,,81.0,
RWS01_MONIBAS_3251hrr0190ra,4,0,84.0,,91.0,
RWS01_MONICA_00D001128023D0050005,8,0,56.5,,114.0,
RWS01_MONIBAS_0020vwc1074ra,2,0,82.0,,82.0,
RWS01_MONIBAS_0500vwx2046ra,4,0,91.5,,97.0,
RWS01_MONIBAS_0121hrl1162ra,6,0,102.66666666666667,,114.0,
RWS01_MONICA_00D001128023D0050009,8,0,75.235,,107.0,
RWS01_MONICA_00D00225980F28200005,8,0,59.75,,80.0,
RWS01_MONICA_00D002295000D0070007,8,0,80.785,,113.0,
RWS01_MONIBAS_0380vwp0216ra,2,0,-1.0,,-1.0,
RWS01_MONIBAS_0591hrr1017ra,16,0,-1.0,,-1.0,
RWS01_MONIBAS_0060vwp0422ra,4,0,111.5,,118.0,
RWS01_MONICA_00D0021A083668200009,8,0,-1.0,,-1.0,
RWS01_MONIBAS_3251hrr0213ra,4,0,7.5,,9.0,
RWS01_MONICA_00D0021A083668200005,8,0,-1.0,,-1.0,
RWS01_MONIBAS_0161hrl0230ra,6,0,-1.0,,-1.0,
RWS01_MONIBAS_0321hrr0479ra,16,0,61.46,,106.0,
RWS01_MONICA_00D00209CC113020000B,8,0,93.52,,97.0,
RWS01_MONIBAS_0771hrr0019ra,16,0,-1.0,,-1.0,
RWS01_MONIBAS_0021hrr0682ra,8,0,33.75,,39.0,
RWS01_MONIBAS_0581hrl0566ra,4,0,75.0,,79.0,
RWS01_MONIBAS_0121hrl1438ra,4,0,100.5,,108.0,
RWS01_MONIBAS_0041hrl0699ra,8,0,99.5,,117.0,
RWS01_MONICA_00D00209CC1130200007,8,0,77.0,,103.0,
RWS01_MONIBAS_0090vwc0619ra,2,0,47.0,,47.0,
RWS01_MONIBAS_0761hrl0028ra,4,0,99.0,,108.0,
RWS01_MONIBAS_0150vwy0512ra,2,0,93.0,,93.0,
RWS01_MONIBAS_0301hrr0217ra,16,0,-1.0,,-1.0,
RWS01_MONIBAS_0040vwn0072ra,4,0,-1.0,,-1.0,
RWS01_MONIBAS_0041hrr0573ra,4,0,31.5,,44.0,
RWS01_MONIBAS_0500vwr2039ra,4,0,-1.0,,-1.0,
RWS01_MONIBAS_0731hrr0060ra,4,0,97.5,,106.0,
RWS01_MONIBAS_0501hrl0971ra,4,0,101.0,,108.0,
RWS01_MONIBAS_0071hrl0157ra,4,0,96.0,,101.0,
RWS01_MONICA_00D01B002455D0050009,8,0,70.4875,,98.0,
RWS01_MONIBAS_0580vwa0140ra,2,0,57.0,,57.0,
RWS01_MONIBAS_0021hrr0487ra_1,40,0,-1.0,,-1.0,
RWS01_MONICA_00D01B002455D0050005,8,0,56.0,,113.0,
RWS01_MONIBAS_0060vwt0471ra,4,0,103.0,,112.0,
RWS01_MONICA_00D03A05604628200005,8,0,91.605,,94.0,
RWS01_MONIBAS_0091hrr0314ra,6,0,92.0,,100.0,
RWS01_MONIBAS_0160vwm0396ra,6,0,99.33333333333333,,110.0,
RWS01_MONIBAS_0091hrr0660ra,6,0,102.33333333333333,,110.0,
RWS01_MONIBAS_0020vwm1150ra,4,0,92.0,,96.0,
RWS01_MONIBAS_0021hrr1548ra,4,0,97.5,,102.0,
RWS01_MONICA_00D004085C50D007000B,8,0,99.1525,,115.0,
RWS01_MONIBAS_0011hrr1236ra,6,0,98.0,,107.0,
RWS01_MONIBAS_0201hrr0274ra,6,0,84.66666666666667,,91.0,
RWS01_MONIBAS_0071hrl2074ra,16,0,81.00874999999999,,100.0,
RWS01_MONIBAS_0501hrr1612ra,6,0,87.66666666666667,,100.0,
RWS01_MONICA_00D004085C50D0070007,8,0,84.5,,113.0,
RWS01_MONICA_00D025039451D0070087,8,0,47.5625,,67.0,
RWS01_MONIBAS_0021hrl2330ra,6,0,91.66666666666667,,100.0,
RWS01_MONIBAS_0090vwd0107ra,4,0,56.0,,58.0,
RWS01_MONICA_00D00906A40A00200007,8,0,54.7725,,60.0,
RWS01_MONIBAS_0040vwn0335ra,2,0,94.0,,94.0,
RWS01_MONIBAS_0280vwa1475ra,8,0,-1.0,,-1.0,
RWS01_MONIBAS_0161hrl0626ra,8,0,96.0,,117.0,
RWS01_MONIBAS_0071hrl0236ra_1,16,0,79.62375,,115.0,
RWS01_MONIBAS_0040vwc0518ra,2,0,59.0,,59.0,
RWS01_MONIBAS_0271hrr0980ra,4,0,17.5,,18.0,
RWS01_MONICA_00D00211840038200005,8,0,38.5,,78.0,
RWS01_MONIBAS_0160vwf0158ra,4,0,13.5,,14.0,
RWS01_MONIBAS_0151hrl1000ra,4,0,80.0,,86.0,
RWS01_MONIBAS_4341hrl0047ra,4,0,90.5,,97.0,
RWS01_MONICA_00D00211840038200009,8,0,50.94,,71.0,
RWS01_MONIBAS_0501hrr1985ra,6,0,94.33333333333333,,111.0,
RWS01_MONIBAS_0150vwn0610ra_1,8,0,64.6825,,88.0,
RWS01_MONIBAS_0161hrl0256ra,8,0,102.75,,106.0,
RWS01_MONIBAS_0171hrr0210ra,16,0,36.22125,,100.0,
RWS01_MONIBAS_0041hrr0466ra,4,0,50.5,,53.0,
RWS01_MONIBAS_0020vwn1154ra,4,0,10.0,,13.0,
RWS01_MONIBAS_0041hrr0213ra,8,0,51.0,,74.0,
RWS01_MONIBAS_0041hrr0466rb,4,0,84.5,,90.0,
RWS01_MONIBAS_0011hrl0128ra,10,0,106.4,,128.0,
RWS01_MONIBAS_0041hrl0209ra,6,0,103.0,,113.0,
RWS01_MONIBAS_0011hrl1196ra,6,0,107.33333333333333,,123.0,
RWS01_MONICA_00D00400E0326020008B,8,0,66.5,,91.0,
RWS01_MONIBAS_0021hrr0335ra,8,0,103.0,,112.0,
RWS01_MONIBAS_0011hrr1583ra,4,0,95.0,,101.0,
RWS01_MONICA_00D00400E03260200087,8,0,68.8075,,94.0,
RWS01_MONIBAS_0501hrr1852ra,6,0,87.0,,104.0,
RWS01_MONIBAS_0011hrr1343ra,6,0,110.33333333333333,,119.0,
RWS01_MONIBAS_0150vwy0538ra,4,0,82.5,,83.0,
RWS01_MONICA_00D0010E8855D0050005,8,0,62.5,,126.0,
RWS01_MONICA_00D00212A846D0050309,8,0,90.7075,,95.0,
RWS01_MONICA_00D0010E8855D005000D,8,0,72.3425,,101.0,
RWS01_MONIBAS_0071hrr0066ra,6,0,16.0,,26.0,
RWS01_MONIBAS_0500vws2379ra,2,0,57.0,,57.0,
RWS01_MONIBAS_0020vwm1163ra,8,0,103.5,,112.0,
RWS01_MONICA_00D00212A846D0050305,8,0,73.115,,105.0,
RWS01_MONIBAS_0121hrl0201ra,6,0,98.66666666666667,,108.0,
RWS01_MONIBAS_0501hrr1998ra,6,0,97.0,,108.0,
RWS01_MONICA_00D0010E8855D0050009,8,0,54.5,,110.0,
RWS01_MONICA_00D0321F941ED0070007,8,0,53.5,,108.0,
RWS01_MONIBAS_0090vwc0093ra,2,0,88.0,,88.0,
RWS01_MONICA_00D0010E8855D0050011,8,0,86.295,,89.0,
RWS01_MONIBAS_0281hrr1067ra,6,0,95.66666666666667,,103.0,
RWS01_MONICA_00D00F18402828200185,8,0,-1.0,,-1.0,
RWS01_MONIBAS_0091hrl0654ra,6,0,111.33333333333333,,126.0,
RWS01_MONICA_00D00219A01E68200005,8,0,58.855000000000004,,62.0,
RWS01_MONIBAS_0100vwc0147ra,2,0,70.0,,70.0,
RWS01_MONIBAS_0011hrl1076ra,6,0,102.0,,116.0,
RWS01_MONIBAS_0121hrl0334ra,10,0,100.4,,114.0,
RWS01_MONIBAS_0581hrr0573ra,4,0,24.0,,49.0,
RWS01_MONIBAS_0161hrl0269ra,10,0,109.4,,130.0,
RWS01_MONICA_00D00219A01E68200009,8,0,51.8675,,53.0,
RWS01_MONIBAS_0010vwp0213ra,2,0,-1.0,,-1.0,
RWS01_MONIBAS_0161hrl0363ra,6,0,100.33333333333333,,115.0,
RWS01_MONIBAS_0121hrr1468ra,4,0,90.5,,93.0,
RWS01_MONIBAS_0050vwk0077ra,2,0,66.0,,66.0,
RWS01_MONIBAS_0581hrr0346ra,6,0,98.33333333333333,,107.0,
RWS01_MONIBAS_0041hrr0070ra,8,0,102.0,,118.0,
RWS01_MONIBAS_0500vwh0964ra,4,0,37.5,,76.0,
RWS01_MONIBAS_0021hrl2249ra,6,0,87.66666666666667,,95.0,
RWS01_MONIBAS_0020vwn0555ra,6,0,62.666666666666664,,97.0,
RWS01_MONICA_00D0010D905060200087,8,0,42.0,,85.0,
RWS01_MONICA_00D01C034455D0050305,8,0,68.3125,,93.0,
RWS01_MONIBAS_0040vwm0451ra,2,0,28.0,,28.0,
RWS01_MONIBAS_0201hrl0470ra,4,0,47.0,,49.0,
RWS01_MONICA_00D0321F941ED007000B,8,0,85.91499999999999,,97.0,
RWS01_MONIBAS_0040vwm0451rb,4,0,82.0,,86.0,
RWS01_MONICA_00D04C024800D007000B,8,0,86.0,,88.0,
RWS01_MONIBAS_0010vwp0096ra,2,0,102.0,,102.0,
RWS01_MONICA_00D01407302DD0050009,8,0,23.3325,,25.0,
RWS01_MONIBAS_0011hrl0355ra,8,0,111.5,,122.0,
RWS01_MONIBAS_0271hrl0248ra,6,0,98.33333333333333,,108.0,
RWS01_MONIBAS_0651hrl0229ra_1,16,0,73.9375,,109.0,
RWS01_MONIBAS_0041hrl2365ra,16,0,-1.0,,-1.0,
RWS01_MONIBAS_0021hrl0737ra_1,48,0,-1.0,,-1.0,
RWS01_MONIBAS_0061hrr0605ra,4,0,75.5,,77.0,
RWS01_MONIBAS_0271hrr0500ra,4,0,93.5,,99.0,
RWS01_MONICA_00D04C024800D0070007,8,0,49.0,,99.0,
RWS01_MONIBAS_0581hrr0320ra,4,0,95.0,,101.0,
RWS01_MONIBAS_0761hrr0032rb,4,0,97.0,,101.0,
RWS01_MONIBAS_0761hrr0032ra,4,0,89.5,,95.0,
RWS01_MONICA_00D01407302DD0050005,8,0,18.7125,,26.0,
RWS01_MONIBAS_0061hrr0475ra,6,0,104.0,,109.0,
RWS01_MONIBAS_0040vwm0331ra,4,0,30.0,,32.0,
RWS01_MONIBAS_0581hrr0466ra,4,0,30.0,,32.0,
RWS01_MONIBAS_3251hrr0226ra,4,0,6.5,,7.0,
RWS01_MONICA_00D014073C5AD0050005,8,0,10.6975,,16.0,
RWS01_MONIBAS_0070vwj2010ra,4,0,80.5,,85.0,
RWS01_MONIBAS_0010vwp0083ra,2,0,95.0,,95.0,
RWS01_MONIBAS_0281hrr0070ra,6,0,103.66666666666667,,113.0,
RWS01_MONIBAS_0200vwd0270ra,2,0,69.0,,69.0,
RWS01_MONICA_00D009019C32B8200007,8,0,-1.0,,-1.0,
RWS01_MONIBAS_0121hrr0745ra,6,0,73.0,,76.0,
RWS01_MONICA_00D02E00984C90200009,8,0,64.73,,69.0,
RWS01_MONICA_00D02E00984C90200005,8,0,34.5,,70.0,
RWS01_MONICA_00D00209EC28D0050005,8,0,-1.0,,-1.0,
RWS01_MONICA_00D00209EC28D0050009,8,0,-1.0,,-1.0,
RWS01_MONIBAS_0150vwe1545ra,2,0,-1.0,,-1.0,
RWS01_MONIBAS_0021hrl2236ra,8,0,84.75,,94.0,
RWS01_MONIBAS_0041hrr0609ra,6,0,105.33333333333333,,112.0,
RWS01_MONIBAS_0201hrl0350ra,4,0,31.5,,32.0,
RWS01_MONIBAS_0011hrr0984ra,8,0,81.0,,89.0,
RWS01_MONICA_00D00227A835D0050009,8,0,22.81,,26.0,
RWS01_MONIBAS_0101hrl0218rb,4,0,12.0,,13.0,
RWS01_MONIBAS_0101hrl0218ra,4,0,70.0,,74.0,
RWS01_MONICA_00D014073C5AD0050009,8,0,15.9675,,19.0,
RWS01_MONIBAS_0091hrr0077ra,4,0,94.5,,96.0,
RWS01_MONIBAS_0501hrl2055ra,6,0,55.333333333333336,,99.0,
RWS01_MONIBAS_0131hrr0195ra,4,0,40.5,,82.0,
RWS01_MONICA_00D00227A835D0050005,8,0,18.5125,,20.0,
RWS01_MONIBAS_0581hrr0239ra,4,0,95.5,,102.0,
RWS01_MONIBAS_0241hrl0010ra,4,0,109.5,,113.0,
RWS01_MONIBAS_0280vwy0035ra,2,0,84.0,,84.0,
RWS01_MONICA_00D0071E4C3708200007,8,0,60.985,,88.0,
RWS01_MONIBAS_0291hrr0140ra,6,0,110.33333333333333,,118.0,
RWS01_MONIBAS_4340vwe0066ra,2,0,45.0,,45.0,
RWS01_MONICA_00D01B00FC23D0050009,8,0,-1.0,,-1.0,
RWS01_MONICA_00D00104343200200007,8,0,-1.0,,-1.0,
RWS01_MONIBAS_0151hrr0468ra,6,0,71.33333333333333,,117.0,
RWS01_MONIBAS_0281hrr0849ra,4,0,-1.0,,-1.0,
RWS01_MONIBAS_0151hrr0215ra,4,0,123.5,,138.0,
RWS01_MONICA_00D01B00FC23D0050005,8,0,-1.0,,-1.0,
RWS01_MONIBAS_0160vwa0107ra,2,0,85.0,,85.0,
RWS01_MONIBAS_0020vwz0625ra,4,0,92.5,,93.0,
RWS01_MONIBAS_0141hrr0132ra,4,0,56.5,,60.0,
RWS01_MONICA_00D00F06B810D007000B,8,0,53.0,,107.0,
RWS01_MONICA_00D00F06B810D007000F,8,0,88.94,,93.0,
RWS01_MONICA_00D0321F941ED0070187,8,0,87.8075,,93.0,
RWS01_MONIBAS_0021hrr2375ra,6,0,36.666666666666664,,112.0,
RWS01_MONICA_00D00F06B810D0070007,8,0,60.0,,121.0,
RWS01_MONICA_00D00C141841D0050005,8,0,14.0,,29.0,
RWS01_MONIBAS_0010vwp0085ra,2,0,94.0,,94.0,
RWS01_MONIBAS_0671hrr0290ra,4,0,92.0,,96.0,
RWS01_MONICA_10D01601E4017820000B,2,0,-1.0,,-1.0,
RWS01_MONICA_00D01B08F000A0200005,8,0,41.5,,84.0,
RWS01_MONIBAS_0501hrl2041ra,4,0,105.0,,114.0,
RWS01_MONIBAS_0051hrr0033ra_1,16,0,31.07625,,87.0,
RWS01_MONIBAS_0131hrl0166ra,6,0,84.66666666666667,,92.0,
RWS01_MONIBAS_0291hrl0137ra,6,0,-1.0,,-1.0,
RWS01_MONIBAS_0021hrl1361ra,6,0,96.66666666666667,,105.0,
RWS01_MONIBAS_0071hrr2129ra,16,0,29.666249999999998,,83.0,
RWS01_MONICA_00D00C141841D0050009,8,0,22.025,,29.0,
RWS01_MONIBAS_0280vwd1433ra,8,0,-1.0,,-1.0,
RWS01_MONICA_00D01B08F000A0200009,8,0,53.817499999999995,,76.0,
RWS01_MONIBAS_0010vwm0889ra,6,0,94.0,,104.0,
RWS01_MONICA_00D006075C2280200005,8,0,-1.0,,-1.0,
RWS01_MONIBAS_0020vwn1644ra,6,0,76.0,,82.0,
RWS01_MONIBAS_0100vwp0302ra,4,0,14.0,,18.0,
RWS01_MONIBAS_0020vwf1155ra,4,0,22.5,,24.0,
RWS01_MONIBAS_0070vwa1576ra,8,0,48.125,,67.0,
RWS01_MONICA_00D0320EFC00D0050005,8,0,80.65,,111.0,
RWS01_MONICA_10D00205D050D005000D,2,0,96.0,,96.0,
RWS01_MONIBAS_0271hrl0354ra,4,0,36.5,,42.0,
RWS01_MONIBAS_0120vwa0329ra,2,0,70.0,,70.0,
RWS01_MONICA_10D00205D050D0050011,2,0,90.0,,90.0,
RWS01_MONICA_00D00606B823D0050009,8,0,52.5,,106.0,
RWS01_MONICA_00D0320EFC00D0050009,8,0,87.86,,94.0,
RWS01_MONICA_00D00606B823D0050005,8,0,62.5,,126.0,
RWS01_MONICA_10D00205D050D0050009,2,0,-1.0,,-1.0,
RWS01_MONICA_10D00205D050D0050005,2,0,110.0,,110.0,
RWS01_MONIBAS_0731hrr1044ra,6,0,53.0,,88.0,
RWS01_MONICA_10D01601E40178200007,2,0,-1.0,,-1.0,
RWS01_MONIBAS_0271hrl0523ra_1,16,0,35.0125,,46.0,
RWS01_MONIBAS_4341hrr0053ra,4,0,19.5,,24.0,
RWS01_MONICA_00D01B0C880078200007,8,0,70.25,,95.0,
RWS01_MONICA_00D00108684BD0050305,8,0,-1.0,,-1.0,
RWS01_MONICA_00D00F07D03878200007,8,0,48.5,,98.0,
RWS01_MONIBAS_0101hrl0088ra,6,0,88.0,,92.0,
RWS01_MONIBAS_0150vwn0579ra,6,0,98.33333333333333,,105.0,
RWS01_MONIBAS_0010vwa0339ra,2,0,80.0,,80.0,
RWS01_MONIBAS_0731hrl0161ra,4,0,96.5,,102.0,
RWS01_MONIBAS_0120vwc0034ra,4,0,72.5,,78.0,
RWS01_MONIBAS_0271hrl0221ra,4,0,98.0,,104.0,
RWS01_MONIBAS_0121hrr0614ra,6,0,95.0,,103.0,
RWS01_MONIBAS_0271hrl0474ra,4,0,82.0,,88.0,
RWS01_MONICA_00D005026041D007000B,8,0,87.81,,91.0,
RWS01_MONICA_00D03216FC2338200009,8,0,3.0,,7.0,
RWS01_MONIBAS_0021hrl1241ra,6,0,25.666666666666668,,29.0,
RWS01_MONICA_00D03216FC2338200005,8,0,7.7075,,11.0,
RWS01_MONICA_00D001016819D0050305,8,0,50.5,,102.0,
RWS01_MONICA_00D005026041D0070007,8,0,51.5,,104.0,
RWS01_MONICA_00D00F1E6845D0050005,8,0,-1.0,,-1.0,
RWS01_MONIBAS_0041hrr0105ra,8,0,78.25,,86.0,
RWS01_MONICA_00D00F1E6845D0050009,8,0,-1.0,,-1.0,
RWS01_MONIBAS_0020vwh0630ra,4,0,14.5,,15.0,
RWS01_MONIBAS_0581hrr0226ra,4,0,87.0,,91.0,
RWS01_MONIBAS_0051hrr0178ra,4,0,12.0,,13.0,
RWS01_MONIBAS_0070vwc0108ra,2,0,-1.0,,-1.0,
RWS01_MONIBAS_0350vwc0671ra,8,0,-1.0,,-1.0,
RWS01_MONIBAS_0580vwb0981ra,8,0,37.667500000000004,,51.0,
RWS01_MONIBAS_0071hrr0209ra,4,0,93.0,,96.0,
RWS01_MONICA_00D01100003290200005,8,0,64.4375,,65.0,
RWS01_MONIBAS_0221hrl0133ra,4,0,44.5,,90.0,
RWS01_MONICA_00D01C15E45448200007,8,0,-1.0,,-1.0,
RWS01_MONICA_00D04C02F85050200005,8,0,-1.0,,-1.0,
RWS01_MONIBAS_0041hrr0118ra,10,0,51.2,,58.0,
RWS01_MONIBAS_0090vws0210ra,4,0,30.5,,62.0,
RWS01_MONIBAS_0150vwm0957ra,6,0,59.666666666666664,,94.0,
RWS01_MONICA_00D00222045500200007,8,0,49.042500000000004,,70.0,
RWS01_MONIBAS_0161hrr0645ra,6,0,103.0,,117.0,
RWS01_MONIBAS_0040vwm0070ra,4,0,88.0,,92.0,
RWS01_MONIBAS_0071hrr1981ra,8,0,80.0,,85.0,
RWS01_MONIBAS_0010vwm0876ra,2,0,94.0,,94.0,
RWS01_MONICA_00D0100A3C19D007000F,8,0,-1.0,,-1.0,
RWS01_MONIBAS_0761hrr0150ra,4,0,94.5,,99.0,
RWS01_MONIBAS_0731hrl1039ra,8,0,-1.0,,-1.0,
RWS01_MONICA_00D0100A3C19D007000B,8,0,-1.0,,-1.0,
RWS01_MONIBAS_0121hrl0586ra,8,0,57.25,,80.0,
RWS01_MONIBAS_0071hrr0329ra,4,0,104.0,,112.0,
RWS01_MONIBAS_0731hrl0174ra,4,0,92.5,,98.0,
RWS01_MONIBAS_0350vwc0551ra,8,0,60.4075,,88.0,
RWS01_MONICA_00D0100A3C19D0070007,8,0,-1.0,,-1.0,
RWS01_MONIBAS_0040vwm0106ra,8,0,91.5,,102.0,
RWS01_MONIBAS_0151hrr0825ra,6,0,11.0,,18.0,
RWS01_MONICA_10D014041C46D0050305,2,0,77.0,,77.0,
RWS01_MONIBAS_0120vwx0577ra,4,0,96.0,,105.0,
RWS01_MONIBAS_0271hrr0145ra,4,0,94.0,,99.0,
RWS01_MONICA_00D01C028423D005000D,8,0,95.35249999999999,,102.0,
RWS01_MONIBAS_0011hrl1327ra,6,0,111.33333333333333,,129.0,
RWS01_MONIBAS_0021hrl1387ra,6,0,100.66666666666667,,109.0,
RWS01_MONIBAS_0021hrr1270ra,6,0,107.0,,120.0,
RWS01_MONICA_00D01C028423D0050009,8,0,80.0825,,111.0,
RWS01_MONICA_00D01C028423D0050005,8,0,86.0,,115.0,
RWS01_MONIBAS_0201hrl0378ra,6,0,95.0,,106.0,
RWS01_MONIBAS_0070vwb2130ra,8,0,30.5,,62.0,
RWS01_MONIBAS_0021hrr1150ra,4,0,103.0,,107.0,
RWS01_MONIBAS_0011hrr0504ra,6,0,93.0,,106.0,
RWS01_MONIBAS_0241hrl0036ra,6,0,116.33333333333333,,134.0,
RWS01_MONICA_10D02C009000D0070007,2,0,110.0,,110.0,
RWS01_MONICA_00D00502C835D0050005,8,0,53.0,,107.0,
RWS01_MONICA_00D00704F85FD0050005,8,0,-1.0,,-1.0,
RWS01_MONIBAS_0761hrl0134ra,4,0,58.0,,61.0,
RWS01_MONICA_10D02C009000D007000B,2,0,98.0,,98.0,
RWS01_MONICA_00D00502C835D0050009,8,0,66.3575,,91.0,
RWS01_MONICA_00D00704F85FD0050009,8,0,-1.0,,-1.0,
RWS01_MONICA_00D01C0F6C1ED007000F,8,0,89.22,,90.0,
RWS01_MONICA_00D01C0F6C1ED007000B,8,0,97.4275,,100.0,
RWS01_MONICA_00D01C0F6C1ED0070007,8,0,53.5,,108.0,
RWS01_MONIBAS_0121hrr0137ra,6,0,106.66666666666667,,113.0,
RWS01_MONIBAS_0121hrr1097ra,6,0,59.333333333333336,,65.0,
RWS01_MONIBAS_0090vwd0086ra,2,0,71.0,,71.0,
RWS01_MONIBAS_0061hrl0430ra,10,0,108.6,,126.0,
RWS01_MONICA_00D03A090837D0070007,8,0,32.5,,66.0,
RWS01_MONICA_00D00409DC55D0050009,8,0,74.64750000000001,,102.0,
RWS01_MONIBAS_0071hrl1976ra,4,0,76.5,,83.0,
RWS01_MONICA_00D00409DC55D0050005,8,0,57.0,,115.0,
RWS01_MONIBAS_0120vwb0654ra,2,0,49.0,,49.0,
RWS01_MONIBAS_0161hrr0382ra,6,0,51.0,,55.0,
RWS01_MONIBAS_0060vwq0438ra,4,0,-1.0,,-1.0,
RWS01_MONICA_00D01B034C14D007000B,8,0,61.605000000000004,,83.0,
RWS01_MONIBAS_0010vwe0877ra,2,0,88.0,,88.0,
RWS01_MONIBAS_0441hrr0010ra,4,0,102.5,,106.0,
RWS01_MONICA_00D00409DC55D005000D,8,0,89.025,,95.0,
RWS01_MONIBAS_0051hrr0152ra,4,0,97.0,,104.0,
RWS01_MONIBAS_0021hrl0319ra,2,0,-1.0,,-1.0,
RWS01_MONICA_00D01B034C14D0070007,8,0,46.5,,94.0,
RWS01_MONIBAS_0040vwa0167ra,4,0,87.0,,88.0,
RWS01_MONICA_00D00901A850D0050009,8,0,88.8275,,91.0,
RWS01_MONIBAS_0160vwm0381ra,4,0,47.5,,96.0,
RWS01_MONICA_00D00901A850D0050005,8,0,55.0,,111.0,
RWS01_MONICA_00D002279800D0070007,8,0,-1.0,,-1.0,
RWS01_MONIBAS_0071hrl1989ra,6,0,80.0,,91.0,
RWS01_MONIBAS_0280vwa1856ra,8,0,28.5,,58.0,
RWS01_MONICA_00D03220440000200007,8,0,-1.0,,-1.0,
RWS01_MONICA_10D00205D050D0050089,2,0,72.0,,72.0,
RWS01_MONICA_10D00205D050D0050085,2,0,77.0,,77.0,
RWS01_MONICA_00D002279800D007000B,8,0,-1.0,,-1.0,
RWS01_MONIBAS_0021hrr0920ra,8,0,52.75,,59.0,
RWS01_MONIBAS_0151hrr1533ra,4,0,93.5,,112.0,
RWS01_MONIBAS_0280vwa1603ra,8,0,-1.0,,-1.0,
RWS01_MONIBAS_0281hrl0304ra,4,0,101.0,,108.0,
RWS01_MONIBAS_0241hrl0023ra,6,0,119.66666666666667,,132.0,
RWS01_MONICA_00D00C10D022D005000D,8,0,89.9375,,94.0,
RWS01_MONIBAS_0071hrl2182ra,16,0,93.28125,,115.0,
RWS01_MONIBAS_0021hrr2242ra,6,0,91.0,,98.0,
RWS01_MONIBAS_0581hrl0448ra,4,0,99.5,,108.0,
RWS01_MONIBAS_0501hrr1497ra,10,0,85.0,,118.0,
RWS01_MONIBAS_0041hrl0327ra,4,0,101.0,,106.0,
RWS01_MONIBAS_0051hrr0116ra_1,16,0,64.15,,115.0,
RWS01_MONIBAS_0281hrr0836ra,4,0,37.5,,50.0,
RWS01_MONIBAS_0021hrr1400ra,6,0,107.33333333333333,,118.0,
RWS01_MONIBAS_0161hrl0600ra,8,0,107.25,,124.0,
RWS01_MONIBAS_0021hrl0426ra,10,0,98.2,,104.0,
RWS01_MONIBAS_0281hrl1993ra,8,0,85.75,,95.0,
RWS01_MONICA_00D00501A450D007000B,8,0,94.225,,99.0,
RWS01_MONICA_10D002060C00D0070307,2,0,84.0,,84.0,
RWS01_MONIBAS_0061hrl0576ra,4,0,107.5,,112.0,
RWS01_MONICA_00D01B047050D0050005,8,0,-1.0,,-1.0,
RWS01_MONIBAS_0091hrr0566ra,6,0,91.33333333333333,,101.0,
RWS01_MONIBAS_0020vwa1582ra,2,0,73.0,,73.0,
RWS01_MONIBAS_0581hrl0315ra,4,0,93.0,,101.0,
RWS01_MONIBAS_0281hrl0161ra,6,0,106.0,,115.0,
RWS01_MONIBAS_0121hrl1304ra,6,0,86.0,,90.0,
RWS01_MONICA_00D00501A450D0070007,8,0,55.0,,111.0,
RWS01_MONIBAS_0021hrr0800ra,10,0,83.6,,91.0,
RWS01_MONIBAS_0141hrr0145ra,4,0,69.0,,74.0,
RWS01_MONICA_00D0021A7457D007000B,8,0,92.25,,101.0,
RWS01_MONIBAS_0121hrl1281ra,4,0,24.5,,25.0,
RWS01_MONIBAS_0011hrl0965ra,8,0,102.5,,120.0,
RWS01_MONICA_00D01B047050D0050009,8,0,-1.0,,-1.0,
RWS01_MONICA_00D0021A7457D0070007,8,0,82.1125,,112.0,
RWS01_MONIBAS_0200vwt0296ra,4,0,75.5,,77.0,
RWS01_MONICA_00D01C121000D0050009,8,0,-1.0,,-1.0,
RWS01_MONICA_00D00F06F43618200005,8,0,43.5,,88.0,
RWS01_MONIBAS_0731hrl1133ra,8,0,30.75,,67.0,
RWS01_MONIBAS_0151hrr0812ra,6,0,28.0,,32.0,
RWS01_MONICA_00D01C121000D0050005,8,0,-1.0,,-1.0,
RWS01_MONIBAS_0121hrl0703ra,8,0,101.75,,115.0,
RWS01_MONICA_00D00C10D022D0050009,8,0,77.375,,106.0,
RWS01_MONIBAS_0121hrl0680ra,8,0,107.25,,122.0,
RWS01_MONIBAS_0761hrl0147ra,4,0,56.0,,65.0,
RWS01_MONICA_00D00C10D022D0050005,8,0,80.4375,,109.0,
RWS01_MONIBAS_0121hrr0257ra,6,0,99.66666666666667,,106.0,
RWS01_MONIBAS_0020vwh0656ra,4,0,99.0,,100.0,
RWS01_MONIBAS_0280vwc1790ra,8,0,28.0,,57.0,
RWS01_MONIBAS_0101hrr0127ra,8,0,101.5,,120.0,
RWS01_MONICA_00D014020432D0050085,8,0,43.5,,88.0,
RWS01_MONICA_00D01402B01ED0050085,8,0,42.1025,,47.0,
RWS01_MONIBAS_0081hrr0029ra,14,0,21.857142857142858,,48.0,
RWS01_MONIBAS_2081hrl0075ra,4,0,44.5,,90.0,
RWS01_MONIBAS_0271hrl0844ra,8,0,105.75,,123.0,
RWS01_MONIBAS_0671hrl0308ra,4,0,103.5,,116.0,
RWS01_MONIBAS_0091hrr0686ra,6,0,90.66666666666667,,101.0,
RWS01_MONIBAS_0011hrr0121ra,10,0,96.0,,113.0,
RWS01_MONIBAS_0041hrr0702ra,4,0,100.5,,107.0,
RWS01_MONIBAS_0040vwa0644ra,2,0,66.0,,66.0,
RWS01_MONIBAS_0321hrr0467ra,16,0,26.75,,110.0,
RWS01_MONIBAS_0581hrr1186ra,16,0,-1.0,,-1.0,
RWS01_MONIBAS_0091hrl0308ra,8,0,103.75,,122.0,
RWS01_MONIBAS_0051hrl0121ra,4,0,97.0,,100.0,
RWS01_MONIBAS_0280vwd0463ra,8,0,-1.0,,-1.0,
RWS01_MONIBAS_0731hrr0228ra,4,0,99.5,,102.0,
RWS01_MONIBAS_0091hrr0290ra,6,0,92.33333333333333,,98.0,
RWS01_MONIBAS_0281hrl1011ra,6,0,89.33333333333333,,96.0,
RWS01_MONIBAS_0021hrr0790ra,10,0,64.0,,88.0,
RWS01_MONIBAS_0061hrl0457ra,4,0,103.0,,108.0,
RWS01_MONIBAS_0050vwq0009ra,2,0,85.0,,85.0,
RWS01_MONICA_00D04911801410200005,8,0,-1.0,,-1.0,
RWS01_MONIBAS_0761hrr0057ra,16,0,69.46125,,93.0,
RWS01_MONIBAS_0301hrl0178ra,16,0,81.975,,100.0,
RWS01_MONIBAS_0091hrr0433ra,6,0,40.333333333333336,,45.0,
RWS01_MONIBAS_0060vwn0585ra,4,0,98.5,,107.0,
RWS01_MONIBAS_0060vwn0585rb,2,0,93.0,,93.0,
RWS01_MONIBAS_0580vwc0853ra,8,0,-1.0,,-1.0,
RWS01_MONICA_00D00101885AD0050009,8,0,53.5,,108.0,
RWS01_MONIBAS_0501hrl1479ra,6,0,10.666666666666666,,17.0,
RWS01_MONIBAS_0020vwe1427ra,4,0,96.5,,102.0,
RWS01_MONIBAS_0010vwq0075ra,2,0,-1.0,,-1.0,
RWS01_MONICA_00D00101885AD0050005,8,0,87.66,,119.0,
RWS01_MONIBAS_0271hrl0963ra,6,0,104.33333333333333,,115.0,
RWS01_MONIBAS_0580vwa1005ra,8,0,46.4,,64.0,
RWS01_MONIBAS_0501hrr1626ra,6,0,85.66666666666667,,93.0,
RWS01_MONIBAS_0041hrl0434ra,4,0,63.5,,65.0,
RWS01_MONIBAS_0281hrl0913ra,6,0,100.33333333333333,,114.0,
RWS01_MONIBAS_0040vwa0511ra,2,0,-1.0,,-1.0,
RWS01_MONIBAS_0281hrl0913rb,4,0,79.0,,81.0,
RWS01_MONICA_01D146005818D0050085,8,0,42.0,,85.0,
RWS01_MONICA_00D00101885AD005000D,8,0,74.2775,,100.0,
RWS01_MONIBAS_0201hrr0155ra,4,0,99.5,,112.0,
RWS01_MONICA_00D04C011437D0050005,8,0,49.0,,99.0,
RWS01_MONIBAS_0500vwh0976ra,4,0,78.0,,82.0,
RWS01_MONIBAS_0010vwn0867ra,4,0,97.5,,101.0,
RWS01_MONIBAS_0041hrl0301ra,6,0,67.66666666666667,,104.0,
RWS01_MONIBAS_0151hrl0784ra,4,0,87.0,,92.0,
RWS01_MONIBAS_0160vwy0200ra,4,0,97.5,,102.0,
RWS01_MONIBAS_0160vwy0200rb,4,0,75.0,,86.0,
RWS01_MONIBAS_0150vwy0633ra,4,0,94.5,,104.0,
RWS01_MONIBAS_0121hrl1294ra,6,0,31.666666666666668,,61.0,
RWS01_MONIBAS_0131hrl0155ra_1,24,0,35.845,,52.0,
RWS01_MONICA_00D00209EC28D0050185,8,0,-1.0,,-1.0,
RWS01_MONICA_00D0020DD05AD0070007,8,0,-1.0,,-1.0,
RWS01_MONIBAS_0201hrr0288ra,4,0,77.5,,78.0,
RWS01_MONIBAS_0581hrl0554ra,4,0,96.0,,102.0,
RWS01_MONICA_00D0020DD05AD007000F,8,0,19.3675,,23.0,
RWS01_MONICA_00D0020DD05AD007000B,8,0,20.325,,31.0,
RWS01_MONIBAS_0170vwd0127ra,8,0,35.0,,71.0,
RWS01_MONIBAS_0670vwd0718ra,8,0,38.93,,55.0,
RWS01_MONIBAS_0090vwa0625ra,2,0,50.0,,50.0,
RWS01_MONIBAS_0041hrr0452ra,6,0,50.666666666666664,,63.0,
RWS01_MONICA_00D04C011437D0050009,8,0,89.25,,95.0,
RWS01_MONIBAS_0051hrl0014ra,4,0,47.0,,95.0,
RWS01_MONICA_10D007050814D0050005,2,0,112.0,,112.0,
RWS01_MONICA_00D0020D9C00D005000D,8,0,-1.0,,-1.0,
RWS01_MONIBAS_0060vwn0478ra,4,0,101.0,,106.0,
RWS01_MONIBAS_0041hrl0421ra,8,0,100.25,,129.0,
RWS01_MONIBAS_0301hrr0195ra,8,0,-1.0,,-1.0,
RWS01_MONIBAS_0581hrl0541ra,4,0,94.5,,100.0,
RWS01_MONIBAS_0021hrl0652ra,6,0,100.0,,106.0,
RWS01_MONICA_00D0020D9C00D0050011,8,0,-1.0,,-1.0,
RWS01_MONIBAS_0091hrr0672ra,6,0,100.66666666666667,,111.0,
RWS01_MONIBAS_0160vwy0190ra,6,0,90.33333333333333,,96.0,
RWS01_MONIBAS_0151hrl1012ra,4,0,96.0,,104.0,
RWS01_MONICA_10D007050814D0050009,2,0,95.0,,95.0,
RWS01_MONIBAS_0091hrr0446ra,6,0,46.0,,50.0,
RWS01_MONIBAS_0121hrr0840ra,6,0,100.33333333333333,,108.0,
RWS01_MONIBAS_0021hrr0310ra,4,0,112.0,,121.0,
RWS01_MONIBAS_0021hrr0310rb,2,0,79.0,,79.0,
RWS01_MONIBAS_0041hrl0052rb,4,0,94.0,,100.0,
RWS01_MONIBAS_0041hrl0554ra,4,0,55.5,,56.0,
RWS01_MONICA_00D00105EC00D0050011,8,0,95.4475,,102.0,
RWS01_MONIBAS_0041hrl0052ra,8,0,76.5,,109.0,
RWS01_MONIBAS_0120vwg1281ra,4,0,84.0,,91.0,
RWS01_MONIBAS_0021hrr1427ra,4,0,122.0,,136.0,
RWS01_MONIBAS_0051hrl0134ra,4,0,-1.0,,-1.0,
RWS01_MONIBAS_0670vwb0499ra,8,0,-1.0,,-1.0,
RWS01_MONICA_00D0020D9C00D0050005,8,0,-1.0,,-1.0,
RWS01_MONICA_00D00113140FD0070007,8,0,85.1925,,116.0,
RWS01_MONIBAS_0020vwn1168ra,4,0,89.5,,96.0,
RWS01_MONIBAS_0151hrl0797ra,6,0,96.0,,100.0,
RWS01_MONICA_00D0321E4C00D0050009,8,0,94.7575,,99.0,
RWS01_MONIBAS_0500vws0949ra,4,0,100.5,,107.0,
RWS01_MONICA_00D00105EC00D005000D,8,0,51.0,,103.0,
RWS01_MONIBAS_0201hrr0395ra,6,0,12.666666666666666,,15.0,
RWS01_MONIBAS_0441hrl0006ra,4,0,93.5,,98.0,
RWS01_MONICA_00D0020D9C00D0050009,8,0,-1.0,,-1.0,
RWS01_MONIBAS_0281hrr0930ra,6,0,94.33333333333333,,103.0,
RWS01_MONICA_00D0321E4C00D0050005,8,0,52.5,,106.0,
RWS01_MONIBAS_0071hrl1963ra,6,0,82.0,,89.0,
RWS01_MONIBAS_0041hrl0065ra,8,0,103.25,,111.0,
RWS01_MONICA_00D01002184BD007000B,8,0,-1.0,,-1.0,
RWS01_MONICA_00D01002184BD0070007,8,0,63.735,,86.0,
RWS01_MONIBAS_0021hrr0696ra,8,0,7.5,,33.0,
RWS01_MONIBAS_0091hrl0285ra,6,0,95.33333333333333,,106.0,
RWS01_MONICA_00D00114A45AD005000D,8,0,90.775,,98.0,
RWS01_MONIBAS_0011hrr1104ra,6,0,96.66666666666667,,109.0,
RWS01_MONIBAS_0011hrr0360ra,8,0,108.75,,126.0,
RWS01_MONIBAS_0121hrr1227ra,6,0,36.333333333333336,,44.0,
RWS01_MONIBAS_4341hrl0035ra,4,0,84.5,,90.0,
RWS01_MONICA_00D009047400D005000D,8,0,-1.0,,-1.0,
RWS01_MONIBAS_0021hrl0532ra,10,0,98.0,,104.0,
RWS01_MONIBAS_0281hrr1651ra,16,0,-1.0,,-1.0,
RWS01_MONICA_00D009047400D0050009,8,0,48.0,,97.0,
RWS01_MONIBAS_0041hrr0715ra,4,0,44.0,,48.0,
RWS01_MONICA_00D009047400D0050005,8,0,53.0,,107.0,
RWS01_MONIBAS_0271hrl0950ra,6,0,106.33333333333333,,119.0,
RWS01_MONIBAS_0051hrl0147ra,4,0,105.5,,113.0,
RWS01_MONICA_10D00102003ED0070087,2,0,91.0,,91.0,
RWS01_MONICA_00D01C050C46D0050009,8,0,90.08,,96.0,
RWS01_MONIBAS_0021hrl0798ra,12,0,86.66666666666667,,118.0,
RWS01_MONIBAS_0170vwb0131ra,8,0,37.5,,76.0,
RWS01_MONIBAS_0011hrr1081ra,6,0,110.33333333333333,,121.0,
RWS01_MONICA_00D01C050C46D0050005,8,0,79.8025,,110.0,
RWS01_MONIBAS_0011hrl1184ra,6,0,104.33333333333333,,114.0,
RWS01_MONIBAS_0021hrr0323ra,8,0,104.25,,118.0,
RWS01_MONICA_00D04304700AD0050005,8,0,51.5,,104.0,
RWS01_MONICA_00D00218804868200009,8,0,84.89,,86.0,
RWS01_MONIBAS_0161hrl0497ra,6,0,99.33333333333333,,108.0,
RWS01_MONICA_00D00218804868200005,8,0,67.435,,94.0,
RWS01_MONICA_00D04304700AD0050009,8,0,65.0825,,92.0,
RWS01_MONIBAS_0271hrr1092ra,16,0,26.0,,107.0,
RWS01_MONICA_10D01C0EF03C00200007,2,0,80.0,,80.0,
RWS01_MONICA_00D00114A45AD0050005,8,0,61.0,,123.0,
RWS01_MONIBAS_0160vwy0226ra,4,0,80.0,,85.0,
RWS01_MONICA_00D00114A45AD0050009,8,0,78.60249999999999,,107.0,
RWS01_MONICA_00D049074400C0200009,8,0,-1.0,,-1.0,
RWS01_MONIBAS_0100vwd0137ra,2,0,43.0,,43.0,
RWS01_MONIBAS_0501hrr1600ra,6,0,92.33333333333333,,105.0,
RWS01_MONIBAS_0121hrr0590ra,6,0,65.0,,71.0,
RWS01_MONIBAS_0011hrr0889ra,6,0,106.33333333333333,,118.0,
RWS01_MONICA_00D0320F242838200009,8,0,42.0,,85.0,
RWS01_MONIBAS_3261hrl0001ra,8,0,-1.0,,-1.0,
RWS01_MONIBAS_0071hrr0054ra,8,0,17.0,,20.0,
RWS01_MONIBAS_0091hrr0076ra,4,0,95.5,,105.0,
RWS01_MONIBAS_0041hrr0478ra,8,0,70.75,,83.0,
RWS01_MONICA_00D0320F242838200005,8,0,48.5,,98.0,
RWS01_MONIBAS_0731hrl0055ra,4,0,28.0,,38.0,
RWS01_MONICA_00D00113140FD007000B,8,0,75.5,,101.0,
RWS01_MONIBAS_0121hrl0466ra,8,0,37.0,,38.0,
RWS01_MONICA_00D00113140FD007000F,8,0,-1.0,,-1.0,
RWS01_MONIBAS_0291hrl0110rb,4,0,99.0,,108.0,
RWS01_MONIBAS_0041hrr0728ra,4,0,31.0,,32.0,
RWS01_MONIBAS_0091hrl0642ra,6,0,104.33333333333333,,118.0,
RWS01_MONIBAS_0131hrr0076ra,8,0,79.5,,83.0,
RWS01_MONIBAS_0161hrl0507ra,6,0,98.0,,108.0,
RWS01_MONIBAS_0121hrl0070ra,4,0,99.0,,103.0,
RWS01_MONICA_00D049074400C0200005,8,0,43.0,,87.0,
RWS01_MONIBAS_0281hrr0084ra,6,0,96.33333333333333,,107.0,
RWS01_MONICA_00D005024C43D007000B,8,0,93.36,,100.0,
RWS01_MONIBAS_0041hrr0358ra,4,0,48.5,,51.0,
RWS01_MONICA_10D00700C400D0050005,2,0,-1.0,,-1.0,
RWS01_MONIBAS_0121hrr1347ra,4,0,-1.0,,-1.0,
RWS01_MONIBAS_0731hrl0901ra,16,0,79.09375,,101.0,
RWS01_MONICA_00D01B00CC1E10200005,8,0,-1.0,,-1.0,
RWS01_MONIBAS_0221hrr0164ra,4,0,104.5,,111.0,
RWS01_MONICA_10D00700C400D0050009,2,0,-1.0,,-1.0,
RWS01_MONICA_00D005024C43D0070007,8,0,54.0,,109.0,
RWS01_MONIBAS_0350vwd0542ra,8,0,39.5,,80.0,
RWS01_MONIBAS_0041hrr0225ra,6,0,74.66666666666667,,79.0,
RWS01_MONIBAS_0241hrr0040ra,6,0,73.66666666666667,,115.0,
RWS01_MONIBAS_0761hrr0031ra,4,0,90.5,,93.0,
RWS01_MONIBAS_0280vwb1478ra,8,0,-1.0,,-1.0,
RWS01_MONIBAS_0011hrr0876ra,6,0,110.0,,121.0,
RWS01_MONICA_00D014076C00D0070007,8,0,43.0,,87.0,
RWS01_MONIBAS_0060vwm0461ra,8,0,105.0,,112.0,
RWS01_MONICA_00D0010E4C00D0070007,8,0,85.27,,116.0,
RWS01_MONICA_00D014076C00D007000B,8,0,81.4525,,89.0,
RWS01_MONIBAS_0100vwq0296ra,4,0,-1.0,,-1.0,
RWS01_MONICA_00D010028C00D0070017,8,0,-1.0,,-1.0,
RWS01_MONIBAS_0021hrr0469ra,10,0,95.8,,104.0,
RWS01_MONICA_00D01C050C50D0070007,8,0,53.0,,107.0,
RWS01_MONIBAS_0011hrl0223ra,6,0,101.33333333333333,,109.0,
RWS01_MONICA_00D010028C00D0070013,8,0,-1.0,,-1.0,
RWS01_MONICA_00D00118A805D007000B,8,0,86.73,,91.0,
RWS01_MONIBAS_0281hrl0530ra,16,0,78.72875,,115.0,
RWS01_MONIBAS_0060vwn0572ra,4,0,102.0,,106.0,
RWS01_MONICA_00D00F18402828200005,8,0,-1.0,,-1.0,
RWS01_MONICA_00D010028C00D007000F,8,0,-1.0,,-1.0,
RWS01_MONICA_00D010028C00D007000B,8,0,-1.0,,-1.0,
RWS01_MONIBAS_0501hrl1609ra,6,0,74.33333333333333,,81.0,
RWS01_MONIBAS_0040vwm0715ra,6,0,37.333333333333336,,69.0,
RWS01_MONICA_00D00118A805D0070007,8,0,49.0,,99.0,
RWS01_MONICA_00D00A01C43C78200007,8,0,38.0,,77.0,
RWS01_MONICA_00D010028C00D0070007,8,0,-1.0,,-1.0,
RWS01_MONIBAS_0281hrr0191ra,8,0,85.5,,95.0,
RWS01_MONIBAS_0730vwv1154ra,4,0,-1.0,,-1.0,
RWS01_MONIBAS_0291hrl0110ra,4,0,104.0,,110.0,
RWS01_MONIBAS_0091hrl0392ra,6,0,75.0,,125.0,
RWS01_MONIBAS_0281hrl0770ra,16,0,68.4825,,120.0,
RWS01_MONIBAS_0071hrl0370ra,4,0,106.5,,110.0,
RWS01_MONIBAS_0671hrr0339ra,4,0,94.0,,99.0,
RWS01_MONICA_00D001083400D0050009,8,0,78.6975,,82.0,
RWS01_MONIBAS_0761hrr0044ra,8,0,95.75,,107.0,
RWS01_MONICA_00D001083400D0050005,8,0,66.8175,,96.0,
RWS01_MONIBAS_0150vwy0526ra,6,0,91.0,,97.0,
RWS01_MONIBAS_0581hrr0332ra,4,0,91.5,,98.0,
RWS01_MONIBAS_0011hrl0080ra,6,0,74.33333333333333,,117.0,
RWS01_MONICA_00D01C050C50D007000B,8,0,96.305,,107.0,
RWS01_MONIBAS_0011hrl0080rb,2,0,104.0,,104.0,
RWS01_MONIBAS_0501hrl1466ra,6,0,12.666666666666666,,20.0,
RWS01_MONIBAS_0280vwa0406ra,8,0,-1.0,,-1.0,
RWS01_MONICA_00D0010E4C00D0070013,8,0,87.9275,,93.0,
RWS01_MONIBAS_0101hrl0074ra,8,0,36.75,,51.0,
RWS01_MONIBAS_0121hrr0733ra,6,0,74.33333333333333,,79.0,
RWS01_MONIBAS_0091hrl0402ra,6,0,109.0,,123.0,
RWS01_MONIBAS_0021hrl1769ra,4,0,97.0,,103.0,
RWS01_MONIBAS_0121hrl0083ra,6,0,97.0,,110.0,
RWS01_MONIBAS_0040vwm0728ra,4,0,89.5,,96.0,
RWS01_MONIBAS_0011hrl0489ra,4,0,90.0,,96.0,
RWS01_MONIBAS_0501hrl1599ra,6,0,80.66666666666667,,90.0,
RWS01_MONIBAS_0040vwd0530ra_1,16,0,11.4375,,24.0,
RWS01_MONICA_00D0010E4C00D007000B,8,0,76.9525,,104.0,
RWS01_MONIBAS_0271hrl0114ra,4,0,101.0,,108.0,
RWS01_MONICA_00D0010E4C00D007000F,8,0,93.9075,,97.0,
RWS01_MONIBAS_0010vwc0844ra,2,0,79.0,,79.0,
RWS01_MONIBAS_0101hrr0244ra,6,0,73.66666666666667,,76.0,
RWS01_MONIBAS_0200vwu0350rb,2,0,-1.0,,-1.0,
RWS01_MONIBAS_0100vws0322ra,8,0,30.5,,52.0,
RWS01_MONIBAS_0070vwb1843ra,8,0,-1.0,,-1.0,
RWS01_MONIBAS_0011hrl0098ra,6,0,108.0,,117.0,
RWS01_MONIBAS_0161hrr0189ra,6,0,97.0,,103.0,
RWS01_MONIBAS_0200vwu0350ra,4,0,-1.0,,-1.0,
RWS01_MONIBAS_0121hrl1476ra,6,0,62.666666666666664,,102.0,
RWS01_MONICA_00D00F08E800D0070007,8,0,58.5,,118.0,
RWS01_MONICA_00D00F08E800D007000B,8,0,52.5,,106.0,
RWS01_MONICA_00D0321EAC2DD0050009,8,0,53.5,,108.0,
RWS01_MONIBAS_0351hrl0548ra,8,0,-1.0,,-1.0,
RWS01_MONICA_00D00F08E800D007000F,8,0,74.965,,101.0,
RWS01_MONIBAS_0160vwn0343ra,4,0,97.0,,105.0,
RWS01_MONICA_00D00F08E800D0070013,8,0,-1.0,,-1.0,
RWS01_MONIBAS_0271hrl0936ra,6,0,111.33333333333333,,121.0,
RWS01_MONICA_00D00F059854D0050005,8,0,54.5,,110.0,
RWS01_MONIBAS_0101hrl0228ra,8,0,27.5,,40.0,
RWS01_MONIBAS_3251hrl0180ra,4,0,88.5,,92.0,
RWS01_MONICA_00D0321EAC2DD0050005,8,0,44.5,,90.0,
RWS01_MONIBAS_0150vwd0480ra,2,0,-1.0,,-1.0,
RWS01_MONIBAS_0091hrl0420ra,8,0,95.5,,112.0,
RWS01_MONIBAS_0200vwu0230ra,4,0,89.5,,98.0,
RWS01_MONIBAS_0091hrr0555ra_1,16,0,49.5,,105.0,
RWS01_MONICA_00D00F059854D0050009,8,0,95.465,,108.0,
RWS01_MONIBAS_0171hrl0298ra,4,0,11.0,,11.0,
RWS01_MONICA_00D002283C2FD0070007,8,0,61.042500000000004,,100.0,
RWS01_MONICA_00D0320F083298200087,8,0,45.0,,91.0,
RWS01_MONIBAS_0021hrr0908ra,6,0,38.0,,40.0,
RWS01_MONICA_00D014029841D0050005,8,0,56.0,,113.0,
RWS01_MONIBAS_0091hrl0290ra,6,0,92.66666666666667,,100.0,
RWS01_MONIBAS_0131hrr0072ra,6,0,60.0,,65.0,
RWS01_MONICA_00D014029841D0050009,8,0,84.715,,102.0,
RWS01_MONICA_00D03B15FC37D0050105,8,0,59.75,,80.0,
RWS01_MONIBAS_0021hrl0629ra,10,0,63.8,,89.0,
RWS01_MONIBAS_0011hrr0244ra,6,0,-1.0,,-1.0,
RWS01_MONICA_00D002283C2FD007000B,8,0,85.27250000000001,,88.0,
RWS01_MONIBAS_0161hrr0056ra,4,0,-1.0,,-1.0,
RWS01_MONICA_00D1B200C450D0070007,8,0,-1.0,,-1.0,
RWS01_MONIBAS_0151hrr0981ra,4,0,101.0,,108.0,
RWS01_MONIBAS_0010vwm0439ra,6,0,-1.0,,-1.0,
RWS01_MONIBAS_0020vwa0389ra,2,0,60.0,,60.0,
RWS01_MONIBAS_0321hrr0580ra,16,0,65.695,,107.0,
RWS01_MONICA_00D01C028055D0070007,8,0,34.1625,,48.0,
RWS01_MONIBAS_0151hrr1619ra,4,0,87.0,,98.0,
RWS01_MONICA_00D01C1A885FA0200005,8,0,-1.0,,-1.0,
RWS01_MONIBAS_0671hrr0238ra,4,0,66.5,,68.0,
RWS01_MONIBAS_0761hrl0066ra,4,0,88.5,,90.0,
RWS01_MONIBAS_0091hrl0313ra,10,0,56.6,,107.0,
RWS01_MONICA_00D01C028055D007000B,8,0,44.215,,46.0,
RWS01_MONICA_00D0320F08329820008B,8,0,42.5,,86.0,
RWS01_MONICA_00D01C028055D007000F,8,0,41.97,,43.0,
RWS01_MONICA_00D00218585A60200007,8,0,-1.0,,-1.0,
RWS01_MONICA_00D04C005C0090200005,8,0,-1.0,,-1.0,
RWS01_MONICA_00D010022439D007000B,8,0,75.5125,,78.0,
RWS01_MONIBAS_3251hrl0193ra,4,0,100.0,,101.0,
RWS01_MONIBAS_0500vws1549ra,4,0,39.0,,79.0,
RWS01_MONICA_00D010022439D0070007,8,0,65.2875,,90.0,
RWS01_MONIBAS_0071hrr0319ra,4,0,106.0,,112.0,
RWS01_MONICA_10D01002EC00C0200005,2,0,97.0,,97.0,
RWS01_MONIBAS_0150vwe1617ra_1,8,0,53.917500000000004,,78.0,
RWS01_MONIBAS_0221hrr0108ra,4,0,46.5,,94.0,
RWS01_MONICA_00D04C005C0090200009,8,0,-1.0,,-1.0,
RWS01_MONIBAS_0151hrl0725ra,8,0,105.25,,117.0,
RWS01_MONICA_10D0040B5C2468200009,2,0,54.0,,54.0,
RWS01_MONIBAS_0021hrr0778ra,10,0,40.2,,62.0,
RWS01_MONICA_10D01002EC00C0200009,2,0,88.0,,88.0,
RWS01_MONICA_10D0040B5C2468200005,2,0,65.0,,65.0,
RWS01_MONICA_10D01002EC00C020000D,2,0,82.0,,82.0,
RWS01_MONIBAS_0021hrr1367ra,6,0,107.33333333333333,,116.0,
RWS01_MONIBAS_0040vwn0132ra,4,0,108.5,,122.0,
RWS01_MONIBAS_0040vwn0132rb,4,0,42.0,,85.0,
RWS01_MONICA_00D00607D45060200007,8,0,56.0,,113.0,
RWS01_MONICA_00D00A02245018200005,8,0,32.0,,43.0,
RWS01_MONICA_10D01002C80DB820000F,2,0,93.0,,93.0,
RWS01_MONIBAS_0011hrl0085ra,8,0,102.75,,114.0,
RWS01_MONIBAS_0021hrr0645ra,4,0,50.5,,55.0,
RWS01_MONIBAS_0060vwq0479ra,2,0,-1.0,,-1.0,
RWS01_MONIBAS_0501hrr1828ra,4,0,93.5,,101.0,
RWS01_MONIBAS_0021hrl2403ra,8,0,96.75,,102.0,
RWS01_MONICA_00D00211305FD005000D,8,0,44.5,,90.0,
RWS01_MONIBAS_0010vwm0283ra,2,0,85.0,,85.0,
RWS01_MONIBAS_0041hrr0192ra,6,0,51.0,,52.0,
RWS01_MONICA_10D01002C80DB8200007,2,0,96.0,,96.0,
RWS01_MONICA_00D00211305FD0050009,8,0,71.5625,,101.0,
RWS01_MONICA_00D00218585A6020000B,8,0,-1.0,,-1.0,
RWS01_MONIBAS_0051hrl0074ra,4,0,100.0,,111.0,
RWS01_MONICA_10D01002C80DB820000B,2,0,92.0,,92.0,
RWS01_MONIBAS_0091hrl0566ra,6,0,104.33333333333333,,114.0,
RWS01_MONIBAS_0010vwn0901ra,4,0,90.5,,95.0,
RWS01_MONIBAS_0271hrr0712ra,6,0,102.66666666666667,,114.0,
RWS01_MONICA_00D00211305FD0050005,8,0,-1.0,,-1.0,
RWS01_MONIBAS_0671hrr0358ra,4,0,92.5,,98.0,
RWS01_MONIBAS_0201hrl0366ra,6,0,89.66666666666667,,103.0,
RWS01_MONIBAS_0131hrr0182rb_1,16,0,65.2825,,79.0,
RWS01_MONIBAS_0151hrl0605ra,8,0,107.5,,129.0,
RWS01_MONICA_00D010012C00D0070007,8,0,82.8125,,114.0,
RWS01_MONIBAS_0280vwx0029ra,4,0,97.0,,103.0,
RWS01_MONIBAS_0201hrl0366rb,4,0,55.0,,60.0,
RWS01_MONIBAS_0041hrr0348ra,4,0,44.5,,45.0,
RWS01_MONIBAS_0011hrl0072ra,6,0,105.0,,112.0,
RWS01_MONIBAS_0021hrr0658ra,10,0,49.0,,70.0,
RWS01_MONIBAS_0091hrl0433ra,6,0,104.0,,116.0,
RWS01_MONICA_00D00A02045AD005000D,8,0,88.81,,90.0,
RWS01_MONIBAS_0271hrl0923ra,6,0,106.0,,115.0,
RWS01_MONIBAS_0071hrr0296ra,6,0,63.333333333333336,,101.0,
RWS01_MONIBAS_3251hrl0216ra,4,0,67.5,,68.0,
RWS01_MONIBAS_0081hrl0032ra,12,0,99.66666666666667,,111.0,
RWS01_MONICA_00D010012C00D007000F,8,0,89.88,,101.0,
RWS01_MONIBAS_0091hrr0462ra,6,0,88.33333333333333,,94.0,
RWS01_MONICA_00D00A02045AD0050011,8,0,67.565,,91.0,
RWS01_MONIBAS_0100vwb0129ra,2,0,83.0,,83.0,
RWS01_MONICA_00D00409F05730200007,8,0,-1.0,,-1.0,
RWS01_MONICA_00D010012C00D007000B,8,0,56.5,,114.0,
RWS01_MONICA_00D00409F0573020000B,8,0,40.5,,82.0,
RWS01_MONIBAS_0021hrl0616ra,8,0,75.5,,112.0,
RWS01_MONIBAS_0150vwg0394ra,4,0,93.5,,94.0,
RWS01_MONIBAS_0501hrr1685ra,32,0,26.638125,,78.0,
RWS01_MONICA_00D00607D4506020000B,8,0,70.185,,99.0,
RWS01_MONIBAS_0201hrl0233ra,4,0,-1.0,,-1.0,
RWS01_MONICA_00D00A02045AD0050005,8,0,82.7975,,112.0,
RWS01_MONIBAS_0591hrr1348ra,4,0,96.0,,101.0,
RWS01_MONICA_00D00A02045AD0050009,8,0,102.4625,,107.0,
RWS01_MONIBAS_0101hrr0244rb,2,0,70.0,,70.0,
RWS01_MONIBAS_0121hrr0770ra,6,0,91.66666666666667,,99.0,
RWS01_MONIBAS_0011hrl1270ra,6,0,101.33333333333333,,114.0,
RWS01_MONIBAS_0041hrl0439ra,6,0,29.0,,37.0,
RWS01_MONIBAS_0591hrr0973ra,16,0,80.43375,,103.0,
RWS01_MONICA_00D00F07802CD0050085,8,0,91.3325,,101.0,
RWS01_MONIBAS_0281hrl0954ra,8,0,90.25,,114.0,
RWS01_MONICA_00D032202C0318200005,8,0,39.5,,80.0,
RWS01_MONIBAS_0161hrr0283ra,12,0,107.33333333333333,,135.0,
RWS01_MONIBAS_0281hrr0121ra,6,0,22.0,,24.0,
RWS01_MONIBAS_0060vwc0518ra,2,0,72.0,,72.0,
RWS01_MONIBAS_0281hrl0118ra,8,0,97.5,,118.0,
RWS01_MONIBAS_0271hrr0845ra,8,0,75.0,,109.0,
RWS01_MONIBAS_0011hrl0231ra_1,24,0,58.23916666666667,,116.0,
RWS01_MONIBAS_0281hrl0095ra,6,0,109.33333333333333,,121.0,
RWS01_MONIBAS_0071hrr0283ra,4,0,102.0,,110.0,
RWS01_MONIBAS_0010vwn0317ra,4,0,103.0,,109.0,
RWS01_MONICA_00D00C12E83C38200009,8,0,44.917500000000004,,64.0,
RWS01_MONIBAS_0061hrr0501ra,4,0,107.0,,113.0,
RWS01_MONIBAS_0161hrr0426ra,6,0,107.33333333333333,,113.0,
RWS01_MONIBAS_0790vwq0001ra,2,0,86.0,,86.0,
RWS01_MONICA_00D0010DCC32D007000F,8,0,95.68,,104.0,
RWS01_MONIBAS_0200vwc0386ra,2,0,85.0,,85.0,
RWS01_MONICA_00D01402483CD007000B,8,0,71.375,,98.0,
RWS01_MONIBAS_0171hrr0074ra,16,0,82.64375,,101.0,
RWS01_MONICA_00D0010DCC32D007000B,8,0,83.4125,,113.0,
RWS01_MONICA_00D01402483CD0070007,8,0,-1.0,,-1.0,
RWS01_MONIBAS_0021hrl0580ra,6,0,101.33333333333333,,107.0,
RWS01_MONIBAS_0161hrr0163ra,4,0,69.0,,75.0,
RWS01_MONICA_00D00C12E83C38200005,8,0,34.0,,69.0,
RWS01_MONIBAS_0161hrr0163rb,6,0,43.0,,45.0,
RWS01_MONICA_00D03A068C05D0070007,8,0,24.0,,49.0,
RWS01_MONICA_00D0010DCC32D0070007,8,0,86.6575,,118.0,
RWS01_MONICA_00D00F03F05AD0050009,8,0,-1.0,,-1.0,
RWS01_MONIBAS_0271hrr0342ra,4,0,-1.0,,-1.0,
RWS01_MONICA_00D00F03F05AD0050005,8,0,-1.0,,-1.0,
RWS01_MONIBAS_0671hrl0186ra,4,0,96.5,,98.0,
RWS01_MONICA_00D0021A001E68200009,8,0,79.4675,,83.0,
RWS01_MONIBAS_0500vwb0968ra,6,0,76.66666666666667,,80.0,
RWS01_MONIBAS_0041hrl0559ra,4,0,70.5,,75.0,
RWS01_MONICA_00D0021A001E68200005,8,0,69.25,,101.0,
RWS01_MONIBAS_0010vwh0875ra,4,0,72.0,,78.0,
RWS01_MONICA_00D03A068C05D007000B,8,0,43.6975,,47.0,
RWS01_MONIBAS_0020vwg0642ra,6,0,52.666666666666664,,80.0,
RWS01_MONIBAS_0021hrr2552ra,4,0,94.5,,99.0,
RWS01_MONIBAS_0271hrl0063ra,4,0,104.5,,113.0,
RWS01_MONIBAS_3251hrr0232ra,4,0,8.5,,11.0,
RWS01_MONIBAS_0021hrr2552rb,2,0,76.0,,76.0,
RWS01_MONICA_00D00207CC31D0070017,8,0,70.25,,75.0,
RWS01_MONIBAS_0091hrr0355ra,6,0,61.333333333333336,,65.0,
RWS01_MONIBAS_0201hrr0405ra,6,0,19.333333333333332,,24.0,
RWS01_MONICA_00D0320F08329820000B,8,0,82.22,,86.0,
RWS01_MONIBAS_0121hrl0251ra,6,0,76.0,,123.0,
RWS01_MONIBAS_0671hrr0465ra,16,0,87.27375,,117.0,
RWS01_MONIBAS_0060vwd0529ra,2,0,89.0,,89.0,
RWS01_MONICA_00D0320F083298200007,8,0,46.5,,94.0,
RWS01_MONIBAS_0581hrl0436ra,4,0,94.5,,103.0,
RWS01_MONIBAS_0011hrr0627ra,24,0,61.3025,,98.0,
RWS01_MONIBAS_0280vwy0014ra,2,0,98.0,,98.0,
RWS01_MONICA_00D001068400D007000F,8,0,95.0675,,98.0,
RWS01_MONIBAS_0581hrr0941ra,16,0,3.0,,7.0,
RWS01_MONIBAS_0091hrl0660ra,6,0,104.0,,114.0,
RWS01_MONICA_00D001068400D007000B,8,0,77.8875,,105.0,
RWS01_MONIBAS_0581hrl0293ra,4,0,7.5,,9.0,
RWS01_MONIBAS_0100vwp0301ra,4,0,16.0,,17.0,
RWS01_MONICA_00D00C0B4C37D007000F,8,0,-1.0,,-1.0,
RWS01_MONIBAS_0021hrl2166ra,4,0,93.5,,101.0,
RWS01_MONIBAS_0731hrl0225ra,4,0,103.0,,108.0,
RWS01_MONIBAS_0121hrr0806ra,2,0,72.0,,72.0,
RWS01_MONIBAS_0091hrr0488ra,6,0,92.33333333333333,,101.0,
RWS01_MONICA_00D009012800B820000B,8,0,-1.0,,-1.0,
RWS01_MONIBAS_0161hrl0623ra,8,0,95.5,,111.0,
RWS01_MONIBAS_0021hrl2341ra_1,24,0,64.66416666666667,,91.0,
RWS01_MONICA_00D009012800B820000F,8,0,-1.0,,-1.0,
RWS01_MONIBAS_0131hrl0056ra,6,0,94.66666666666667,,105.0,
RWS01_MONICA_00D03A02DC37D0050009,8,0,5.75,,8.0,
RWS01_MONIBAS_0591hrr1322ra,4,0,95.0,,99.0,
RWS01_MONICA_00D03A02DC37D0050005,8,0,4.7,,8.0,
RWS01_MONIBAS_0201hrl0259ra,6,0,-1.0,,-1.0,
RWS01_MONICA_00D0021AE855D0050005,8,0,73.95,,102.0,
RWS01_MONICA_00D009012800B8200007,8,0,-1.0,,-1.0,
RWS01_MONICA_00D001068400D0070007,8,0,84.6675,,116.0,
RWS01_MONICA_00D00225545FD0050185,8,0,87.6575,,88.0,
RWS01_MONICA_00D0021AE855D0050009,8,0,83.885,,87.0,
RWS01_MONIBAS_0010vwb0249ra,2,0,-1.0,,-1.0,
RWS01_MONIBAS_0271hrl0076ra,4,0,103.5,,108.0,
RWS01_MONIBAS_0581hrl0303ra,4,0,43.0,,48.0,
RWS01_MONIBAS_0040vwa2356ra,8,0,30.0,,61.0,
RWS01_MONIBAS_0020vwc2160ra,2,0,76.0,,76.0,
RWS01_MONICA_00D04907284C88200007,8,0,59.36,,83.0,
RWS01_MONIBAS_0011hrr0364ra,8,0,108.5,,127.0,
RWS01_MONICA_00D00C0B4C37D0070007,8,0,43.5,,88.0,
RWS01_MONIBAS_0011hrr1229ra,8,0,96.0,,106.0,
RWS01_MONICA_00D01C05A837D0070007,8,0,103.84,,108.0,
RWS01_MONIBAS_0021hrl0843ra,10,0,69.6,,130.0,
RWS01_MONICA_00D00210DC5AD0070007,8,0,61.425,,84.0,
RWS01_MONIBAS_0731hrl0238ra,4,0,99.5,,106.0,
RWS01_MONICA_00D00C0B4C37D007000B,8,0,64.56,,89.0,
RWS01_MONICA_00D023069C1E18200005,8,0,-1.0,,-1.0,
RWS01_MONICA_00D00210DC5AD007000B,8,0,57.7875,,78.0,
RWS01_MONICA_10D01601F00178200007,2,0,-1.0,,-1.0,
RWS01_MONICA_00D00210DC5AD007000F,8,0,66.355,,68.0,
RWS01_MONICA_00D00400CC1E4820000B,8,0,85.48,,92.0,
RWS01_MONICA_00D01C05A837D007000B,8,0,95.5325,,103.0,
RWS01_MONICA_00D00400CC1E48200007,8,0,50.0,,101.0,
RWS01_MONIBAS_0121hrr0160ra,6,0,109.0,,122.0,
RWS01_MONIBAS_0091hrr0369ra,6,0,45.666666666666664,,52.0,
RWS01_MONIBAS_0021hrl1552ra,8,0,96.5,,108.0,
RWS01_MONIBAS_0500vwc1590ra_1,8,0,40.7175,,55.0,
RWS01_MONICA_00D00704FC37D007000B,8,0,-1.0,,-1.0,
RWS01_MONIBAS_0040vwg0464ra,6,0,84.0,,88.0,
RWS01_MONIBAS_0020vwm1642ra,6,0,76.66666666666667,,77.0,
RWS01_MONIBAS_0121hrr0303ra,8,0,101.0,,113.0,
RWS01_MONIBAS_0121hrr0556ra,12,0,98.66666666666667,,113.0,
RWS01_MONIBAS_0500vwm2060ra,2,0,104.0,,104.0,
RWS01_MONIBAS_0121hrl0213ra_1,24,0,74.61666666666666,,122.0,
RWS01_MONICA_00D00704FC37D0070007,8,0,-1.0,,-1.0,
RWS01_MONICA_00D00F07802CD0050005,8,0,55.0,,111.0,
RWS01_MONIBAS_0501hrl2004ra,6,0,93.0,,111.0,
RWS01_MONICA_00D007048040D0050009,8,0,-1.0,,-1.0,
RWS01_MONIBAS_0281hrl0464ra,16,0,-1.0,,-1.0,
RWS01_MONICA_00D007048040D0050005,8,0,-1.0,,-1.0,
RWS01_MONIBAS_0281hrr0997ra,6,0,92.66666666666667,,101.0,
RWS01_MONICA_00D00225400000200007,8,0,56.692499999999995,,77.0,
RWS01_MONICA_00D00F07682C18200005,8,0,32.5,,66.0,
RWS01_MONIBAS_0160vwr0243ra,4,0,56.0,,70.0,
RWS01_MONIBAS_0011hrr1696ra,16,0,60.76625,,109.0,
RWS01_MONIBAS_0011hrr1193ra,6,0,100.66666666666667,,111.0,
RWS01_MONIBAS_0591hrl0943ra,16,0,71.53875,,105.0,
RWS01_MONICA_00D00904C02DD005000D,8,0,65.9675,,93.0,
RWS01_MONIBAS_0281hrl0224ra,8,0,98.5,,113.0,
RWS01_MONICA_00D00501FC01D007000B,8,0,92.69,,102.0,
RWS01_MONIBAS_0010vwb1052ra,2,0,81.0,,81.0,
RWS01_MONIBAS_0090vwb0107ra,4,0,63.5,,69.0,
RWS01_MONICA_00D00C12AC23D007000B,8,0,93.16,,97.0,
RWS01_MONIBAS_0011hrr1336ra,6,0,105.0,,121.0,
RWS01_MONICA_00D00904C02DD0050005,8,0,82.8225,,114.0,
RWS01_MONICA_00D00C12AC23D0070007,8,0,52.5,,106.0,
RWS01_MONICA_00D00904C02DD0050009,8,0,75.14750000000001,,103.0,
RWS01_MONIBAS_0151hrl0369ra,6,0,120.0,,136.0,
RWS01_MONIBAS_0060vwp0468ra,2,0,96.0,,96.0,
RWS01_MONIBAS_0010vwm0893ra,4,0,97.0,,102.0,
RWS01_MONIBAS_0070vwd2322ra,8,0,-1.0,,-1.0,
RWS01_MONICA_00D01B090C53D0050089,8,0,-1.0,,-1.0,
RWS01_MONICA_00D01B090C53D0050085,8,0,61.4725,,83.0,
RWS01_MONIBAS_0671hrr0714ra,16,0,82.83625,,105.0,
RWS01_MONIBAS_0281hrl1067ra,6,0,97.66666666666667,,109.0,
RWS01_MONICA_00D00501FC01D0070007,8,0,55.5,,112.0,
RWS01_MONIBAS_0041hrr0407ra_1,32,0,-1.0,,-1.0,
RWS01_MONIBAS_0041hrl0520ra,8,0,38.0,,64.0,
RWS01_MONICA_00D001026005D0050009,8,0,77.2025,,104.0,
RWS01_MONIBAS_0580vwb0921ra,8,0,49.455,,72.0,
RWS01_MONICA_00D00207CC31D007000B,8,0,42.5,,86.0,
RWS01_MONICA_10D010098C3720200007,2,0,106.0,,106.0,
RWS01_MONICA_00D041004C4BD0070007,8,0,70.53,,95.0,
RWS01_MONICA_00D001026005D0050005,8,0,85.83,,116.0,
RWS01_MONIBAS_0141hrr0127ra,4,0,66.5,,73.0,
RWS01_MONICA_00D00104C80F0020000B,8,0,39.0,,79.0,
RWS01_MONIBAS_0020vwn0348ra,2,0,101.0,,101.0,
RWS01_MONICA_00D01B090C53D0050009,8,0,63.2,,93.0,
RWS01_MONIBAS_0121hrl0158ra,6,0,100.0,,110.0,
RWS01_MONIBAS_4341hrr0038ra,4,0,73.0,,79.0,
RWS01_MONIBAS_0011hrl1306ra,6,0,66.0,,107.0,
RWS01_MONICA_00D00207CC31D0070007,8,0,46.0,,93.0,
RWS01_MONICA_00D01B090C53D0050005,8,0,-1.0,,-1.0,
RWS01_MONICA_00D041004C4BD007000B,8,0,60.5,,81.0,
RWS01_MONICA_00D00207CC31D0070013,8,0,58.875,,84.0,
RWS01_MONIBAS_0090vwy0102rb,4,0,90.5,,94.0,
RWS01_MONIBAS_0581hrr0584ra,4,0,-1.0,,-1.0,
RWS01_MONIBAS_0090vwy0102ra,2,0,95.0,,95.0,
RWS01_MONIBAS_0091hrl0077ra,4,0,99.5,,104.0,
RWS01_MONICA_00D00423D80010200005,8,0,40.0,,81.0,
RWS01_MONIBAS_0151hrr0371ra,6,0,103.0,,119.0,
RWS01_MONIBAS_0501hrl1643ra,6,0,85.33333333333333,,95.0,
RWS01_MONIBAS_0321hrl0088ra,4,0,101.0,,107.0,
RWS01_MONIBAS_0040vwm0493ra,6,0,79.0,,89.0,
RWS01_MONICA_00D00207CC31D007000F,8,0,57.730000000000004,,78.0,
RWS01_MONIBAS_0581hrl0805ra,16,0,-1.0,,-1.0,
RWS01_MONIBAS_0441hrr0195ra,4,0,98.0,,106.0,
RWS01_MONIBAS_0150vwx0516ra,2,0,93.0,,93.0,
RWS01_MONIBAS_0020vwb1942ra,8,0,-1.0,,-1.0,
RWS01_MONIBAS_0501hrl1523ra,10,0,45.4,,64.0,
RWS01_MONICA_00D01C00AC4BD0050005,8,0,83.2,,113.0,
RWS01_MONICA_00D00C12AC23D007000F,8,0,83.24,,86.0,
RWS01_MONICA_00D01C00AC4BD0050009,8,0,77.0,,103.0,
RWS01_MONIBAS_0051hrr0019ra,4,0,59.5,,60.0,
RWS01_MONIBAS_0121hrr0543ra,8,0,88.25,,98.0,
RWS01_MONIBAS_0090vwy0092ra,4,0,94.5,,98.0,
RWS01_MONICA_00D00104C80F00200007,8,0,45.0,,91.0,
RWS01_MONICA_00D00F09642E2020000B,8,0,93.75,,102.0,
RWS01_MONIBAS_0020vwm1655ra,4,0,93.5,,98.0,
RWS01_MONIBAS_0041hrl0162ra,12,0,97.16666666666667,,104.0,
RWS01_MONIBAS_0011hrl1283ra,6,0,114.33333333333333,,124.0,
RWS01_MONICA_00D00107B055D007000B,8,0,68.81,,94.0,
RWS01_MONIBAS_0121hrl0025ra,4,0,70.5,,78.0,
RWS01_MONICA_00D001026005D005000D,8,0,89.09,,95.0,
RWS01_MONIBAS_0070vwd2215ra,8,0,-1.0,,-1.0,
RWS01_MONICA_00D00107B055D0070007,8,0,69.96000000000001,,94.0,
RWS01_MONIBAS_0201hrr0143ra,4,0,118.0,,141.0,
RWS01_MONICA_00D00F09642E20200007,8,0,54.5,,110.0,
RWS01_MONICA_10D010098C372020000B,2,0,100.0,,100.0,
RWS01_MONIBAS_0150vwx0529ra,4,0,100.5,,104.0,
RWS01_MONIBAS_0060vwp0455ra,4,0,114.0,,121.0,
RWS01_MONIBAS_0021hrr2565ra,4,0,93.0,,96.0,
RWS01_MONICA_00D001055450D0070013,8,0,90.8825,,96.0,
RWS01_MONIBAS_0021hrr2565rb,4,0,78.0,,79.0,
RWS01_MONIBAS_0161hrl0637ra,6,0,103.66666666666667,,113.0,
RWS01_MONIBAS_0021hrl1194ra,4,0,111.0,,116.0,
RWS01_MONIBAS_0021hrr2312ra,6,0,88.0,,96.0,
RWS01_MONIBAS_0021hrl1194rb,6,0,97.0,,103.0,
RWS01_MONIBAS_0020vwm1668ra,4,0,87.5,,97.0,
RWS01_MONICA_00D00223442DD0050009,8,0,44.0,,89.0,
RWS01_MONICA_00D001055450D007000F,8,0,73.92,,102.0,
RWS01_MONIBAS_0020vwh0307ra,4,0,73.5,,76.0,
RWS01_MONIBAS_0040vwj0090ra,4,0,93.5,,99.0,
RWS01_MONICA_00D00223442DD0050005,8,0,72.9925,,98.0,
RWS01_MONIBAS_0121hrl0647ra,8,0,82.25,,93.0,
RWS01_MONICA_00D001055450D007000B,8,0,82.4675,,111.0,
RWS01_MONICA_00D00F07802CD0050009,8,0,51.0,,103.0,
RWS01_MONIBAS_0671hrl0293ra,4,0,90.5,,96.0,
RWS01_MONIBAS_0121hrr0423ra,8,0,30.25,,38.0,
RWS01_MONICA_00D001055450D0070007,8,0,60.0,,121.0,
RWS01_MONICA_00D00F07802CD005000D,8,0,65.545,,94.0,
RWS01_MONIBAS_0271hrl0459ra,4,0,84.5,,88.0,
RWS01_MONIBAS_0011hrr1323ra,6,0,100.66666666666667,,110.0,
RWS01_MONIBAS_0280vwc1575ra,8,0,-1.0,,-1.0,
RWS01_MONICA_00D01D017C06D0070087,8,0,39.5,,80.0,
RWS01_MONIBAS_0731hrr1118ra,8,0,49.85,,70.0,
RWS01_MONICA_00D01D017C06D0070007,8,0,41.5,,84.0,
RWS01_MONICA_00D00211745020200007,8,0,-1.0,,-1.0,
RWS01_MONICA_00D04F00283CD0050005,8,0,70.6075,,104.0,
RWS01_MONICA_00D0010EEC23D0050005,8,0,61.0,,123.0,
RWS01_MONICA_00D00227CC22D0050009,8,0,32.375,,44.0,
RWS01_MONICA_00D01D017C06D007000B,8,0,38.5,,78.0,
RWS01_MONICA_00D0010EEC23D0050009,8,0,78.14750000000001,,107.0,
RWS01_MONIBAS_0151hrl0463ra,6,0,103.33333333333333,,124.0,
RWS01_MONIBAS_0121hrr1133ra,6,0,89.33333333333333,,100.0,
RWS01_MONIBAS_0121hrr0066ra,4,0,102.0,,107.0,
RWS01_MONIBAS_0041hrl0175ra,10,0,99.8,,108.0,
RWS01_MONIBAS_0761hrl0052ra,4,0,94.5,,99.0,
RWS01_MONIBAS_0020vwf0309ra,4,0,89.0,,92.0,
RWS01_MONICA_00D0010E143768200005,8,0,47.5,,96.0,
RWS01_MONICA_00D0010EEC23D005000D,8,0,96.875,,101.0,
RWS01_MONICA_00D00F062028D007000B,8,0,90.9575,,102.0,
RWS01_MONIBAS_0020vwm1548ra,4,0,97.0,,103.0,
RWS01_MONIBAS_0041hrr2149ra,16,0,61.66625,,108.0,
RWS01_MONIBAS_0121hrr1266ra,8,0,61.0,,92.0,
RWS01_MONICA_00D0010E143768200009,8,0,86.2625,,92.0,
RWS01_MONIBAS_0071hrl1479ra,16,0,72.65125,,105.0,
RWS01_MONIBAS_0150vwj1623ra,2,0,51.0,,51.0,
RWS01_MONIBAS_0090vwq0053ra,4,0,-1.0,,-1.0,
RWS01_MONICA_00D001022C21D0070017,8,0,68.2925,,95.0,
RWS01_MONIBAS_0040vwm0133ra,4,0,15.0,,16.0,
RWS01_MONICA_00D0010EEC23D0050011,8,0,89.0325,,96.0,
RWS01_MONICA_00D001022C21D0070013,8,0,93.3625,,98.0,
RWS01_MONIBAS_4341hrr0025ra,4,0,84.0,,89.0,
RWS01_MONIBAS_0021hrr1341ra,6,0,101.66666666666667,,110.0,
RWS01_MONICA_10D00704241DD0070007,2,0,112.0,,112.0,
RWS01_MONICA_10D00209281310200005,2,0,91.0,,91.0,
RWS01_MONIBAS_0121hrl0767ra,6,0,105.33333333333333,,119.0,
RWS01_MONICA_00D00408441E00200007,8,0,21.0,,43.0,
RWS01_MONIBAS_0501hrr2046ra,4,0,97.5,,105.0,
RWS01_MONIBAS_0101hrl0071ra,6,0,40.333333333333336,,41.0,
RWS01_MONIBAS_0151hrr0874ra,4,0,86.5,,89.0,
RWS01_MONIBAS_0271hrl0579ra,8,0,42.0,,88.0,
RWS01_MONIBAS_0121hrl0501ra,10,0,34.8,,42.0,
RWS01_MONICA_00D00408441E0020000F,8,0,13.645,,20.0,
RWS01_MONICA_00D04F00283CD0050009,8,0,70.35,,100.0,
RWS01_MONICA_00D001022C21D007001B,8,0,84.66,,88.0,
RWS01_MONIBAS_0021hrr1101ra,6,0,85.0,,92.0,
RWS01_MONIBAS_0161hrl0387ra,6,0,92.0,,100.0,
RWS01_MONICA_00D00408441E0020000B,8,0,12.219999999999999,,17.0,
RWS01_MONIBAS_0021hrl0379ra,12,0,102.16666666666667,,119.0,
RWS01_MONICA_00D001022C21D0070007,8,0,84.2,,113.0,
RWS01_MONIBAS_0500vww2037ra,2,0,54.0,,54.0,
RWS01_MONICA_00D00421943C00200007,8,0,42.5,,86.0,
RWS01_MONIBAS_0010vwc0342ra,2,0,69.0,,69.0,
RWS01_MONICA_00D00C17441410200005,8,0,28.5,,58.0,
RWS01_MONIBAS_0021hrr1604ra,4,0,95.5,,100.0,
RWS01_MONICA_00D00408441E00200013,8,0,-1.0,,-1.0,
RWS01_MONICA_00D0010DA00FD0050005,8,0,55.5,,112.0,
RWS01_MONICA_00D001022C21D007000F,8,0,94.97,,99.0,
RWS01_MONICA_00D01B01BC19D0050009,8,0,68.4175,,97.0,
RWS01_MONICA_00D0010DA00FD0050009,8,0,74.645,,106.0,
RWS01_MONICA_00D001022C21D007000B,8,0,78.7875,,106.0,
RWS01_MONICA_00D01C00AC4BD005000D,8,0,92.205,,99.0,
RWS01_MONIBAS_0011hrl0718ra,16,0,-1.0,,-1.0,
RWS01_MONICA_00D01B01BC19D0050005,8,0,53.0,,107.0,
RWS01_MONICA_10D00704241DD007000B,2,0,98.0,,98.0,
RWS01_MONICA_10D009082445D0050185,2,0,-1.0,,-1.0,
RWS01_MONICA_00D0010DA00FD005000D,8,0,95.855,,103.0,
RWS01_MONIBAS_0170vwc0078ra,8,0,51.805,,72.0,
RWS01_MONIBAS_0041hrl0055ra,8,0,107.25,,117.0,
RWS01_MONIBAS_0041hrl0055rb,4,0,99.0,,103.0,
RWS01_MONIBAS_0090vwd0105ra,4,0,75.0,,76.0,
RWS01_MONIBAS_0150vwx0493ra,6,0,99.33333333333333,,106.0,
RWS01_MONICA_00D00F056040D007000B,8,0,88.52,,94.0,
RWS01_MONICA_00D00F062028D0070007,8,0,72.8575,,99.0,
RWS01_MONIBAS_0350vwd0432ra,8,0,50.332499999999996,,71.0,
RWS01_MONIBAS_0021hrr0871ra,8,0,-1.0,,-1.0,
RWS01_MONIBAS_0501hrr2299ra,16,0,-1.0,,-1.0,
RWS01_MONIBAS_0671hrl0689ra,16,0,71.2425,,101.0,
RWS01_MONIBAS_0131hrr0099ra,8,0,93.0,,103.0,
RWS01_MONICA_10D01B01104B10200005,2,0,84.0,,84.0,
RWS01_MONIBAS_0121hrl0754ra,6,0,106.33333333333333,,115.0,
RWS01_MONICA_00D00F056040D0070007,8,0,76.0825,,108.0,
RWS01_MONIBAS_0151hrl0739ra,6,0,98.0,,109.0,
RWS01_MONICA_00D01000F000D007000B,8,0,-1.0,,-1.0,
RWS01_MONICA_00D0010CFC14D0070007,8,0,56.0,,113.0,
RWS01_MONICA_00D0490EC80010200005,8,0,48.4725,,72.0,
RWS01_MONIBAS_0021hrr1581ra,4,0,47.5,,51.0,
RWS01_MONIBAS_0271hrr0128ra,4,0,49.0,,53.0,
RWS01_MONICA_00D01000F000D0070007,8,0,-1.0,,-1.0,
RWS01_MONICA_00D04305B04BD007000B,8,0,88.7225,,90.0,
RWS01_MONIBAS_0011hrr1563ra,4,0,94.0,,96.0,
RWS01_MONIBAS_0020vwm0577ra,10,0,54.8,,95.0,
RWS01_MONICA_00D00108742DD0050305,8,0,39.9275,,55.0,
RWS01_MONIBAS_0161hrr0665ra,8,0,31.5,,65.0,
RWS01_MONICA_00D0010CFC14D007000B,8,0,92.11,,98.0,
RWS01_MONIBAS_0350vwd0578ra,8,0,45.3925,,70.0,
RWS01_MONIBAS_0291hrl0122ra,8,0,105.5,,117.0,
RWS01_MONIBAS_0270vwa0932ra,2,0,74.0,,74.0,
RWS01_MONIBAS_0021hrr2182ra,4,0,95.5,,98.0,
RWS01_MONIBAS_0041hrr0588ra,4,0,41.5,,84.0,
RWS01_MONIBAS_0151hrl0619ra,8,0,104.5,,123.0,
RWS01_MONICA_00D04305B04BD0070007,8,0,77.91,,106.0,
RWS01_MONICA_00D1B200C450D007000B,8,0,-1.0,,-1.0,
RWS01_MONIBAS_0071hrr2465ra,16,0,59.25,,126.0,
RWS01_MONIBAS_0121hrr0053ra,8,0,19.0,,79.0,
RWS01_MONIBAS_0071hrl1466ra,16,0,81.5,,103.0,
RWS01_MONIBAS_0670vwt0184ra,4,0,90.0,,94.0,
RWS01_MONIBAS_0121hrl1342ra,4,0,87.5,,92.0,
RWS01_MONICA_10D00A04741918200305,2,0,65.0,,65.0,
RWS01_MONIBAS_0151hrl0356ra,4,0,101.0,,108.0,
RWS01_MONIBAS_0201hrr0169ra,4,0,106.0,,107.0,
RWS01_MONIBAS_0291hrl0135ra,6,0,96.0,,105.0,
RWS01_MONIBAS_0021hrr0884ra,10,0,47.0,,84.0,
RWS01_MONIBAS_0101hrl0109ra,8,0,78.75,,88.0,
RWS01_MONIBAS_0020vwa2056ra,8,0,35.5,,72.0,
RWS01_MONIBAS_0011hrr1550ra,4,0,88.5,,94.0,
RWS01_MONIBAS_0011hrr0973ra,8,0,58.5,,123.0,
RWS01_MONIBAS_0271hrr0871ra_1,24,0,84.03166666666667,,115.0,
RWS01_MONIBAS_0280vwa1433ra,8,0,-1.0,,-1.0,
RWS01_MONICA_10D00C097037C0200011,2,0,68.0,,68.0,
RWS01_MONIBAS_0351hrl0549ra,4,0,83.5,,89.0,
RWS01_MONIBAS_0501hrl1870ra,6,0,51.666666666666664,,59.0,
RWS01_MONIBAS_0121hrr1039ra,6,0,65.33333333333333,,72.0,
RWS01_MONICA_00D0321FD823B8200007,8,0,-1.0,,-1.0,
RWS01_MONIBAS_0101hrl0097ra,6,0,88.33333333333333,,97.0,
RWS01_MONIBAS_0021hrl0499ra,10,0,95.8,,104.0,
RWS01_MONIBAS_0051hrl0033ra_1,16,0,51.5,,109.0,
RWS01_MONIBAS_0151hrl0476ra,6,0,103.33333333333333,,110.0,
RWS01_MONIBAS_0161hrr0652ra,6,0,99.66666666666667,,110.0,
RWS01_MONIBAS_0731hrr0147ra,4,0,91.5,,97.0,
RWS01_MONICA_00D00909AC0010200005,8,0,-1.0,,-1.0,
RWS01_MONICA_00D014023C23D007000B,8,0,64.49,,96.0,
RWS01_MONIBAS_0200vws0234ra,2,0,87.0,,87.0,
RWS01_MONIBAS_0151hrr0994ra,2,0,77.0,,77.0,
RWS01_MONICA_00D014023C23D0070007,8,0,70.0,,141.0,
RWS01_MONICA_00D01001A40AD0070007,8,0,65.375,,91.0,
RWS01_MONIBAS_0501hrr1699ra,4,0,63.5,,67.0,
RWS01_MONIBAS_0121hrl1092ra,6,0,107.33333333333333,,111.0,
RWS01_MONIBAS_0761hrr0117ra,4,0,95.5,,100.0,
RWS01_MONIBAS_0061hrr0435ra_1,32,0,72.914375,,123.0,
RWS01_MONICA_00D00104E4146020000B,8,0,93.5475,,97.0,
RWS01_MONICA_00D01800C02398200007,8,0,51.0,,103.0,
RWS01_MONIBAS_0121hrl1355rb,2,0,61.0,,61.0,
RWS01_MONIBAS_0121hrl1102ra,6,0,101.0,,114.0,
RWS01_MONIBAS_0121hrl1355ra,4,0,64.0,,68.0,
RWS01_MONICA_00D00C17104BD0050009,8,0,-1.0,,-1.0,
RWS01_MONIBAS_0011hrl0109ra,12,0,100.0,,106.0,
RWS01_MONICA_00D01C1F442D08200007,8,0,-1.0,,-1.0,
RWS01_MONIBAS_0151hrl0844ra,4,0,94.0,,98.0,
RWS01_MONICA_00D00104E41460200007,8,0,103.75,,109.0,
RWS01_MONIBAS_0021hrl0365ra,8,0,99.0,,109.0,
RWS01_MONIBAS_0020vwe0740ra,6,0,7.333333333333333,,12.0,
RWS01_MONIBAS_0041hrr0107ra,8,0,53.0,,60.0,
RWS01_MONIBAS_0071hrl1956ra,6,0,86.66666666666667,,100.0,
RWS01_MONIBAS_0500vwh1465ra,4,0,37.0,,41.0,
RWS01_MONICA_00D014078C00D007000B,8,0,82.16,,90.0,
RWS01_MONIBAS_0731hrl0239ra,4,0,102.5,,107.0,
RWS01_MONIBAS_0041hrl0040ra_1,32,0,79.843125,,111.0,
RWS01_MONICA_00D01001A40AD007000F,8,0,59.6475,,64.0,
RWS01_MONIBAS_0071hrr2238ra,16,0,39.05,,108.0,
RWS01_MONICA_00D014078C00D0070007,8,0,73.885,,101.0,
RWS01_MONICA_00D01001A40AD007000B,8,0,53.870000000000005,,76.0,
RWS01_MONICA_00D00104343218200005,8,0,38.0,,51.0,
RWS01_MONIBAS_0121hrr1251ra,6,0,30.0,,40.0,
RWS01_MONICA_00D00607244D60200007,8,0,80.67,,110.0,
RWS01_MONICA_00D0010EB832D0050011,8,0,88.1775,,100.0,
RWS01_MONIBAS_0021hrl0352ra,4,0,97.5,,101.0,
RWS01_MONIBAS_0121hrl1475ra,4,0,92.5,,99.0,
RWS01_MONICA_00D0010EB832D005000D,8,0,79.285,,108.0,
RWS01_MONIBAS_0081hrl0046ra,10,0,100.6,,114.0,
RWS01_MONICA_00D00206040AD0050305,8,0,48.0,,97.0,
RWS01_MONICA_00D00206040AD0050309,8,0,90.07,,96.0,
RWS01_MONICA_00D0010EB832D0050009,8,0,85.1875,,115.0,
RWS01_MONICA_00D0010EB832D0050005,8,0,66.0,,133.0,
RWS01_MONIBAS_0291hrl0148ra,6,0,102.66666666666667,,111.0,
RWS01_MONIBAS_0200vwu0362ra,4,0,34.5,,38.0,
RWS01_MONIBAS_0040vwc0300ra,2,0,89.0,,89.0,
RWS01_MONIBAS_0021hrr1006ra,6,0,102.66666666666667,,115.0,
RWS01_MONIBAS_0071hrr1983ra,8,0,83.0,,87.0,
RWS01_MONIBAS_0291hrr0151ra,8,0,100.75,,109.0,
RWS01_MONIBAS_0500vwy2046ra,4,0,87.0,,90.0,
RWS01_MONIBAS_0040vwb2355ra,8,0,29.0,,59.0,
RWS01_MONICA_00D01002083ED0070007,8,0,63.805,,90.0,
RWS01_MONIBAS_0071hrr1970ra,4,0,79.5,,83.0,
RWS01_MONIBAS_0071hrr1970rb,2,0,69.0,,69.0,
RWS01_MONIBAS_0151hrl0857ra,4,0,86.0,,91.0,
RWS01_MONIBAS_0011hrr0149rb,6,0,96.0,,103.0,
RWS01_MONIBAS_0011hrr0149ra,6,0,99.66666666666667,,107.0,
RWS01_MONIBAS_0011hrl0216ra,6,0,65.66666666666667,,105.0,
RWS01_MONIBAS_0021hrl2644ra,4,0,29.5,,43.0,
RWS01_MONIBAS_0010vwm0295ra,4,0,76.0,,78.0,
RWS01_MONIBAS_0091hrl0687ra,8,0,100.25,,109.0,
RWS01_MONICA_00D01002083ED007000B,8,0,82.875,,102.0,
RWS01_MONIBAS_0070vwa1463ra,8,0,82.0,,87.0,
RWS01_MONIBAS_0151hrl0461ra,6,0,103.33333333333333,,120.0,
RWS01_MONIBAS_0040vwy0467ra,6,0,84.33333333333333,,95.0,
RWS01_MONIBAS_0051hrl0086ra,4,0,100.5,,109.0,
RWS01_MONIBAS_0130vwe0191ra,2,0,69.0,,69.0,
RWS01_MONIBAS_0151hrl0594ra,6,0,98.66666666666667,,103.0,
RWS01_MONICA_00D004009828D0070007,8,0,86.97,,120.0,
RWS01_MONIBAS_0281hrl1435ra,16,0,-1.0,,-1.0,
RWS01_MONICA_00D01008500530200007,8,0,74.1725,,75.0,
RWS01_MONICA_00D004009828D007000B,8,0,104.26,,108.0,
RWS01_MONIBAS_0071hrl2295ra,16,0,56.25,,120.0,
RWS01_MONICA_00D004009828D007000F,8,0,94.3925,,96.0,
RWS01_MONIBAS_0150vwd0622ra,2,0,-1.0,,-1.0,
RWS01_MONIBAS_0041hrr0071ra,8,0,99.25,,117.0,
RWS01_MONIBAS_0021hrr0766ra,10,0,-1.0,,-1.0,
RWS01_MONIBAS_0021hrl2511ra,4,0,44.5,,47.0,
RWS01_MONIBAS_0091hrr0341ra,6,0,103.66666666666667,,111.0,
RWS01_MONICA_10D01C0F0C5510200009,2,0,-1.0,,-1.0,
RWS01_MONIBAS_0020vwc1942ra,8,0,-1.0,,-1.0,
RWS01_MONIBAS_0101hrl0214ra,4,0,8.5,,18.0,
RWS01_MONICA_00D00F07F44C9820000B,8,0,92.465,,97.0,
RWS01_MONIBAS_0011hrr0879ra,6,0,109.66666666666667,,120.0,
RWS01_MONIBAS_0021hrr0490ra,2,0,-1.0,,-1.0,
RWS01_MONIBAS_0021hrl0748ra,8,0,84.0,,128.0,
RWS01_MONIBAS_0081hrr0075ra,4,0,90.0,,96.0,
RWS01_MONICA_00D04C007C01D0070007,8,0,46.5,,94.0,
RWS01_MONICA_00D010027828D0050005,8,0,75.3125,,83.0,
RWS01_MONICA_00D00426204C50200005,8,0,-1.0,,-1.0,
RWS01_MONIBAS_0041hrr0084ra,8,0,100.25,,114.0,
RWS01_MONIBAS_0041hrl0307ra,6,0,96.66666666666667,,105.0,
RWS01_MONIBAS_0671hrr0346ra,4,0,87.0,,92.0,
RWS01_MONIBAS_0351hrl0521ra,4,0,80.0,,93.0,
RWS01_MONICA_00D04C007C01D007000B,8,0,88.785,,95.0,
RWS01_MONIBAS_0121hrl0370ra,8,0,93.25,,100.0,
RWS01_MONICA_00D01800C0239820000B,8,0,70.5,,96.0,
RWS01_MONIBAS_0271hrl0182ra,4,0,-1.0,,-1.0,
RWS01_MONIBAS_0040vwf0694ra,4,0,97.0,,105.0,
RWS01_MONICA_00D010027828D0050009,8,0,65.53,,68.0,
RWS01_MONIBAS_0010vwm0282ra,2,0,87.0,,87.0,
RWS01_MONIBAS_0061hrl0596ra,4,0,106.5,,111.0,
RWS01_MONIBAS_0151hrl0737ra,6,0,97.0,,110.0,
RWS01_MONICA_00D00227CC22D0050005,8,0,50.457499999999996,,52.0,
RWS01_MONIBAS_0271hrl0802ra,4,0,20.5,,25.0,
RWS01_MONICA_10D01C0F0C5510200005,2,0,-1.0,,-1.0,
RWS01_MONICA_00D00F07F44C98200007,8,0,55.0,,111.0,
RWS01_MONIBAS_0040vwh0464ra,4,0,78.0,,79.0,
RWS01_MONIBAS_0281hrr0268ra,4,0,97.0,,103.0,
RWS01_MONIBAS_0061hrl0463ra,4,0,106.5,,114.0,
RWS01_MONICA_10D01C10F432D0050005,2,0,111.0,,111.0,
RWS01_MONIBAS_0201hrl0114ra,4,0,86.5,,93.0,
RWS01_MONIBAS_0320vwb0466ra,8,0,-1.0,,-1.0,
RWS01_MONICA_10D01C10F432D0050009,2,0,101.0,,101.0,
RWS01_MONICA_00D00F0848280020000B,8,0,-1.0,,-1.0,
RWS01_MONIBAS_0141hrr0125ra,4,0,75.0,,78.0,
RWS01_MONIBAS_0021hrr2564ra,4,0,95.0,,99.0,
RWS01_MONICA_00D00F0C7423D007000F,8,0,23.0,,27.0,
RWS01_MONICA_00D04C022832D0050105,8,0,-1.0,,-1.0,
RWS01_MONICA_00D00F08482800200007,8,0,-1.0,,-1.0,
RWS01_MONIBAS_0010vwf0879ra,2,0,78.0,,78.0,
RWS01_MONIBAS_3251hrr0244ra,4,0,16.0,,17.0,
RWS01_MONICA_00D001037C5CD007000B,8,0,75.215,,101.0,
RWS01_MONIBAS_0501hrl1668ra,6,0,80.66666666666667,,90.0,
RWS01_MONICA_00D00F0C7423D007000B,8,0,21.5175,,32.0,
RWS01_MONICA_00D00F0C7423D0070007,8,0,28.86,,40.0,
RWS01_MONIBAS_0021hrl2394ra,8,0,97.75,,102.0,
RWS01_MONIBAS_0101hrl0191ra,8,0,56.25,,63.0,
RWS01_MONICA_00D0071EC80DD0070007,8,0,61.1475,,83.0,
RWS01_MONIBAS_0501hrr1936ra,6,0,88.33333333333333,,93.0,
RWS01_MONIBAS_0500vwb0969ra,2,0,89.0,,89.0,
RWS01_MONICA_00D04900F050D007000B,8,0,88.21000000000001,,91.0,
RWS01_MONIBAS_0501hrl1548ra,6,0,-1.0,,-1.0,
RWS01_MONIBAS_0201hrr0383ra,6,0,51.666666666666664,,58.0,
RWS01_MONIBAS_0011hrl1401ra,6,0,104.0,,114.0,
RWS01_MONICA_00D009042C3C10200005,8,0,41.0,,83.0,
RWS01_MONIBAS_0021hrl1555ra_1,32,0,75.405625,,101.0,
RWS01_MONIBAS_0090vwu0337ra,4,0,100.5,,110.0,
RWS01_MONIBAS_0100vwq0290ra,4,0,-1.0,,-1.0,
RWS01_MONIBAS_0101hrl0201ra,10,0,46.0,,59.0,
RWS01_MONICA_00D04900F050D0070007,8,0,52.5,,106.0,
RWS01_MONICA_10D01C10F432D005000D,2,0,85.0,,85.0,
RWS01_MONIBAS_0041hrl0427ra,8,0,91.25,,102.0,
RWS01_MONIBAS_0021hrl1579ra,4,0,98.5,,109.0,
RWS01_MONIBAS_0071hrr0305ra,6,0,103.66666666666667,,112.0,
RWS01_MONIBAS_0010vwn0295ra,4,0,87.0,,87.0,
RWS01_MONIBAS_0281hrl0942ra,8,0,94.0,,108.0,
RWS01_MONIBAS_0060vwn0566ra,8,0,72.25,,104.0,
RWS01_MONIBAS_0091hrr0221ra,4,0,51.5,,56.0,
RWS01_MONIBAS_0020vwg0654ra,2,0,-1.0,,-1.0,
RWS01_MONICA_00D010011C28D0050009,8,0,-1.0,,-1.0,
RWS01_MONIBAS_0121hrl0130ra,6,0,98.66666666666667,,111.0,
RWS01_MONIBAS_0021hrl0602ra,8,0,76.5,,112.0,
RWS01_MONICA_00D00211AC5F6820000D,8,0,23.0,,47.0,
RWS01_MONICA_00D00211C83760200307,8,0,74.4475,,100.0,
RWS01_MONIBAS_0160vwf0678ra,2,0,37.0,,37.0,
RWS01_MONIBAS_0090vwx0082ra,2,0,87.0,,87.0,
RWS01_MONIBAS_0500vwm1472ra,4,0,45.5,,92.0,
RWS01_MONIBAS_0090vwx0082rb,4,0,100.0,,101.0,
RWS01_MONICA_00D010011C28D005000D,8,0,-1.0,,-1.0,
RWS01_MONIBAS_0201hrl0247ra,4,0,99.0,,105.0,
RWS01_MONIBAS_0021hrr2551ra,4,0,93.5,,99.0,
RWS01_MONICA_00D0071F205818200005,8,0,50.2125,,55.0,
RWS01_MONIBAS_0021hrr0526ra,10,0,-1.0,,-1.0,
RWS01_MONIBAS_0201hrl0247rb,4,0,93.5,,97.0,
RWS01_MONIBAS_0121hrl1128ra,6,0,101.33333333333333,,111.0,
RWS01_MONIBAS_0150vwa0257ra,2,0,92.0,,92.0,
RWS01_MONICA_00D001043800D0050009,8,0,93.6075,,97.0,
RWS01_MONIBAS_0021hrr2431ra,4,0,96.0,,102.0,
RWS01_MONIBAS_0091hrr0234ra,6,0,-1.0,,-1.0,
RWS01_MONICA_00D010011C28D0050005,8,0,-1.0,,-1.0,
RWS01_MONICA_00D001043800D0050005,8,0,75.4725,,102.0,
RWS01_MONICA_00D0321EAC2DD0050185,8,0,86.9575,,92.0,
RWS01_MONIBAS_0241hrr0037ra,6,0,74.33333333333333,,114.0,
RWS01_MONIBAS_0080vww0053ra,2,0,96.0,,96.0,
RWS01_MONIBAS_0280vwy0028ra,4,0,87.5,,91.0,
RWS01_MONICA_00D0071EC80DD007000B,8,0,76.625,,82.0,
RWS01_MONIBAS_0350vwr0512ra,2,0,81.0,,81.0,
RWS01_MONIBAS_0010vwp0078ra,2,0,96.0,,96.0,
RWS01_MONIBAS_0091hrr0101ra,4,0,90.5,,93.0,
RWS01_MONICA_00D00211AC5F68200009,8,0,3.875,,6.0,
RWS01_MONICA_00D00211AC5F68200005,8,0,1.0,,3.0,
RWS01_MONICA_00D00209CC1160200187,8,0,-1.0,,-1.0,
RWS01_MONIBAS_0150vwq0572ra,4,0,100.5,,108.0,
RWS01_MONIBAS_0021hrl1699ra,4,0,98.0,,105.0,
RWS01_MONIBAS_0121hrr1407ra,4,0,99.5,,105.0,
RWS01_MONIBAS_0121hrl0406ra,8,0,24.5,,39.0,
RWS01_MONIBAS_0060vwb0518ra,2,0,71.0,,71.0,
RWS01_MONIBAS_0061hrl0489ra,4,0,111.0,,117.0,
RWS01_MONIBAS_0161hrl0611ra,6,0,112.0,,128.0,
RWS01_MONICA_00D00F19040518200005,8,0,-1.0,,-1.0,
RWS01_MONIBAS_0271hrr0859ra,6,0,107.0,,117.0,
RWS01_MONIBAS_0091hrr0114ra,4,0,82.5,,94.0,
RWS01_MONIBAS_0121hrr0784ra,6,0,97.33333333333333,,104.0,
RWS01_MONIBAS_0100vwp0290ra,4,0,10.0,,12.0,
RWS01_MONIBAS_0121hrr1384ra,4,0,100.5,,109.0,
RWS01_MONICA_00D001087437D0070007,8,0,25.5,,52.0,
RWS01_MONIBAS_0151hrl0951ra,4,0,39.5,,40.0,
RWS01_MONICA_00D001087437D007000B,8,0,44.455,,49.0,
RWS01_MONIBAS_0101hrr0258ra,6,0,72.0,,76.0,
RWS01_MONIBAS_0151hrr0409ra,4,0,98.0,,104.0,
RWS01_MONIBAS_0121hrr0651ra,8,0,102.75,,116.0,
RWS01_MONIBAS_0011hrr0639ra,16,0,32.21,,42.0,
RWS01_MONICA_00D01B0D4C23D005000D,8,0,94.28,,100.0,
RWS01_MONIBAS_0021hrl1709ra,8,0,90.5,,105.0,
RWS01_MONICA_00D002186828D0050009,8,0,88.1525,,91.0,
RWS01_MONIBAS_0090vwx0095rb,4,0,99.5,,102.0,
RWS01_MONICA_00D00F08905A08200007,8,0,63.25,,90.0,
RWS01_MONICA_00D002186828D0050005,8,0,74.9825,,101.0,
RWS01_MONIBAS_0021hrr2551rb,2,0,74.0,,74.0,
RWS01_MONIBAS_0121hrl0396ra,8,0,51.0,,58.0,
RWS01_MONIBAS_0090vwx0095ra,2,0,77.0,,77.0,
RWS01_MONIBAS_0581hrl0281ra,4,0,67.5,,73.0,
RWS01_MONICA_00D00607244D6020000F,8,0,92.0375,,98.0,
RWS01_MONICA_00D01B0D4C23D0050005,8,0,61.5,,124.0,
RWS01_MONICA_00D00607244D6020000B,8,0,97.715,,104.0,
RWS01_MONIBAS_0081hrl0059ra,4,0,104.5,,111.0,
RWS01_MONICA_00D01B0D4C23D0050009,8,0,53.0,,107.0,
RWS01_MONICA_00D002186828D005000D,8,0,82.845,,86.0,
RWS01_MONIBAS_0041hrl0391ra,8,0,51.0,,57.0,
RWS01_MONIBAS_0011hrr1217ra,6,0,102.33333333333333,,114.0,
RWS01_MONIBAS_0091hrr0091ra,4,0,100.5,,108.0,
RWS01_MONIBAS_0150vwg0632ra,4,0,108.0,,116.0,
RWS01_MONIBAS_0281hrr0362ra,4,0,100.5,,103.0,
RWS01_MONIBAS_0101hrr0138ra,8,0,90.0,,103.0,
RWS01_MONIBAS_0100vwp0300ra,4,0,7.0,,15.0,
RWS01_MONIBAS_0151hrr0529ra,6,0,103.66666666666667,,119.0,
RWS01_MONIBAS_0090vwa0087ra,2,0,73.0,,73.0,
RWS01_MONIBAS_0051hrl0060ra,4,0,91.0,,96.0,
RWS01_MONIBAS_0011hrl1774ra,16,0,-1.0,,-1.0,
RWS01_MONIBAS_3481hrr0147ra,2,0,61.0,,61.0,
RWS01_MONIBAS_0351hrr0325ra,2,0,60.0,,60.0,
RWS01_MONIBAS_0581hrl0424ra,4,0,98.5,,102.0,
RWS01_MONIBAS_0201hrl0127ra,4,0,97.0,,103.0,
RWS01_MONICA_00D014039800D0070307,8,0,45.5,,92.0,
RWS01_MONICA_00D01B0E300CD0050005,8,0,92.095,,127.0,
RWS01_MONICA_00D014039800D007030B,8,0,82.555,,93.0,
RWS01_MONIBAS_0301hrr0188ra,16,0,44.88375,,95.0,
RWS01_MONIBAS_0271hrl0088ra,4,0,100.0,,104.0,
RWS01_MONICA_00D001037C5CD0070007,8,0,79.5875,,110.0,
RWS01_MONICA_00D01B0E300CD0050009,8,0,52.5,,106.0,
RWS01_MONICA_00D01C0E702D68200005,8,0,-1.0,,-1.0,
RWS01_MONIBAS_0791hrl0010ra,4,0,99.0,,100.0,
RWS01_MONIBAS_0100vwq0300ra,4,0,-1.0,,-1.0,
RWS01_MONIBAS_0200vwa0375ra,4,0,21.5,,23.0,
RWS01_MONIBAS_0501hrl2017ra,6,0,100.0,,109.0,
RWS01_MONICA_00D01B0E300CD005000D,8,0,91.4375,,97.0,
RWS01_MONIBAS_0271hrr0583ra,6,0,106.0,,121.0,
RWS01_MONIBAS_0151hrr0385rb,4,0,99.0,,104.0,
RWS01_MONIBAS_0151hrr0385ra,4,0,106.0,,114.0,
RWS01_MONICA_00D00F06144D3020000B,8,0,71.75,,96.0,
RWS01_MONICA_00D00F06144D30200007,8,0,48.5,,98.0,
RWS01_MONICA_00D00223C05A00200007,8,0,41.0,,83.0,
RWS01_MONICA_00D00100CC0CD005000D,8,0,80.4375,,108.0,
RWS01_MONIBAS_0151hrr0253ra,4,0,104.0,,114.0,
RWS01_MONIBAS_0501hrl1905ra,6,0,71.66666666666667,,73.0,
RWS01_MONICA_00D0071EC80DD0070087,8,0,51.7675,,70.0,
RWS01_MONICA_01D02400C019D0050005,8,0,-1.0,,-1.0,
RWS01_MONIBAS_0071hrl0252ra,4,0,102.0,,109.0,
RWS01_MONICA_00D00100CC0CD0050009,8,0,86.645,,88.0,
RWS01_MONIBAS_0011hrl1044ra,6,0,104.33333333333333,,116.0,
RWS01_MONICA_00D00100CC0CD0050005,8,0,76.9875,,104.0,
RWS01_MONICA_00D01C0F0405D007000F,8,0,81.1425,,82.0,
RWS01_MONICA_10D0090AE400D007000B,2,0,90.0,,90.0,
RWS01_MONIBAS_0090vwp0043ra,6,0,-1.0,,-1.0,
RWS01_MONICA_00D01C0F0405D007000B,8,0,87.8875,,90.0,
RWS01_MONICA_10D0090AE400D0070007,2,0,104.0,,104.0,
RWS01_MONICA_00D00100CC0CD0050011,8,0,75.5,,101.0,
RWS01_MONIBAS_0021hrl1540ra,4,0,84.0,,88.0,
RWS01_MONICA_00D01C0F0405D0070007,8,0,51.5,,104.0,
RWS01_MONIBAS_0301hrl0132ra,16,0,71.64875,,106.0,
RWS01_MONIBAS_0121hrl0277ra,10,0,48.0,,71.0,
RWS01_MONIBAS_0020vwm1630ra,4,0,60.5,,65.0,
RWS01_MONICA_00D00100CC0CD0050015,8,0,86.42,,88.0,
RWS01_MONIBAS_0581hrl0410ra,4,0,95.0,,102.0,
RWS01_MONICA_00D01C1F1440D0050009,8,0,-1.0,,-1.0,
RWS01_MONICA_00D01007A050D007000F,8,0,76.59,,79.0,
RWS01_MONIBAS_0270vwx0369rb,2,0,67.0,,67.0,
RWS01_MONIBAS_0270vwx0369ra,2,0,68.0,,68.0,
RWS01_MONIBAS_0020vwc0624ra,4,0,62.0,,65.0,
RWS01_MONIBAS_0501hrr2381ra,2,0,74.0,,74.0,
RWS01_MONIBAS_0020vwc0624rb,2,0,72.0,,72.0,
RWS01_MONICA_00D01007A050D007000B,8,0,86.0475,,89.0,
RWS01_MONICA_00D01007A050D0070007,8,0,71.0375,,99.0,
RWS01_MONIBAS_0151hrl0248ra,4,0,92.0,,99.0,
RWS01_MONIBAS_0161hrr0647ra_1,24,0,83.19916666666667,,118.0,
RWS01_MONIBAS_0090vwp0056ra,2,0,-1.0,,-1.0,
RWS01_MONIBAS_0011hrr1204ra,6,0,97.0,,107.0,
RWS01_MONIBAS_0281hrr0852ra,4,0,29.5,,60.0,
RWS01_MONIBAS_0151hrr0372ra,6,0,100.66666666666667,,117.0,
RWS01_MONIBAS_0021hrl1660ra,8,0,60.25,,87.0,
RWS01_MONIBAS_0141hrr0139ra,4,0,70.0,,74.0,
RWS01_MONIBAS_0021hrl1180ra,4,0,109.5,,120.0,
RWS01_MONIBAS_0271hrr0093ra,4,0,98.0,,104.0,
RWS01_MONIBAS_0121hrr0281ra,8,0,102.0,,114.0,
RWS01_MONIBAS_0021hrl2155ra,4,0,94.5,,100.0,
RWS01_MONICA_00D0071E902300200007,8,0,41.0,,83.0,
RWS01_MONICA_00D01C1F1440D0050005,8,0,-1.0,,-1.0,
RWS01_MONIBAS_0150vwc0503ra,2,0,97.0,,97.0,
RWS01_MONIBAS_0151hrr0635ra,4,0,93.5,,95.0,
RWS01_MONIBAS_0241hrr0024ra,6,0,112.66666666666667,,127.0,
RWS01_MONICA_10D01D02884C18200005,2,0,88.0,,88.0,
RWS01_MONICA_10D01D02884C18200009,2,0,77.0,,77.0,
RWS01_MONIBAS_0021hrl1780ra,4,0,85.0,,89.0,
RWS01_MONICA_10D0040B945E6020000B,2,0,87.0,,87.0,
RWS01_MONIBAS_0201hrr0131ra,4,0,102.0,,105.0,
RWS01_MONICA_10D0040B945E6020000F,2,0,93.0,,93.0,
RWS01_MONIBAS_0671hrl0315ra,4,0,106.5,,120.0,
RWS01_MONIBAS_0501hrr2021rb,2,0,69.0,,69.0,
RWS01_MONIBAS_0501hrr2021ra,6,0,98.33333333333333,,108.0,
RWS01_MONICA_00D001074000D0050005,8,0,-1.0,,-1.0,
RWS01_MONIBAS_0201hrr0264ra,8,0,90.5,,102.0,
RWS01_MONICA_10D0040B945E60200007,2,0,86.0,,86.0,
RWS01_MONIBAS_0581hrr0606ra,4,0,77.0,,81.0,
RWS01_MONICA_00D001074000D0050009,8,0,86.1525,,88.0,
RWS01_MONIBAS_0021hrr2324ra,6,0,92.33333333333333,,102.0,
RWS01_MONICA_00D0010DBC0A60200007,8,0,71.405,,102.0,
RWS01_MONIBAS_0131hrl0150ra,6,0,60.333333333333336,,89.0,
RWS01_MONICA_00D009012800B8200087,8,0,-1.0,,-1.0,
RWS01_MONIBAS_0581hrl0530ra,4,0,91.0,,99.0,
RWS01_MONIBAS_0021hrl0528ra_1,40,0,71.9935,,102.0,
RWS01_MONICA_01D02400C01908200007,8,0,-1.0,,-1.0,
RWS01_MONIBAS_0011hrl0826ra,6,0,106.33333333333333,,122.0,
RWS01_MONIBAS_0071hrl0145ra,6,0,93.0,,107.0,
RWS01_MONIBAS_0061hrr0526ra,4,0,104.5,,111.0,
RWS01_MONIBAS_0010vwn0438ra,2,0,82.0,,82.0,
RWS01_MONIBAS_0011hrl1414ra,4,0,95.5,,101.0,
RWS01_MONIBAS_0141hrr0126ra,4,0,73.5,,78.0,
RWS01_MONIBAS_0150vwp0573ra,4,0,109.0,,114.0,
RWS01_MONIBAS_0011hrl1667ra,16,0,72.86125,,108.0,
RWS01_MONIBAS_0071hrl0265ra,4,0,103.5,,105.0,
RWS01_MONICA_00D00502B427D007000B,8,0,36.58,,51.0,
RWS01_MONIBAS_0201hrr0251ra,6,0,101.0,,113.0,
RWS01_MONIBAS_0101hrl0221rb_1,16,0,12.06125,,17.0,
RWS01_MONIBAS_0150vwc0623ra,2,0,-1.0,,-1.0,
RWS01_MONIBAS_0011hrr1311ra,6,0,104.33333333333333,,114.0,
RWS01_MONIBAS_0091hrl0078ra,4,0,99.0,,105.0,
RWS01_MONIBAS_0051hrr0127ra,4,0,105.0,,112.0,
RWS01_MONICA_00D01009384608200007,8,0,26.5,,54.0,
RWS01_MONIBAS_0121hrr0677ra,8,0,88.0,,98.0,
RWS01_MONIBAS_0021hrr2577ra,8,0,88.75,,100.0,
RWS01_MONIBAS_0020vwa1683ra,2,0,63.0,,63.0,
RWS01_MONIBAS_0021hrl1349ra,6,0,101.33333333333333,,114.0,
RWS01_MONICA_00D00225545FD0050005,8,0,47.0,,95.0,
RWS01_MONIBAS_0011hrr1577ra,4,0,95.0,,103.0,
RWS01_MONICA_00D00502B427D0070007,8,0,20.0,,41.0,
RWS01_MONICA_00D00225545FD0050009,8,0,64.5675,,94.0,
RWS01_MONIBAS_0271hrr0356rb,2,0,90.0,,90.0,
RWS01_MONIBAS_0271hrr0356ra,4,0,99.0,,106.0,
RWS01_MONIBAS_0731hrl0849ra,16,0,80.57375,,105.0,
RWS01_MONIBAS_0271hrl1140ra,16,0,72.79125,,109.0,
RWS01_MONIBAS_0280vwn0924ra,2,0,-1.0,,-1.0,
RWS01_MONICA_00D00A01DC2D9820000B,8,0,-1.0,,-1.0,
RWS01_MONIBAS_0150vwn0577ra,2,0,96.0,,96.0,
RWS01_MONICA_00D00A01DC2D98200007,8,0,-1.0,,-1.0,
RWS01_MONICA_00D0320E9462D0050005,8,0,90.385,,94.0,
RWS01_MONIBAS_0581hrr0356ra,4,0,96.5,,106.0,
RWS01_MONIBAS_0300vwb0154ra,8,0,-1.0,,-1.0,
RWS01_MONICA_00D00606B82DD007000F,8,0,78.215,,107.0,
RWS01_MONIBAS_0160vwf0162ra,4,0,43.5,,50.0,
RWS01_MONICA_00D01B0C900560200007,8,0,57.3925,,78.0,
RWS01_MONICA_00D00606B82DD007000B,8,0,80.675,,110.0,
RWS01_MONIBAS_0011hrl0835ra_1,24,0,74.11833333333333,,121.0,
RWS01_MONICA_00D00212081468200009,8,0,4.6,,7.0,
RWS01_MONIBAS_0161hrr0557ra,6,0,96.0,,107.0,
RWS01_MONICA_00D00212081468200005,8,0,6.0,,13.0,
RWS01_MONIBAS_0041hrl0187ra,6,0,104.66666666666667,,115.0,
RWS01_MONICA_10D0040B705468200005,2,0,56.0,,56.0,
RWS01_MONICA_00D00606B82DD0070007,8,0,57.5,,116.0,
RWS01_MONICA_10D0040B705468200009,2,0,47.0,,47.0,
RWS01_MONIBAS_0041hrr0201ra,8,0,49.25,,67.0,
RWS01_MONIBAS_0020vwa2177ra,2,0,67.0,,67.0,
RWS01_MONIBAS_0271hrl0325ra,4,0,94.0,,100.0,
RWS01_MONIBAS_4340vwb0016ra,2,0,79.0,,79.0,
RWS01_MONIBAS_0161hrr0436ra_1,24,0,-1.0,,-1.0,
RWS01_MONICA_00D00408F41908200007,8,0,26.0,,53.0,
RWS01_MONIBAS_0501hrr2034ra,4,0,54.0,,109.0,
RWS01_MONIBAS_0281hrl1316ra,16,0,86.78625,,110.0,
RWS01_MONICA_00D03216FC2338200185,8,0,-1.0,,-1.0,
RWS01_MONIBAS_0071hrr0043ra,4,0,-1.0,,-1.0,
RWS01_MONIBAS_0060vwq0441ra,4,0,-1.0,,-1.0,
RWS01_MONIBAS_0280vwa0461ra,8,0,-1.0,,-1.0,
RWS01_MONIBAS_0011hrr0865ra,6,0,73.66666666666667,,119.0,
RWS01_MONIBAS_0011hrr0865rb,4,0,102.5,,105.0,
RWS01_MONIBAS_0161hrl0148ra,4,0,44.0,,45.0,
RWS01_MONICA_00D04907204BC0200009,8,0,51.125,,71.0,
RWS01_MONIBAS_0011hrl1151ra,6,0,104.0,,121.0,
RWS01_MONIBAS_0011hrl0589ra,16,0,87.61125,,110.0,
RWS01_MONIBAS_0160vwm0357ra,4,0,67.0,,77.0,
RWS01_MONIBAS_0170vwd0195ra,8,0,45.567499999999995,,67.0,
RWS01_MONIBAS_0091hrl0052ra,6,0,99.33333333333333,,107.0,
RWS01_MONIBAS_0041hrr0717ra,4,0,26.5,,30.0,
RWS01_MONIBAS_0161hrl0518ra,6,0,99.66666666666667,,111.0,
RWS01_MONICA_00D01C004446D0050089,8,0,82.06,,87.0,
RWS01_MONIBAS_0021hrr1736ra,6,0,42.0,,45.0,
RWS01_MONIBAS_0040vwn0121ra,8,0,93.0,,112.0,
RWS01_MONICA_00D0321EDC53D0070187,8,0,78.2,,82.0,
RWS01_MONIBAS_0151hrr0742ra,8,0,64.5,,95.0,
RWS01_MONIBAS_0280vwu0007ra,4,0,16.5,,19.0,
RWS01_MONIBAS_0091hrr0604ra,6,0,96.33333333333333,,101.0,
RWS01_MONIBAS_0161hrr0677ra,4,0,99.0,,108.0,
RWS01_MONIBAS_0581hrr0369ra,6,0,98.66666666666667,,109.0,
RWS01_MONIBAS_0060vwp0441ra,4,0,108.5,,116.0,
RWS01_MONIBAS_0170vwa0040ra,8,0,44.25,,62.0,
RWS01_MONIBAS_0150vwy0492ra,6,0,65.33333333333333,,100.0,
RWS01_MONIBAS_0121hrl1221ra,6,0,94.0,,105.0,
RWS01_MONICA_00D0430AC43268200005,8,0,76.7,,97.0,
RWS01_MONICA_10D009082445D0050009,2,0,-1.0,,-1.0,
RWS01_MONIBAS_0761hrl0077ra,4,0,100.0,,105.0,
RWS01_MONICA_10D009082445D0050005,2,0,130.0,,130.0,
RWS01_MONIBAS_0271hrl0565ra,4,0,13.5,,17.0,
RWS01_MONIBAS_0150vwc0360ra,4,0,85.5,,93.0,
RWS01_MONIBAS_0020vwm1166ra,8,0,98.75,,102.0,
RWS01_MONIBAS_0011hrl0430ra,4,0,86.0,,92.0,
RWS01_MONIBAS_0090vwf0115ra,2,0,88.0,,88.0,
RWS01_MONIBAS_0151hrl0368ra,6,0,118.0,,133.0,
RWS01_MONIBAS_0271hrl0685ra,8,0,20.25,,55.0,
RWS01_MONIBAS_0121hrr0174ra,8,0,99.5,,117.0,
RWS01_MONIBAS_0160vwp0246ra,2,0,54.0,,54.0,
RWS01_MONIBAS_0011hrl0563ra,16,0,83.8375,,115.0,
RWS01_MONIBAS_0151hrl0235ra,4,0,41.0,,83.0,
RWS01_MONIBAS_0281hrr0972ra,8,0,42.5,,90.0,
RWS01_MONIBAS_0731hrr0146ra,4,0,92.0,,97.0,
RWS01_MONIBAS_0170vwc0040ra,8,0,-1.0,,-1.0,
RWS01_MONIBAS_0011hrl1164ra,6,0,104.33333333333333,,115.0,
RWS01_MONIBAS_0080vwq0010ra,6,0,-1.0,,-1.0,
RWS01_MONICA_00D00727581C08200007,8,0,-1.0,,-1.0,
RWS01_MONIBAS_0160vwm0344ra,6,0,78.0,,83.0,
RWS01_MONIBAS_0101hrl0085ra,8,0,71.5,,76.0,
RWS01_MONICA_00D01401FC0010200005,8,0,47.667500000000004,,67.0,
RWS01_MONIBAS_0071hrr1996ra,4,0,81.5,,87.0,
RWS01_MONIBAS_0281hrr0029ra,6,0,110.66666666666667,,125.0,
RWS01_MONIBAS_0121hrl0740ra,6,0,107.66666666666667,,116.0,
RWS01_MONIBAS_0011hrl0061ra_1,32,0,91.5625,,117.0,
RWS01_MONIBAS_0731hrr0159ra,4,0,96.0,,100.0,
RWS01_MONICA_00D01B00FC0000200007,8,0,-1.0,,-1.0,
RWS01_MONICA_00D01B055846D0050005,8,0,-1.0,,-1.0,
RWS01_MONICA_00D01B00FC000020000B,8,0,-1.0,,-1.0,
RWS01_MONICA_00D01B055846D0050009,8,0,-1.0,,-1.0,
RWS01_MONIBAS_0671hrl0542ra,16,0,94.1525,,106.0,
RWS01_MONIBAS_0170vwb0040ra,8,0,63.5225,,68.0,
RWS01_MONICA_00D00C17104BD0050005,8,0,-1.0,,-1.0,
RWS01_MONIBAS_0160vwn0344ra,4,0,92.5,,97.0,
RWS01_MONIBAS_0201hrl0460ra,4,0,24.5,,26.0,
RWS01_MONICA_00D005028832D007000B,8,0,56.43,,60.0,
RWS01_MONIBAS_0301hrl0158ra,16,0,-1.0,,-1.0,
RWS01_MONIBAS_0021hrr2217ra,4,0,94.0,,97.0,
RWS01_MONIBAS_0271hrl0708ra,4,0,45.5,,46.0,
RWS01_MONICA_00D005028832D0070007,8,0,28.5,,58.0,
RWS01_MONIBAS_0021hrr1018ra,6,0,100.66666666666667,,110.0,
RWS01_MONIBAS_0010vwn0893ra,6,0,97.0,,109.0,
RWS01_MONIBAS_0101hrr0135ra,10,0,93.0,,111.0,
RWS01_MONIBAS_0500vws1547ra,4,0,43.0,,87.0,
RWS01_MONIBAS_0041hrr0032rb_1,16,0,67.93125,,101.0,
RWS01_MONIBAS_0041hrr0217ra,8,0,56.5,,81.0,
RWS01_MONIBAS_0500vwm1509ra,6,0,66.0,,107.0,
RWS01_MONIBAS_0081hrr0072ra,4,0,95.0,,101.0,
RWS01_MONICA_00D01C11940008200007,8,0,26.5,,54.0,
RWS01_MONIBAS_0121hrl1332ra,6,0,92.33333333333333,,98.0,
RWS01_MONICA_00D04305F450D0070007,8,0,-1.0,,-1.0,
RWS01_MONIBAS_0010vwp0075ra,2,0,100.0,,100.0,
RWS01_MONIBAS_0011hrr0090ra,8,0,97.5,,107.0,
RWS01_MONIBAS_0011hrr0113ra,10,0,102.2,,119.0,
RWS01_MONIBAS_0071hrl1979ra,4,0,78.5,,86.0,
RWS01_MONIBAS_0071hrl1979rb,4,0,70.0,,72.0,
RWS01_MONIBAS_0011hrr0486ra,6,0,78.33333333333333,,82.0,
RWS01_MONICA_00D04305F450D007000B,8,0,-1.0,,-1.0,
RWS01_MONICA_00D00F0B040050200005,8,0,54.5,,110.0,
RWS01_MONIBAS_0071hrr2215ra,16,0,69.205,,104.0,
RWS01_MONICA_00D00F0B040050200009,8,0,48.5,,98.0,
RWS01_MONIBAS_0020vwn1162ra,8,0,37.5,,78.0,
RWS01_MONIBAS_0270vwd0858ra,2,0,82.0,,82.0,
RWS01_MONIBAS_0101hrl0239ra,8,0,69.75,,77.0,
RWS01_MONICA_00D03A093423D0050005,8,0,54.2125,,74.0,
RWS01_MONIBAS_0280vwd1203ra,8,0,-1.0,,-1.0,
RWS01_MONIBAS_0130vwe0194ra,2,0,62.0,,62.0,
RWS01_MONIBAS_0040vwm0038ra,8,0,94.5,,104.0,
RWS01_MONIBAS_0081hrl0069ra,4,0,102.5,,108.0,
RWS01_MONICA_00D03A093423D0050009,8,0,65.75,,69.0,
RWS01_MONIBAS_0501hrr0961ra,4,0,103.0,,109.0,
RWS01_MONIBAS_0501hrr0961rb,4,0,96.5,,102.0,
RWS01_MONIBAS_0070vwd1615ra,8,0,30.0,,61.0,
RWS01_MONIBAS_0040vwf0691ra,4,0,92.5,,97.0,
RWS01_MONIBAS_0021hrr1138ra,4,0,104.0,,110.0,
RWS01_MONIBAS_0040vwp0059ra,4,0,47.0,,95.0,
RWS01_MONICA_10D01404545AD0070007,2,0,80.0,,80.0,
RWS01_MONIBAS_0071hrr1960ra,4,0,83.5,,90.0,
RWS01_MONIBAS_0071hrr0165ra,4,0,92.0,,93.0,
RWS01_MONIBAS_0731hrr0243ra,4,0,96.5,,103.0,
RWS01_MONIBAS_0761hrr0107ra,4,0,99.5,,104.0,
RWS01_MONICA_10D01404545AD007000F,2,0,74.0,,74.0,
RWS01_MONICA_00D004089420D0070087,8,0,87.1125,,93.0,
RWS01_MONIBAS_0041hrr0074ra,8,0,102.0,,117.0,
RWS01_MONICA_10D01404545AD007000B,2,0,76.0,,76.0,
RWS01_MONICA_00D03A12940890200005,8,0,-1.0,,-1.0,
RWS01_MONIBAS_0011hrr0379ra,8,0,111.25,,133.0,
RWS01_MONIBAS_0080vwr0049ra,6,0,4.666666666666667,,8.0,
RWS01_MONIBAS_0671hrr0334ra,4,0,94.0,,99.0,
RWS01_MONIBAS_0161hrr0548ra,6,0,94.0,,102.0,
RWS01_MONIBAS_0040vwc0336ra,4,0,68.0,,69.0,
RWS01_MONIBAS_0011hrl0239ra,6,0,-1.0,,-1.0,
RWS01_MONICA_00D0040AF82D38200085,8,0,64.125,,89.0,
RWS01_MONIBAS_0041hrr0324ra,6,0,61.0,,79.0,
RWS01_MONIBAS_0151hrr1608ra,6,0,68.0,,121.0,
RWS01_MONICA_00D0040AF82D38200089,8,0,74.515,,77.0,
RWS01_MONIBAS_0281hrr0158ra,6,0,32.0,,34.0,
RWS01_MONIBAS_0201hrl0342ra,8,0,45.5,,56.0,
RWS01_MONICA_00D00C10B828D0070307,8,0,79.905,,82.0,
RWS01_MONIBAS_0010vwm0317ra,4,0,100.5,,106.0,
RWS01_MONICA_00D00D026C32D0070087,8,0,45.5,,92.0,
RWS01_MONIBAS_0351hrr0553ra,6,0,62.0,,100.0,
RWS01_MONIBAS_0150vwm0947ra,4,0,85.0,,91.0,
RWS01_MONIBAS_0041hrl2237ra,16,0,76.02,,109.0,
RWS01_MONIBAS_0500vwx1556ra,4,0,91.0,,94.0,
RWS01_MONIBAS_0761hrr0097ra,16,0,-1.0,,-1.0,
RWS01_MONIBAS_0441hrl0021ra,4,0,104.0,,109.0,
RWS01_MONIBAS_0021hrr1378ra,6,0,107.33333333333333,,117.0,
RWS01_MONIBAS_0150vwy0517ra,6,0,91.33333333333333,,97.0,
RWS01_MONIBAS_0090vwd0618ra,2,0,56.0,,56.0,
RWS01_MONICA_00D03218340088200007,8,0,-1.0,,-1.0,
RWS01_MONIBAS_0121hrr0056rb,4,0,76.5,,79.0,
RWS01_MONIBAS_0121hrr0056ra,4,0,41.5,,84.0,
RWS01_MONIBAS_0731hrr0230ra,4,0,100.0,,104.0,
RWS01_MONIBAS_0011hrr0856ra,6,0,112.66666666666667,,122.0,
RWS01_MONIBAS_0101hrr0225ra_1,32,0,40.545625,,79.0,
RWS01_MONIBAS_0501hrr1696ra,4,0,92.5,,93.0,
RWS01_MONIBAS_0201hrl0475ra,4,0,20.0,,22.0,
RWS01_MONIBAS_0040vwb2365ra,8,0,-1.0,,-1.0,
RWS01_MONIBAS_0071hrr1613ra,16,0,88.72625,,110.0,
RWS01_MONIBAS_0321hrl0540ra,16,0,79.94375,,120.0,
RWS01_MONIBAS_0271hrr0954ra,6,0,51.0,,68.0,
RWS01_MONIBAS_0161hrr0668ra,4,0,76.5,,85.0,
RWS01_MONIBAS_0011hrl0106ra,12,0,104.66666666666667,,109.0,
RWS01_MONIBAS_0281hrr0025ra,6,0,106.66666666666667,,118.0,
RWS01_MONIBAS_0161hrr0668rb,4,0,9.0,,11.0,
RWS01_MONIBAS_0021hrr0669ra,10,0,29.0,,39.0,
RWS01_MONICA_00D001043800D0050185,8,0,92.7,,95.0,
RWS01_MONIBAS_0501hrr0987ra,4,0,52.5,,54.0,
RWS01_MONICA_00D00905703CD007000F,8,0,80.5525,,85.0,
RWS01_MONIBAS_0501hrr0987rb,2,0,80.0,,80.0,
RWS01_MONIBAS_0280vwx0018ra,4,0,100.5,,101.0,
RWS01_MONIBAS_0090vwx0092ra,4,0,114.0,,130.0,
RWS01_MONICA_00D01B055850D007000B,8,0,-1.0,,-1.0,
RWS01_MONIBAS_0020vwc1586ra,2,0,56.0,,56.0,
RWS01_MONIBAS_0091hrl0675ra,6,0,105.33333333333333,,117.0,
RWS01_MONIBAS_0021hrr1258ra,6,0,105.33333333333333,,115.0,
RWS01_MONICA_00D00901CC1488200007,8,0,42.5,,86.0,
RWS01_MONIBAS_0010vwm0304ra,8,0,96.25,,105.0,
RWS01_MONIBAS_0121hrr1121ra,6,0,60.0,,65.0,
RWS01_MONIBAS_0151hrl0714ra,8,0,102.0,,112.0,
RWS01_MONICA_00D01B055850D0070007,8,0,-1.0,,-1.0,
RWS01_MONICA_00D00901CC148820000B,8,0,55.045,,80.0,
RWS01_MONIBAS_0091hrl0542ra,6,0,-1.0,,-1.0,
RWS01_MONIBAS_0501hrl0945ra,4,0,90.0,,98.0,
RWS01_MONIBAS_0011hrr0580ra,16,0,69.665,,90.0,
RWS01_MONIBAS_0060vwm0542ra,4,0,98.5,,101.0,
RWS01_MONIBAS_0091hrr0090ra,4,0,109.0,,123.0,
RWS01_MONIBAS_0021hrl0854ra,8,0,103.5,,113.0,
RWS01_MONIBAS_3251hrr0221ra,4,0,9.0,,11.0,
RWS01_MONIBAS_0021hrl2262ra,6,0,89.0,,97.0,
RWS01_MONICA_00D00206040AD0050005,8,0,66.0,,133.0,
RWS01_MONICA_00D00206040AD0050009,8,0,84.77250000000001,,114.0,
RWS01_MONICA_10D00F18F800D0070187,2,0,-1.0,,-1.0,
RWS01_MONIBAS_0020vwh0304ra,4,0,30.0,,33.0,
RWS01_MONIBAS_0201hrl0355ra,6,0,50.0,,61.0,
RWS01_MONIBAS_0021hrl2525ra,4,0,37.5,,39.0,
RWS01_MONICA_00D01B02005CD007000B,8,0,44.925,,47.0,
RWS01_MONIBAS_0501hrr1826ra,4,0,88.0,,94.0,
RWS01_MONIBAS_0100vwq0301ra,4,0,-1.0,,-1.0,
RWS01_MONIBAS_0021hrr2443ra,4,0,93.0,,98.0,
RWS01_MONIBAS_0041hrr2480ra,16,0,-1.0,,-1.0,
RWS01_MONIBAS_0501hrr1563ra,6,0,95.0,,108.0,
RWS01_MONIBAS_0020vwg0631ra,10,0,65.8,,90.0,
RWS01_MONIBAS_0021hrl2538ra,8,0,36.0,,61.0,
RWS01_MONIBAS_0141hrr0124ra,4,0,68.5,,73.0,
RWS01_MONIBAS_0021hrr2563ra,4,0,79.5,,81.0,
RWS01_MONIBAS_0091hrr0509ra,6,0,61.333333333333336,,95.0,
RWS01_MONIBAS_0351hrr0709ra,8,0,-1.0,,-1.0,
RWS01_MONIBAS_0271hrr1186ra,4,0,100.5,,106.0,
RWS01_MONICA_00D01B02005CD0070007,8,0,26.0,,53.0,
RWS01_MONICA_00D004089C4600200007,8,0,50.75,,78.0,
RWS01_MONIBAS_0281hrl0978ra,8,0,90.0,,100.0,
RWS01_MONIBAS_0501hrr1550ra,6,0,70.66666666666667,,117.0,
RWS01_MONIBAS_0161hrr0415ra,6,0,92.66666666666667,,101.0,
RWS01_MONIBAS_0320vwa0465ra,8,0,51.5625,,72.0,
RWS01_MONIBAS_0021hrl1687ra,6,0,81.66666666666667,,85.0,
RWS01_MONICA_00D00206040AD005000D,8,0,50.5,,102.0,
RWS01_MONIBAS_0281hrr0145ra,6,0,18.0,,20.0,
RWS01_MONIBAS_0131hrl0174ra,6,0,77.0,,79.0,
RWS01_MONIBAS_0281hrl0845ra,4,0,52.5,,106.0,
RWS01_MONIBAS_0320vwb0454ra,8,0,-1.0,,-1.0,
RWS01_MONIBAS_0671hrr0321ra,4,0,94.5,,101.0,
RWS01_MONIBAS_2421hrr0316ra,6,0,-1.0,,-1.0,
RWS01_MONIBAS_0271hrr0691ra,8,0,100.5,,113.0,
RWS01_MONICA_00D00206040AD0050011,8,0,73.815,,102.0,
RWS01_MONICA_00D004089C460020000B,8,0,42.805,,58.0,
RWS01_MONIBAS_0151hrl1543ra,4,0,109.0,,116.0,
RWS01_MONIBAS_0201hrl0235ra,4,0,105.5,,110.0,
RWS01_MONIBAS_0281hrl0009ra,4,0,91.0,,92.0,
RWS01_MONIBAS_0271hrr0331ra,4,0,83.5,,85.0,
RWS01_MONIBAS_0151hrr0387rb,4,0,97.5,,99.0,
RWS01_MONIBAS_0151hrr0387ra,4,0,107.0,,115.0,
RWS01_MONIBAS_0040vwh0105ra,6,0,27.0,,48.0,
RWS01_MONIBAS_0121hrr0915ra,6,0,92.66666666666667,,102.0,
RWS01_MONIBAS_0011hrl1411ra,4,0,96.0,,103.0,
RWS01_MONIBAS_0071hrl1966ra,6,0,83.33333333333333,,89.0,
RWS01_MONICA_00D00F09484068200005,8,0,49.5,,100.0,
RWS01_MONIBAS_0121hrl0240ra,6,0,103.66666666666667,,116.0,
RWS01_MONIBAS_0041hrr0087ra,8,0,-1.0,,-1.0,
RWS01_MONIBAS_0041hrl0304ra,6,0,97.33333333333333,,103.0,
RWS01_MONIBAS_0280vwy0025ra,2,0,91.0,,91.0,
RWS01_MONICA_00D0021AC01CD0070007,8,0,83.27250000000001,,112.0,
RWS01_MONIBAS_0091hrr0379ra,8,0,38.5,,80.0,
RWS01_MONIBAS_0011hrl0955ra,8,0,107.75,,117.0,
RWS01_MONIBAS_0120vwa1488ra,8,0,39.35,,57.0,
RWS01_MONIBAS_0100vwp0312ra,6,0,5.0,,10.0,
RWS01_MONICA_00D0021AC01CD007000F,8,0,91.72,,95.0,
RWS01_MONICA_00D0021AC01CD007000B,8,0,93.825,,98.0,
RWS01_MONIBAS_0021hrl1421ra,8,0,101.0,,106.0,
RWS01_MONIBAS_0121hrl1427ra_1,16,0,-1.0,,-1.0,
RWS01_MONIBAS_0091hrr0246ra,6,0,-1.0,,-1.0,
RWS01_MONIBAS_0121hrr1481ra,6,0,27.0,,83.0,
RWS01_MONICA_00D02503840AD007000B,8,0,94.5825,,101.0,
RWS01_MONIBAS_0021hrl1674ra,6,0,50.0,,52.0,
RWS01_MONICA_00D04C022832D0050005,8,0,-1.0,,-1.0,
RWS01_MONIBAS_0011hrl0942ra,8,0,110.5,,133.0,
RWS01_MONICA_00D04C022832D0050009,8,0,-1.0,,-1.0,
RWS01_MONICA_00D00C0A585FD0070007,8,0,62.0,,125.0,
RWS01_MONICA_00D007051432D0050005,8,0,-1.0,,-1.0,
RWS01_MONIBAS_0010vwf0876ra,2,0,84.0,,84.0,
RWS01_MONICA_00D02001542DD0050009,8,0,91.63,,98.0,
RWS01_MONICA_00D02503840AD0070007,8,0,61.5,,124.0,
RWS01_MONICA_00D0010DB00560200007,8,0,46.5,,94.0,
RWS01_MONICA_00D007051432D0050009,8,0,-1.0,,-1.0,
RWS01_MONICA_00D00C0A585FD007000B,8,0,54.0,,109.0,
RWS01_MONIBAS_0671hrl0188ra,6,0,57.0,,88.0,
RWS01_MONICA_00D02001542DD0050005,8,0,78.1825,,106.0,
RWS01_MONICA_00D00C0A585FD007000F,8,0,96.5475,,102.0,
RWS01_MONIBAS_0351hrr0579ra,16,0,93.77625,,99.0,
RWS01_MONIBAS_0151hrr0374ra,6,0,96.0,,111.0,
RWS01_MONICA_00D00C0A585FD0070013,8,0,67.6625,,92.0,
RWS01_MONIBAS_0011hrr0473ra,6,0,56.333333333333336,,86.0,
RWS01_MONICA_01D02400CC0110200005,8,0,33.0,,67.0,
RWS01_MONIBAS_0021hrl2418ra,4,0,103.0,,109.0,
RWS01_MONIBAS_0060vwn0469ra,8,0,101.75,,111.0,
RWS01_MONIBAS_0041hrl0544ra,6,0,33.0,,52.0,
RWS01_MONIBAS_0150vwn0946ra,2,0,21.0,,21.0,
RWS01_MONIBAS_0090vwy0100ra,2,0,85.0,,85.0,
RWS01_MONIBAS_0121hrr0808ra,6,0,4.666666666666667,,9.0,
RWS01_MONIBAS_0091hrl0079ra,4,0,97.5,,104.0,
RWS01_MONIBAS_0021hrr1722ra,6,0,98.66666666666667,,106.0,
RWS01_MONIBAS_0090vwy0100rb,4,0,92.0,,94.0,
RWS01_MONIBAS_0021hrr2229ra,6,0,93.66666666666667,,105.0,
RWS01_MONIBAS_3251hrr0248ra,4,0,12.5,,13.0,
RWS01_MONIBAS_0011hrl1067ra,6,0,104.33333333333333,,118.0,
RWS01_MONICA_00D00108245FD0050009,8,0,61.629999999999995,,84.0,
RWS01_MONIBAS_0100vwn0297ra,4,0,87.5,,92.0,
RWS01_MONIBAS_0151hrr0649ra,8,0,98.75,,116.0,
RWS01_MONICA_00D00108245FD0050005,8,0,69.055,,95.0,
RWS01_MONIBAS_0151hrr0373ra,6,0,100.33333333333333,,114.0,
RWS01_MONIBAS_0161hrl0252ra,8,0,103.75,,111.0,
RWS01_MONIBAS_0090vwy0090ra,4,0,94.5,,99.0,
RWS01_MONICA_00D009043800D005000D,8,0,-1.0,,-1.0,
RWS01_MONIBAS_0581hrl0544ra,6,0,95.66666666666667,,101.0,
RWS01_MONIBAS_0011hrr1347ra,6,0,113.66666666666667,,123.0,
RWS01_MONICA_00D009043800D0050005,8,0,54.0,,109.0,
RWS01_MONICA_00D010021425D007000B,8,0,77.24,,83.0,
RWS01_MONIBAS_0091hrl0299ra_1,24,0,46.20083333333333,,99.0,
RWS01_MONIBAS_0501hrl1917ra,6,0,92.33333333333333,,106.0,
RWS01_MONICA_00D00A026C5D98200007,8,0,65.5,,91.0,
RWS01_MONICA_00D009043800D0050009,8,0,47.0,,95.0,
RWS01_MONICA_00D00A026C5D9820000B,8,0,83.0625,,89.0,
RWS01_MONIBAS_0040vwt0079ra,2,0,-1.0,,-1.0,
RWS01_MONIBAS_0121hrr1028ra,6,0,47.0,,55.0,
RWS01_MONICA_00D0010DB04628200005,8,0,80.25,,89.0,
RWS01_MONIBAS_0151hrl0358ra,4,0,101.5,,110.0,
RWS01_MONICA_00D010021425D0070007,8,0,65.28,,90.0,
RWS01_MONIBAS_0060vwn0562ra,4,0,54.5,,110.0,
RWS01_MONIBAS_0060vwp0457ra,4,0,111.0,,114.0,
RWS01_MONIBAS_0161hrl0492ra,6,0,103.33333333333333,,113.0,
RWS01_MONIBAS_0060vwn0682ra,8,0,31.9175,,49.0,
RWS01_MONIBAS_0040vwm0371ra,4,0,39.0,,40.0,
RWS01_MONICA_00D006098046D0050005,8,0,57.5,,116.0,
RWS01_MONIBAS_0200vwn0191ra,2,0,80.0,,80.0,
RWS01_MONIBAS_0021hrl2276ra,6,0,87.66666666666667,,97.0,
RWS01_MONIBAS_0281hrl0115ra,6,0,100.0,,113.0,
RWS01_MONIBAS_0500vwt1549ra,4,0,34.5,,70.0,
RWS01_MONIBAS_0271hrr0464ra,4,0,85.5,,90.0,
RWS01_MONIBAS_0021hrr1592ra,4,0,71.0,,75.0,
RWS01_MONICA_00D006098046D0050009,8,0,79.25,,106.0,
RWS01_MONICA_00D01C11F05FD0070007,8,0,-1.0,,-1.0,
RWS01_MONIBAS_0010vwf0159ra,2,0,73.0,,73.0,
RWS01_MONICA_00D0071EA43408200007,8,0,31.0,,63.0,
RWS01_MONIBAS_0581hrr0342ra,4,0,96.0,,105.0,
RWS01_MONICA_00D01C11F05FD007000B,8,0,-1.0,,-1.0,
RWS01_MONIBAS_0151hrr0360ra,4,0,106.0,,110.0,
RWS01_MONIBAS_0011hrl0823ra,6,0,108.66666666666667,,132.0,
RWS01_MONIBAS_0201hrr0398ra,6,0,19.666666666666668,,25.0,
RWS01_MONIBAS_0271hrl0448ra,4,0,46.5,,94.0,
RWS01_MONIBAS_0010vwq0078ra,2,0,-1.0,,-1.0,
RWS01_MONIBAS_0320vwc0582ra,8,0,33.5,,68.0,
RWS01_MONIBAS_0501hrl1534ra,10,0,38.4,,54.0,
RWS01_MONIBAS_0021hrr2336ra,6,0,95.0,,107.0,
RWS01_MONIBAS_0060vwn0455ra,6,0,98.33333333333333,,108.0,
RWS01_MONIBAS_0151hrr0503ra,4,0,102.0,,112.0,
RWS01_MONIBAS_3261hrl0019ra,8,0,-1.0,,-1.0,
RWS01_MONICA_00D00727581C10200005,8,0,28.0,,57.0,
RWS01_MONIBAS_0121hrl0493ra,8,0,55.25,,58.0,
RWS01_MONIBAS_0501hrl2255ra,16,0,-1.0,,-1.0,
RWS01_MONIBAS_0021hrl0840ra,10,0,89.6,,122.0,
RWS01_MONICA_00D00104743218200005,8,0,44.167500000000004,,61.0,
RWS01_MONIBAS_0121hrl0267ra,6,0,101.66666666666667,,110.0,
RWS01_MONIBAS_0011hrr0464ra_1,24,0,3.9883333333333333,,10.0,
RWS01_MONICA_00D001037C5CD0070187,8,0,86.1325,,87.0,
RWS01_MONIBAS_0141hrr0138ra,4,0,71.0,,74.0,
RWS01_MONIBAS_0071hrr1759ra,16,0,-1.0,,-1.0,
RWS01_MONIBAS_3251hrr0235ra,4,0,12.5,,15.0,
RWS01_MONIBAS_0271hrr0211ra,4,0,88.0,,94.0,
RWS01_MONIBAS_0500vwb2251ra,8,0,-1.0,,-1.0,
RWS01_MONIBAS_0020vwd1224ra,2,0,13.0,,13.0,
RWS01_MONIBAS_0581hrr0595ra,4,0,48.5,,98.0,
RWS01_MONIBAS_0501hrl1654ra,6,0,65.66666666666667,,102.0,
RWS01_MONIBAS_0321hrl0077ra,4,0,95.0,,102.0,
RWS01_MONICA_00D00A026416D0070007,8,0,-1.0,,-1.0,
RWS01_MONICA_10D00F0C2012D0070007,2,0,73.0,,73.0,
RWS01_MONICA_10D00F0C2012D007000B,2,0,60.0,,60.0,
RWS01_MONICA_00D04F029C3E08200007,8,0,-1.0,,-1.0,
RWS01_MONIBAS_0011hrl0969ra,8,0,110.25,,126.0,
RWS01_MONICA_00D001076441D0050005,8,0,-1.0,,-1.0,
RWS01_MONICA_00D00A026416D007000B,8,0,12.2,,19.0,
RWS01_MONIBAS_0061hrr0418ra,6,0,100.33333333333333,,105.0,
RWS01_MONICA_00D001076441D0050009,8,0,62.120000000000005,,86.0,
RWS01_MONICA_00D00A026416D007000F,8,0,14.375,,22.0,
RWS01_MONIBAS_0500vwr1549ra,4,0,49.5,,100.0,
RWS01_MONICA_10D00F0C2012D007000F,2,0,47.0,,47.0,
RWS01_MONIBAS_0041hrl0151ra,10,0,-1.0,,-1.0,
RWS01_MONIBAS_0011hrl1294ra,6,0,108.33333333333333,,122.0,
RWS01_MONIBAS_0301hrl0142ra,16,0,42.4725,,89.0,
RWS01_MONIBAS_0270vwu0566ra,4,0,75.0,,78.0,
RWS01_MONIBAS_0280vwm0923ra,2,0,90.0,,90.0,
RWS01_MONICA_00D00104CC376020000B,8,0,92.0875,,97.0,
RWS01_MONIBAS_0501hrl2388ra,2,0,80.0,,80.0,
RWS01_MONICA_00D01402883CD0070007,8,0,73.645,,103.0,
RWS01_MONICA_00D00104CC3760200007,8,0,75.5975,,106.0,
RWS01_MONIBAS_0121hrl0480ra,8,0,24.0,,31.0,
RWS01_MONIBAS_0121hrr0798ra,6,0,44.0,,49.0,
RWS01_MONICA_00D03A03D023D0050009,8,0,66.16,,94.0,
RWS01_MONIBAS_0121hrl0889ra,6,0,103.33333333333333,,112.0,
RWS01_MONICA_00D03A03D023D0050005,8,0,50.0,,101.0,
RWS01_MONICA_00D00A026416D0070013,8,0,17.3325,,25.0,
RWS01_MONICA_00D01402883CD007000B,8,0,72.845,,99.0,
RWS01_MONIBAS_0731hrl0820ra,16,0,71.88875,,109.0,
RWS01_MONICA_00D001036C48D0070187,8,0,95.3375,,100.0,
RWS01_MONIBAS_0281hrr1476ra,16,0,-1.0,,-1.0,
RWS01_MONIBAS_0040vwd2365ra,8,0,-1.0,,-1.0,
RWS01_MONICA_00D001053414D005000D,8,0,72.6525,,106.0,
RWS01_MONIBAS_0161hrl0158ra,4,0,69.5,,74.0,
RWS01_MONIBAS_0731hrr0149ra,4,0,92.0,,96.0,
RWS01_MONICA_00D004089420D007000B,8,0,82.63,,87.0,
RWS01_MONICA_00D001053414D0050005,8,0,57.0,,115.0,
RWS01_MONICA_00D00705C850D007000B,8,0,-1.0,,-1.0,
RWS01_MONIBAS_0151hrr0610ra,12,0,92.16666666666667,,106.0,
RWS01_MONIBAS_0151hrr0863ra,4,0,65.5,,66.0,
RWS01_MONICA_00D001053414D0050009,8,0,99.2775,,109.0,
RWS01_MONICA_00D001053414D0050011,8,0,88.85249999999999,,96.0,
RWS01_MONIBAS_0070vwc2468ra,8,0,-1.0,,-1.0,
RWS01_MONICA_10D020013432D0070007,2,0,116.0,,116.0,
RWS01_MONICA_00D00905703CD007000B,8,0,70.1775,,96.0,
RWS01_MONICA_00D002117C2D60200007,8,0,54.0,,109.0,
RWS01_MONIBAS_0121hrl0623ra,4,0,7.0,,9.0,
RWS01_MONICA_00D00905703CD0070007,8,0,73.2825,,99.0,
RWS01_MONIBAS_2081hrr0090ra,4,0,21.0,,43.0,
RWS01_MONIBAS_0271hrl0435ra,4,0,89.5,,97.0,
RWS01_MONIBAS_0350vwa0436ra,8,0,-1.0,,-1.0,
RWS01_MONICA_00D00103A841D007000B,8,0,44.5,,90.0,
RWS01_MONIBAS_0041hrr0311ra,6,0,63.666666666666664,,71.0,
RWS01_MONIBAS_0021hrr1232ra,6,0,107.0,,118.0,
RWS01_MONIBAS_0060vwa0865ra,8,0,56.85,,82.0,
RWS01_MONICA_00D00103A841D0070007,8,0,57.0,,115.0,
RWS01_MONIBAS_0151hrl0848ra,4,0,89.5,,93.0,
RWS01_MONIBAS_0580vwc0921ra,8,0,87.5275,,94.0,
RWS01_MONIBAS_0161hrr0534ra,6,0,96.33333333333333,,105.0,
RWS01_MONIBAS_0150vwy0636ra,4,0,89.5,,92.0,
RWS01_MONIBAS_0730vwa0940ra,8,0,-1.0,,-1.0,
RWS01_MONIBAS_0060vwb3112ra,8,0,37.0,,75.0,
RWS01_MONIBAS_0271hrl0302ra,4,0,96.0,,103.0,
RWS01_MONIBAS_0091hrl0316ra,8,0,75.5,,112.0,
RWS01_MONIBAS_0051hrl0099ra,4,0,102.0,,111.0,
RWS01_MONIBAS_0121hrl0027ra,4,0,72.0,,77.0,
RWS01_MONICA_00D002110023D005000D,8,0,74.6825,,101.0,
RWS01_MONICA_00D00705C850D0070007,8,0,-1.0,,-1.0,
RWS01_MONICA_00D005022C6210200005,8,0,48.5,,98.0,
RWS01_MONIBAS_0040vwb0303ra,2,0,73.0,,73.0,
RWS01_MONIBAS_0041hrl0044ra,6,0,102.66666666666667,,110.0,
RWS01_MONIBAS_0011hrl0070ra,8,0,101.75,,114.0,
RWS01_MONICA_00D03A0B7C14D0050009,8,0,-1.0,,-1.0,
RWS01_MONIBAS_0501hrr2057ra,6,0,92.33333333333333,,104.0,
RWS01_MONIBAS_0130vwg0191ra,4,0,80.0,,81.0,
RWS01_MONICA_00D03A0B7C14D0050005,8,0,-1.0,,-1.0,
RWS01_MONIBAS_0090vwy0379ra,2,0,94.0,,94.0,
RWS01_MONIBAS_0221hrl0161ra,4,0,-1.0,,-1.0,
RWS01_MONIBAS_0281hrl1052ra,6,0,102.33333333333333,,105.0,
RWS01_MONIBAS_0011hrl0226ra,6,0,98.33333333333333,,106.0,
RWS01_MONIBAS_0161hrl0398ra,6,0,-1.0,,-1.0,
RWS01_MONIBAS_0021hrr2203ra,4,0,91.0,,93.0,
RWS01_MONIBAS_0091hrr0616ra,6,0,100.0,,109.0,
RWS01_MONICA_00D00608E8282020000B,8,0,48.0,,97.0,
RWS01_MONIBAS_0011hrr0139ra,12,0,98.5,,112.0,
RWS01_MONICA_00D01C1F342AD007000B,8,0,75.9025,,80.0,
RWS01_MONIBAS_0151hrl0572ra,8,0,95.25,,105.0,
RWS01_MONICA_00D01C1F342AD0070007,8,0,45.0,,91.0,
RWS01_MONICA_00D01D019C1E88200007,8,0,67.125,,91.0,
RWS01_MONICA_10D020013432D007000B,2,0,102.0,,102.0,
RWS01_MONIBAS_0151hrr0996ra,4,0,99.5,,107.0,
RWS01_MONIBAS_0271hrl0555ra,4,0,-1.0,,-1.0,
RWS01_MONIBAS_0271hrl0555rb,4,0,51.0,,103.0,
RWS01_MONIBAS_0020vwm0566ra,6,0,60.666666666666664,,97.0,
RWS01_MONIBAS_0500vwh0960ra,4,0,75.5,,80.0,
RWS01_MONIBAS_0051hrr0137ra,4,0,104.5,,111.0,
RWS01_MONICA_00D004089420D0070007,8,0,72.185,,97.0,
RWS01_MONICA_00D00608E82820200007,8,0,56.5,,114.0,
RWS01_MONIBAS_0281hrr0862ra,4,0,82.0,,87.0,
RWS01_MONIBAS_0281hrr0862rb,4,0,77.5,,81.0,
RWS01_MONIBAS_0160vwm0343ra,4,0,77.5,,83.0,
RWS01_MONIBAS_0121hrl1451ra,4,0,100.0,,107.0,
RWS01_MONIBAS_0100vwd0127ra,2,0,61.0,,61.0,
RWS01_MONIBAS_0271hrl0795ra,4,0,23.5,,26.0,
RWS01_MONICA_00D0071F5043D0070007,8,0,42.0,,85.0,
RWS01_MONIBAS_0301hrl0168ra,16,0,-1.0,,-1.0,
RWS01_MONIBAS_0021hrr0905ra,6,0,26.666666666666668,,32.0,
RWS01_MONIBAS_0271hrl0662ra,6,0,13.333333333333334,,33.0,
RWS01_MONICA_00D0071F5043D007000B,8,0,81.305,,83.0,
RWS01_MONICA_00D001106000D005000D,8,0,90.125,,96.0,
RWS01_MONICA_00D00211800A68200005,8,0,2.0,,5.0,
RWS01_MONIBAS_0151hrl0656ra_1,32,0,84.5375,,109.0,
RWS01_MONIBAS_0011hrl0586ra,16,0,70.52,,104.0,
RWS01_MONICA_00D00211800A68200009,8,0,2.5,,6.0,
RWS01_MONIBAS_0091hrl0449ra,6,0,100.66666666666667,,112.0,
RWS01_MONIBAS_0071hrr1986rd,4,0,85.0,,91.0,
RWS01_MONIBAS_0071hrr1986rb,4,0,89.0,,92.0,
RWS01_MONIBAS_0071hrr1986rc,4,0,75.5,,89.0,
RWS01_MONICA_00D001106000D0050009,8,0,103.5375,,111.0,
RWS01_MONIBAS_0071hrr1986ra,4,0,84.0,,87.0,
RWS01_MONIBAS_0350vwa0543ra,8,0,30.5,,62.0,
RWS01_MONICA_00D001106000D0050005,8,0,56.5,,114.0,
RWS01_MONICA_00D049072837C0200005,8,0,42.5,,86.0,
RWS01_MONICA_00D0040AF82D38200005,8,0,66.59,,93.0,
RWS01_MONIBAS_0270vwn0773ra,4,0,23.0,,23.0,
RWS01_MONICA_00D0040AF82D38200009,8,0,77.64750000000001,,81.0,
RWS01_MONIBAS_0020vwm1154ra,4,0,96.5,,101.0,
RWS01_MONIBAS_0270vwn0809ra,4,0,93.0,,97.0,
RWS01_MONIBAS_0100vwn0307ra,4,0,96.5,,103.0,
RWS01_MONIBAS_0151hrl0332ra,4,0,106.0,,117.0,
RWS01_MONIBAS_0271hrl0675ra,6,0,19.666666666666668,,37.0,
RWS01_MONICA_00D004085C50D0050005,8,0,14.75,,20.0,
RWS01_MONIBAS_0011hrl1187ra,6,0,104.33333333333333,,111.0,
RWS01_MONIBAS_0121hrr1148ra,6,0,58.666666666666664,,64.0,
RWS01_MONICA_00D004085C50D0050009,8,0,21.64,,23.0,
RWS01_MONIBAS_0161hrr0641ra,6,0,104.66666666666667,,120.0,
RWS01_MONIBAS_0041hrr0707ra,10,0,92.4,,95.0,
RWS01_MONIBAS_0020vwn1176ra,4,0,74.0,,89.0,
RWS01_MONIBAS_0350vwa0663ra,8,0,-1.0,,-1.0,
RWS01_MONIBAS_0150vwy0503ra,2,0,106.0,,106.0,
RWS01_MONICA_00D01B0E6C23D007000B,8,0,49.3625,,75.0,
RWS01_MONIBAS_0150vwd0252ra,2,0,-1.0,,-1.0,
RWS01_MONIBAS_0011hrl0333ra,8,0,104.75,,115.0,
RWS01_MONIBAS_0091hrr0580ra,6,0,97.66666666666667,,107.0,
RWS01_MONICA_00D01B0E6C23D007000F,8,0,42.5625,,61.0,
RWS01_MONIBAS_0121hrl0850ra,6,0,72.33333333333333,,116.0,
RWS01_MONICA_00D002117C2D6020000B,8,0,91.1575,,96.0,
RWS01_MONIBAS_0730vwf1093ra,16,0,-1.0,,-1.0,
RWS01_MONICA_00D01B0E6C23D0070007,8,0,52.822500000000005,,76.0,
RWS01_MONIBAS_0060vwq0451ra,4,0,-1.0,,-1.0,
RWS01_MONIBAS_0671hrl0652ra,16,0,71.35249999999999,,105.0,
RWS01_MONIBAS_0150vwf0398ra,2,0,105.0,,105.0,
RWS01_MONICA_00D00108882DD0050009,8,0,13.8275,,20.0,
RWS01_MONICA_00D00108882DD0050005,8,0,9.0,,19.0,
RWS01_MONIBAS_0321hrl0685ra,16,0,-1.0,,-1.0,
RWS01_MONIBAS_0281hrr1954ra,16,0,92.25,,118.0,
RWS01_MONIBAS_0170vwd0077ra,8,0,23.0,,47.0,
RWS01_MONICA_00D001011805D0070013,8,0,86.25,,89.0,
RWS01_MONIBAS_0011hrr0498ra,6,0,95.0,,103.0,
RWS01_MONIBAS_0020vwn1666ra,4,0,81.0,,84.0,
RWS01_MONIBAS_0071hrr1972ra,4,0,76.0,,81.0,
RWS01_MONIBAS_0101hrr0123ra,6,0,104.0,,110.0,
RWS01_MONIBAS_0761hrr0083ra,4,0,94.0,,101.0,
RWS01_MONICA_10D00F0B982DD0070087,2,0,84.0,,84.0,
RWS01_MONIBAS_0160vwy0282ra,4,0,90.5,,97.0,
RWS01_MONIBAS_0131hrr0107ra,6,0,94.66666666666667,,101.0,
RWS01_MONIBAS_0150vwt0509ra,4,0,101.0,,110.0,
RWS01_MONIBAS_0020vwn1150ra,6,0,14.0,,18.0,
RWS01_MONICA_00D002061C0CD0050009,8,0,52.0,,105.0,
RWS01_MONICA_00D002061C0CD0050005,8,0,56.5,,114.0,
RWS01_MONIBAS_0161hrr0177ra,6,0,98.66666666666667,,107.0,
RWS01_MONIBAS_0021hrr0897ra,6,0,-1.0,,-1.0,
RWS01_MONIBAS_0731hrr0242ra,4,0,100.0,,103.0,
RWS01_MONICA_00D001011805D0070007,8,0,51.0,,103.0,
RWS01_MONIBAS_0121hrl1081ra,8,0,92.0,,102.0,
RWS01_MONICA_00D001011805D007000F,8,0,69.4575,,94.0,
RWS01_MONICA_00D002061C0CD005000D,8,0,50.0,,101.0,
RWS01_MONICA_00D001011805D007000B,8,0,48.0,,97.0,
RWS01_MONICA_00D002061C0CD0050011,8,0,48.0,,97.0,
RWS01_MONIBAS_0041hrr0073ra,8,0,101.0,,123.0,
RWS01_MONICA_00D0010CE84BD007000B,8,0,96.4475,,102.0,
RWS01_MONICA_10D00405700560200087,2,0,81.0,,81.0,
RWS01_MONICA_00D0320F4C1ED0050009,8,0,90.05,,102.0,
RWS01_MONIBAS_0071hrr0177ra,4,0,85.5,,87.0,
RWS01_MONICA_00D001036C48D0070007,8,0,82.5325,,111.0,
RWS01_MONIBAS_0150vwx0500ra,6,0,103.66666666666667,,113.0,
RWS01_MONIBAS_0291hrr0162ra,4,0,94.0,,98.0,
RWS01_MONIBAS_0090vwa0085ra,2,0,84.0,,84.0,
RWS01_MONIBAS_0150vwz0512ra,2,0,109.0,,109.0,
RWS01_MONICA_00D001036C48D007000B,8,0,76.5725,,103.0,
RWS01_MONIBAS_0580vwc0826ra,8,0,-1.0,,-1.0,
RWS01_MONICA_00D0010CE84BD0070007,8,0,54.0,,109.0,
RWS01_MONIBAS_0100vws0212ra,4,0,83.0,,88.0,
RWS01_MONIBAS_0200vwu0240ra,4,0,90.5,,95.0,
RWS01_MONICA_00D0320F4C1ED0050005,8,0,55.0,,111.0,
RWS01_MONIBAS_0501hrl0959ra,8,0,97.0,,106.0,
RWS01_MONIBAS_0011hrl0113ra_1,48,0,76.61708333333333,,112.0,
RWS01_MONIBAS_0020vwh1121ra,4,0,73.5,,78.0,
RWS01_MONICA_00D01B01BC23D007000B,8,0,47.9275,,66.0,
RWS01_MONICA_00D00606B82DD0070307,8,0,97.49,,103.0,
RWS01_MONIBAS_0281hrr0039ra,6,0,104.33333333333333,,120.0,
RWS01_MONIBAS_0060vwd0502ra,4,0,24.5,,50.0,
RWS01_MONIBAS_0041hrr0772ra_1,16,0,87.095,,108.0,
RWS01_MONIBAS_0281hrl1699ra,16,0,-1.0,,-1.0,
RWS01_MONICA_00D01B01BC23D0070007,8,0,31.5,,64.0,
RWS01_MONIBAS_0021hrr0404ra,10,0,98.2,,106.0,
RWS01_MONIBAS_0351hrl0523ra,4,0,81.5,,88.0,
RWS01_MONIBAS_0501hrl0933ra,2,0,91.0,,91.0,
RWS01_MONIBAS_0281hrr0279ra,4,0,70.5,,71.0,
RWS01_MONIBAS_0060vwb0756ra,8,0,-1.0,,-1.0,
RWS01_MONICA_00D00423C84A18200005,8,0,39.5,,80.0,
RWS01_MONIBAS_0091hrr0352ra,6,0,53.666666666666664,,57.0,
RWS01_MONIBAS_0221hrr0097ra,4,0,103.0,,106.0,
RWS01_MONICA_00D00F09044AD005000D,8,0,-1.0,,-1.0,
RWS01_MONIBAS_0021hrl0363rb,4,0,97.5,,105.0,
RWS01_MONIBAS_0021hrl0363ra,6,0,101.66666666666667,,110.0,
RWS01_MONIBAS_0271hrl0911ra,6,0,109.0,,126.0,
RWS01_MONICA_00D01C05900FD007000B,8,0,89.48,,93.0,
RWS01_MONIBAS_0020vwn1679ra,4,0,79.5,,85.0,
RWS01_MONIBAS_0011hrr0868ra,6,0,124.0,,141.0,
RWS01_MONIBAS_0201hrl0463ra,4,0,14.5,,15.0,
RWS01_MONICA_00D00F09044AD0050005,8,0,55.0,,111.0,
RWS01_MONIBAS_0101hrr0110ra,10,0,96.6,,112.0,
RWS01_MONIBAS_0760vwe0190ra,8,0,-1.0,,-1.0,
RWS01_MONIBAS_0101hrl0105ra,8,0,89.0,,98.0,
RWS01_MONIBAS_0040vwn0495ra,6,0,68.33333333333333,,70.0,
RWS01_MONIBAS_0011hrr0353ra_1,32,0,77.9,,125.0,
RWS01_MONIBAS_0281hrl0337ra_1,16,0,63.83375,,113.0,
RWS01_MONICA_00D00F09044AD0050009,8,0,94.425,,100.0,
RWS01_MONICA_00D002061C0CD0050015,8,0,65.91,,91.0,
RWS01_MONIBAS_0070vwj2014ra,4,0,74.0,,79.0,
RWS01_MONIBAS_0090vwx0080rb,4,0,97.5,,98.0,
RWS01_MONIBAS_0091hrl0663ra,6,0,103.66666666666667,,116.0,
RWS01_MONIBAS_0580vwr1036ra,8,0,35.5,,72.0,
RWS01_MONIBAS_0010vwa0108ra,4,0,70.0,,78.0,
RWS01_MONIBAS_0061hrl0572ra,4,0,111.5,,117.0,
RWS01_MONIBAS_0151hrl1568ra,4,0,47.0,,95.0,
RWS01_MONIBAS_0090vwx0080ra,2,0,88.0,,88.0,
RWS01_MONIBAS_0041hrr0032ra_1,24,0,76.14416666666666,,110.0,
RWS01_MONICA_00D00225FC41D0070007,8,0,51.0,,103.0,
RWS01_MONIBAS_0270vwe0791ra_1,24,0,80.70333333333333,,127.0,
RWS01_MONIBAS_0280vwd1575ra,8,0,-1.0,,-1.0,
RWS01_MONICA_00D01C05900FD0070007,8,0,72.0275,,99.0,
RWS01_MONIBAS_0070vwd1989ra,4,0,50.5,,51.0,
RWS01_MONIBAS_0320vwd0628ra,8,0,34.5,,70.0,
RWS01_MONIBAS_0040vwd2354ra,8,0,32.5,,66.0,
RWS01_MONICA_00D00225FC41D007000B,8,0,86.33,,92.0,
RWS01_MONIBAS_0020vwh0652ra,4,0,101.5,,103.0,
RWS01_MONIBAS_0350vwb0426ra,8,0,77.3075,,83.0,
RWS01_MONIBAS_0101hrl0225ra,8,0,30.0,,55.0,
RWS01_MONIBAS_0171hrr0193ra,16,0,64.10375,,112.0,
RWS01_MONICA_00D00209CC116020030B,8,0,83.6675,,88.0,
RWS01_MONIBAS_0021hrr0381ra,12,0,29.833333333333332,,96.0,
RWS01_MONICA_00D00209CC1160200307,8,0,63.69,,87.0,
RWS01_MONIBAS_0241hrr0026ra,6,0,75.33333333333333,,124.0,
RWS01_MONIBAS_0281hrl0833ra,4,0,87.0,,90.0,
RWS01_MONIBAS_0281hrr0133ra,6,0,60.666666666666664,,62.0,
RWS01_MONIBAS_0501hrl1559rb,4,0,72.5,,80.0,
RWS01_MONIBAS_0010vwc0113ra,2,0,81.0,,81.0,
RWS01_MONIBAS_0501hrl1559ra,4,0,90.0,,93.0,
RWS01_MONIBAS_0160vwy0177ra,4,0,81.0,,82.0,
RWS01_MONIBAS_0090vwu0348ra,8,0,99.75,,113.0,
RWS01_MONIBAS_0071hrl0268ra,4,0,105.5,,113.0,
RWS01_MONICA_00D00501F851D0050009,8,0,87.8475,,92.0,
RWS01_MONIBAS_0061hrl0585ra,4,0,103.0,,107.0,
RWS01_MONICA_00D00501F851D0050005,8,0,74.75,,100.0,
RWS01_MONIBAS_0760vwa0066ra,8,0,-1.0,,-1.0,
RWS01_MONIBAS_0131hrl0042ra,8,0,55.75,,78.0,
RWS01_MONIBAS_0591hrr1336ra,4,0,29.5,,32.0,
RWS01_MONIBAS_0060vwn0457ra,4,0,103.0,,107.0,
RWS01_MONIBAS_0271hrr0702ra,6,0,101.33333333333333,,111.0,
RWS01_MONIBAS_0671hrl0317ra,4,0,103.5,,115.0,
RWS01_MONICA_10D00A04783708200307,2,0,53.0,,53.0,
RWS01_MONIBAS_0171hrr0109ra,16,0,80.2625,,117.0,
RWS01_MONICA_00D01B03742AD0050005,8,0,51.5,,104.0,
RWS01_MONIBAS_0501hrr1684ra,8,0,29.5,,58.0,
RWS01_MONICA_00D01B03742AD0050009,8,0,89.94,,95.0,
RWS01_MONICA_00D014020C1ED007000B,8,0,58.185,,93.0,
RWS01_MONIBAS_0090vwx0093ra,4,0,103.0,,113.0,
RWS01_MONIBAS_0271hrr0822ra,8,0,103.25,,115.0,
RWS01_MONIBAS_0020vwa1849ra,8,0,-1.0,,-1.0,
RWS01_MONICA_00D01C052819D007000B,8,0,90.8325,,95.0,
RWS01_MONIBAS_0501hrr1947ra,6,0,102.33333333333333,,111.0,
RWS01_MONIBAS_0020vwq1569ra,4,0,105.0,,113.0,
RWS01_MONICA_00D014020C1ED0070007,8,0,72.1675,,105.0,
RWS01_MONIBAS_0020vwf0640ra,4,0,85.0,,92.0,
RWS01_MONIBAS_0290vwa0158ra,4,0,97.0,,104.0,
RWS01_MONIBAS_0151hrl1925ra,4,0,100.0,,106.0,
RWS01_MONIBAS_0020vwn1640ra,4,0,55.5,,58.0,
RWS01_MONICA_00D01C052819D0070007,8,0,75.2175,,102.0,
RWS01_MONICA_00D01002880328200009,8,0,52.082499999999996,,58.0,
RWS01_MONICA_00D00C0B1055D0050005,8,0,56.0,,113.0,
RWS01_MONIBAS_0501hrr1671ra,6,0,81.0,,89.0,
RWS01_MONICA_00D00C0B1055D0050009,8,0,75.5675,,105.0,
RWS01_MONIBAS_0101hrl0212ra,4,0,20.5,,23.0,
RWS01_MONIBAS_0350vwb0439ra,8,0,75.285,,77.0,
RWS01_MONIBAS_0071hrr0271ra,4,0,114.0,,120.0,
RWS01_MONIBAS_0061hrl0608ra,4,0,111.0,,116.0,
RWS01_MONIBAS_0271hrl0051ra,4,0,98.0,,108.0,
RWS01_MONIBAS_0321hrl0062ra,6,0,97.0,,102.0,
RWS01_MONIBAS_0060vwn0577ra,4,0,97.0,,98.0,
RWS01_MONICA_00D01002880328200005,8,0,33.305,,44.0,
RWS01_MONIBAS_0021hrl2370ra,6,0,91.33333333333333,,100.0,
RWS01_MONIBAS_0061hrr0537ra,4,0,-1.0,,-1.0,
RWS01_MONICA_00D01C1F2832D0070007,8,0,71.75,,99.0,
RWS01_MONIBAS_0021hrr2575rb,4,0,80.5,,81.0,
RWS01_MONIBAS_0021hrr2575ra,4,0,89.0,,92.0,
RWS01_MONIBAS_0161hrr0151ra,4,0,85.5,,89.0,
RWS01_MONIBAS_0761hrr0190ra,16,0,-1.0,,-1.0,
RWS01_MONICA_10D0040570056020000B,2,0,85.0,,85.0,
RWS01_MONICA_00D01C1F2832D007000B,8,0,81.52,,86.0,
RWS01_MONIBAS_0671hrl0174ra,4,0,75.5,,79.0,
RWS01_MONIBAS_0281hrl0966ra,8,0,93.75,,108.0,
RWS01_MONICA_00D01C1F2832D007000F,8,0,37.5,,76.0,
RWS01_MONIBAS_0100vwq0302ra,4,0,-1.0,,-1.0,
RWS01_MONICA_00D01B0B2000A8200007,8,0,40.595,,55.0,
RWS01_MONIBAS_0121hrr0640ra,8,0,100.25,,110.0,
RWS01_MONIBAS_0060vwm0567ra,6,0,105.66666666666667,,119.0,
RWS01_MONIBAS_0131hrl0188ra,6,0,78.66666666666667,,79.0,
RWS01_MONIBAS_0021hrl0879ra,8,0,112.5,,123.0,
RWS01_MONIBAS_0201hrl0369ra,10,0,83.2,,100.0,
RWS01_MONIBAS_0041hrr0099ra,8,0,70.5,,105.0,
RWS01_MONICA_00D03A061023D0050009,8,0,70.805,,101.0,
RWS01_MONIBAS_0021hrr2562rb,4,0,80.0,,82.0,
RWS01_MONICA_00D03A061023D0050005,8,0,57.5,,116.0,
RWS01_MONIBAS_0100vwp0324ra,10,0,20.8,,27.0,
RWS01_MONIBAS_0061hrr0511ra,4,0,108.0,,115.0,
RWS01_MONIBAS_0011hrr0748ra,16,0,94.2825,,103.0,
RWS01_MONICA_00D03A061023D005000D,8,0,65.5775,,93.0,
RWS01_MONIBAS_0011hrr0851ra_1,24,0,84.96666666666667,,114.0,
RWS01_MONIBAS_0061hrl0478ra,4,0,108.5,,111.0,
RWS01_MONIBAS_0121hrr1493ra,6,0,5.666666666666667,,10.0,
RWS01_MONIBAS_0161hrr0307ra,8,0,102.0,,112.0,
RWS01_MONIBAS_0281hrr1094ra,6,0,93.66666666666667,,103.0,
RWS01_MONIBAS_0151hrr0518ra,8,0,112.75,,131.0,
RWS01_MONIBAS_0101hrr0149ra,10,0,33.6,,50.0,
RWS01_MONIBAS_0021hrr2562ra,4,0,92.5,,96.0,
RWS01_MONICA_00D00106685AD0050005,8,0,78.045,,105.0,
RWS01_MONICA_10D023089C0A10200005,2,0,68.0,,68.0,
RWS01_MONICA_00D00106685AD0050009,8,0,92.25,,95.0,
RWS01_MONIBAS_0021hrl0600ra,8,0,80.0,,118.0,
RWS01_MONIBAS_0121hrl0385ra,8,0,62.0,,62.0,
RWS01_MONIBAS_0121hrr1360ra,4,0,-1.0,,-1.0,
RWS01_MONIBAS_0011hrl0930ra,8,0,105.0,,125.0,
RWS01_MONIBAS_0011hrr1108ra,6,0,95.66666666666667,,106.0,
RWS01_MONIBAS_0501hrl2028ra,8,0,95.5,,111.0,
RWS01_MONIBAS_0081hrl0042ra_1,40,0,70.123,,115.0,
RWS01_MONIBAS_0011hrl0810ra,16,0,-1.0,,-1.0,
RWS01_MONIBAS_0581hrl0400ra,4,0,95.5,,101.0,
RWS01_MONIBAS_0241hrr0039ra,6,0,75.33333333333333,,114.0,
RWS01_MONIBAS_0151hrl0820ra,4,0,89.5,,94.0,
RWS01_MONIBAS_0121hrr0880ra,6,0,36.666666666666664,,44.0,
RWS01_MONIBAS_0121hrr0903ra,6,0,47.666666666666664,,59.0,
RWS01_MONIBAS_0021hrl0866ra,8,0,108.25,,117.0,
RWS01_MONIBAS_0020vwn1653ra,4,0,84.0,,90.0,
RWS01_MONIBAS_0011hrr1085ra,6,0,111.0,,127.0,
RWS01_MONIBAS_0270vwt0562ra,4,0,96.5,,102.0,
RWS01_MONIBAS_0021hrl0733ra,10,0,105.2,,122.0,
RWS01_MONIBAS_0090vwr0698ra,4,0,79.5,,84.0,
RWS01_MONIBAS_0071hrl0148ra,4,0,94.0,,96.0,
RWS01_MONICA_00D01B08E400A0200005,8,0,43.5,,88.0,
RWS01_MONICA_00D01B08E400A0200009,8,0,76.4225,,82.0,
RWS01_MONICA_10D01601F0017820000B,2,0,-1.0,,-1.0,
RWS01_MONIBAS_0020vwn0576ra,10,0,79.0,,104.0,
RWS01_MONIBAS_0021hrl1191ra,4,0,112.5,,122.0,
RWS01_MONICA_00D00211C83760200007,8,0,81.5525,,111.0,
RWS01_MONIBAS_0161hrl0240ra,4,0,100.5,,110.0,
RWS01_MONIBAS_0121hrr0533ra,8,0,72.5,,104.0,
RWS01_MONICA_00D00212A846D0050005,8,0,57.5,,116.0,
RWS01_MONICA_00D00212A846D0050009,8,0,52.5,,106.0,
RWS01_MONIBAS_0021hrl2277ra,6,0,87.0,,97.0,
RWS01_MONIBAS_0010vwa1069ra,2,0,53.0,,53.0,
RWS01_MONICA_10D0020A984660200007,2,0,66.0,,66.0,
RWS01_MONIBAS_0151hrr0242ra,4,0,97.5,,104.0,
RWS01_MONIBAS_0161hrl0360ra,6,0,96.33333333333333,,109.0,
RWS01_MONIBAS_0281hrl0356ra,4,0,91.5,,98.0,
RWS01_MONIBAS_0121hrr0413ra,8,0,74.5,,79.0,
RWS01_MONIBAS_0271hrr0082ra,4,0,-1.0,,-1.0,
RWS01_MONIBAS_0041hrl0270ra,6,0,99.66666666666667,,107.0,
RWS01_MONIBAS_0201hrr0253ra,6,0,99.33333333333333,,107.0,
RWS01_MONIBAS_0021hrl2397ra,8,0,97.0,,105.0,
RWS01_MONIBAS_0021hrl1071ra,6,0,96.0,,107.0,
RWS01_MONICA_00D03A020C5FD0050009,8,0,30.0,,61.0,
RWS01_MONICA_00D03A020C5FD0050005,8,0,14.75,,17.0,
RWS01_MONICA_00D0321A8023D0070007,8,0,45.5,,92.0,
RWS01_MONIBAS_0201hrr0386ra,6,0,14.0,,17.0,
RWS01_MONIBAS_0041hrl0532ra,4,0,21.5,,22.0,
RWS01_MONIBAS_0201hrr0409ra,6,0,14.333333333333334,,20.0,
RWS01_MONICA_00D00107B055D0070187,8,0,79.5475,,85.0,
RWS01_MONIBAS_2081hrl0084ra,4,0,101.0,,104.0,
RWS01_MONIBAS_0161hrl0480ra,6,0,103.0,,110.0,
RWS01_MONIBAS_0581hrr0221ra,4,0,81.0,,88.0,
RWS01_MONIBAS_0121hrr0773ra,2,0,86.0,,86.0,
RWS01_MONICA_00D0321A8023D007000B,8,0,66.515,,95.0,
RWS01_MONIBAS_0271hrl0207ra,6,0,55.333333333333336,,89.0,
RWS01_MONICA_00D03A051850D007000B,8,0,67.9,,93.0,
RWS01_MONIBAS_0011hrl1318ra,6,0,112.0,,124.0,
RWS01_MONICA_00D00211C8376020000B,8,0,92.9175,,99.0,
RWS01_MONICA_00D03A051850D0070007,8,0,50.5,,102.0,
RWS01_MONIBAS_0201hrr0373rb,4,0,38.0,,41.0,
RWS01_MONIBAS_0201hrr0373ra,6,0,74.66666666666667,,82.0,
RWS01_MONIBAS_0041hrr0550ra,4,0,83.0,,93.0,
RWS01_MONIBAS_0170vwn0242ra,8,0,49.0,,99.0,
RWS01_MONIBAS_0581hrr0617ra,6,0,94.66666666666667,,100.0,
RWS01_MONIBAS_0131hrl0161ra,6,0,67.66666666666667,,77.0,
RWS01_MONIBAS_0021hrr1747ra,6,0,32.0,,35.0,
RWS01_MONIBAS_0281hrl0369ra,4,0,44.5,,90.0,
RWS01_MONIBAS_0581hrl0150ra,4,0,11.5,,13.0,
RWS01_MONICA_00D0010CDC41D005000D,8,0,89.4125,,95.0,
RWS01_MONICA_00D03B0E5000D0050005,8,0,79.35249999999999,,109.0,
RWS01_MONIBAS_0041hrl0283ra,6,0,103.66666666666667,,113.0,
RWS01_MONIBAS_0150vwx0539ra,2,0,97.0,,97.0,
RWS01_MONIBAS_0021hrl1227ra,6,0,35.333333333333336,,52.0,
RWS01_MONICA_00D00C0B1055D0050011,8,0,63.3625,,89.0,
RWS01_MONIBAS_0151hrr0624ra,8,0,103.0,,111.0,
RWS01_MONIBAS_0280vwc1478ra,8,0,-1.0,,-1.0,
RWS01_MONIBAS_0121hrl0146ra,6,0,103.33333333333333,,117.0,
RWS01_MONIBAS_0021hrr1614ra,4,0,92.0,,95.0,
RWS01_MONICA_00D03B0E5000D0050009,8,0,88.7025,,95.0,
RWS01_MONIBAS_0351hrr0328ra,2,0,-1.0,,-1.0,
RWS01_MONICA_00D0010CDC41D0050005,8,0,65.5,,132.0,
RWS01_MONIBAS_0020vwm1632ra,4,0,68.0,,71.0,
RWS01_MONIBAS_0090vwp0045ra,4,0,-1.0,,-1.0,
RWS01_MONICA_00D002295001D0050009,8,0,12.4375,,21.0,
RWS01_MONICA_00D00C0B1055D005000D,8,0,67.78,,94.0,
RWS01_MONIBAS_0201hrr0120ra,6,0,100.0,,112.0,
RWS01_MONICA_00D002295001D0050005,8,0,21.0,,43.0,
RWS01_MONIBAS_0121hrl0279ra,10,0,20.6,,55.0,
RWS01_MONICA_00D002198C4100200007,8,0,33.5,,68.0,
RWS01_MONICA_00D0010CDC41D0050009,8,0,97.3,,102.0,
RWS01_MONIBAS_4341hrr0039ra,4,0,74.5,,82.0,
RWS01_MONICA_00D001049C1938200009,8,0,43.5,,88.0,
RWS01_MONIBAS_0020vwm1645ra,6,0,79.66666666666667,,84.0,
RWS01_MONIBAS_0050vwc0139ra,2,0,97.0,,97.0,
RWS01_MONIBAS_0731hrr1106ra,4,0,-1.0,,-1.0,
RWS01_MONICA_00D0071E401E08200007,8,0,-1.0,,-1.0,
RWS01_MONIBAS_0120vwy1360ra,4,0,92.5,,95.0,
RWS01_MONIBAS_0041hrl0030ra,10,0,96.0,,112.0,
RWS01_MONIBAS_0141hrr0137ra,4,0,65.5,,69.0,
RWS01_MONIBAS_0150vwn0958ra,6,0,24.666666666666668,,76.0,
RWS01_MONICA_00D001049C1938200005,8,0,49.0,,99.0,
RWS01_MONIBAS_0020vwh0319ra,6,0,-1.0,,-1.0,
RWS01_MONIBAS_0201hrr0240ra,4,0,104.5,,111.0,
RWS01_MONIBAS_0060vwp0443ra,4,0,111.5,,119.0,
RWS01_MONIBAS_0090vwx0103ra,2,0,88.0,,88.0,
RWS01_MONIBAS_0671hrl0304ra,4,0,104.5,,115.0,
RWS01_MONIBAS_0151hrl0584ra,6,0,100.0,,111.0,
RWS01_MONICA_10D008015400D0070007,2,0,107.0,,107.0,
RWS01_MONIBAS_0090vwq0041ra,4,0,107.0,,114.0,
RWS01_MONIBAS_0041hrl0296ra,6,0,100.33333333333333,,109.0,
RWS01_MONIBAS_0060vwq0465ra,4,0,-1.0,,-1.0,
RWS01_MONIBAS_0581hrl0163ra,4,0,30.5,,37.0,
RWS01_MONICA_10D008015400D007000B,2,0,92.0,,92.0,
RWS01_MONIBAS_0091hrl0304ra,6,0,100.66666666666667,,109.0,
RWS01_MONIBAS_0121hrr0043ra,6,0,64.33333333333333,,70.0,
RWS01_MONIBAS_0161hrl0279ra,6,0,103.33333333333333,,114.0,
RWS01_MONIBAS_0040vwy0469ra,6,0,85.66666666666667,,92.0,
RWS01_MONIBAS_0271hrl0314ra,4,0,97.5,,105.0,
RWS01_MONICA_00D01C0E8837D0070007,8,0,51.5,,104.0,
RWS01_MONICA_00D03B0DE04690200005,8,0,-1.0,,-1.0,
RWS01_MONICA_00D01C0E8837D007000B,8,0,70.72,,96.0,
RWS01_MONIBAS_0761hrl0040ra,8,0,100.0,,105.0,
RWS01_MONIBAS_0011hrr0987ra,8,0,93.75,,108.0,
RWS01_MONICA_00D01C0E8837D007000F,8,0,83.1975,,88.0,
RWS01_MONIBAS_0280vwd0722ra,8,0,58.5,,80.0,
RWS01_MONIBAS_0271hrl0291ra,4,0,99.0,,105.0,
RWS01_MONIBAS_0071hrr0152ra,6,0,100.0,,104.0,
RWS01_MONIBAS_0280vwa1794ra,8,0,22.5,,46.0,
RWS01_MONIBAS_0011hrl0347ra,8,0,104.75,,118.0,
RWS01_MONIBAS_0161hrl0409ra,6,0,59.666666666666664,,97.0,
RWS01_MONIBAS_0021hrr1627ra,4,0,95.0,,100.0,
RWS01_MONIBAS_0041hrr0180ra,6,0,49.333333333333336,,55.0,
RWS01_MONIBAS_0091hrl0041ra,6,0,103.66666666666667,,106.0,
RWS01_MONIBAS_0021hrr2192ra,4,0,97.0,,101.0,
RWS01_MONIBAS_0280vwb1576ra,8,0,-1.0,,-1.0,
RWS01_MONIBAS_0041hrr0180rb,4,0,85.5,,88.0,
RWS01_MONICA_00D043045C19D0070007,8,0,74.6,,104.0,
RWS01_MONICA_00D01B008C05D007000B,8,0,-1.0,,-1.0,
RWS01_MONIBAS_0060vws0478ra,2,0,88.0,,88.0,
RWS01_MONIBAS_0040vwn0110ra,6,0,58.333333333333336,,73.0,
RWS01_MONICA_00D00212945010200005,8,0,54.5325,,58.0,
RWS01_MONICA_00D043045C19D007000B,8,0,69.125,,98.0,
RWS01_MONIBAS_0581hrl0176ra,4,0,45.0,,47.0,
RWS01_MONIBAS_0581hrl0902ra,16,0,70.78999999999999,,104.0,
RWS01_MONIBAS_0160vwn0346ra,4,0,-1.0,,-1.0,
RWS01_MONIBAS_0121hrl0875ra,6,0,110.33333333333333,,125.0,
RWS01_MONIBAS_0120vwj1067ra,4,0,68.0,,74.0,
RWS01_MONIBAS_0730vwr1150ra,6,0,65.0,,106.0,
RWS01_MONICA_00D01B008C05D0070007,8,0,-1.0,,-1.0,
RWS01_MONIBAS_0020vwm1658ra,6,0,94.66666666666667,,99.0,
RWS01_MONIBAS_0021hrr2215ra,4,0,92.5,,95.0,
RWS01_MONICA_00D01C001C32D0050005,8,0,-1.0,,-1.0,
RWS01_MONIBAS_0011hrl0321ra,4,0,104.5,,108.0,
RWS01_MONIBAS_0281hrl0330ra,4,0,99.0,,105.0,
RWS01_MONICA_10D007163C28D0050005,2,0,111.0,,111.0,
RWS01_MONIBAS_0011hrl0321rb,4,0,104.5,,111.0,
RWS01_MONICA_00D00900BC22D0070007,8,0,88.7775,,125.0,
RWS01_MONIBAS_0160vwn0333ra,4,0,90.5,,96.0,
RWS01_MONIBAS_0041hrr0525ra_1,40,0,40.041000000000004,,94.0,
RWS01_MONIBAS_0271hrr0105ra,4,0,92.0,,93.0,
RWS01_MONICA_10D007163C28D0050009,2,0,97.0,,97.0,
RWS01_MONIBAS_0011hrl0574ra,16,0,70.43375,,105.0,
RWS01_MONIBAS_0021hrr0630ra,6,0,61.333333333333336,,97.0,
RWS01_MONICA_00D00900BC22D007000B,8,0,77.475,,104.0,
RWS01_MONIBAS_0151hrl0224ra,4,0,40.5,,82.0,
RWS01_MONIBAS_0170vwc0175ra,8,0,39.0,,79.0,
RWS01_MONIBAS_0281hrr0983ra,8,0,66.0,,98.0,
RWS01_MONICA_00D00900BC22D007000F,8,0,91.14750000000001,,97.0,
RWS01_MONIBAS_0061hrr0558ra_1,16,0,64.21375,,114.0,
RWS01_MONICA_00D00D026C32D0070007,8,0,52.5,,106.0,
RWS01_MONIBAS_0731hrr0135ra,4,0,104.0,,111.0,
RWS01_MONIBAS_0011hrr0841ra,4,0,113.0,,120.0,
RWS01_MONIBAS_0151hrl0344ra,4,0,99.5,,110.0,
RWS01_MONICA_00D00227F849D0050009,8,0,49.6425,,52.0,
RWS01_MONIBAS_0201hrr0159ra,4,0,121.0,,127.0,
RWS01_MONIBAS_0291hrl0145ra,6,0,105.33333333333333,,115.0,
RWS01_MONICA_00D00D026C32D007000B,8,0,91.5475,,96.0,
RWS01_MONIBAS_0121hrl1463ra,6,0,62.666666666666664,,98.0,
RWS01_MONIBAS_0020vwn0589ra,8,0,67.5,,99.0,
RWS01_MONICA_00D00227F849D0050005,8,0,29.5,,60.0,
RWS01_MONIBAS_0121hrr0030ra,6,0,71.0,,81.0,
RWS01_MONICA_00D00A024C5508200007,8,0,13.9725,,24.0,
RWS01_MONIBAS_0041hrr0430ra,8,0,32.5,,45.0,
RWS01_MONIBAS_0591hrr0508ra,2,0,93.0,,93.0,
RWS01_MONIBAS_0150vwx0490ra,4,0,109.0,,117.0,
RWS01_MONIBAS_0021hrr0510ra,10,0,21.4,,24.0,
RWS01_MONIBAS_0020vwn1164ra,8,0,80.0,,88.0,
RWS01_MONICA_00D00F056040D0070307,8,0,55.625,,87.0,
RWS01_MONIBAS_0041hrl0069ra,8,0,100.5,,106.0,
RWS01_MONIBAS_0091hrl0437ra,6,0,101.33333333333333,,108.0,
RWS01_MONIBAS_0291hrl0158ra,4,0,97.0,,101.0,
RWS01_MONIBAS_0581hrl0189ra,4,0,13.0,,15.0,
RWS01_MONIBAS_0091hrr0592ra,6,0,106.33333333333333,,121.0,
RWS01_MONIBAS_0150vwq0565ra_1,16,0,35.5725,,100.0,
RWS01_MONIBAS_0151hrl0211ra,4,0,43.0,,87.0,
RWS01_MONIBAS_0151hrl0464ra,6,0,107.66666666666667,,129.0,
RWS01_MONIBAS_0461hrr0037ra,6,0,84.0,,100.0,
RWS01_MONIBAS_0011hrl0201ra,6,0,-1.0,,-1.0,
RWS01_MONICA_00D03A055837D007000B,8,0,84.7175,,93.0,
RWS01_MONIBAS_0151hrr1572ra,4,0,97.0,,103.0,
RWS01_MONIBAS_0281hrl1077ra,6,0,102.0,,116.0,
RWS01_MONICA_00D03A055837D0070007,8,0,52.0,,105.0,
RWS01_MONIBAS_0281hrl0343ra,4,0,104.5,,112.0,
RWS01_MONIBAS_0100vwn0296ra,4,0,93.5,,101.0,
RWS01_MONIBAS_0020vwm0674ra,2,0,43.0,,43.0,
RWS01_MONIBAS_0161hrl0146ra,4,0,42.5,,43.0,
RWS01_MONIBAS_0271hrl0541ra,6,0,18.666666666666668,,24.0,
RWS01_MONIBAS_0271hrr0118ra,4,0,38.5,,42.0,
RWS01_MONIBAS_0040vwh0702ra,8,0,82.75,,90.0,
RWS01_MONIBAS_0071hrr1985ra,4,0,87.5,,92.0,
RWS01_MONIBAS_0071hrr1985rb,4,0,86.0,,89.0,
RWS01_MONIBAS_0150vwn0588ra,2,0,101.0,,101.0,
RWS01_MONICA_00D00A02045A08200007,8,0,60.125,,85.0,
RWS01_MONIBAS_0011hrr0961ra,8,0,99.25,,110.0,
RWS01_MONIBAS_0280vwu0009ra,4,0,26.5,,27.0,
RWS01_MONIBAS_0201hrr0146ra,4,0,48.0,,97.0,
RWS01_MONIBAS_0040vwm0125ra,6,0,27.333333333333332,,67.0,
RWS01_MONIBAS_0041hrl0047ra,8,0,76.5,,109.0,
RWS01_MONIBAS_0041hrr0579ra,4,0,30.0,,61.0,
RWS01_MONICA_00D006068036D007000F,8,0,91.095,,95.0,
RWS01_MONIBAS_0301hrr0178ra,16,0,90.6675,,113.0,
RWS01_MONIBAS_0020vwn1689ra,4,0,90.5,,98.0,
RWS01_MONIBAS_0100vwn0300ra,4,0,94.5,,98.0,
RWS01_MONIBAS_0100vwn0300rb,4,0,102.5,,108.0,
RWS01_MONIBAS_0281hrl1904ra,16,0,75.58875,,114.0,
RWS01_MONIBAS_0151hrl0930ra,4,0,82.5,,86.0,
RWS01_MONICA_00D006068036D0070007,8,0,79.46000000000001,,107.0,
RWS01_MONIBAS_0060vwm0682ra,8,0,-1.0,,-1.0,
RWS01_MONIBAS_0011hrl0339ra,8,0,55.0,,116.0,
RWS01_MONIBAS_0101hrr0279ra,10,0,13.0,,54.0,
RWS01_MONIBAS_0090vwq0045ra,4,0,46.0,,93.0,
RWS01_MONICA_00D006068036D007000B,8,0,49.0,,99.0,
RWS01_MONICA_00D00F06C41410200005,8,0,45.5,,92.0,
RWS01_MONIBAS_0290vwd0158ra,4,0,97.0,,99.0,
RWS01_MONIBAS_0350vwr0515ra,2,0,113.0,,113.0,
RWS01_MONIBAS_0041hrr0459ra,8,0,45.25,,54.0,
RWS01_MONIBAS_0290vwr0103ra,2,0,89.0,,89.0,
RWS01_MONIBAS_0011hrr0355ra,8,0,107.25,,123.0,
RWS01_MONIBAS_0011hrl0219ra,6,0,100.66666666666667,,108.0,
RWS01_MONICA_00D001081C00D0050005,8,0,51.5,,104.0,
RWS01_MONIBAS_0271hrr0854ra,10,0,102.0,,115.0,
RWS01_MONICA_00D001081C00D0050009,8,0,65.8925,,90.0,
RWS01_MONICA_00D00C08FC00A0200005,8,0,-1.0,,-1.0,
RWS01_MONICA_00D00C08FC00A0200009,8,0,87.34,,93.0,
RWS01_MONIBAS_0041hrr0709ra,10,0,80.2,,92.0,
RWS01_MONIBAS_0071hrl1933ra,4,0,-1.0,,-1.0,
RWS01_MONIBAS_0091hrl0575ra,8,0,79.75,,114.0,
RWS01_MONIBAS_0271hrl0718ra,4,0,29.5,,30.0,
RWS01_MONIBAS_0041hrr0063ra,8,0,72.5,,102.0,
RWS01_MONIBAS_0100vwn0290ra,8,0,64.75,,89.0,
RWS01_MONICA_00D00113645FD0050009,8,0,78.9,,113.0,
RWS01_MONIBAS_0041hrl2194ra,16,0,64.8425,,116.0,
RWS01_MONIBAS_0020vwg0646ra,6,0,88.33333333333333,,96.0,
RWS01_MONICA_00D00113645FD0050005,8,0,61.5,,124.0,
RWS01_MONIBAS_0271hrl0562ra,4,0,3.0,,7.0,
RWS01_MONIBAS_0010vwh0879ra,4,0,82.5,,87.0,
RWS01_MONIBAS_0060vwq0457ra,4,0,-1.0,,-1.0,
RWS01_MONIBAS_0351hrl0437ra,16,0,-1.0,,-1.0,
RWS01_MONIBAS_0010vwn0882ra,2,0,103.0,,103.0,
RWS01_MONIBAS_0761hrr0073ra,4,0,94.0,,100.0,
RWS01_MONIBAS_0090vwx0090ra,4,0,117.0,,130.0,
RWS01_MONIBAS_0020vwn1189ra_1,16,0,86.88,,111.0,
RWS01_MONIBAS_0271hrl0695ra,8,0,15.0,,28.0,
RWS01_MONICA_00D00113645FD005000D,8,0,89.84,,101.0,
RWS01_MONIBAS_0051hrl0096ra,4,0,98.0,,108.0,
RWS01_MONIBAS_0020vwn1186ra,4,0,104.0,,111.0,
RWS01_MONIBAS_0021hrr0427ra,12,0,93.33333333333333,,103.0,
RWS01_MONICA_00D0021A8C00D0050005,8,0,89.0,,99.0,
RWS01_MONIBAS_0150vwy0506ra,4,0,109.5,,112.0,
RWS01_MONIBAS_0581hrl0297ra,4,0,4.0,,9.0,
RWS01_MONICA_00D0021A8C00D0050009,8,0,79.1,,107.0,
RWS01_MONICA_00D00A03500E90200005,8,0,43.5,,88.0,
RWS01_MONIBAS_0670vwp0187ra,2,0,94.0,,94.0,
RWS01_MONIBAS_0501hrl0956ra,8,0,101.25,,110.0,
RWS01_MONIBAS_0061hrl0497ra,4,0,105.5,,111.0,
RWS01_MONIBAS_0271hrr1180ra,4,0,97.0,,104.0,
RWS01_MONICA_00D00400FC50D0070013,8,0,93.4475,,97.0,
RWS01_MONIBAS_0011hrr0115ra,10,0,102.6,,119.0,
RWS01_MONIBAS_0151hrl0823ra,4,0,87.5,,92.0,
RWS01_MONIBAS_0121hrr0298ra,8,0,100.0,,111.0,
RWS01_MONIBAS_0011hrl0183ra,6,0,-1.0,,-1.0,
RWS01_MONIBAS_0021hrl0638ra,6,0,65.0,,100.0,
RWS01_MONICA_00D002279C5FD007000B,8,0,58.8,,81.0,
RWS01_MONIBAS_0101hrr0133ra,10,0,98.8,,117.0,
RWS01_MONICA_00D00400FC50D007000B,8,0,76.25,,102.0,
RWS01_MONICA_00D00400FC50D007000F,8,0,91.7,,96.0,
RWS01_MONIBAS_0011hrl0446ra,4,0,106.0,,110.0,
RWS01_MONIBAS_0021hrl0505ra,10,0,76.0,,99.0,
RWS01_MONIBAS_0070vwb2186ra,8,0,38.0,,77.0,
RWS01_MONIBAS_0070vwk0050ra,8,0,87.75,,100.0,
RWS01_MONICA_00D00400FC50D0070007,8,0,-1.0,,-1.0,
RWS01_MONICA_00D00116085020200007,8,0,52.5,,106.0,
RWS01_MONIBAS_0121hrl1201ra,8,0,101.75,,111.0,
RWS01_MONIBAS_0771hrl0103ra,16,0,63.975,,108.0,
RWS01_MONIBAS_0021hrl1569ra,4,0,104.0,,118.0,
RWS01_MONICA_00D00225AC0050200005,8,0,29.5,,60.0,
RWS01_MONIBAS_0791hrl0002ra,2,0,98.0,,98.0,
RWS01_MONIBAS_0151hrl0703ra,4,0,107.0,,115.0,
RWS01_MONIBAS_0151hrl0703rb,4,0,94.0,,99.0,
RWS01_MONICA_00D002279C5FD0070007,8,0,41.0,,83.0,
RWS01_MONIBAS_0010vwp0162ra,2,0,-1.0,,-1.0,
RWS01_MONIBAS_0091hrl0322ra,12,0,106.66666666666667,,126.0,
RWS01_MONICA_00D0011608502020000B,8,0,-1.0,,-1.0,
RWS01_MONICA_00D00F086C3CB8200007,8,0,69.825,,99.0,
RWS01_MONICA_00D0060734306020008B,8,0,72.3325,,103.0,
RWS01_MONIBAS_0500vwt1543ra,6,0,54.666666666666664,,89.0,
RWS01_MONIBAS_0131hrr0081ra,6,0,83.66666666666667,,93.0,
RWS01_MONIBAS_0040vwn0350ra,4,0,-1.0,,-1.0,
RWS01_MONIBAS_0071hrr2324ra,16,0,68.45875,,124.0,
RWS01_MONICA_00D00607343060200087,8,0,81.1575,,115.0,
RWS01_MONIBAS_0151hrr1587ra,4,0,96.5,,100.0,
RWS01_MONIBAS_0011hrr0965ra,8,0,98.5,,110.0,
RWS01_MONIBAS_0271hrl0825ra,8,0,98.25,,112.0,
RWS01_MONIBAS_0091hrl0588ra,8,0,102.75,,124.0,
RWS01_MONICA_00D01C0E702D10200005,8,0,-1.0,,-1.0,
RWS01_MONIBAS_0201hrl0344ra,8,0,37.75,,51.0,
RWS01_MONIBAS_0151hrr0389ra,4,0,101.5,,104.0,
RWS01_MONIBAS_0121hrl1227ra,6,0,99.66666666666667,,107.0,
RWS01_MONICA_00D00F081010B8200007,8,0,92.4475,,95.0,
RWS01_MONIBAS_0071hrl0245ra,4,0,-1.0,,-1.0,
RWS01_MONIBAS_0270vws0705ra,4,0,6.5,,9.0,
RWS01_MONIBAS_0161hrr0185ra,6,0,97.33333333333333,,104.0,
RWS01_MONIBAS_0040vwm0735ra,6,0,84.33333333333333,,89.0,
RWS01_MONIBAS_0351hrl0664ra,16,0,-1.0,,-1.0,
RWS01_MONICA_00D01401E034D0050009,8,0,89.465,,92.0,
RWS01_MONICA_00D01C1F5055D007000B,8,0,76.6575,,80.0,
RWS01_MONIBAS_0011hrl1048ra,6,0,103.33333333333333,,113.0,
RWS01_MONICA_00D01401E034D0050005,8,0,58.0,,117.0,
RWS01_MONIBAS_0060vwm0588ra,6,0,68.0,,118.0,
RWS01_MONIBAS_0011hrr1184ra,8,0,103.0,,115.0,
RWS01_MONIBAS_0020vwn1650ra,4,0,91.0,,97.0,
RWS01_MONIBAS_0271hrr0111ra,4,0,64.0,,64.0,
RWS01_MONIBAS_0271hrl0932ra,6,0,103.33333333333333,,124.0,
RWS01_MONIBAS_0070vwd1755ra,8,0,-1.0,,-1.0,
RWS01_MONICA_00D02100C450D0050005,8,0,-1.0,,-1.0,
RWS01_MONIBAS_0041hrl0404ra,8,0,76.5,,81.0,
RWS01_MONICA_00D00112B00AD0050005,8,0,61.0,,123.0,
RWS01_MONIBAS_0350vwc0439ra,8,0,-1.0,,-1.0,
RWS01_MONIBAS_0591hrr0502ra,4,0,103.5,,110.0,
RWS01_MONICA_00D00112B00AD0050009,8,0,76.955,,110.0,
RWS01_MONICA_00D01B0C88002020000F,8,0,91.3325,,99.0,
RWS01_MONIBAS_0041hrl0524ra,8,0,35.5,,50.0,
RWS01_MONICA_00D00112B00AD005000D,8,0,88.5725,,100.0,
RWS01_MONICA_00D00F07C80ED0050005,8,0,55.0,,111.0,
RWS01_MONICA_00D01B0C88002020000B,8,0,78.06,,106.0,
RWS01_MONIBAS_0020vwn0571ra,10,0,80.0,,111.0,
RWS01_MONICA_00D00608F05068200005,8,0,52.5,,106.0,
RWS01_MONIBAS_0021hrl0625ra,10,0,82.0,,110.0,
RWS01_MONIBAS_0091hrr0320ra,10,0,92.0,,102.0,
RWS01_MONICA_00D00904685A10200005,8,0,-1.0,,-1.0,
RWS01_MONICA_00D00608F05068200009,8,0,48.5,,98.0,
RWS01_MONICA_00D01B0C880020200007,8,0,54.0,,109.0,
RWS01_MONIBAS_0171hrr0172ra,16,0,26.0,,107.0,
RWS01_MONIBAS_0201hrl0224ra,6,0,97.66666666666667,,99.0,
RWS01_MONIBAS_0061hrr0865ra,16,0,75.44875,,111.0,
RWS01_MONIBAS_0271hrr0244ra,4,0,-1.0,,-1.0,
RWS01_MONIBAS_0021hrl0482ra,10,0,97.0,,103.0,
RWS01_MONIBAS_0071hrl0365ra,4,0,114.0,,118.0,
RWS01_MONIBAS_0281hrl0349ra,4,0,94.5,,98.0,
RWS01_MONIBAS_0151hrr0376ra,6,0,95.33333333333333,,109.0,
RWS01_MONIBAS_0500vwd2253ra,8,0,-1.0,,-1.0,
RWS01_MONIBAS_0121hrr1273ra_1,16,0,57.93,,98.0,
RWS01_MONIBAS_0011hrl1631ra,8,0,32.0,,65.0,
RWS01_MONIBAS_0010vwj0876ra,2,0,64.0,,64.0,
RWS01_MONIBAS_0581hrl0547ra,6,0,98.0,,102.0,
RWS01_MONIBAS_0021hrl0758ra,10,0,86.8,,131.0,
RWS01_MONICA_00D014077800D0050005,8,0,8.8875,,14.0,
RWS01_MONICA_00D014077800D0050009,8,0,17.8175,,23.0,
RWS01_MONIBAS_0121hrl1347rb,2,0,75.0,,75.0,
RWS01_MONIBAS_0091hrr0453ra,6,0,43.333333333333336,,45.0,
RWS01_MONIBAS_0121hrl1347ra,4,0,70.0,,72.0,
RWS01_MONICA_00D00F07C80ED0050009,8,0,69.1725,,100.0,
RWS01_MONIBAS_0021hrl1320ra,6,0,105.33333333333333,,119.0,
RWS01_MONIBAS_0351hrr0479ra,16,0,-1.0,,-1.0,
RWS01_MONICA_00D02000E05FD0050005,8,0,54.5,,110.0,
RWS01_MONIBAS_0090vwy0084ra,4,0,101.5,,107.0,
RWS01_MONICA_00D02000E05FD0050009,8,0,88.8925,,92.0,
RWS01_MONICA_00D001080C5FD0050005,8,0,72.71000000000001,,98.0,
RWS01_MONIBAS_0071hrr2074ra,16,0,85.00375,,118.0,
RWS01_MONIBAS_0501hrr1704ra,4,0,82.5,,90.0,
RWS01_MONICA_00D001080C5FD0050009,8,0,85.94,,89.0,
RWS01_MONIBAS_0501hrr1957ra,6,0,97.33333333333333,,104.0,
RWS01_MONIBAS_0121hrr1470ra,8,0,72.75,,114.0,
RWS01_MONICA_00D0071ED80220200007,8,0,53.1875,,73.0,
RWS01_MONIBAS_0441hrr0199ra,4,0,60.0,,61.0,
RWS01_MONIBAS_0040vwa0551ra,4,0,62.5,,68.0,
RWS01_MONICA_00D03A066814D0050005,8,0,-1.0,,-1.0,
RWS01_MONICA_00D03A066814D0050009,8,0,-1.0,,-1.0,
RWS01_MONIBAS_3251hrr0254ra,4,0,25.0,,29.0,
RWS01_MONIBAS_0151hrr0496ra,6,0,99.33333333333333,,107.0,
RWS01_MONIBAS_0021hrr1852ra,16,0,-1.0,,-1.0,
RWS01_MONIBAS_0271hrr0351ra,4,0,84.5,,90.0,
RWS01_MONIBAS_0091hrl0562ra,8,0,106.25,,117.0,
RWS01_MONIBAS_0120vwy1364ra,4,0,92.5,,94.0,
RWS01_MONIBAS_0671hrr0354ra,4,0,92.5,,97.0,
RWS01_MONIBAS_0020vwf0741ra,4,0,99.0,,101.0,
RWS01_MONIBAS_0060vwm0468ra,8,0,109.75,,129.0,
RWS01_MONIBAS_0010vwn0308ra,6,0,94.66666666666667,,108.0,
RWS01_MONIBAS_0280vwx0025ra,2,0,105.0,,105.0,
RWS01_MONIBAS_0281hrr1060ra,6,0,94.33333333333333,,107.0,
RWS01_MONIBAS_0020vwc2062ra,8,0,-1.0,,-1.0,
RWS01_MONIBAS_2051hrl0132rb,4,0,86.0,,92.0,
RWS01_MONIBAS_0050vwg0091ra,4,0,12.0,,15.0,
RWS01_MONIBAS_0091hrr0213ra,4,0,27.5,,32.0,
RWS01_MONIBAS_0501hrr1681ra,6,0,68.0,,79.0,
RWS01_MONIBAS_0021hrl0612ra,8,0,77.5,,116.0,
RWS01_MONIBAS_0161hrl0645ra,6,0,101.66666666666667,,110.0,
RWS01_MONIBAS_0020vwn1676ra,4,0,77.5,,81.0,
RWS01_MONIBAS_0071hrl0258ra,4,0,101.5,,111.0,
RWS01_MONIBAS_0021hrl1333ra,6,0,104.33333333333333,,115.0,
RWS01_MONIBAS_0021hrl1939ra,16,0,77.375,,98.0,
RWS01_MONIBAS_0591hrr0888ra,4,0,83.0,,101.0,
RWS01_MONICA_00D0430AA80068200009,8,0,42.5,,86.0,
RWS01_MONICA_10D00209B03B18200185,2,0,-1.0,,-1.0,
RWS01_MONIBAS_0021hrr2561ra,4,0,92.0,,97.0,
RWS01_MONIBAS_0271hrr0507ra,4,0,96.0,,102.0,
RWS01_MONIBAS_0580vwa0913ra,8,0,-1.0,,-1.0,
RWS01_MONIBAS_0011hrr0738ra,16,0,-1.0,,-1.0,
RWS01_MONIBAS_0021hrl2384ra,6,0,92.66666666666667,,100.0,
RWS01_MONIBAS_0010vwb0071ra,4,0,98.5,,105.0,
RWS01_MONIBAS_0041hrl0751rb,4,0,39.0,,79.0,
RWS01_MONIBAS_0021hrl1650ra,4,0,22.5,,23.0,
RWS01_MONIBAS_0151hrr0362ra,6,0,101.33333333333333,,113.0,
RWS01_MONIBAS_0161hrl0659ra,6,0,78.66666666666667,,124.0,
RWS01_MONIBAS_0160vwm0341ra,4,0,80.0,,86.0,
RWS01_MONIBAS_0070vwa0134ra,2,0,76.0,,76.0,
RWS01_MONIBAS_0151hrr0758ra,6,0,32.666666666666664,,42.0,
RWS01_MONIBAS_0011hrl1274ra,6,0,103.33333333333333,,116.0,
RWS01_MONIBAS_0170vwa0170ra,8,0,61.445,,67.0,
RWS01_MONIBAS_0150vwk0698ra,2,0,53.0,,53.0,
RWS01_MONIBAS_0120vwu0057ra,8,0,90.0,,94.0,
RWS01_MONIBAS_0151hrl0347ra,4,0,102.0,,116.0,
RWS01_MONIBAS_0091hrr0467ra,6,0,92.66666666666667,,96.0,
RWS01_MONIBAS_0671hrl0312ra,4,0,104.0,,116.0,
RWS01_MONIBAS_0121hrr0401ra,8,0,100.75,,113.0,
RWS01_MONIBAS_0281hrl0695ra,16,0,77.68,,115.0,
RWS01_MONIBAS_0131hrl0171ra,8,0,77.25,,81.0,
RWS01_MONIBAS_0151hrl0214ra,4,0,37.0,,75.0,
RWS01_MONIBAS_0041hrl0631ra,6,0,103.66666666666667,,115.0,
RWS01_MONIBAS_0021hrr1733ra,6,0,50.666666666666664,,63.0,
RWS01_MONIBAS_0021hrl1213ra,6,0,107.66666666666667,,125.0,
RWS01_MONIBAS_0020vwc2552ra,2,0,51.0,,51.0,
RWS01_MONIBAS_0121hrl0638ra,4,0,89.0,,97.0,
RWS01_MONIBAS_0121hrl0638rb,4,0,54.5,,55.0,
RWS01_MONICA_00D00223A84BD0070187,8,0,79.67,,85.0,
RWS01_MONIBAS_0061hrr0518ra,4,0,105.5,,112.0,
RWS01_MONIBAS_0070vwa2215ra,8,0,42.0,,85.0,
RWS01_MONIBAS_0121hrl0505ra,8,0,39.25,,44.0,
RWS01_MONIBAS_0121hrl0758ra,6,0,102.33333333333333,,112.0,
RWS01_MONICA_00D00401944B60200007,8,0,-1.0,,-1.0,
RWS01_MONICA_00D00106DC0A60200087,8,0,76.875,,104.0,
RWS01_MONIBAS_0021hrl2408ra,4,0,90.5,,97.0,
RWS01_MONICA_00D0321E6C55D0070007,8,0,-1.0,,-1.0,
RWS01_MONIBAS_0671hrl0182ra,4,0,94.0,,100.0,
RWS01_MONIBAS_0501hrr2162ra,16,0,-1.0,,-1.0,
RWS01_MONIBAS_0161hrl0526ra,6,0,99.66666666666667,,109.0,
RWS01_MONICA_00D001011C6208200007,8,0,45.5,,92.0,
RWS01_MONICA_00D00106DC0A6020008B,8,0,66.325,,90.0,
RWS01_MONICA_00D00401944B6020000B,8,0,-1.0,,-1.0,
RWS01_MONIBAS_0161hrl0276ra,6,0,106.33333333333333,,122.0,
RWS01_MONICA_00D001011C620820000B,8,0,52.0,,105.0,
RWS01_MONIBAS_0151hrl0467ra,6,0,110.0,,126.0,
RWS01_MONICA_00D0321E6C55D007000B,8,0,-1.0,,-1.0,
RWS01_MONICA_10D00A017001D0050005,2,0,-1.0,,-1.0,
RWS01_MONIBAS_0011hrl1261ra,6,0,105.0,,118.0,
RWS01_MONIBAS_0091hrr0071rb,6,0,93.66666666666667,,110.0,
RWS01_MONIBAS_0091hrr0071ra,4,0,111.0,,127.0,
RWS01_MONIBAS_0241hrr0021ra,6,0,118.66666666666667,,120.0,
RWS01_MONIBAS_0100vwt0115ra,4,0,73.0,,75.0,
RWS01_MONIBAS_0121hrr0894ra,6,0,33.666666666666664,,37.0,
RWS01_MONIBAS_0041hrl0751ra,6,0,104.66666666666667,,121.0,
RWS01_MONICA_00D030121800D007000B,8,0,66.34,,90.0,
RWS01_MONIBAS_0011hrl1167ra,6,0,104.33333333333333,,113.0,
RWS01_MONIBAS_0281hrl0202ra,8,0,98.25,,112.0,
RWS01_MONIBAS_0101hrl0080ra,8,0,52.75,,75.0,
RWS01_MONIBAS_0021hrl1106ra,6,0,5.333333333333333,,18.0,
RWS01_MONICA_00D041034C0088200007,8,0,47.0,,95.0,
RWS01_MONIBAS_0011hrl1404ra,6,0,101.0,,110.0,
RWS01_MONIBAS_0671hrl0338ra,4,0,95.5,,102.0,
RWS01_MONIBAS_0011hrl1381ra,6,0,105.33333333333333,,117.0,
RWS01_MONIBAS_0161hrl0419ra,6,0,70.0,,109.0,
RWS01_MONIBAS_0281hrr0722ra,16,0,85.735,,110.0,
RWS01_MONIBAS_0091hrr0097ra,4,0,89.5,,90.0,
RWS01_MONIBAS_0150vwc0500ra,2,0,89.0,,89.0,
RWS01_MONIBAS_0011hrl0803ra,16,0,-1.0,,-1.0,
RWS01_MONIBAS_0020vwn0607ra,6,0,68.0,,110.0,
RWS01_MONICA_00D03A09AC2DD005000D,8,0,24.5,,33.0,
RWS01_MONIBAS_0281hrr0842ra,6,0,32.333333333333336,,53.0,
RWS01_MONIBAS_0280vwy0019ra,4,0,88.0,,97.0,
RWS01_MONIBAS_0070vwa2322ra,8,0,47.0,,95.0,
RWS01_MONICA_00D03A09AC2DD0050005,8,0,27.0,,55.0,
RWS01_MONICA_00D049072455B0200005,8,0,36.595,,51.0,
RWS01_MONIBAS_0151hrr0732ra,6,0,82.0,,92.0,
RWS01_MONIBAS_0121hrr1364ra,4,0,-1.0,,-1.0,
RWS01_MONICA_00D002058C146020030B,8,0,63.6375,,91.0,
RWS01_MONICA_00D01401EC32D0050009,8,0,69.16,,97.0,
RWS01_MONICA_00D03A09AC2DD0050009,8,0,22.0,,45.0,
RWS01_MONICA_00D01401EC32D0050005,8,0,58.0,,117.0,
RWS01_MONIBAS_0021hrl1096ra,6,0,105.0,,112.0,
RWS01_MONIBAS_0091hrr0084ra,4,0,102.0,,119.0,
RWS01_MONICA_00D002058C1460200307,8,0,44.0,,89.0,
RWS01_MONIBAS_0121hrr0654ra,8,0,102.0,,114.0,
RWS01_MONIBAS_0020vwn0584ra,6,0,-1.0,,-1.0,
RWS01_MONIBAS_0201hrr0361ra,6,0,94.0,,101.0,
RWS01_MONIBAS_0501hrr1930ra,6,0,97.66666666666667,,110.0,
RWS01_MONICA_00D00225682DD0070007,8,0,50.0,,101.0,
RWS01_MONIBAS_0581hrr0473ra,4,0,38.0,,39.0,
RWS01_MONIBAS_0121hrl0745ra,6,0,107.66666666666667,,116.0,
RWS01_MONIBAS_0091hrr0107ra,6,0,89.66666666666667,,97.0,
RWS01_MONIBAS_0281hrl0215ra,8,0,96.5,,110.0,
RWS01_MONICA_00D00225682DD007000B,8,0,73.86,,75.0,
RWS01_MONIBAS_0020vwa1660ra,2,0,85.0,,85.0,
RWS01_MONIBAS_0161hrr0327ra,10,0,49.4,,64.0,
RWS01_MONICA_00D00423D440D0070007,8,0,56.0,,113.0,
RWS01_MONICA_00D00423D440D007000B,8,0,68.135,,98.0,
RWS01_MONIBAS_0090vwy0070ra,6,0,96.33333333333333,,101.0,
RWS01_MONICA_00D030121800D0070007,8,0,52.0,,105.0,
RWS01_MONIBAS_0501hrl1678ra,6,0,17.0,,22.0,
RWS01_MONIBAS_0200vwc0274ra,2,0,73.0,,73.0,
RWS01_MONIBAS_0121hrl0612ra,6,0,12.666666666666666,,16.0,
RWS01_MONIBAS_0200vwu0354ra,4,0,37.0,,39.0,
RWS01_MONIBAS_0761hrl0150ra,4,0,85.0,,87.0,
RWS01_MONICA_00D03A08A837D0050009,8,0,-1.0,,-1.0,
RWS01_MONIBAS_0011hrr0128ra,10,0,101.4,,114.0,
RWS01_MONIBAS_0041hrl0020ra,8,0,97.25,,110.0,
RWS01_MONICA_00D01001FC41D0050005,8,0,-1.0,,-1.0,
RWS01_MONICA_00D01001FC41D0050009,8,0,-1.0,,-1.0,
RWS01_MONICA_00D03A08A837D0050005,8,0,-1.0,,-1.0,
RWS01_MONIBAS_0040vwm0351ra,4,0,77.5,,80.0,
RWS01_MONIBAS_0280vwa1575ra,8,0,-1.0,,-1.0,
RWS01_MONIBAS_0021hrr1639ra,4,0,96.0,,102.0,
RWS01_MONIBAS_0280vwb1795ra,8,0,53.582499999999996,,74.0,
RWS01_MONIBAS_0731hrl0946ra,16,0,80.68375,,99.0,
RWS01_MONIBAS_0291hrl0131ra,6,0,101.0,,108.0,
RWS01_MONICA_00D014037451D0070007,8,0,58.5,,118.0,
RWS01_MONIBAS_0151hrr0972ra,4,0,94.5,,103.0,
RWS01_MONIBAS_0011hrr0831ra,4,0,106.5,,107.0,
RWS01_MONICA_00D002225C19D0070007,8,0,70.8425,,99.0,
RWS01_MONICA_00D009019C32D0070007,8,0,-1.0,,-1.0,
RWS01_MONICA_00D014037451D007000B,8,0,55.5,,112.0,
RWS01_MONIBAS_0271hrl0215ra,4,0,94.5,,101.0,
RWS01_MONIBAS_0060vwc3112ra,8,0,47.0975,,67.0,
RWS01_MONIBAS_0060vwn0557ra_1,16,0,-1.0,,-1.0,
RWS01_MONIBAS_0091hrl0109ra,8,0,93.0,,102.0,
RWS01_MONICA_00D014037451D007000F,8,0,73.135,,99.0,
RWS01_MONICA_00D002225C19D007000B,8,0,89.92,,94.0,
RWS01_MONIBAS_0041hrr0300ra,6,0,31.333333333333332,,34.0,
RWS01_MONIBAS_0760vws0032ra,4,0,94.0,,95.0,
RWS01_MONIBAS_0081hrl0053ra,4,0,84.0,,115.0,
RWS01_MONIBAS_0301hrl0148ra,16,0,74.05875,,114.0,
RWS01_MONIBAS_0011hrr0248ra,6,0,-1.0,,-1.0,
RWS01_MONIBAS_0091hrl0099ra,4,0,95.5,,97.0,
RWS01_MONIBAS_0040vwn0484ra,4,0,26.5,,31.0,
RWS01_MONICA_00D009019C32D007000B,8,0,-1.0,,-1.0,
RWS01_MONIBAS_0011hrl0816ra,16,0,-1.0,,-1.0,
RWS01_MONICA_00D01B00FC2DD0070007,8,0,-1.0,,-1.0,
RWS01_MONIBAS_0121hrr1244ra,6,0,39.0,,48.0,
RWS01_MONICA_00D00A03500E90200009,8,0,56.6325,,79.0,
RWS01_MONIBAS_0270vwv0833ra,2,0,67.0,,67.0,
RWS01_MONIBAS_0280vwc0636ra,8,0,56.195,,76.0,
RWS01_MONIBAS_0101hrr0253ra,6,0,68.66666666666667,,76.0,
RWS01_MONICA_00D01B00FC2DD007000B,8,0,-1.0,,-1.0,
RWS01_MONIBAS_0731hrr0138ra,4,0,98.5,,103.0,
RWS01_MONIBAS_0021hrr0640ra,4,0,56.5,,57.0,
RWS01_MONIBAS_0151hrr0852ra,4,0,17.0,,17.0,
RWS01_MONIBAS_0011hrl0793ra,16,0,-1.0,,-1.0,
RWS01_MONICA_10D03220300A60200007,2,0,105.0,,105.0,
RWS01_MONIBAS_0040vwh0693ra,2,0,84.0,,84.0,
RWS01_MONIBAS_0121hrr0031ra,6,0,72.0,,79.0,
RWS01_MONIBAS_0011hrl0290ra,4,0,101.0,,106.0,
RWS01_MONICA_00D01B0ACC37D007000F,8,0,87.425,,92.0,
RWS01_MONICA_00D01B0ACC37D007000B,8,0,99.56,,102.0,
RWS01_MONICA_00D01C106400D005000D,8,0,90.645,,101.0,
RWS01_MONIBAS_4341hrr0034ra,4,0,61.5,,66.0,
RWS01_MONIBAS_0581hrr0233ra,4,0,90.0,,94.0,
RWS01_MONICA_00D01B0ACC37D0070007,8,0,83.9,,114.0,
RWS01_MONIBAS_0221hrl0141ra,4,0,-1.0,,-1.0,
RWS01_MONIBAS_0121hrr0271ra,8,0,101.25,,111.0,
RWS01_MONICA_00D01C106400D0050005,8,0,54.5,,110.0,
RWS01_MONICA_00D01C106400D0050009,8,0,99.3625,,106.0,
RWS01_MONIBAS_0301hrl0122ra,16,0,-1.0,,-1.0,
RWS01_MONIBAS_0021hrr1110rb,4,0,90.5,,98.0,
RWS01_MONIBAS_0020vwm1143ra,8,0,91.5,,101.0,
RWS01_MONIBAS_0021hrr1110ra,4,0,105.5,,112.0,
RWS01_MONIBAS_0200vwh0185ra,4,0,104.0,,109.0,
RWS01_MONIBAS_0041hrl0166ra,12,0,95.16666666666667,,109.0,
RWS01_MONIBAS_0151hrl0454ra,6,0,68.33333333333333,,110.0,
RWS01_MONIBAS_0091hrl0216ra,4,0,87.0,,97.0,
RWS01_MONIBAS_0161hrl0156ra,4,0,68.5,,70.0,
RWS01_MONICA_00D01C0E6C5F60200007,8,0,45.0,,91.0,
RWS01_MONIBAS_0040vwn0124ra,6,0,60.0,,93.0,
RWS01_MONIBAS_0351hrr0560ra,4,0,102.5,,109.0,
RWS01_MONIBAS_0121hrr1257ra,6,0,67.66666666666667,,81.0,
RWS01_MONICA_00D03A088C3208200007,8,0,35.5,,72.0,
RWS01_MONICA_00D00C10B828D007000B,8,0,68.26,,92.0,
RWS01_MONIBAS_0281hrl1152ra,4,0,98.0,,106.0,
RWS01_MONICA_00D00C10B828D007000F,8,0,-1.0,,-1.0,
RWS01_MONICA_00D01C0F3000D0050305,8,0,68.645,,98.0,
RWS01_MONICA_00D00C10B828D0070007,8,0,-1.0,,-1.0,
RWS01_MONIBAS_0120vwf1286ra,2,0,74.0,,74.0,
RWS01_MONIBAS_0061hrl0591ra,4,0,104.5,,112.0,
RWS01_MONIBAS_0761hrl0030ra,6,0,90.33333333333333,,100.0,
RWS01_MONIBAS_0271hrr0973ra,4,0,22.0,,25.0,
RWS01_MONIBAS_0271hrr0973rb,4,0,77.0,,79.0,
RWS01_MONIBAS_0060vwp0451ra,4,0,115.5,,123.0,
RWS01_MONIBAS_0201hrr0134ra,4,0,100.0,,103.0,
RWS01_MONICA_00D00409F45C20200007,8,0,47.5,,96.0,
RWS01_MONIBAS_0271hrr0840ra,8,0,74.75,,106.0,
RWS01_MONICA_00D04911E45A90200185,8,0,-1.0,,-1.0,
RWS01_MONIBAS_0161hrl0169rb,4,0,47.5,,55.0,
RWS01_MONICA_00D00607343060200007,8,0,85.55,,121.0,
RWS01_MONIBAS_0161hrl0169ra,6,0,79.0,,88.0,
RWS01_MONIBAS_0010vwb1666ra,8,0,26.0,,53.0,
RWS01_MONIBAS_0071hrr0288ra,4,0,92.0,,96.0,
RWS01_MONIBAS_0121hrr0427ra,8,0,8.25,,14.0,
RWS01_MONIBAS_0150vwc0263ra,2,0,91.0,,91.0,
RWS01_MONIBAS_0500vwq0933ra,4,0,94.5,,96.0,
RWS01_MONICA_10D0321E681ED007000B,2,0,94.0,,94.0,
RWS01_MONICA_10D0321E681ED0070007,2,0,103.0,,103.0,
RWS01_MONICA_00D0060734306020000B,8,0,98.705,,106.0,
RWS01_MONIBAS_0150vwe0639ra,4,0,93.5,,95.0,
RWS01_MONIBAS_0351hrl0329ra,2,0,81.0,,81.0,
RWS01_MONIBAS_0271hrl0321ra,4,0,99.0,,101.0,
RWS01_MONIBAS_0010vwa1050ra,4,0,55.0,,58.0,
RWS01_MONICA_00D00405783268200005,8,0,-1.0,,-1.0,
RWS01_MONICA_00D00609501968200009,8,0,93.2375,,101.0,
RWS01_MONIBAS_3251hrr0240ra,4,0,18.0,,18.0,
RWS01_MONICA_00D00405783268200009,8,0,-1.0,,-1.0,
RWS01_MONIBAS_0761hrl0056ra,16,0,57.94,,102.0,
RWS01_MONICA_00D00609501968200005,8,0,52.5,,106.0,
RWS01_MONIBAS_0041hrl0059ra,8,0,106.0,,117.0,
RWS01_MONIBAS_0041hrl0059rb,4,0,97.5,,98.0,
RWS01_MONIBAS_0300vwc0198ra,8,0,-1.0,,-1.0,
RWS01_MONIBAS_0041hrr0338ra,4,0,49.0,,50.0,
RWS01_MONIBAS_0271hrl0454ra,4,0,88.5,,94.0,
RWS01_MONIBAS_0090vwr0216ra,2,0,-1.0,,-1.0,
RWS01_MONIBAS_0091hrl0443ra,6,0,98.66666666666667,,105.0,
RWS01_MONICA_00D001061805D007000B,8,0,78.22749999999999,,105.0,
RWS01_MONICA_00D001061805D007000F,8,0,97.5375,,106.0,
RWS01_MONIBAS_0090vwa0106ra,4,0,62.5,,66.0,
RWS01_MONIBAS_0151hrl0942ra,4,0,39.0,,42.0,
RWS01_MONIBAS_0500vwm1476ra,2,0,96.0,,96.0,
RWS01_MONIBAS_0010vwp0150ra,6,0,72.33333333333333,,115.0,
RWS01_MONIBAS_0061hrl0615ra,4,0,104.0,,110.0,
RWS01_MONIBAS_0011hrr0234ra,6,0,-1.0,,-1.0,
RWS01_MONIBAS_0041hrr0205ra,8,0,25.5,,46.0,
RWS01_MONIBAS_0021hrr2560ra,4,0,78.5,,80.0,
RWS01_MONIBAS_0021hrr0535ra,10,0,51.0,,62.0,
RWS01_MONIBAS_0011hrl0327ra,8,0,109.75,,119.0,
RWS01_MONIBAS_0731hrl0061ra,4,0,27.5,,39.0,
RWS01_MONIBAS_0320vwb0582ra,8,0,33.5,,68.0,
RWS01_MONIBAS_0090vwq0057ra,2,0,-1.0,,-1.0,
RWS01_MONICA_00D001061805D0070007,8,0,90.11,,123.0,
RWS01_MONIBAS_0351hrr0334ra,2,0,80.0,,80.0,
RWS01_MONIBAS_0011hrl0051ra,4,0,95.5,,103.0,
RWS01_MONIBAS_0011hrl0051rb,6,0,98.66666666666667,,108.0,
RWS01_MONICA_00D002226028D0050009,8,0,89.08,,95.0,
RWS01_MONIBAS_0121hrl1070ra,8,0,105.75,,118.0,
RWS01_MONICA_00D002226028D0050005,8,0,53.0,,107.0,
RWS01_MONIBAS_0131hrr0095ra,6,0,97.0,,107.0,
RWS01_MONIBAS_0121hrr0179ra,6,0,69.0,,115.0,
RWS01_MONIBAS_0070vwb2328ra,8,0,43.0,,87.0,
RWS01_MONIBAS_0271hrr0975ra,4,0,23.5,,25.0,
RWS01_MONIBAS_0040vwh0455ra,6,0,73.33333333333333,,75.0,
RWS01_MONIBAS_0040vwm0113ra,4,0,85.5,,90.0,
RWS01_MONIBAS_0221hrl0153ra,4,0,48.5,,98.0,
RWS01_MONIBAS_0020vwm1132ra,6,0,96.33333333333333,,106.0,
RWS01_MONIBAS_0270vwt0568ra,4,0,101.0,,106.0,
RWS01_MONIBAS_0501hrr0973ra,4,0,96.5,,104.0,
RWS01_MONIBAS_0101hrl0129ra,8,0,97.75,,111.0,
RWS01_MONIBAS_0040vwn0734ra,4,0,59.0,,64.0,
RWS01_MONIBAS_0051hrr0110ra,4,0,105.5,,112.0,
RWS01_MONIBAS_0010vwa1577ra,2,0,72.0,,72.0,
RWS01_MONICA_00D014078800D0050005,8,0,8.0,,17.0,
RWS01_MONICA_00D014078800D0050009,8,0,11.875,,18.0,
RWS01_MONIBAS_0151hrr1575ra,4,0,97.0,,106.0,
RWS01_MONICA_00D005020442D0050005,8,0,-1.0,,-1.0,
RWS01_MONIBAS_0151hrl0955ra,4,0,49.0,,50.0,
RWS01_MONIBAS_0121hrr0309ra,8,0,102.75,,120.0,
RWS01_MONIBAS_4341hrl0019ra,2,0,-1.0,,-1.0,
RWS01_MONIBAS_0271hrl0681ra,6,0,22.666666666666668,,31.0,
RWS01_MONICA_10D007167027D0050305,2,0,-1.0,,-1.0,
RWS01_MONIBAS_0011hrl0434ra,4,0,80.0,,87.0,
RWS01_MONIBAS_0320vwc0469ra,8,0,36.0,,73.0,
RWS01_MONIBAS_0041hrr0445ra,6,0,40.666666666666664,,43.0,
RWS01_MONIBAS_0671hrr0368ra,4,0,93.0,,102.0,
RWS01_MONIBAS_0271hrl0957ra,6,0,104.33333333333333,,117.0,
RWS01_MONICA_10D00A04783708200187,2,0,-1.0,,-1.0,
RWS01_MONICA_00D00909C43CD0050005,8,0,-1.0,,-1.0,
RWS01_MONIBAS_0121hrr0046ra,6,0,41.333333333333336,,54.0,
RWS01_MONICA_00D00909C43CD0050009,8,0,-1.0,,-1.0,
RWS01_MONICA_00D005020442D0050009,8,0,-1.0,,-1.0,
RWS01_MONIBAS_0081hrl0055ra,4,0,104.0,,112.0,
RWS01_MONIBAS_0581hrr0139ra,8,0,85.5,,97.0,
RWS01_MONIBAS_0090vwx0091ra,4,0,112.0,,128.0,
RWS01_MONIBAS_0321hrr0483ra,8,0,41.4125,,58.0,
RWS01_MONIBAS_0271hrl0824ra,2,0,93.0,,93.0,
RWS01_MONIBAS_0761hrl0069ra,4,0,95.5,,98.0,
RWS01_MONIBAS_0670vwd0581ra,8,0,40.0,,81.0,
RWS01_MONIBAS_0151hrl0835ra,4,0,90.0,,95.0,
RWS01_MONICA_00D01C01FC23D007000B,8,0,26.025,,30.0,
RWS01_MONIBAS_0071hrl2403ra,16,0,77.625,,145.0,
RWS01_MONIBAS_0091hrl0456ra,6,0,69.66666666666667,,111.0,
RWS01_MONICA_00D002110023D0050009,8,0,60.0,,121.0,
RWS01_MONICA_00D01C01FC23D007000F,8,0,27.4775,,32.0,
RWS01_MONICA_00D002110023D0050005,8,0,-1.0,,-1.0,
RWS01_MONIBAS_0281hrr0509ra,16,0,-1.0,,-1.0,
RWS01_MONIBAS_0201hrl0452ra,4,0,61.5,,64.0,
RWS01_MONICA_00D01C01FC23D0070007,8,0,17.75,,24.0,
RWS01_MONIBAS_0021hrr0392ra,10,0,97.8,,107.0,
RWS01_MONIBAS_0020vwb2552ra,2,0,-1.0,,-1.0,
RWS01_MONIBAS_0501hrr1575ra,6,0,86.0,,105.0,
RWS01_MONIBAS_0270vwm0809ra_1,16,0,62.86125,,88.0,
RWS01_MONIBAS_0011hrr0844ra,4,0,109.5,,118.0,
RWS01_MONIBAS_0160vwn0340ra,4,0,92.0,,97.0,
RWS01_MONIBAS_0500vws0942ra,4,0,101.5,,107.0,
RWS01_MONIBAS_0020vwa2525ra,2,0,81.0,,81.0,
RWS01_MONIBAS_0011hrl0314ra,4,0,105.0,,110.0,
RWS01_MONIBAS_0060vwq0432ra,4,0,-1.0,,-1.0,
RWS01_MONIBAS_0151hrl1557ra,6,0,74.66666666666667,,118.0,
RWS01_MONIBAS_0351hrl0423ra,8,0,-1.0,,-1.0,
RWS01_MONIBAS_0791hrl0014ra,6,0,-1.0,,-1.0,
RWS01_MONIBAS_0590vwh0511ra,4,0,51.0,,103.0,
RWS01_MONICA_00D00103A841D0070187,8,0,64.1825,,88.0,
RWS01_MONIBAS_0151hrl0968ra,4,0,93.0,,98.0,
RWS01_MONICA_00D01403AC50A8200007,8,0,82.51,,111.0,
RWS01_MONICA_00D00F08004AC8200005,8,0,54.0,,109.0,
RWS01_MONIBAS_0021hrr0415ra,10,0,97.6,,101.0,
RWS01_MONIBAS_0121hrr0166ra,8,0,101.0,,121.0,
RWS01_MONIBAS_0121hrl1190ra,6,0,102.66666666666667,,113.0,
RWS01_MONIBAS_0101hrr0267ra,12,0,65.16666666666667,,82.0,
RWS01_MONIBAS_0121hrl1096ra,6,0,102.66666666666667,,108.0,
RWS01_MONIBAS_0501hrr1838ra,6,0,96.0,,105.0,
RWS01_MONIBAS_0021hrr0308ra,6,0,79.33333333333333,,93.0,
RWS01_MONIBAS_0020vwd2283ra,2,0,65.0,,65.0,
RWS01_MONICA_00D00206CC0AD0050011,8,0,93.6375,,99.0,
RWS01_MONIBAS_0061hrr0611ra,6,0,19.666666666666668,,21.0,
RWS01_MONIBAS_0121hrl1239ra,6,0,94.66666666666667,,104.0,
RWS01_MONICA_00D00206CC0AD0050015,8,0,87.3225,,93.0,
RWS01_MONIBAS_0121hrl1359ra,6,0,8.333333333333334,,27.0,
RWS01_MONIBAS_0201hrl0332ra,6,0,77.33333333333333,,82.0,
RWS01_MONICA_00D00206CC0AD005000D,8,0,73.2225,,99.0,
RWS01_MONICA_00D00206CC0AD0050009,8,0,74.75,,100.0,
RWS01_MONIBAS_0021hrl1544ra,4,0,88.5,,93.0,
RWS01_MONIBAS_0120vwc0544ra,4,0,60.0,,69.0,
RWS01_MONIBAS_0011hrr1328ra,6,0,96.66666666666667,,106.0,
RWS01_MONIBAS_0271hrr0232ra,4,0,89.0,,92.0,
RWS01_MONIBAS_0671hrr0235ra,4,0,90.5,,94.0,
RWS01_MONICA_00D00206CC0AD0050005,8,0,76.9475,,104.0,
RWS01_MONIBAS_0020vwh0316ra,8,0,42.0,,88.0,
RWS01_MONIBAS_0581hrl0392ra,6,0,101.0,,108.0,
RWS01_MONIBAS_0271hrl0944ra,6,0,105.33333333333333,,115.0,
RWS01_MONIBAS_0280vwd1475ra,8,0,-1.0,,-1.0,
RWS01_MONIBAS_0040vwm0734ra,4,0,84.0,,92.0,
RWS01_MONIBAS_0151hrl1531ra,8,0,54.0,,116.0,
RWS01_MONIBAS_0090vwy0083ra,6,0,98.0,,100.0,
RWS01_MONICA_00D00106DC0A60200007,8,0,86.62,,92.0,
RWS01_MONIBAS_0011hrr1568ra,4,0,91.0,,96.0,
RWS01_MONIBAS_0271hrr0365ra,4,0,97.5,,104.0,
RWS01_MONIBAS_0021hrl1411ra,6,0,104.66666666666667,,112.0,
RWS01_MONIBAS_0651hrl0222ra,4,0,115.5,,123.0,
RWS01_MONICA_00D00F07EC2780200009,8,0,62.8675,,85.0,
RWS01_MONICA_00D00901545F00200007,8,0,-1.0,,-1.0,
RWS01_MONIBAS_0021hrl1664ra,6,0,50.666666666666664,,53.0,
RWS01_MONICA_00D00F07EC2780200005,8,0,46.0,,93.0,
RWS01_MONIBAS_0281hrr0353ra,4,0,-1.0,,-1.0,
RWS01_MONIBAS_0011hrr1208ra,6,0,98.66666666666667,,105.0,
RWS01_MONIBAS_0091hrr0332ra,10,0,76.4,,108.0,
RWS01_MONIBAS_0281hrl0920ra,8,0,94.75,,115.0,
RWS01_MONICA_00D002285861D007000B,8,0,67.5725,,93.0,
RWS01_MONIBAS_0580vwb0806ra,8,0,-1.0,,-1.0,
RWS01_MONICA_00D002285861D0070007,8,0,53.5,,108.0,
RWS01_MONIBAS_0151hrr0364rb,6,0,109.66666666666667,,123.0,
RWS01_MONICA_00D010029046D0050005,8,0,39.0,,79.0,
RWS01_MONIBAS_0151hrr0364ra,6,0,106.66666666666667,,117.0,
RWS01_MONICA_00D010029046D0050009,8,0,49.36,,71.0,
RWS01_MONIBAS_0021hrl0731ra,10,0,103.6,,120.0,
RWS01_MONICA_00D00C1404093020000B,8,0,77.0325,,79.0,
RWS01_MONIBAS_0091hrl0683ra,8,0,103.75,,115.0,
RWS01_MONIBAS_0020vwn1664ra,4,0,85.0,,88.0,
RWS01_MONICA_00D010029046D005000D,8,0,52.875,,74.0,
RWS01_MONIBAS_0201hrl0478ra,4,0,12.0,,13.0,
RWS01_MONICA_00D00C14040930200007,8,0,45.5,,92.0,
RWS01_MONIBAS_0581hrl0402ra,4,0,93.0,,101.0,
RWS01_MONIBAS_0150vwt0507ra,4,0,104.0,,112.0,
RWS01_MONIBAS_0010vwa0248ra,2,0,-1.0,,-1.0,
RWS01_MONIBAS_0011hrr0341ra,8,0,105.75,,120.0,
RWS01_MONIBAS_3251hrr0133ra,4,0,106.5,,110.0,
RWS01_MONIBAS_0201hrl0105ra,4,0,77.5,,79.0,
RWS01_MONIBAS_0021hrl0611ra,8,0,77.25,,114.0,
RWS01_MONIBAS_0200vwa0220ra,2,0,75.0,,75.0,
RWS01_MONIBAS_0131hrl0079ra,6,0,72.33333333333333,,78.0,
RWS01_MONIBAS_0090vwy0096rb,4,0,97.5,,99.0,
RWS01_MONIBAS_0090vwy0096ra,2,0,121.0,,121.0,
RWS01_MONIBAS_0281hrr1338ra,16,0,-1.0,,-1.0,
RWS01_MONIBAS_0281hrr1205ra,16,0,94.14625,,117.0,
RWS01_MONIBAS_0121hrl1119ra,6,0,113.0,,128.0,
RWS01_MONIBAS_0161hrl0633ra,6,0,106.0,,119.0,
RWS01_MONIBAS_0281hrr0460ra,16,0,-1.0,,-1.0,
RWS01_MONIBAS_0010vwn0286ra,4,0,97.5,,101.0,
RWS01_MONIBAS_0131hrl0066ra,8,0,89.25,,100.0,
RWS01_MONICA_00D00408845CD0070007,8,0,79.5725,,108.0,
RWS01_MONIBAS_0500vww1828ra,2,0,21.0,,21.0,
RWS01_MONICA_10D0040B7C2C68200005,2,0,61.0,,61.0,
RWS01_MONIBAS_0011hrr1315ra,6,0,107.66666666666667,,123.0,
RWS01_MONICA_00D01401E034D0050105,8,0,38.5,,78.0,
RWS01_MONICA_10D0040B7C2C68200009,2,0,55.0,,55.0,
RWS01_MONIBAS_0150vwf0401ra,2,0,98.0,,98.0,
RWS01_MONICA_00D00408845CD007000B,8,0,92.325,,98.0,
RWS01_MONIBAS_0201hrl0328ra_1,24,0,63.90166666666667,,76.0,
RWS01_MONIBAS_0071hrl0137ra,4,0,93.5,,98.0,
RWS01_MONICA_00D00408845CD007000F,8,0,92.8075,,98.0,
RWS01_MONIBAS_0021hrl2528ra,4,0,29.5,,30.0,
RWS01_MONIBAS_0151hrr0627ra,8,0,49.5,,104.0,
RWS01_MONICA_00D01002682830200007,8,0,40.0,,81.0,
RWS01_MONIBAS_0011hrr0617ra,16,0,79.8575,,98.0,
RWS01_MONIBAS_0281hrl1893ra,16,0,76.375,,115.0,
RWS01_MONIBAS_0671hrr0342ra,4,0,92.0,,96.0,
RWS01_MONIBAS_0151hrr0351ra,4,0,102.5,,109.0,
RWS01_MONIBAS_0020vwd1848ra,8,0,-1.0,,-1.0,
RWS01_MONICA_00D00210BC0FD0050005,8,0,-1.0,,-1.0,
RWS01_MONICA_00D00F08C406D0070007,8,0,51.5,,104.0,
RWS01_MONIBAS_0070vwe1974ra,2,0,73.0,,73.0,
RWS01_MONIBAS_0121hrl0374ra,8,0,89.5,,96.0,
RWS01_MONIBAS_0010vwm0286ra,2,0,63.0,,63.0,
RWS01_MONIBAS_0271hrr0485ra,4,0,94.5,,100.0,
RWS01_MONIBAS_0051hrl0105ra,4,0,100.0,,109.0,
RWS01_MONICA_00D00F08C406D007000B,8,0,90.3725,,95.0,
RWS01_MONICA_00D010023441D0050005,8,0,-1.0,,-1.0,
RWS01_MONICA_00D00210BC0FD005000D,8,0,72.0825,,105.0,
RWS01_MONICA_00D00F08C406D007000F,8,0,-1.0,,-1.0,
RWS01_MONIBAS_0010vwb0226ra,2,0,49.0,,49.0,
RWS01_MONIBAS_0091hrr0478ra,6,0,98.0,,108.0,
RWS01_MONICA_00D00210BC0FD0050009,8,0,83.125,,117.0,
RWS01_MONICA_00D010023441D0050009,8,0,-1.0,,-1.0,
RWS01_MONIBAS_0011hrl1142ra,6,0,105.0,,118.0,
RWS01_MONIBAS_0201hrl0118ra,4,0,45.0,,91.0,
RWS01_MONIBAS_0011hrl1395ra,6,0,103.66666666666667,,117.0,
RWS01_MONICA_00D00212405A10200005,8,0,39.455,,54.0,
RWS01_MONIBAS_0090vws0217ra,4,0,41.5,,43.0,
RWS01_MONIBAS_0021hrl1345ra,6,0,102.0,,111.0,
RWS01_MONIBAS_0270vwu0569ra,4,0,84.0,,88.0,
RWS01_MONIBAS_0151hrr0483ra,10,0,104.2,,117.0,
RWS01_MONICA_00D04F001032D0050005,8,0,-1.0,,-1.0,
RWS01_MONIBAS_0280vwd1952ra,8,0,35.0,,71.0,
RWS01_MONIBAS_0581hrr0352ra,4,0,102.0,,108.0,
RWS01_MONIBAS_0020vwd2057ra,8,0,65.22749999999999,,70.0,
RWS01_MONIBAS_0501hrl1664ra,6,0,73.0,,82.0,
RWS01_MONICA_00D04F001032D0050009,8,0,-1.0,,-1.0,
RWS01_MONIBAS_0241hrl0029ra,6,0,125.66666666666667,,163.0,
RWS01_MONICA_10D004041800D0070007,2,0,-1.0,,-1.0,
RWS01_MONIBAS_0280vwb1316ra,8,0,35.0,,71.0,
RWS01_MONICA_00D01001D05ED0050009,8,0,-1.0,,-1.0,
RWS01_MONIBAS_0141hrr0117ra,4,0,74.5,,83.0,
RWS01_MONICA_00D01001D05ED0050005,8,0,-1.0,,-1.0,
RWS01_MONIBAS_0121hrl0517ra,8,0,15.5,,18.0,
RWS01_MONIBAS_0101hrl0330ra,8,0,35.25,,76.0,
RWS01_MONICA_10D016020029D0050009,2,0,-1.0,,-1.0,
RWS01_MONIBAS_0670vwb0716ra,8,0,28.5,,58.0,
RWS01_MONICA_10D016020029D0050005,2,0,-1.0,,-1.0,
RWS01_MONICA_10D004041800D007000B,2,0,-1.0,,-1.0,
RWS01_MONICA_10D004041800D007000F,2,0,-1.0,,-1.0,
RWS01_MONIBAS_0501hrr2030rb,4,0,102.0,,105.0,
RWS01_MONIBAS_0501hrr2030ra,4,0,112.5,,125.0,
RWS01_MONIBAS_0441hrr0185ra,8,0,104.25,,125.0,
RWS01_MONIBAS_0151hrr0613ra,12,0,96.66666666666667,,108.0,
RWS01_MONIBAS_0091hrr0598ra,8,0,106.5,,120.0,
RWS01_MONICA_00D00A026C46D0050009,8,0,95.3875,,97.0,
RWS01_MONIBAS_0151hrr0470ra,6,0,97.0,,109.0,
RWS01_MONICA_00D00A026C46D0050005,8,0,75.6075,,102.0,
RWS01_MONIBAS_0161hrr0170ra,10,0,90.2,,100.0,
RWS01_MONICA_00D00209E03368200305,8,0,42.5,,86.0,
RWS01_MONIBAS_0151hrr0231ra,4,0,112.0,,124.0,
RWS01_MONIBAS_0151hrl0599ra,6,0,101.33333333333333,,109.0,
RWS01_MONICA_00D01001A45A18200005,8,0,-1.0,,-1.0,
RWS01_MONIBAS_0021hrl2253ra,6,0,88.33333333333333,,96.0,
RWS01_MONICA_00D01001A45A18200009,8,0,-1.0,,-1.0,
RWS01_MONIBAS_0241hrr0033ra,6,0,117.0,,126.0,
RWS01_MONIBAS_0281hrl0826ra,4,0,99.0,,106.0,
RWS01_MONIBAS_0011hrl1155ra,6,0,107.33333333333333,,127.0,
RWS01_MONIBAS_0091hrr0359ra,6,0,69.0,,72.0,
RWS01_MONIBAS_0160vwm0353ra,4,0,-1.0,,-1.0,
RWS01_MONICA_00D00F07F400D007000B,8,0,95.9375,,105.0,
RWS01_MONIBAS_0161hrr0673ra,4,0,101.0,,108.0,
RWS01_MONIBAS_0671hrr0737ra,16,0,80.955,,105.0,
RWS01_MONIBAS_0151hrr0746ra,8,0,62.5,,93.0,
RWS01_MONIBAS_0161hrl0514ra,6,0,98.33333333333333,,112.0,
RWS01_MONIBAS_0121hrl0637ra,4,0,-1.0,,-1.0,
RWS01_MONICA_10D00401382928200009,2,0,-1.0,,-1.0,
RWS01_MONICA_00D00F07F400D0070007,8,0,53.0,,107.0,
RWS01_MONIBAS_0501hrl2038ra,4,0,-1.0,,-1.0,
RWS01_MONIBAS_0500vwd2159ra,8,0,-1.0,,-1.0,
RWS01_MONICA_10D00401382928200005,2,0,-1.0,,-1.0,
RWS01_MONIBAS_0121hrl0637rb,4,0,-1.0,,-1.0,
RWS01_MONICA_00D00C09F0003020000B,8,0,93.5,,101.0,
RWS01_MONICA_00D00C0C1414D0070087,8,0,42.5,,86.0,
RWS01_MONICA_00D00C09F0003020000F,8,0,89.6975,,94.0,
RWS01_MONIBAS_0670vwb0586ra,8,0,40.0,,81.0,
RWS01_MONIBAS_0121hrr0788ra,6,0,66.66666666666667,,108.0,
RWS01_MONIBAS_0021hrr2359ra,6,0,88.0,,93.0,
RWS01_MONICA_10D0040138292820000D,2,0,-1.0,,-1.0,
RWS01_MONIBAS_0121hrl0388ra,8,0,73.25,,82.0,
RWS01_MONIBAS_0121hrl0135ra,6,0,100.66666666666667,,110.0,
RWS01_MONICA_10D00401382928200011,2,0,-1.0,,-1.0,
RWS01_MONIBAS_0591hrr0994ra,16,0,40.69875,,45.0,
RWS01_MONIBAS_0151hrr0986ra,4,0,91.0,,98.0,
RWS01_MONICA_00D0321C905AD0050005,8,0,-1.0,,-1.0,
RWS01_MONICA_00D01B0F4450B0200005,8,0,44.75,,60.0,
RWS01_MONICA_00D0321C905AD0050009,8,0,-1.0,,-1.0,
RWS01_MONIBAS_0020vwa1937ra,8,0,73.0,,75.0,
RWS01_MONICA_00D00C09F00030200007,8,0,76.6175,,103.0,
RWS01_MONIBAS_0281hrl0323ra,4,0,98.5,,105.0,
RWS01_MONIBAS_0151hrl1913ra,4,0,108.0,,113.0,
RWS01_MONIBAS_0020vwc1830ra,8,0,-1.0,,-1.0,
RWS01_MONIBAS_0061hrr0481ra,6,0,107.66666666666667,,119.0,
RWS01_MONICA_00D01C150046D0050005,8,0,83.125,,112.0,
RWS01_MONICA_00D0100A8400D007000B,8,0,68.25,,97.0,
RWS01_MONICA_00D00A026C46D005000D,8,0,83.6625,,86.0,
RWS01_MONICA_00D01C150046D0050009,8,0,97.0325,,106.0,
RWS01_MONIBAS_0021hrr1758ra,8,0,37.25,,69.0,
RWS01_MONICA_00D0100A8400D0070007,8,0,53.5,,108.0,
RWS01_MONIBAS_0161hrr0063ra,4,0,101.0,,110.0,
RWS01_MONIBAS_0160vwm0340ra,4,0,83.5,,90.0,
RWS01_MONICA_00D00C0A9427D0050011,8,0,90.375,,96.0,
RWS01_MONIBAS_3251hrr0147ra,6,0,77.66666666666667,,81.0,
RWS01_MONIBAS_0270vwc1140ra,8,0,18.0,,37.0,
RWS01_MONIBAS_0150vwe0601ra,4,0,104.5,,110.0,
RWS01_MONICA_00D00C0A9427D005000D,8,0,51.0,,103.0,
RWS01_MONIBAS_0010vwd0269ra,2,0,51.0,,51.0,
RWS01_MONIBAS_0091hrr0119ra,6,0,88.0,,98.0,
RWS01_MONICA_00D00705883CD0070007,8,0,-1.0,,-1.0,
RWS01_MONICA_00D00C0A9427D0050009,8,0,53.5,,108.0,
RWS01_MONICA_00D00C0A9427D0050005,8,0,59.5,,120.0,
RWS01_MONICA_00D00705883CD007000B,8,0,-1.0,,-1.0,
RWS01_MONIBAS_0021hrr2346ra,6,0,89.0,,97.0,
RWS01_MONICA_00D00223A84BD007000B,8,0,66.7,,90.0,
RWS01_MONIBAS_0501hrl1424ra,8,0,39.5,,57.0,
RWS01_MONIBAS_0091hrr0096ra,4,0,122.0,,149.0,
RWS01_MONICA_00D00223A84BD0070007,8,0,47.0,,95.0,
RWS01_MONIBAS_0020vwn0606ra,6,0,67.33333333333333,,108.0,
RWS01_MONIBAS_0061hrr0504ra,4,0,107.0,,114.0,
RWS01_MONIBAS_0011hrr0124ra_1,40,0,68.22999999999999,,120.0,
RWS01_MONICA_00D014022432D0050005,8,0,57.0,,115.0,
RWS01_MONICA_00D01001C80008200007,8,0,33.0,,67.0,
RWS01_MONIBAS_0091hrr0572ra,6,0,97.0,,105.0,
RWS01_MONIBAS_0121hrl0028rb,2,0,-1.0,,-1.0,
RWS01_MONICA_10D004012C0028200009,2,0,88.0,,88.0,
RWS01_MONIBAS_0020vwb1830ra,8,0,-1.0,,-1.0,
RWS01_MONIBAS_0151hrr0257ra,4,0,103.5,,111.0,
RWS01_MONICA_00D03A09C85FD0050009,8,0,-1.0,,-1.0,
RWS01_MONICA_00D03A09C85FD0050005,8,0,-1.0,,-1.0,
RWS01_MONIBAS_0021hrr1388ra,6,0,97.66666666666667,,105.0,
RWS01_MONIBAS_0291hrl0143ra,6,0,105.66666666666667,,112.0,
RWS01_MONIBAS_0070vwj0052ra,2,0,57.0,,57.0,
RWS01_MONIBAS_0091hrl0074ra,4,0,95.0,,99.0,
RWS01_MONIBAS_0160vwm0379ra,2,0,66.0,,66.0,
RWS01_MONIBAS_0150vwd0507ra,2,0,83.0,,83.0,
RWS01_MONIBAS_0101hrl0094ra,6,0,86.0,,92.0,
RWS01_MONIBAS_0271hrl0227ra,4,0,104.5,,111.0,
RWS01_MONICA_00D01001D05ED0050085,8,0,-1.0,,-1.0,
RWS01_MONIBAS_0500vws2038ra,2,0,83.0,,83.0,
RWS01_MONICA_00D01C0ED05FD0050305,8,0,46.0,,93.0,
RWS01_MONICA_10D004012C0028200005,2,0,98.0,,98.0,
RWS01_MONICA_00D00F0C2846D0070087,8,0,6.5,,14.0,
RWS01_MONICA_00D0010D8C1E68200009,8,0,91.4225,,96.0,
RWS01_MONICA_00D00F0C2846D007008B,8,0,29.0,,59.0,
RWS01_MONICA_00D0010D8C1E68200005,8,0,50.0,,101.0,
RWS01_MONICA_00D014022432D0050009,8,0,88.7625,,95.0,
RWS01_MONIBAS_0060vwp0463ra,4,0,104.5,,105.0,
RWS01_MONIBAS_0151hrl0560ra,6,0,105.0,,126.0,
RWS01_MONIBAS_0070vwk0052ra,6,0,-1.0,,-1.0,
RWS01_MONIBAS_0150vwy0470ra,4,0,106.5,,117.0,
RWS01_MONIBAS_0500vwe0970ra,4,0,81.0,,88.0,
RWS01_MONIBAS_0150vwy0626ra,6,0,82.66666666666667,,86.0,
RWS01_MONICA_00D03B0A542888200007,8,0,49.0,,99.0,
RWS01_MONIBAS_0500vwm2065ra,2,0,-1.0,,-1.0,
RWS01_MONIBAS_0091hrr0692rb,4,0,88.5,,94.0,
RWS01_MONIBAS_0091hrr0692ra,4,0,95.0,,101.0,
RWS01_MONIBAS_0501hrl1891rb,24,0,48.3425,,56.0,
RWS01_MONIBAS_0501hrl1891ra,6,0,36.0,,41.0,
RWS01_MONIBAS_0121hrr0152ra,6,0,99.0,,104.0,
RWS01_MONIBAS_0160vwr0246ra,2,0,76.0,,76.0,
RWS01_MONIBAS_0581hrr0498ra,4,0,89.5,,96.0,
RWS01_MONIBAS_0051hrr0016ra,4,0,38.0,,44.0,
RWS01_MONIBAS_0021hrr0894ra,10,0,43.2,,100.0,
RWS01_MONIBAS_0270vwv0712ra,2,0,54.0,,54.0,
RWS01_MONIBAS_0730vwa0987ra,8,0,51.285,,71.0,
RWS01_MONICA_00D010023016D0050009,8,0,-1.0,,-1.0,
RWS01_MONICA_00D010074019D005000D,8,0,64.48,,71.0,
RWS01_MONICA_00D010023016D0050005,8,0,-1.0,,-1.0,
RWS01_MONIBAS_0121hrl0731ra,2,0,97.0,,97.0,
RWS01_MONICA_00D00408741410200005,8,0,14.0425,,16.0,
RWS01_MONIBAS_0091hrl0087ra,4,0,93.0,,97.0,
RWS01_MONIBAS_0121hrr0285ra,8,0,102.25,,116.0,
RWS01_MONICA_10D00A04741918200005,2,0,62.0,,62.0,
RWS01_MONIBAS_0321hrl0452ra,16,0,45.3125,,103.0,
RWS01_MONIBAS_0121hrl0028ra,4,0,72.5,,76.0,
RWS01_MONICA_00D010074019D0050005,8,0,40.525,,55.0,
RWS01_MONIBAS_0090vwx0101rb,4,0,102.0,,107.0,
RWS01_MONIBAS_0150vwx0470ra,4,0,97.5,,105.0,
RWS01_MONIBAS_0500vwx2038ra,2,0,-1.0,,-1.0,
RWS01_MONICA_00D010074019D0050009,8,0,51.03,,54.0,
RWS01_MONIBAS_0090vwx0101ra,2,0,109.0,,109.0,
RWS01_MONIBAS_0021hrr0761ra,10,0,-1.0,,-1.0,
RWS01_MONIBAS_0090vwq0043ra,6,0,-1.0,,-1.0,
RWS01_MONIBAS_0091hrl0204ra,4,0,93.5,,95.0,
RWS01_MONICA_00D00423D80008200007,8,0,59.1375,,81.0,
RWS01_MONIBAS_0021hrr0774ra,10,0,66.2,,104.0,
RWS01_MONICA_00D0321E6C55D0070187,8,0,-1.0,,-1.0,
RWS01_MONIBAS_0500vwt0969rb,2,0,70.0,,70.0,
RWS01_MONIBAS_0500vwt0969ra,4,0,78.0,,82.0,
RWS01_MONIBAS_0290vws0103ra,4,0,95.5,,100.0,
RWS01_MONIBAS_0151hrl0729ra,8,0,100.0,,112.0,
RWS01_MONIBAS_4341hrr0046ra,4,0,65.0,,66.0,
RWS01_MONICA_00D049072839D007000B,8,0,95.07,,101.0,
RWS01_MONICA_00D049072839D0070007,8,0,77.145,,106.0,
RWS01_MONIBAS_0281hrr0127ra,6,0,25.333333333333332,,27.0,
RWS01_MONIBAS_0020vwn0356ra,8,0,76.25,,106.0,
RWS01_MONIBAS_0041hrr0565ra,4,0,17.5,,27.0,
RWS01_MONIBAS_0151hrl0466ra,6,0,112.0,,131.0,
RWS01_MONIBAS_0151hrl0200ra,6,0,-1.0,,-1.0,
RWS01_MONICA_00D01C02A80FD0070007,8,0,68.435,,92.0,
RWS01_MONIBAS_0091hrl0337ra,6,0,108.33333333333333,,116.0,
RWS01_MONIBAS_0021hrr1122ra,4,0,98.5,,101.0,
RWS01_MONIBAS_0160vwf0153ra,4,0,36.5,,38.0,
RWS01_MONIBAS_0150vwp0577ra,4,0,109.5,,116.0,
RWS01_MONIBAS_0010vwn0896ra,4,0,100.5,,108.0,
RWS01_MONIBAS_0010vwm0883ra,6,0,91.66666666666667,,95.0,
RWS01_MONICA_00D010014C00D005000D,8,0,-1.0,,-1.0,
RWS01_MONICA_00D01C02A80FD007000F,8,0,76.5125,,78.0,
RWS01_MONICA_00D002283C4ED0050005,8,0,34.0,,69.0,
RWS01_MONICA_00D01C02A80FD007000B,8,0,63.925,,87.0,
RWS01_MONIBAS_0161hrr0566ra,6,0,100.0,,112.0,
RWS01_MONIBAS_0150vwn0599ra,2,0,100.0,,100.0,
RWS01_MONICA_00D010014C00D0050005,8,0,-1.0,,-1.0,
RWS01_MONIBAS_0011hrr0950ra,8,0,109.5,,126.0,
RWS01_MONICA_00D010014C00D0050009,8,0,-1.0,,-1.0,
RWS01_MONIBAS_0121hrr1269rb,4,0,34.0,,69.0,
RWS01_MONIBAS_0581hrr0378ra,6,0,103.0,,111.0,
RWS01_MONIBAS_0281hrl1284ra,16,0,95.43125,,105.0,
RWS01_MONIBAS_0121hrr1269ra,4,0,85.0,,90.0,
RWS01_MONIBAS_0061hrl0602ra,4,0,110.5,,116.0,
RWS01_MONIBAS_0040vwm0365ra,4,0,56.5,,59.0,
RWS01_MONIBAS_0161hrr0300ra,8,0,107.25,,136.0,
RWS01_MONICA_00D023069C1E00200007,8,0,34.0,,69.0,
RWS01_MONICA_00D01402605AD0070007,8,0,61.0,,123.0,
RWS01_MONIBAS_0011hrl0541ra,6,0,44.0,,55.0,
RWS01_MONICA_00D04305E407D0070007,8,0,-1.0,,-1.0,
RWS01_MONICA_00D01402605AD007000B,8,0,73.87,,103.0,
RWS01_MONIBAS_0071hrl1698ra,16,0,69.05375000000001,,99.0,
RWS01_MONIBAS_0021hrr1242ra,6,0,106.33333333333333,,117.0,
RWS01_MONIBAS_0131hrr0119ra,8,0,93.0,,103.0,
RWS01_MONIBAS_0071hrr0122ra_1,24,0,42.17166666666667,,75.0,
RWS01_MONICA_00D0071F503910200005,8,0,-1.0,,-1.0,
RWS01_MONICA_00D04305E407D007000B,8,0,-1.0,,-1.0,
RWS01_MONICA_00D002283C4ED0050009,8,0,45.81,,47.0,
RWS01_MONICA_00D00218B00F6020000F,8,0,36.0,,73.0,
RWS01_MONIBAS_0101hrr0037ra,6,0,105.0,,120.0,
RWS01_MONIBAS_0021hrr0678ra,8,0,35.25,,44.0,
RWS01_MONIBAS_0271hrl0551ra,6,0,15.0,,17.0,
RWS01_MONICA_00D00218B00F6020000B,8,0,55.17,,76.0,
RWS01_MONIBAS_0150vwy0498ra,2,0,101.0,,101.0,
RWS01_MONIBAS_0280vwa0722ra,8,0,52.0625,,71.0,
RWS01_MONICA_00D002110041D007000F,8,0,81.5875,,84.0,
RWS01_MONICA_00D00103E03CD0070187,8,0,-1.0,,-1.0,
RWS01_MONICA_00D00218B00F60200007,8,0,45.0,,91.0,
RWS01_MONICA_00D002110041D007000B,8,0,90.3675,,92.0,
RWS01_MONICA_00D00F0C2846D007000B,8,0,73.5325,,77.0,
RWS01_MONICA_00D04305C82DD0050009,8,0,-1.0,,-1.0,
RWS01_MONIBAS_0150vwy0508ra,4,0,103.0,,107.0,
RWS01_MONICA_00D04305C82DD0050005,8,0,-1.0,,-1.0,
RWS01_MONIBAS_0041hrr0315ra,6,0,66.33333333333333,,77.0,
RWS01_MONIBAS_3251hrl0201ra,4,0,84.0,,87.0,
RWS01_MONIBAS_0091hrl0697ra,4,0,-1.0,,-1.0,
RWS01_MONIBAS_0021hrl0409ra,10,0,98.2,,104.0,
RWS01_MONICA_00D00F0C2846D007000F,8,0,59.6875,,98.0,
RWS01_MONICA_00D00114AC0AD007000F,8,0,-1.0,,-1.0,
RWS01_MONIBAS_0011hrr0847ra,6,0,107.0,,111.0,
RWS01_MONIBAS_0040vwh0696ra,4,0,77.0,,81.0,
RWS01_MONICA_00D0021A401D6020000B,8,0,74.5525,,78.0,
RWS01_MONIBAS_0010vwd1695ra,8,0,85.375,,91.0,
RWS01_MONIBAS_0071hrr0156ra,6,0,115.66666666666667,,124.0,
RWS01_MONICA_00D00102901D20200007,8,0,48.0,,97.0,
RWS01_MONICA_00D00F0C2846D0070007,8,0,60.0875,,85.0,
RWS01_MONICA_00D0021A401D60200007,8,0,65.365,,92.0,
RWS01_MONICA_00D01B0F5C00D0070007,8,0,9.5,,20.0,
RWS01_MONICA_10D004055C0560200087,2,0,86.0,,86.0,
RWS01_MONIBAS_0021hrr0558ra,10,0,22.2,,35.0,
RWS01_MONIBAS_0060vwq0468ra,2,0,-1.0,,-1.0,
RWS01_MONIBAS_0041hrl0169ra,12,0,98.16666666666667,,107.0,
RWS01_MONIBAS_0500vwe0974ra,4,0,81.0,,86.0,
RWS01_MONICA_10D00A04783708200007,2,0,6.0,,6.0,
RWS01_MONICA_00D01B0F5C00D007000B,8,0,14.0975,,23.0,
RWS01_MONICA_00D00114AC0AD007000B,8,0,72.8325,,103.0,
RWS01_MONIBAS_0581hrl0309ra,4,0,80.0,,90.0,
RWS01_MONIBAS_0091hrl0324ra,12,0,107.16666666666667,,123.0,
RWS01_MONIBAS_0041hrr0629ra_1,16,0,91.08375,,123.0,
RWS01_MONICA_00D00114AC0AD0070007,8,0,55.0,,111.0,
RWS01_MONIBAS_0200vwr0353ra,4,0,15.0,,16.0,
RWS01_MONIBAS_0041hrl0036ra,8,0,100.0,,110.0,
RWS01_MONICA_00D002110041D0070007,8,0,75.34,,102.0,
RWS01_MONIBAS_0040vwm0136ra,4,0,19.0,,24.0,
RWS01_MONIBAS_0041hrr0172ra,10,0,43.8,,57.0,
RWS01_MONIBAS_0281hrr0149ra,6,0,23.333333333333332,,26.0,
RWS01_MONIBAS_2421hrr0312ra,4,0,-1.0,,-1.0,
RWS01_MONIBAS_0061hrl0843ra,16,0,63.5,,109.0,
RWS01_MONIBAS_0011hrr0331ra,8,0,105.5,,118.0,
RWS01_MONICA_10D0020EEC03D0050005,2,0,134.0,,134.0,
RWS01_MONIBAS_0100vwn0302ra,4,0,99.5,,106.0,
RWS01_MONIBAS_0020vwa2428ra,2,0,79.0,,79.0,
RWS01_MONIBAS_0270vwx0364rb,2,0,-1.0,,-1.0,
RWS01_MONIBAS_0270vwx0364ra,2,0,-1.0,,-1.0,
RWS01_MONIBAS_0021hrl0649ra,6,0,93.0,,102.0,
RWS01_MONIBAS_0101hrr0144ra,10,0,67.8,,90.0,
RWS01_MONICA_10D00704A83C60200007,2,0,-1.0,,-1.0,
RWS01_MONIBAS_0100vwa0195ra,4,0,28.0,,57.0,
RWS01_MONICA_10D0020EEC03D005000D,2,0,99.0,,99.0,
RWS01_MONICA_00D01B02D857D0070007,8,0,-1.0,,-1.0,
RWS01_MONICA_00D0011060410020000B,8,0,37.5,,76.0,
RWS01_MONICA_00D0020A1014D0050005,8,0,-1.0,,-1.0,
RWS01_MONICA_00D04F02AC4E88200007,8,0,-1.0,,-1.0,
RWS01_MONICA_00D010027C0010200005,8,0,34.1075,,48.0,
RWS01_MONIBAS_0041hrr0422ra,8,0,25.25,,35.0,
RWS01_MONICA_10D0020EEC03D0050009,2,0,109.0,,109.0,
RWS01_MONICA_00D0020A1014D0050009,8,0,-1.0,,-1.0,
RWS01_MONICA_00D01B02D857D007000B,8,0,-1.0,,-1.0,
RWS01_MONIBAS_0090vwq0047ra,4,0,-1.0,,-1.0,
RWS01_MONIBAS_0061hrl0473ra,2,0,-1.0,,-1.0,
RWS01_MONIBAS_0061hrl0473rb,4,0,104.5,,106.0,
RWS01_MONIBAS_0160vwn0341ra,4,0,101.5,,109.0,
RWS01_MONICA_00D00219E01ED0050009,8,0,6.3325,,8.0,
RWS01_MONIBAS_0021hrr0318ra,2,0,103.0,,103.0,
RWS01_MONIBAS_0160vwx0252ra,4,0,102.0,,103.0,
RWS01_MONIBAS_0160vwx0252rb,4,0,90.5,,91.0,
RWS01_MONIBAS_0070vwb1810ra,8,0,-1.0,,-1.0,
RWS01_MONIBAS_0081hrl0078ra,4,0,100.0,,108.0,
RWS01_MONIBAS_0151hrr1563ra,6,0,58.333333333333336,,100.0,
RWS01_MONIBAS_0200vwu0232ra,4,0,87.5,,95.0,
RWS01_MONIBAS_0121hrl1323ra,6,0,90.0,,102.0,
RWS01_MONIBAS_0021hrl0373ra,12,0,74.0,,110.0,
RWS01_MONIBAS_0021hrl1425ra,8,0,97.25,,103.0,
RWS01_MONIBAS_0151hrl0812ra,4,0,96.5,,98.0,
RWS01_MONICA_00D0010D3005D007000B,8,0,92.3125,,96.0,
RWS01_MONICA_00D0010D3005D0070007,8,0,84.5075,,118.0,
RWS01_MONIBAS_0150vwf0394ra,2,0,104.0,,104.0,
RWS01_MONIBAS_0150vwy0628ra,6,0,84.66666666666667,,95.0,
RWS01_MONIBAS_0101hrr0157ra,6,0,24.666666666666668,,26.0,
RWS01_MONIBAS_0010vwe0081ra,4,0,40.5,,82.0,
RWS01_MONIBAS_0271hrl0814ra,6,0,93.33333333333333,,99.0,
RWS01_MONIBAS_0280vwd1598ra,8,0,-1.0,,-1.0,
RWS01_MONICA_00D00219E01ED0050005,8,0,5.3325,,9.0,
RWS01_MONIBAS_0071hrr0049ra,6,0,-1.0,,-1.0,
RWS01_MONIBAS_0151hrr0378ra,6,0,94.0,,109.0,
RWS01_MONIBAS_0271hrl0791ra,4,0,24.0,,26.0,
RWS01_MONIBAS_0060vwq0455ra,4,0,-1.0,,-1.0,
RWS01_MONIBAS_0020vwg0648ra,4,0,91.0,,98.0,
RWS01_MONIBAS_0020vwg0648rb,4,0,85.0,,86.0,
RWS01_MONIBAS_0011hrl0194ra,6,0,-1.0,,-1.0,
RWS01_MONIBAS_0021hrr0438ra,10,0,97.2,,107.0,
RWS01_MONIBAS_0131hrr0115ra,6,0,95.33333333333333,,104.0,
RWS01_MONIBAS_0500vwe1478ra,4,0,46.5,,94.0,
RWS01_MONIBAS_0581hrl0416ra,4,0,96.0,,100.0,
RWS01_MONIBAS_0071hrl2150ra,16,0,53.75,,118.0,
RWS01_MONIBAS_0021hrl1678ra,6,0,66.0,,71.0,
RWS01_MONIBAS_0271hrl0194ra,4,0,86.0,,97.0,
RWS01_MONIBAS_0020vwc2327ra,2,0,78.0,,78.0,
RWS01_MONICA_00D014023014D0050005,8,0,54.5,,110.0,
RWS01_MONIBAS_0581hrl0536ra,4,0,90.5,,97.0,
RWS01_MONICA_00D014023014D0050009,8,0,68.365,,96.0,
RWS01_MONIBAS_0281hrl0084ra,6,0,97.0,,106.0,
RWS01_MONIBAS_0280vwh0852ra,4,0,81.5,,93.0,
RWS01_MONIBAS_0090vwy0082ra,6,0,89.66666666666667,,96.0,
RWS01_MONIBAS_0101hrl0115ra,6,0,103.0,,113.0,
RWS01_MONICA_00D014039800D0070007,8,0,64.0,,129.0,
RWS01_MONICA_00D0010E243CD0070017,8,0,84.6975,,87.0,
RWS01_MONIBAS_0270vwy0367rb,2,0,48.0,,48.0,
RWS01_MONIBAS_0071hrr0370ra,4,0,106.5,,112.0,
RWS01_MONIBAS_0270vwy0367ra,2,0,7.0,,7.0,
RWS01_MONICA_00D00218B00F60200087,8,0,58.0625,,83.0,
RWS01_MONIBAS_0280vwx0267ra,4,0,89.0,,91.0,
RWS01_MONIBAS_0020vwn0560rb,4,0,91.5,,96.0,
RWS01_MONIBAS_0121hrr1472ra,6,0,65.66666666666667,,106.0,
RWS01_MONIBAS_0020vwn0560ra,4,0,100.0,,101.0,
RWS01_MONICA_00D014039800D007000F,8,0,52.0,,105.0,
RWS01_MONIBAS_0020vwa1826ra,8,0,-1.0,,-1.0,
RWS01_MONICA_00D014039800D007000B,8,0,53.0,,107.0,
RWS01_MONIBAS_0271hrr0353ra,4,0,90.0,,97.0,
RWS01_MONICA_00D01C0E883700200007,8,0,41.0,,83.0,
RWS01_MONICA_00D010020C5FD0070007,8,0,70.175,,109.0,
RWS01_MONIBAS_0071hrl0221ra,4,0,105.5,,111.0,
RWS01_MONIBAS_0161hrr0317ra,10,0,61.2,,84.0,
RWS01_MONIBAS_0161hrl0260ra,8,0,102.25,,108.0,
RWS01_MONIBAS_0021hrl1785ra,4,0,68.5,,72.0,
RWS01_MONIBAS_0041hrl0415ra,8,0,97.75,,104.0,
RWS01_MONICA_00D04F02C04BA8200007,8,0,-1.0,,-1.0,
RWS01_MONIBAS_0051hrl0081ra,4,0,99.0,,107.0,
RWS01_MONIBAS_0121hrl0498ra,8,0,58.25,,68.0,
RWS01_MONIBAS_0021hrl0516ra,10,0,97.8,,102.0,
RWS01_MONIBAS_0100vwp0321ra,10,0,15.0,,28.0,
RWS01_MONIBAS_0321hrl0085ra,4,0,99.5,,105.0,
RWS01_MONICA_00D002283046D0050005,8,0,-1.0,,-1.0,
RWS01_MONIBAS_0201hrl0333ra,6,0,82.66666666666667,,89.0,
RWS01_MONIBAS_0061hrr0756ra,16,0,-1.0,,-1.0,
RWS01_MONIBAS_0070vwc1994ra,2,0,72.0,,72.0,
RWS01_MONICA_00D0010E243CD0070013,8,0,90.9475,,95.0,
RWS01_MONICA_00D0010E243CD007000F,8,0,94.7025,,102.0,
RWS01_MONIBAS_0161hrr0174ra,6,0,95.66666666666667,,105.0,
RWS01_MONIBAS_0161hrr0174rb,4,0,90.0,,93.0,
RWS01_MONIBAS_0020vwm1159ra,8,0,101.5,,111.0,
RWS01_MONICA_00D00221C02DD0050009,8,0,91.075,,98.0,
RWS01_MONIBAS_0090vwy0095rb,4,0,94.5,,99.0,
RWS01_MONIBAS_0021hrl0493ra,10,0,95.0,,103.0,
RWS01_MONICA_00D0010E243CD007000B,8,0,84.14,,125.0,
RWS01_MONIBAS_0071hrl0354ra,4,0,106.0,,110.0,
RWS01_MONIBAS_0090vwy0095ra,2,0,95.0,,95.0,
RWS01_MONICA_00D0010E243CD0070007,8,0,59.0,,119.0,
RWS01_MONICA_00D00221C02DD0050005,8,0,51.5,,104.0,
RWS01_MONIBAS_0161hrl0510ra,6,0,100.33333333333333,,111.0,
RWS01_MONIBAS_0501hrr1585ra,6,0,88.33333333333333,,96.0,
RWS01_MONICA_00D032195C32D005000D,8,0,19.1125,,28.0,
RWS01_MONIBAS_0351hrl0760ra,8,0,-1.0,,-1.0,
RWS01_MONIBAS_0351hrr0335ra,2,0,80.0,,80.0,
RWS01_MONIBAS_0201hrl0346ra,4,0,29.5,,35.0,
RWS01_MONIBAS_0201hrl0346rb,4,0,44.0,,46.0,
RWS01_MONIBAS_0441hrr0188ra,8,0,103.5,,122.0,
RWS01_MONIBAS_0041hrr0328ra,6,0,55.666666666666664,,61.0,
RWS01_MONIBAS_0081hrr0081ra,4,0,93.5,,100.0,
RWS01_MONIBAS_0121hrl0508ra,8,0,29.5,,50.0,
RWS01_MONIBAS_0011hrl0920ra,8,0,107.75,,119.0,
RWS01_MONIBAS_0091hrr0344ra,6,0,103.0,,110.0,
RWS01_MONICA_00D025037841D0070087,8,0,-1.0,,-1.0,
RWS01_MONICA_00D032195C32D0050005,8,0,18.0,,37.0,
RWS01_MONIBAS_0021hrr1743ra,6,0,42.0,,46.0,
RWS01_MONICA_00D032195C32D0050009,8,0,21.9525,,31.0,
RWS01_MONIBAS_0091hrr0081ra,4,0,96.0,,102.0,
RWS01_MONIBAS_0091hrl0551ra,4,0,111.0,,118.0,
RWS01_MONICA_00D03A051846D0050305,8,0,-1.0,,-1.0,
RWS01_MONIBAS_0041hrl0535ra,4,0,20.5,,21.0,
RWS01_MONIBAS_0281hrr0350ra,4,0,97.0,,101.0,
RWS01_MONIBAS_0151hrl1894ra,4,0,39.0,,79.0,
RWS01_MONIBAS_0101hrl0222rb,4,0,12.0,,14.0,
RWS01_MONIBAS_0101hrl0222ra,4,0,54.0,,62.0,
RWS01_MONIBAS_0201hrl0213ra,6,0,108.33333333333333,,138.0,
RWS01_MONIBAS_0071hrl1944ra,6,0,93.33333333333333,,101.0,
RWS01_MONIBAS_0671hrr0583ra,16,0,71.0525,,105.0,
RWS01_MONIBAS_0041hrr0052ra,6,0,101.33333333333333,,110.0,
RWS01_MONICA_00D00219203A68200005,8,0,87.6125,,90.0,
RWS01_MONICA_00D04304445FD0050009,8,0,81.4025,,85.0,
RWS01_MONICA_00D00219203A68200009,8,0,74.555,,76.0,
RWS01_MONIBAS_0050vwg0080ra,4,0,-1.0,,-1.0,
RWS01_MONICA_00D04304445FD0050005,8,0,72.72749999999999,,98.0,
RWS01_MONIBAS_0020vwb2061ra,8,0,36.0,,73.0,
RWS01_MONIBAS_0021hrl0623ra,10,0,61.0,,111.0,
RWS01_MONIBAS_0010vwm0298ra,4,0,86.5,,91.0,
RWS01_MONICA_00D01001743CD0070007,8,0,55.0,,111.0,
RWS01_MONIBAS_3250vwy0137ra,4,0,90.5,,95.0,
RWS01_MONICA_00D032171032D0070007,8,0,102.22,,103.0,
RWS01_MONIBAS_0021hrr2572ra,2,0,78.0,,78.0,
RWS01_MONIBAS_0201hrl0226ra,8,0,104.0,,119.0,
RWS01_MONIBAS_0281hrl0930ra,6,0,61.666666666666664,,104.0,
RWS01_MONICA_00D01001743CD007000F,8,0,68.5525,,98.0,
RWS01_MONICA_00D01001743CD007000B,8,0,48.0,,97.0,
RWS01_MONICA_00D01402A43CD007000B,8,0,98.1525,,112.0,
RWS01_MONICA_00D00225F04B00200007,8,0,-1.0,,-1.0,
RWS01_MONICA_00D00909C43CD0050185,8,0,-1.0,,-1.0,
RWS01_MONIBAS_0021hrl0889ra,10,0,84.6,,117.0,
RWS01_MONICA_00D032171032D007000B,8,0,91.0525,,100.0,
RWS01_MONIBAS_0020vwd1825ra,8,0,-1.0,,-1.0,
RWS01_MONIBAS_0581hrr0601ra,4,0,79.5,,85.0,
RWS01_MONIBAS_0121hrl0351ra,8,0,99.0,,108.0,
RWS01_MONIBAS_0040vwm0720ra,6,0,36.0,,41.0,
RWS01_MONIBAS_0060vwm0457ra,6,0,102.66666666666667,,110.0,
RWS01_MONICA_00D01402A43CD0070007,8,0,52.0,,105.0,
RWS01_MONIBAS_0011hrr1062ra,8,0,95.75,,106.0,
RWS01_MONIBAS_0021hrl1772ra,4,0,94.0,,99.0,
RWS01_MONIBAS_0321hrl0072ra,4,0,95.0,,98.0,
RWS01_MONIBAS_0071hrl0091ra,6,0,103.0,,113.0,
RWS01_MONIBAS_0671hrr0330ra,4,0,94.0,,100.0,
RWS01_MONIBAS_0151hrr0867ra,4,0,75.5,,80.0,
RWS01_MONIBAS_0501hrr1691ra,8,0,52.0,,90.0,
RWS01_MONIBAS_0671hrl0301ra,4,0,96.5,,98.0,
RWS01_MONIBAS_0021hrr1624ra,4,0,95.5,,103.0,
RWS01_MONIBAS_0060vwp0479ra,2,0,92.0,,92.0,
RWS01_MONIBAS_0271hrr0126ra,4,0,39.0,,40.0,
RWS01_MONICA_00D009054414D007030B,8,0,68.3675,,92.0,
RWS01_MONIBAS_0101hrl0221ra_1,16,0,50.2725,,67.0,
RWS01_MONICA_00D0010DC00048200007,8,0,43.9075,,61.0,
RWS01_MONIBAS_0020vwn0599ra,6,0,73.0,,116.0,
RWS01_MONIBAS_0591hrr1332ra,4,0,81.5,,84.0,
RWS01_MONICA_00D00210C80A10200005,8,0,61.667500000000004,,83.0,
RWS01_MONIBAS_0021hrl1224ra,6,0,15.666666666666666,,49.0,
RWS01_MONIBAS_0121hrl0627ra,4,0,4.0,,9.0,
RWS01_MONICA_00D009054414D0070307,8,0,72.4875,,98.0,
RWS01_MONIBAS_0160vwd0492ra,2,0,52.0,,52.0,
RWS01_MONIBAS_0281hrr0853ra,2,0,52.0,,52.0,
RWS01_MONIBAS_0271hrr0671ra_1,24,0,-1.0,,-1.0,
RWS01_MONIBAS_0201hrl0359ra,6,0,75.0,,85.0,
RWS01_MONIBAS_0501hrl1819ra,4,0,28.0,,29.0,
RWS01_MONIBAS_0581hrr0627ra,2,0,60.0,,60.0,
RWS01_MONIBAS_0501hrr2209ra,16,0,-1.0,,-1.0,
RWS01_MONIBAS_0670vwt0186ra,4,0,85.0,,86.0,
RWS01_MONICA_00D001120C5FD0050005,8,0,63.0,,127.0,
RWS01_MONIBAS_0220vwq0121ra,4,0,102.5,,110.0,
RWS01_MONIBAS_0091hrr0225ra,6,0,-1.0,,-1.0,
RWS01_MONIBAS_0161hrl0154ra,4,0,22.5,,25.0,
RWS01_MONIBAS_0581hrr0364ra,4,0,97.5,,100.0,
RWS01_MONIBAS_0020vwn0609ra,6,0,67.33333333333333,,111.0,
RWS01_MONIBAS_0241hrl0019ra,6,0,116.66666666666667,,129.0,
RWS01_MONIBAS_0151hrl0589ra,6,0,103.0,,114.0,
RWS01_MONIBAS_0151hrl0719ra,6,0,102.0,,114.0,
RWS01_MONIBAS_0281hrr0840ra,6,0,52.0,,57.0,
RWS01_MONIBAS_0161hrl0287ra,6,0,100.0,,113.0,
RWS01_MONIBAS_0150vwn0968ra,4,0,102.0,,118.0,
RWS01_MONIBAS_0161hrl0287rb,4,0,86.0,,88.0,
RWS01_MONIBAS_0010vwq0150ra,6,0,-1.0,,-1.0,
RWS01_MONIBAS_0201hrr0230rb,4,0,87.0,,92.0,
RWS01_MONICA_00D01B08C828A0200009,8,0,-1.0,,-1.0,
RWS01_MONIBAS_0201hrr0230ra,6,0,112.66666666666667,,128.0,
RWS01_MONICA_00D01B08C828A0200005,8,0,-1.0,,-1.0,
RWS01_MONIBAS_0091hrl0414ra_1,24,0,57.468333333333334,,112.0,
RWS01_MONIBAS_0091hrr0082ra,4,0,100.5,,105.0,
RWS01_MONIBAS_0151hrl0323ra,4,0,103.0,,117.0,
RWS01_MONIBAS_0241hrl0006ra,4,0,113.5,,120.0,
RWS01_MONIBAS_0061hrr0529ra,4,0,103.5,,109.0,
RWS01_MONIBAS_0201hrr0363ra,6,0,90.33333333333333,,101.0,
RWS01_MONIBAS_0021hrr1361ra,6,0,105.0,,113.0,
RWS01_MONICA_00D00F084C3218200005,8,0,-1.0,,-1.0,
RWS01_MONIBAS_0271hrr0139ra,4,0,90.0,,94.0,
RWS01_MONIBAS_0021hrl0742ra,8,0,22.25,,92.0,
RWS01_MONIBAS_0501hrl1543ra,6,0,6.666666666666667,,22.0,
RWS01_MONIBAS_0581hrr0244ra,4,0,90.5,,95.0,
RWS01_MONIBAS_0011hrl1178ra,6,0,110.0,,121.0,
RWS01_MONIBAS_0121hrr0750ra,6,0,74.66666666666667,,82.0,
RWS01_MONIBAS_0281hrl0849ra,4,0,89.0,,91.0,
RWS01_MONICA_00D001068C5AD0050009,8,0,95.27250000000001,,98.0,
RWS01_MONIBAS_0121hrr0523ra,8,0,104.0,,122.0,
RWS01_MONIBAS_0281hrr1108ra,6,0,101.0,,106.0,
RWS01_MONIBAS_0161hrl0537ra,6,0,102.33333333333333,,119.0,
RWS01_MONIBAS_0501hrl1676ra,6,0,48.666666666666664,,53.0,
RWS01_MONICA_00D001068C5AD0050005,8,0,79.3225,,108.0,
RWS01_MONIBAS_0501hrr1941ra,6,0,95.33333333333333,,101.0,
RWS01_MONIBAS_0060vwa0501ra,4,0,96.0,,115.0,
RWS01_MONIBAS_0061hrr0493ra,4,0,110.0,,119.0,
RWS01_MONIBAS_0021hrl0875ra,8,0,81.0,,115.0,
RWS01_MONIBAS_0150vwt0503ra,4,0,46.0,,93.0,
RWS01_MONIBAS_0501hrl1689ra,6,0,1.3333333333333333,,6.0,
RWS01_MONIBAS_0121hrr0919ra,6,0,88.0,,95.0,
RWS01_MONIBAS_0350vwd0608ra,16,0,22.99125,,52.0,
RWS01_MONIBAS_0021hrr0901ra,6,0,3.6666666666666665,,10.0,
RWS01_MONICA_00D03A08CC0588200007,8,0,-1.0,,-1.0,
RWS01_MONIBAS_0280vwa0509ra,8,0,40.0,,81.0,
RWS01_MONIBAS_0501hrl1569ra,6,0,78.66666666666667,,82.0,
RWS01_MONIBAS_3251hrr0137ra,4,0,93.5,,94.0,
RWS01_MONIBAS_0121hrr0776ra,6,0,92.66666666666667,,100.0,
RWS01_MONICA_00D03A08CC058820000B,8,0,69.295,,100.0,
RWS01_MONICA_00D010020C5FD007000B,8,0,72.43,,74.0,
RWS01_MONIBAS_0201hrr0470ra,4,0,108.5,,128.0,
RWS01_MONIBAS_0121hrl0867ra,6,0,105.33333333333333,,114.0,
RWS01_MONIBAS_0091hrl0088ra,4,0,95.0,,99.0,
RWS01_MONIBAS_0121hrr1486ra,6,0,13.333333333333334,,42.0,
RWS01_MONIBAS_0011hrl1058ra,8,0,104.25,,117.0,
RWS01_MONIBAS_0011hrl1392ra,6,0,106.33333333333333,,122.0,
RWS01_MONICA_00D0010E885FD007000F,8,0,97.59,,101.0,
RWS01_MONICA_10D00A04741918200185,2,0,-1.0,,-1.0,
RWS01_MONICA_00D00C0CD80FD0070007,8,0,-1.0,,-1.0,
RWS01_MONIBAS_0580vwd0825ra,8,0,-1.0,,-1.0,
RWS01_MONICA_00D0010E885FD0070013,8,0,60.802499999999995,,82.0,
RWS01_MONICA_00D00103E00000200007,8,0,-1.0,,-1.0,
RWS01_MONIBAS_0281hrl0836ra,4,0,98.0,,106.0,
RWS01_MONICA_00D032255000D0070007,8,0,-1.0,,-1.0,
RWS01_MONIBAS_0090vwy0081ra,6,0,92.33333333333333,,99.0,
RWS01_MONIBAS_0151hrl0193ra,4,0,-1.0,,-1.0,
RWS01_MONICA_00D00225C45A68200009,8,0,52.0,,105.0,
RWS01_MONICA_00D0022A383B08200007,8,0,-1.0,,-1.0,
RWS01_MONICA_00D005014C003020000B,8,0,-1.0,,-1.0,
RWS01_MONIBAS_0201hrr0483ra,4,0,93.0,,100.0,
RWS01_MONICA_00D0010E885FD0070007,8,0,98.895,,152.0,
RWS01_MONICA_00D00C0CD80FD007000B,8,0,53.815,,80.0,
RWS01_MONIBAS_0121hrl0854ra,6,0,103.33333333333333,,111.0,
RWS01_MONIBAS_0021hrl0862ra,8,0,108.75,,120.0,
RWS01_MONICA_00D00225C45A68200005,8,0,-1.0,,-1.0,
RWS01_MONIBAS_0291hrl0142ra,6,0,106.33333333333333,,111.0,
RWS01_MONICA_00D0010E885FD007000B,8,0,79.725,,107.0,
RWS01_MONICA_00D00C0CD80FD007000F,8,0,-1.0,,-1.0,
RWS01_MONIBAS_0151hrl0193rb,2,0,-1.0,,-1.0,
RWS01_MONICA_00D00218300A6020000B,8,0,89.94,,94.0,
RWS01_MONIBAS_0131hrl0062ra,8,0,87.25,,99.0,
RWS01_MONIBAS_0121hrl0245ra,6,0,105.66666666666667,,121.0,
RWS01_MONICA_00D005014C0030200007,8,0,-1.0,,-1.0,
RWS01_MONIBAS_0091hrr0584ra,8,0,97.5,,106.0,
RWS01_MONIBAS_0131hrl0195ra,4,0,36.5,,74.0,
RWS01_MONICA_00D03B0DD800D0050005,8,0,64.2,,69.0,
RWS01_MONICA_00D00205905A68200005,8,0,-1.0,,-1.0,
RWS01_MONIBAS_0151hrr0245ra,4,0,96.5,,103.0,
RWS01_MONICA_00D00205905A68200009,8,0,-1.0,,-1.0,
RWS01_MONICA_00D00218642820200007,8,0,48.5,,98.0,
RWS01_MONIBAS_0021hrr0914ra,6,0,14.666666666666666,,16.0,
RWS01_MONIBAS_0671hrl0327ra,4,0,87.5,,91.0,
RWS01_MONIBAS_0151hrl0336ra,4,0,101.5,,113.0,
RWS01_MONIBAS_0500vws1543ra,4,0,43.5,,88.0,
RWS01_MONIBAS_0201hrr0149ra,4,0,104.5,,105.0,
RWS01_MONIBAS_4341hrr0036ra,4,0,69.5,,71.0,
RWS01_MONICA_00D006093C5F68200009,8,0,93.0675,,99.0,
RWS01_MONICA_00D006093C5F68200005,8,0,54.5,,110.0,
RWS01_MONICA_00D01401FC0AD0050009,8,0,89.3925,,95.0,
RWS01_MONIBAS_0010vwf0155ra,2,0,101.0,,101.0,
RWS01_MONICA_00D01401FC0AD0050005,8,0,51.5,,104.0,
RWS01_MONIBAS_0281hrr1574ra,16,0,-1.0,,-1.0,
RWS01_MONIBAS_0091hrl0075rb,4,0,95.5,,101.0,
RWS01_MONIBAS_0130vwa0165ra,2,0,63.0,,63.0,
RWS01_MONICA_00D01002640000200007,8,0,29.0,,59.0,
RWS01_MONIBAS_0021hrr2225ra,6,0,93.0,,102.0,
RWS01_MONIBAS_0271hrl0337ra,4,0,86.5,,92.0,
RWS01_MONIBAS_0100vwn0293ra,6,0,57.666666666666664,,90.0,
RWS01_MONICA_00D00218300A60200007,8,0,51.0,,103.0,
RWS01_MONICA_00D01C0FF050D0050009,8,0,-1.0,,-1.0,
RWS01_MONICA_00D0071FC819D0050005,8,0,37.0,,75.0,
RWS01_MONICA_00D01C0FF050D0050005,8,0,-1.0,,-1.0,
RWS01_MONIBAS_0060vwu0409ra,2,0,84.0,,84.0,
RWS01_MONIBAS_0121hrl0125ra,8,0,77.5,,87.0,
RWS01_MONIBAS_0040vwm0362ra,4,0,76.0,,78.0,
RWS01_MONICA_10D004055C056020000B,2,0,83.0,,83.0,
RWS01_MONICA_00D00901185AD0050009,8,0,-1.0,,-1.0,
RWS01_MONICA_00D0071FC819D0050009,8,0,31.5,,64.0,
RWS01_MONICA_00D03217182320200007,8,0,46.5,,94.0,
RWS01_MONICA_00D00901185AD0050005,8,0,-1.0,,-1.0,
RWS01_MONIBAS_0151hrl0946ra,4,0,45.5,,49.0,
RWS01_MONIBAS_0170vwb0176ra,8,0,64.825,,93.0,
RWS01_MONIBAS_0581hrr0137ra,8,0,93.5,,101.0,
RWS01_MONIBAS_0021hrr1147ra,4,0,103.5,,109.0,
RWS01_MONICA_00D01C0FF050D005000D,8,0,-1.0,,-1.0,
RWS01_MONIBAS_0040vwm0375ra,4,0,57.5,,58.0,
RWS01_MONIBAS_0101hrr0264ra,10,0,60.4,,79.0,
RWS01_MONIBAS_0091hrl0458ra,6,0,101.66666666666667,,114.0,
RWS01_MONICA_00D02E00940CD007000B,8,0,56.72,,77.0,
RWS01_MONIBAS_0201hrr0269ra,8,0,94.0,,106.0,
RWS01_MONICA_00D01B0ED84BD0050009,8,0,83.065,,115.0,
RWS01_MONIBAS_0151hrr0607ra_1,32,0,67.8475,,110.0,
RWS01_MONICA_00D01B0ED84BD005000D,8,0,94.0525,,106.0,
RWS01_MONIBAS_0070vwk0040ra,6,0,63.666666666666664,,102.0,
RWS01_MONICA_00D01B0ED84BD0050005,8,0,59.0,,119.0,
RWS01_MONIBAS_0731hrr0247ra,4,0,96.0,,104.0,
RWS01_MONICA_00D00110604100200007,8,0,65.14,,92.0,
RWS01_MONIBAS_0091hrl0075ra,4,0,95.5,,103.0,
RWS01_MONIBAS_4341hrr0049ra,4,0,32.0,,39.0,
RWS01_MONIBAS_0581hrl0153ra,4,0,17.5,,26.0,
RWS01_MONIBAS_0051hrr0039ra,4,0,81.5,,83.0,
RWS01_MONIBAS_0090vwa0103ra,4,0,92.0,,97.0,
RWS01_MONICA_00D02E00940CD0070007,8,0,73.2775,,101.0,
RWS01_MONIBAS_0021hrr2238ra,6,0,91.66666666666667,,98.0,
RWS01_MONIBAS_0121hrr1233ra,6,0,42.333333333333336,,49.0,
RWS01_MONIBAS_0150vwc0398ra,2,0,-1.0,,-1.0,
RWS01_MONIBAS_0021hrr0784ra,10,0,46.8,,72.0,
RWS01_MONIBAS_0501hrl0966ra,6,0,98.0,,110.0,
RWS01_MONIBAS_0051hrr0026ra,4,0,83.5,,84.0,
RWS01_MONICA_00D001147C32D007000B,8,0,99.105,,112.0,
RWS01_MONIBAS_0090vwp0053ra,4,0,-1.0,,-1.0,
RWS01_MONICA_00D00206C403D0070007,8,0,77.03999999999999,,105.0,
RWS01_MONIBAS_0271hrl0444ra,4,0,89.0,,94.0,
RWS01_MONICA_00D01B00CC19D0050009,8,0,-1.0,,-1.0,
RWS01_MONIBAS_0021hrr0807ra,10,0,71.6,,97.0,
RWS01_MONICA_00D001153C28D005000D,8,0,95.3825,,109.0,
RWS01_MONICA_00D001147C32D007000F,8,0,89.6875,,101.0,
RWS01_MONIBAS_0020vwm1648ra,4,0,75.0,,78.0,
RWS01_MONICA_00D0020A1014D0050085,8,0,-1.0,,-1.0,
RWS01_MONICA_00D00408F41910200005,8,0,57.6025,,79.0,
RWS01_MONICA_00D0020A1014D0050089,8,0,-1.0,,-1.0,
RWS01_MONIBAS_0040vwn0113ra,4,0,79.0,,87.0,
RWS01_MONICA_00D01B00CC19D0050005,8,0,-1.0,,-1.0,
RWS01_MONIBAS_0280vwa1204ra,8,0,31.0,,63.0,
RWS01_MONIBAS_0071hrr0142ra,6,0,63.666666666666664,,81.0,
RWS01_MONIBAS_0040vwn0113rb,2,0,66.0,,66.0,
RWS01_MONIBAS_0151hrl0706ra,6,0,102.66666666666667,,113.0,
RWS01_MONICA_00D001147C32D0070007,8,0,56.5,,114.0,
RWS01_MONIBAS_0201hrr0389ra,6,0,16.666666666666668,,19.0,
RWS01_MONICA_00D03A05885FD0050009,8,0,85.3175,,86.0,
RWS01_MONIBAS_0071hrl2043ra,4,0,92.0,,97.0,
RWS01_MONICA_00D00225A00FD0050005,8,0,-1.0,,-1.0,
RWS01_MONIBAS_0021hrr1001ra,6,0,97.0,,109.0,
RWS01_MONICA_00D03A05885FD0050005,8,0,50.5,,102.0,
RWS01_MONICA_00D00225A00FD0050009,8,0,-1.0,,-1.0,
RWS01_MONICA_00D00501582968200005,8,0,51.0,,103.0,
RWS01_MONIBAS_0271hrl0577ra,8,0,38.0,,81.0,
RWS01_MONIBAS_0501hrl0940ra,4,0,88.0,,96.0,
RWS01_MONIBAS_0271hrl0707ra,4,0,21.0,,22.0,
RWS01_MONICA_00D00501582968200009,8,0,65.1,,88.0,
RWS01_MONIBAS_0501hrl1650ra,6,0,87.0,,92.0,
RWS01_MONIBAS_0040vwm0122ra,6,0,65.0,,70.0,
RWS01_MONICA_00D001120C5FD0050009,8,0,75.5925,,107.0,
RWS01_MONIBAS_0160vwr0236ra,4,0,60.0,,68.0,
RWS01_MONIBAS_0071hrr0277ra,4,0,-1.0,,-1.0,
RWS01_MONIBAS_0091hrl0062ra,10,0,107.0,,115.0,
RWS01_MONIBAS_0121hrr0393ra,8,0,103.0,,115.0,
RWS01_MONICA_00D00F07344CD0070007,8,0,57.0,,115.0,
RWS01_MONICA_00D001120C5FD005000D,8,0,-1.0,,-1.0,
RWS01_MONIBAS_0581hrr0257ra,4,0,81.0,,81.0,
RWS01_MONICA_00D00C11004BD007000B,8,0,69.9925,,94.0,
RWS01_MONICA_00D00F07344CD007000B,8,0,73.89750000000001,,103.0,
RWS01_MONICA_00D00F07344CD007000F,8,0,91.23,,101.0,
RWS01_MONICA_00D00C11004BD007000F,8,0,86.89,,92.0,
RWS01_MONICA_00D03A05885FD005000D,8,0,50.795,,73.0,
RWS01_MONICA_00D04C01AC32D007000B,8,0,-1.0,,-1.0,
RWS01_MONICA_00D00206C403D0070013,8,0,88.2975,,91.0,
RWS01_MONICA_00D01401D80AD007000B,8,0,82.4575,,86.0,
RWS01_MONICA_00D00206C403D0070017,8,0,80.7975,,85.0,
RWS01_MONICA_00D01C01FC19D0050005,8,0,93.2925,,129.0,
RWS01_MONIBAS_0121hrl0800ra_1,24,0,63.36666666666667,,123.0,
RWS01_MONICA_10D01404141100200007,2,0,-1.0,,-1.0,
RWS01_MONICA_00D00C11004BD0070007,8,0,50.0,,101.0,
RWS01_MONIBAS_0280vwd0529ra,8,0,-1.0,,-1.0,
RWS01_MONICA_00D00110701E08200007,8,0,40.5,,82.0,
RWS01_MONICA_00D01401D80AD0070007,8,0,48.5,,98.0,
RWS01_MONICA_00D00206C403D007000B,8,0,73.735,,99.0,
RWS01_MONICA_00D00206C403D007000F,8,0,46.5,,94.0,
RWS01_MONICA_00D01C01FC19D005000D,8,0,96.235,,102.0,
RWS01_MONIBAS_0151hrl0430ra,6,0,99.0,,109.0,
RWS01_MONICA_00D001153C28D0050005,8,0,62.0,,125.0,
RWS01_MONIBAS_0040vwn0100ra,4,0,97.5,,101.0,
RWS01_MONICA_00D01C01FC19D0050009,8,0,83.0,,111.0,
RWS01_MONICA_00D001153C28D0050009,8,0,77.6925,,105.0,
RWS01_MONICA_00D04C01AC32D0070007,8,0,-1.0,,-1.0,
RWS01_MONIBAS_0201hrr0123ra,4,0,108.5,,112.0,
RWS01_MONICA_00D01C0ED05FD005000D,8,0,78.4875,,80.0,
RWS01_MONIBAS_0020vwg0634rb,6,0,58.333333333333336,,91.0,
RWS01_MONIBAS_0020vwg0634ra,4,0,85.5,,89.0,
RWS01_MONIBAS_0011hrl0075ra,6,0,107.33333333333333,,115.0,
RWS01_MONIBAS_0500vwh1476ra,6,0,24.666666666666668,,48.0,
RWS01_MONICA_00D03B15FC37D0050009,8,0,85.03,,87.0,
RWS01_MONIBAS_3251hrl0213ra,4,0,47.0,,48.0,
RWS01_MONIBAS_0160vwk0467ra,2,0,73.0,,73.0,
RWS01_MONICA_10D00222B819D005000D,2,0,90.0,,90.0,
RWS01_MONICA_00D03B15FC37D0050005,8,0,68.345,,94.0,
RWS01_MONIBAS_0281hrr0137ra,6,0,36.333333333333336,,45.0,
RWS01_MONICA_00D00219C03C6020000B,8,0,-1.0,,-1.0,
RWS01_MONICA_00D00E01F802D0050005,8,0,41.0,,83.0,
RWS01_MONIBAS_0041hrr0447ra,6,0,50.333333333333336,,56.0,
RWS01_MONICA_00D004089402D005000D,8,0,61.1325,,70.0,
RWS01_MONICA_00D00E01F802D0050009,8,0,36.0,,73.0,
RWS01_MONIBAS_0021hrr2571ra,4,0,89.5,,95.0,
RWS01_MONICA_00D00219C03C60200007,8,0,-1.0,,-1.0,
RWS01_MONICA_00D004089402D0050009,8,0,62.5,,65.0,
RWS01_MONIBAS_2421hrl0306ra,4,0,-1.0,,-1.0,
RWS01_MONIBAS_0051hrl0129ra,4,0,-1.0,,-1.0,
RWS01_MONIBAS_0051hrr0134ra,4,0,108.0,,114.0,
RWS01_MONIBAS_0061hrl0581ra,4,0,104.0,,107.0,
RWS01_MONIBAS_0010vwm0307ra,4,0,99.5,,105.0,
RWS01_MONICA_00D01002285FD007000B,8,0,78.0,,81.0,
RWS01_MONICA_00D01002285FD0070007,8,0,66.0375,,91.0,
RWS01_MONICA_00D00609105A6020000B,8,0,96.965,,108.0,
RWS01_MONICA_00D00609105A60200007,8,0,56.0,,113.0,
RWS01_MONIBAS_0771hrl0019ra,8,0,-1.0,,-1.0,
RWS01_MONIBAS_0121hrr0035rb,2,0,76.0,,76.0,
RWS01_MONIBAS_3251hrl0190ra,4,0,97.5,,102.0,
RWS01_MONIBAS_0121hrr0035ra,6,0,81.0,,86.0,
RWS01_MONIBAS_0271hrr0831ra,6,0,108.33333333333333,,119.0,
RWS01_MONICA_00D00F086C3C00200007,8,0,46.0,,93.0,
RWS01_MONIBAS_0061hrl0604ra,4,0,116.0,,125.0,
RWS01_MONIBAS_0170vwm0242ra,8,0,66.39750000000001,,92.0,
RWS01_MONIBAS_0731hrl0228ra,4,0,102.0,,107.0,
RWS01_MONIBAS_0271hrl0839ra,6,0,102.66666666666667,,117.0,
RWS01_MONIBAS_0761hrl0032ra,4,0,95.5,,103.0,
RWS01_MONIBAS_0051hrr0121ra,4,0,103.5,,112.0,
RWS01_MONIBAS_0501hrr0984ra,6,0,83.0,,94.0,
RWS01_MONIBAS_0151hrr1551ra,6,0,96.66666666666667,,116.0,
RWS01_MONIBAS_0161hrr0079ra,6,0,110.0,,124.0,
RWS01_MONIBAS_0021hrr0390ra,10,0,99.6,,112.0,
RWS01_MONIBAS_0321hrl0467ra,16,0,61.05,,108.0,
RWS01_MONICA_00D001046C56D0070007,8,0,77.4275,,106.0,
RWS01_MONIBAS_0160vwn0342ra,4,0,90.0,,94.0,
RWS01_MONIBAS_0051hrl0009ra,4,0,91.0,,94.0,
RWS01_MONIBAS_0021hrr0546ra,10,0,39.4,,53.0,
RWS01_MONIBAS_0021hrl1559ra,6,0,91.66666666666667,,101.0,
RWS01_MONIBAS_0071hrr2182ra,16,0,91.91875,,113.0,
RWS01_MONICA_00D001046C56D007000B,8,0,94.405,,99.0,
RWS01_MONIBAS_0760vwc0080ra,2,0,76.0,,76.0,
RWS01_MONIBAS_0020vwn1568ra,4,0,89.5,,94.0,
RWS01_MONICA_00D001135005D007000B,8,0,96.48,,102.0,
RWS01_MONICA_00D0071EAC36D0050005,8,0,65.9475,,89.0,
RWS01_MONIBAS_0060vwm0563ra,4,0,110.0,,119.0,
RWS01_MONICA_00D001135005D007000F,8,0,86.1425,,93.0,
RWS01_MONICA_00D0071EAC36D0050009,8,0,82.55,,87.0,
RWS01_MONIBAS_0020vwm1147ra,8,0,95.5,,104.0,
RWS01_MONIBAS_0081hrl0066ra,4,0,106.0,,112.0,
RWS01_MONIBAS_0040vwn0723ra,4,0,66.5,,77.0,
RWS01_MONIBAS_0121hrr0275ra,8,0,73.25,,107.0,
RWS01_MONIBAS_0021hrl0385ra,12,0,106.0,,133.0,
RWS01_MONICA_10D00209B03B18200005,2,0,80.0,,80.0,
RWS01_MONICA_00D00608184608200007,8,0,35.0,,71.0,
RWS01_MONICA_10D00209B03B18200009,2,0,68.0,,68.0,
RWS01_MONIBAS_0271hrl0829ra_1,32,0,60.34625,,118.0,
RWS01_MONIBAS_0151hrl1533ra,8,0,77.25,,108.0,
RWS01_MONIBAS_3251hrl0226ra,4,0,77.5,,81.0,
RWS01_MONICA_00D0071EAC36D005000D,8,0,75.6825,,78.0,
RWS01_MONICA_01D02400B43700200007,8,0,40.5,,82.0,
RWS01_MONICA_00D001135005D0070007,8,0,78.4525,,107.0,
RWS01_MONIBAS_0041hrr2365ra,16,0,-1.0,,-1.0,
RWS01_MONIBAS_0041hrr0434ra,6,0,29.333333333333332,,31.0,
RWS01_MONIBAS_0271hrr0964ra,6,0,37.333333333333336,,46.0,
RWS01_MONIBAS_0011hrl0353ra_1,32,0,67.48625,,128.0,
RWS01_MONIBAS_0011hrr0080ra,8,0,98.75,,112.0,
RWS01_MONIBAS_0041hrl0549ra,6,0,65.0,,69.0,
RWS01_MONICA_10D01601E00178200007,2,0,-1.0,,-1.0,
RWS01_MONICA_00D03A031028D0050009,8,0,34.795,,39.0,
RWS01_MONIBAS_0121hrr0288ra,8,0,101.5,,114.0,
RWS01_MONIBAS_0060vwq0443ra,4,0,-1.0,,-1.0,
RWS01_MONIBAS_0501hrr1466ra,6,0,67.0,,107.0,
RWS01_MONIBAS_0501hrl1911ra,6,0,91.33333333333333,,93.0,
RWS01_MONIBAS_0011hrr0223ra,6,0,97.66666666666667,,105.0,
RWS01_MONIBAS_0501hrr1609ra,6,0,69.66666666666667,,112.0,
RWS01_MONICA_00D03A031028D0050005,8,0,11.0,,23.0,
RWS01_MONICA_00D00103E03CD0070007,8,0,-1.0,,-1.0,
RWS01_MONIBAS_0351hrl0545ra,6,0,91.0,,97.0,
RWS01_MONIBAS_0020vwn1172ra,4,0,74.0,,84.0,
RWS01_MONIBAS_0101hrr0025ra,6,0,94.33333333333333,,107.0,
RWS01_MONIBAS_0021hrr2701ra,16,0,-1.0,,-1.0,
RWS01_MONICA_00D004089402D0050005,8,0,50.629999999999995,,69.0,
RWS01_MONICA_00D00103E03CD007000B,8,0,-1.0,,-1.0,
RWS01_MONIBAS_0011hrl0205ra,6,0,101.33333333333333,,106.0,
RWS01_MONIBAS_0201hrl0210ra_1,24,0,71.42999999999999,,108.0,
RWS01_MONICA_00D01C0ED05FD0050005,8,0,-1.0,,-1.0,
RWS01_MONIBAS_0151hrr0499ra,4,0,98.0,,106.0,
RWS01_MONICA_00D01C0ED05FD0050009,8,0,87.6425,,91.0,
RWS01_MONICA_10D01601E0017820000B,2,0,-1.0,,-1.0,
RWS01_MONIBAS_0761hrl0045ra,6,0,103.0,,117.0,
RWS01_MONIBAS_0151hrr0366ra,6,0,109.33333333333333,,118.0,
RWS01_MONIBAS_0131hrr0182ra_1,16,0,49.23125,,81.0,
RWS01_MONICA_10D004013829D0050011,2,0,-1.0,,-1.0,
RWS01_MONIBAS_0011hrr1196ra,6,0,103.0,,111.0,
RWS01_MONICA_00D00609140568200005,8,0,-1.0,,-1.0,
RWS01_MONICA_00D010025C46D0070007,8,0,44.5,,90.0,
RWS01_MONIBAS_0061hrr0622ra,6,0,25.333333333333332,,29.0,
RWS01_MONIBAS_0151hrr0509ra,4,0,102.5,,107.0,
RWS01_MONIBAS_0280vwx0279ra,4,0,98.0,,116.0,
RWS01_MONICA_00D00421943C18200005,8,0,39.0,,79.0,
RWS01_MONIBAS_0280vwc1857ra,8,0,38.0,,77.0,
RWS01_MONICA_00D010025C46D007000B,8,0,41.0,,83.0,
RWS01_MONICA_00D0010D300510200005,8,0,58.465,,80.0,
RWS01_MONICA_00D00225682DD007000F,8,0,60.575,,83.0,
RWS01_MONIBAS_0150vwx0547ra_1,16,0,83.89375,,105.0,
RWS01_MONICA_00D00C043C37D0070013,8,0,-1.0,,-1.0,
RWS01_MONIBAS_0131hrr0103ra,8,0,99.25,,108.0,
RWS01_MONIBAS_0071hrl0113ra,6,0,100.66666666666667,,113.0,
RWS01_MONICA_00D00225682DD0070013,8,0,82.75,,86.0,
RWS01_MONIBAS_0581hrl0404ra,4,0,-1.0,,-1.0,
RWS01_MONIBAS_0050vwg0094ra,4,0,26.0,,26.0,
RWS01_MONICA_00D00C043C37D007000F,8,0,97.975,,101.0,
RWS01_MONIBAS_0101hrl0247ra,6,0,75.66666666666667,,80.0,
RWS01_MONICA_00D00C043C37D007000B,8,0,100.83500000000001,,108.0,
RWS01_MONIBAS_0121hrl1085ra,8,0,91.5,,108.0,
RWS01_MONIBAS_0021hrl1330ra,6,0,103.66666666666667,,114.0,
RWS01_MONIBAS_0121hrl1215rb,4,0,93.5,,100.0,
RWS01_MONIBAS_0121hrl1215ra,4,0,108.5,,115.0,
RWS01_MONIBAS_0090vwy0094ra,2,0,115.0,,115.0,
RWS01_MONICA_00D00C043C37D0070007,8,0,80.89,,112.0,
RWS01_MONIBAS_0350vws0558ra,2,0,76.0,,76.0,
RWS01_MONIBAS_0090vwy0094rb,4,0,90.5,,92.0,
RWS01_MONICA_00D00219143490200009,8,0,40.0,,81.0,
RWS01_MONICA_00D00609140568200009,8,0,-1.0,,-1.0,
RWS01_MONICA_00D00219143490200005,8,0,43.0,,87.0,
RWS01_MONIBAS_0281hrr0111ra,6,0,11.333333333333334,,14.0,
RWS01_MONIBAS_0241hrr0048ra,6,0,65.33333333333333,,105.0,
RWS01_MONIBAS_0281hrr0867ra,8,0,87.75,,103.0,
RWS01_MONIBAS_0271hrr0221ra,4,0,91.5,,95.0,
RWS01_MONICA_00D005014446D007000B,8,0,97.25,,103.0,
RWS01_MONIBAS_0011hrr1076ra,6,0,109.66666666666667,,119.0,
RWS01_MONIBAS_0151hrr0486ra,10,0,103.6,,117.0,
RWS01_MONICA_00D01401BC00D007000B,8,0,104.5875,,157.0,
RWS01_MONICA_00D005014446D0070007,8,0,54.0,,109.0,
RWS01_MONICA_00D0021BE40010200005,8,0,28.0,,57.0,
RWS01_MONIBAS_0131hrl0197ra,4,0,68.0,,77.0,
RWS01_MONIBAS_0060vwm0576ra,4,0,108.0,,112.0,
RWS01_MONIBAS_0071hrl0233ra,4,0,107.5,,111.0,
RWS01_MONIBAS_0100vwt0119ra,4,0,-1.0,,-1.0,
RWS01_MONIBAS_0121hrl0470ra,8,0,-1.0,,-1.0,
RWS01_MONIBAS_0121hrl1468ra,4,0,91.5,,98.0,
RWS01_MONIBAS_0161hrr0329ra,8,0,58.0,,66.0,
RWS01_MONIBAS_0581hrl0524ra,4,0,88.5,,95.0,
RWS01_MONICA_00D03A06485510200005,8,0,33.0,,67.0,
RWS01_MONIBAS_0041hrl0579ra_1,24,0,65.76333333333334,,97.0,
RWS01_MONIBAS_0071hrl0100ra,6,0,105.0,,114.0,
RWS01_MONIBAS_0080vwa0021ra,4,0,36.0,,73.0,
RWS01_MONIBAS_0271hrr0581ra,8,0,97.25,,108.0,
RWS01_MONIBAS_0091hrr0476ra,6,0,97.33333333333333,,107.0,
RWS01_MONIBAS_0151hrr0616ra,12,0,98.83333333333333,,107.0,
RWS01_MONIBAS_0090vws0698ra,6,0,100.33333333333333,,109.0,
RWS01_MONIBAS_0580vwb0902ra,8,0,56.65,,81.0,
RWS01_MONIBAS_0161hrl0404ra,6,0,103.66666666666667,,109.0,
RWS01_MONIBAS_0581hrl0511ra,4,0,90.5,,96.0,
RWS01_MONIBAS_0021hrl2241ra,6,0,88.33333333333333,,95.0,
RWS01_MONIBAS_0021hrl2637ra,4,0,10.0,,13.0,
RWS01_MONIBAS_0041hrr0197ra,8,0,45.5,,66.0,
RWS01_MONIBAS_0150vwy0379ra,2,0,74.0,,74.0,
RWS01_MONIBAS_0040vwc0573ra,2,0,78.0,,78.0,
RWS01_MONIBAS_0041hrr0629rb_1,8,0,75.36,,102.0,
RWS01_MONIBAS_0041hrl0380ra,8,0,34.5,,41.0,
RWS01_MONIBAS_0280vwx0013ra,4,0,43.5,,88.0,
RWS01_MONIBAS_0060vwn0568ra,8,0,74.75,,106.0,
RWS01_MONIBAS_0121hrl1108ra,6,0,101.0,,111.0,
RWS01_MONIBAS_0091hrl0672ra,6,0,105.0,,116.0,
RWS01_MONICA_10D00D01AC0000200007,2,0,86.0,,86.0,
RWS01_MONICA_00D01401BC00D0070007,8,0,48.0,,97.0,
RWS01_MONIBAS_0101hrl0101ra,8,0,88.75,,96.0,
RWS01_MONIBAS_0151hrr0473ra,6,0,100.0,,113.0,
RWS01_MONIBAS_0021hrr2331ra,6,0,97.0,,106.0,
RWS01_MONIBAS_0591hrr1345ra,4,0,86.5,,97.0,
RWS01_MONIBAS_0020vwh0314ra,8,0,81.25,,86.0,
RWS01_MONIBAS_0071hrl0126ra,6,0,111.0,,123.0,
RWS01_MONIBAS_0091hrr0093ra,4,0,96.0,,102.0,
RWS01_MONIBAS_0320vwc0454ra,16,0,34.675,,73.0,
RWS01_MONIBAS_0151hrr0340ra,4,0,99.5,,105.0,
RWS01_MONIBAS_0281hrl1651ra,16,0,-1.0,,-1.0,
RWS01_MONIBAS_0041hrr0077ra,8,0,102.0,,114.0,
RWS01_MONIBAS_0271hrr0474ra,4,0,88.0,,91.0,
RWS01_MONICA_00D00C0CB055D0050005,8,0,59.0,,119.0,
RWS01_MONICA_00D00C0CB055D0050009,8,0,53.0,,107.0,
RWS01_MONIBAS_0201hrl0191ra,4,0,95.5,,105.0,
RWS01_MONIBAS_0090vwb0109ra,4,0,78.5,,85.0,
RWS01_MONICA_00D00C0CB055D005000D,8,0,88.235,,99.0,
RWS01_MONICA_00D0010DC82368200005,8,0,89.6675,,99.0,
RWS01_MONICA_01D14600D82CD0070087,8,0,-1.0,,-1.0,
RWS01_MONICA_00D01B01D800D0070007,8,0,17.0,,35.0,
RWS01_MONICA_10D004013829D0050005,2,0,-1.0,,-1.0,
RWS01_MONICA_00D010074C5A2020000B,8,0,68.6725,,98.0,
RWS01_MONICA_00D014025437D0070007,8,0,51.5,,104.0,
RWS01_MONICA_00D00F05E45ED005000D,8,0,71.5775,,100.0,
RWS01_MONICA_00D00F05E45ED0050005,8,0,62.5,,126.0,
RWS01_MONICA_00D014025437D007000B,8,0,75.10249999999999,,106.0,
RWS01_MONIBAS_0021hrl0635ra,6,0,69.0,,108.0,
RWS01_MONICA_00D01B01D800D007000B,8,0,45.015,,55.0,
RWS01_MONIBAS_0161hrr0199ra,6,0,97.33333333333333,,106.0,
RWS01_MONICA_00D00F05E45ED0050009,8,0,56.0,,113.0,
RWS01_MONIBAS_0091hrr0103ra,4,0,92.0,,97.0,
RWS01_MONICA_10D004013829D0050009,2,0,-1.0,,-1.0,
RWS01_MONICA_00D010074C5A20200007,8,0,52.0,,105.0,
RWS01_MONIBAS_0281hrr1072ra,6,0,98.0,,109.0,
RWS01_MONICA_10D004013829D005000D,2,0,-1.0,,-1.0,
RWS01_MONIBAS_0121hrl0230ra,6,0,106.66666666666667,,120.0,
RWS01_MONIBAS_0161hrr0066ra,4,0,102.0,,112.0,
RWS01_MONIBAS_0161hrr0542ra,6,0,97.33333333333333,,108.0,
RWS01_MONIBAS_0151hrr0592ra,8,0,106.5,,129.0,
RWS01_MONIBAS_0241hrr0022ra,6,0,117.33333333333333,,127.0,
RWS01_MONICA_00D0040BEC422020000B,8,0,50.0,,101.0,
RWS01_MONICA_00D00705B406D0070007,8,0,-1.0,,-1.0,
RWS01_MONIBAS_0041hrl0630ra,8,0,103.25,,118.0,
RWS01_MONIBAS_0021hrl2375ra,6,0,27.0,,83.0,
RWS01_MONICA_00D00218B84B68200009,8,0,69.36,,95.0,
RWS01_MONIBAS_0151hrr0735ra,6,0,84.33333333333333,,92.0,
RWS01_MONICA_10D0040BE43200200007,2,0,79.0,,79.0,
RWS01_MONICA_00D00218B84B68200005,8,0,50.0,,101.0,
RWS01_MONIBAS_0271hrr0247ra,6,0,40.666666666666664,,96.0,
RWS01_MONIBAS_0010vwa0223ra,4,0,88.0,,89.0,
RWS01_MONIBAS_0220vwr0160ra,2,0,-1.0,,-1.0,
RWS01_MONIBAS_0671hrl0290ra,4,0,92.0,,99.0,
RWS01_MONICA_00D00218B84B6820000D,8,0,81.5425,,83.0,
RWS01_MONIBAS_0121hrr1138ra,6,0,82.0,,89.0,
RWS01_MONIBAS_2051hrl0132ra,4,0,81.5,,84.0,
RWS01_MONIBAS_0020vwn0358ra,4,0,49.5,,100.0,
RWS01_MONIBAS_0020vwn0358rb,4,0,94.0,,96.0,
RWS01_MONIBAS_0591hrl0953ra,16,0,82.92125,,105.0,
RWS01_MONIBAS_0151hrl0468ra,6,0,106.33333333333333,,120.0,
RWS01_MONICA_00D01002082DD0050009,8,0,-1.0,,-1.0,
RWS01_MONIBAS_0161hrr0422ra,8,0,103.5,,110.0,
RWS01_MONICA_00D01002082DD0050005,8,0,-1.0,,-1.0,
RWS01_MONIBAS_0071hrr1354ra,8,0,64.65,,90.0,
RWS01_MONICA_00D00705B406D007000B,8,0,-1.0,,-1.0,
RWS01_MONICA_00D0040BEC4220200007,8,0,53.0,,107.0,
RWS01_MONIBAS_0131hrl0050ra,6,0,81.33333333333333,,88.0,
RWS01_MONIBAS_0011hrr1290ra,6,0,106.33333333333333,,118.0,
RWS01_MONIBAS_0021hrr1373ra,6,0,105.66666666666667,,115.0,
RWS01_MONICA_00D00207B41FD0050005,8,0,77.825,,106.0,
RWS01_MONIBAS_0020vwc2433ra,8,0,41.0,,83.0,
RWS01_MONICA_00D00207B41FD0050009,8,0,74.4825,,100.0,
RWS01_MONIBAS_0141hrr0128ra,4,0,61.5,,65.0,
RWS01_MONIBAS_0121hrl0364ra,8,0,95.75,,104.0,
RWS01_MONIBAS_0121hrl1374ra_1,24,0,49.504999999999995,,85.0,
RWS01_MONIBAS_0281hrr0961ra,6,0,91.0,,103.0,
RWS01_MONICA_00D00207B41FD005000D,8,0,72.28999999999999,,100.0,
RWS01_MONIBAS_0161hrr0662ra,6,0,57.333333333333336,,87.0,
RWS01_MONIBAS_0501hrl2049rb,4,0,95.5,,103.0,
RWS01_MONIBAS_0581hrr0376ra,6,0,101.66666666666667,,116.0,
RWS01_MONIBAS_0501hrl2049ra,4,0,102.0,,114.0,
RWS01_MONIBAS_0580vwr0558ra,4,0,91.0,,99.0,
RWS01_MONICA_00D00207B41FD0050011,8,0,89.76,,93.0,
RWS01_MONICA_00D00207B41FD0050015,8,0,84.8325,,86.0,
RWS01_MONIBAS_0501hrr2041ra,4,0,94.0,,101.0,
RWS01_MONIBAS_0151hrr0602ra,6,0,104.66666666666667,,115.0,
RWS01_MONICA_00D00408804BD0050009,8,0,-1.0,,-1.0,
RWS01_MONICA_00D00408804BD0050005,8,0,-1.0,,-1.0,
RWS01_MONIBAS_0320vwa0628ra,8,0,39.5,,80.0,
RWS01_MONICA_00D00408804BD005000D,8,0,7.2225,,11.0,
RWS01_MONIBAS_0021hrl0754rb,4,0,106.5,,112.0,
RWS01_MONIBAS_0021hrl0754ra,8,0,81.75,,125.0,
RWS01_MONIBAS_0501hrl1422ra,16,0,26.7175,,32.0,
RWS01_MONIBAS_0281hrl0107ra_1,24,0,77.96,,120.0,
RWS01_MONIBAS_0040vwa0568ra,2,0,57.0,,57.0,
RWS01_MONICA_00D01C05745FD0050009,8,0,92.7375,,100.0,
RWS01_MONIBAS_0121hrr0644ra,8,0,102.0,,112.0,
RWS01_MONIBAS_0121hrr0871ra,6,0,87.33333333333333,,98.0,
RWS01_MONICA_00D01C05745FD0050005,8,0,73.1775,,99.0,
RWS01_MONIBAS_0091hrr0094ra,4,0,95.0,,98.0,
RWS01_MONIBAS_0161hrl0382ra,6,0,64.0,,104.0,
RWS01_MONIBAS_0241hrl0018ra,6,0,117.66666666666667,,133.0,
RWS01_MONIBAS_0161hrr0292ra,12,0,104.5,,136.0,
RWS01_MONIBAS_0021hrl2268ra,6,0,89.66666666666667,,101.0,
RWS01_MONIBAS_0151hrl0228ra,4,0,42.0,,85.0,
RWS01_MONICA_10D001185017D0050005,2,0,94.0,,94.0,
RWS01_MONIBAS_0020vwm0558ra,6,0,55.0,,86.0,
RWS01_MONIBAS_0350vwc0426ra,8,0,-1.0,,-1.0,
RWS01_MONIBAS_0281hrl0191ra,8,0,94.25,,107.0,
RWS01_MONIBAS_0281hrr0987rb,6,0,85.0,,97.0,
RWS01_MONIBAS_0281hrr0987ra,6,0,98.66666666666667,,107.0,
RWS01_MONICA_00D00900E047D0070007,8,0,-1.0,,-1.0,
RWS01_MONICA_00D00900E047D007000B,8,0,87.2675,,127.0,
RWS01_MONIBAS_0061hrr0515ra,4,0,104.5,,111.0,
RWS01_MONICA_00D00106184B10200005,8,0,51.7875,,74.0,
RWS01_MONICA_00D010017428D005000D,8,0,-1.0,,-1.0,
RWS01_MONICA_00D00C154005C020000B,8,0,89.92,,92.0,
RWS01_MONIBAS_0141hrr0115ra,4,0,65.0,,70.0,
RWS01_MONICA_00D010017428D0050009,8,0,-1.0,,-1.0,
RWS01_MONIBAS_0010vwd0245ra,2,0,-1.0,,-1.0,
RWS01_MONIBAS_0020vwe1649ra,4,0,73.0,,74.0,
RWS01_MONICA_00D010017428D0050005,8,0,-1.0,,-1.0,
RWS01_MONIBAS_0121hrl0377ra,8,0,86.0,,92.0,
RWS01_MONIBAS_0101hrl0092ra,6,0,87.33333333333333,,91.0,
RWS01_MONIBAS_0060vwd0751ra,16,0,-1.0,,-1.0,
RWS01_MONICA_10D001185017D0050009,2,0,82.0,,82.0,
RWS01_MONICA_00D00C154005C0200007,8,0,93.73,,97.0,
RWS01_MONIBAS_0060vwp0465ra,4,0,103.0,,105.0,
RWS01_MONIBAS_0121hrl0733ra,6,0,103.66666666666667,,117.0,
RWS01_MONIBAS_0121hrr0764ra,6,0,94.0,,97.0,
RWS01_MONICA_00D00900D02CD005000D,8,0,90.39750000000001,,94.0,
RWS01_MONICA_00D01C1F4C4810200005,8,0,47.822500000000005,,66.0,
RWS01_MONIBAS_0010vwe1421ra,4,0,85.0,,93.0,
RWS01_MONIBAS_0021hrr1769ra,4,0,75.5,,76.0,
RWS01_MONICA_00D00900D02CD0050009,8,0,71.135,,99.0,
RWS01_MONIBAS_0241hrr0035ra,6,0,118.0,,130.0,
RWS01_MONIBAS_0271hrr0114ra,4,0,53.0,,62.0,
RWS01_MONICA_00D00900E047D007000F,8,0,101.395,,106.0,
RWS01_MONIBAS_0121hrr0907ra,6,0,54.0,,74.0,
RWS01_MONICA_00D00900D02CD0050005,8,0,53.0,,107.0,
RWS01_MONIBAS_0011hrl0935ra,8,0,105.25,,127.0,
RWS01_MONICA_00D00900E047D0070013,8,0,96.0175,,98.0,
RWS01_MONIBAS_0150vwn0584ra,6,0,100.0,,101.0,
RWS01_MONIBAS_0090vwy0093ra,4,0,90.5,,94.0,
RWS01_MONIBAS_0280vwu0005ra,4,0,12.0,,13.0,
RWS01_MONIBAS_0020vwm1610ra,4,0,64.0,,65.0,
RWS01_MONIBAS_0091hrl0089ra,4,0,90.0,,91.0,
RWS01_MONIBAS_0020vwb1854ra,8,0,-1.0,,-1.0,
RWS01_MONIBAS_0280vwb1207ra,8,0,66.25,,92.0,
RWS01_MONIBAS_0500vwa2113ra,8,0,-1.0,,-1.0,
RWS01_MONIBAS_0121hrl0257ra,6,0,108.66666666666667,,121.0,
RWS01_MONIBAS_0281hrr1705ra,16,0,-1.0,,-1.0,
RWS01_MONIBAS_0121hrr0141ra,6,0,104.33333333333333,,108.0,
RWS01_MONIBAS_0091hrl0206ra,6,0,81.33333333333333,,89.0,
RWS01_MONICA_00D009044432D007000B,8,0,47.5,,96.0,
RWS01_MONIBAS_0090vwc0433ra,2,0,91.0,,91.0,
RWS01_MONIBAS_0071hrr1976ra,4,0,85.0,,88.0,
RWS01_MONICA_00D00C08FC00A0200309,8,0,59.15,,82.0,
RWS01_MONICA_00D04C00945FD007000B,8,0,46.5,,94.0,
RWS01_MONICA_00D009044432D007000F,8,0,87.7675,,93.0,
RWS01_MONIBAS_0271hrl0469ra,4,0,81.0,,86.0,
RWS01_MONICA_00D04C00945FD007000F,8,0,42.0,,85.0,
RWS01_MONICA_00D0010DA40560200007,8,0,57.5,,77.0,
RWS01_MONIBAS_0020vwm1623ra,4,0,40.5,,43.0,
RWS01_MONICA_00D00C08FC00A0200305,8,0,47.0,,95.0,
RWS01_MONIBAS_0441hrl0011ra,4,0,102.0,,108.0,
RWS01_MONIBAS_0501hrl2023ra,8,0,93.75,,111.0,
RWS01_MONICA_00D009044432D0070007,8,0,49.0,,99.0,
RWS01_MONIBAS_4341hrr0048ra,4,0,43.0,,47.0,
RWS01_MONIBAS_0731hrr0246ra,4,0,95.5,,102.0,
RWS01_MONIBAS_0071hrl1576ra,16,0,72.68375,,108.0,
RWS01_MONIBAS_0200vwv0235ra,2,0,110.0,,110.0,
RWS01_MONIBAS_0021hrr1026ra,6,0,98.0,,107.0,
RWS01_MONICA_00D03A06402DD0070087,8,0,40.5,,82.0,
RWS01_MONIBAS_0291hrl0154ra,6,0,96.33333333333333,,102.0,
RWS01_MONIBAS_0041hrl0274ra,6,0,71.66666666666667,,112.0,
RWS01_MONICA_10D0321E681ED0070187,2,0,82.0,,82.0,
RWS01_MONIBAS_0060vwa0755ra,8,0,-1.0,,-1.0,
RWS01_MONICA_00D03A05505FD0050009,8,0,93.93,,102.0,
RWS01_MONIBAS_0150vwx0504ra,2,0,95.0,,95.0,
RWS01_MONIBAS_0011hrl0948ra,8,0,112.75,,129.0,
RWS01_MONICA_00D03A05505FD0050005,8,0,56.0,,113.0,
RWS01_MONIBAS_0121hrr0417ra,8,0,42.5,,60.0,
RWS01_MONIBAS_0021hrr0652ra,10,0,27.8,,32.0,
RWS01_MONIBAS_0271hrl0589ra,6,0,68.66666666666667,,84.0,
RWS01_MONIBAS_0200vwu0244ra,4,0,94.0,,99.0,
RWS01_MONIBAS_0150vwk0705ra,4,0,104.0,,110.0,
RWS01_MONIBAS_0151hrl0958ra,4,0,63.5,,64.0,
RWS01_MONIBAS_0160vwf0164ra,4,0,-1.0,,-1.0,
RWS01_MONIBAS_0071hrl1839ra,16,0,-1.0,,-1.0,
RWS01_MONIBAS_0151hrr0962ra,4,0,154.5,,161.0,
RWS01_MONIBAS_0201hrr0137ra,4,0,110.5,,114.0,
RWS01_MONIBAS_0071hrr0169ra,4,0,88.0,,89.0,
RWS01_MONIBAS_0091hrl0446ra,6,0,100.33333333333333,,111.0,
RWS01_MONIBAS_0040vwc0119ra,4,0,73.5,,79.0,
RWS01_MONICA_00D00100D05CD0070007,8,0,84.59,,121.0,
RWS01_MONICA_00D0071E9055D007000B,8,0,60.5,,81.0,
RWS01_MONICA_00D0071E9055D0070007,8,0,45.0,,91.0,
RWS01_MONIBAS_0280vwb0726ra,8,0,56.1425,,79.0,
RWS01_MONICA_00D00E02303BD0050005,8,0,38.5,,78.0,
RWS01_MONIBAS_0021hrr0522ra_1,40,0,60.4145,,82.0,
RWS01_MONICA_00D00E02303BD0050009,8,0,35.0,,71.0,
RWS01_MONIBAS_0010vwn0872ra,2,0,99.0,,99.0,
RWS01_MONICA_00D1B2004C4BD007000B,8,0,49.3625,,70.0,
RWS01_MONICA_00D00609742B60200007,8,0,76.845,,87.0,
RWS01_MONICA_00D00100D05CD0070013,8,0,69.265,,96.0,
RWS01_MONIBAS_0731hrr0233ra,4,0,96.0,,101.0,
RWS01_MONICA_00D00100D05CD0070017,8,0,81.62,,87.0,
RWS01_MONIBAS_0041hrr0554ra,4,0,82.0,,90.0,
RWS01_MONIBAS_0041hrl0154ra,12,0,93.83333333333333,,101.0,
RWS01_MONICA_00D00225680CD0050005,8,0,50.5,,102.0,
RWS01_MONIBAS_0051hrr0147ra,4,0,103.0,,108.0,
RWS01_MONIBAS_0021hrr1253ra,6,0,107.66666666666667,,119.0,
RWS01_MONICA_00D00225680CD0050009,8,0,48.5,,98.0,
RWS01_MONICA_00D00100D05CD007000B,8,0,77.0425,,104.0,
RWS01_MONICA_00D1B2004C4BD0070007,8,0,36.0,,73.0,
RWS01_MONIBAS_0011hrl1299ra,6,0,108.33333333333333,,125.0,
RWS01_MONICA_00D00100D05CD007000F,8,0,69.5175,,94.0,
RWS01_MONICA_00D00225680CD005000D,8,0,93.5,,98.0,
RWS01_MONIBAS_0090vwp0041ra,4,0,-1.0,,-1.0,
RWS01_MONIBAS_0041hrl0287ra,6,0,99.33333333333333,,109.0,
RWS01_MONIBAS_0221hrr0147ra_1,16,0,58.8025,,100.0,
RWS01_MONIBAS_0071hrr1963ra,6,0,76.33333333333333,,84.0,
RWS01_MONICA_00D03A04D437D007000B,8,0,80.89,,83.0,
RWS01_MONIBAS_0201hrr0257ra,6,0,98.33333333333333,,110.0,
RWS01_MONICA_00D01E03E000D0050305,8,0,25.0,,51.0,
RWS01_MONICA_00D002128C5000200007,8,0,37.0,,75.0,
RWS01_MONIBAS_0011hrl0698ra,16,0,-1.0,,-1.0,
RWS01_MONICA_00D00609742B6020000B,8,0,-1.0,,-1.0,
RWS01_MONICA_00D03A04D437D0070007,8,0,45.5,,92.0,
RWS01_MONIBAS_0501hrl2010ra,6,0,96.0,,105.0,
RWS01_MONICA_00D00211A40560200007,8,0,79.97749999999999,,110.0,
RWS01_MONIBAS_0500vwt1559ra,4,0,46.5,,94.0,
RWS01_MONIBAS_0011hrl0552ra,4,0,22.0,,45.0,
RWS01_MONIBAS_0271hrr0950ra,6,0,71.66666666666667,,80.0,
RWS01_MONIBAS_0201hrr0111ra,4,0,114.5,,120.0,
RWS01_MONICA_00D01C14F802A8200007,8,0,-1.0,,-1.0,
RWS01_MONIBAS_0051hrr0014ra,4,0,48.0,,48.0,
RWS01_MONIBAS_0040vwn0354ra,8,0,45.75,,93.0,
RWS01_MONICA_00D03217182320200187,8,0,-1.0,,-1.0,
RWS01_MONICA_00D00225680CD0050011,8,0,49.0,,99.0,
RWS01_MONICA_00D01C0D542D48200007,8,0,28.5,,58.0,
RWS01_MONICA_00D0321EDC4E18200005,8,0,52.0,,105.0,
RWS01_MONIBAS_0121hrr0381ra,8,0,106.5,,123.0,
RWS01_MONIBAS_0581hrr0269ra,4,0,91.0,,94.0,
RWS01_MONIBAS_0201hrr0244ra,4,0,104.5,,114.0,
RWS01_MONICA_00D00211A4056020000F,8,0,69.9375,,99.0,
RWS01_MONIBAS_0011hrl0708ra,16,0,19.0,,79.0,
RWS01_MONIBAS_0220vwq0120ra,4,0,95.0,,101.0,
RWS01_MONIBAS_0441hrl0024ra,4,0,97.0,,103.0,
RWS01_MONIBAS_0011hrr0412ra_1,40,0,77.65299999999999,,112.0,
RWS01_MONIBAS_0011hrl1286ra,6,0,110.0,,118.0,
RWS01_MONIBAS_0281hrr0018ra,6,0,107.33333333333333,,120.0,
RWS01_MONICA_00D04C00945FD0070007,8,0,55.0,,111.0,
RWS01_MONIBAS_0500vwt0958ra,4,0,80.0,,83.0,
RWS01_MONICA_00D00211A4056020000B,8,0,91.5,,96.0,
RWS01_MONICA_00D001136805D0070007,8,0,54.0,,109.0,
RWS01_MONIBAS_0151hrl0373ra,6,0,115.66666666666667,,127.0,
RWS01_MONIBAS_0280vwa1522ra,8,0,-1.0,,-1.0,
RWS01_MONIBAS_0021hrr1180ra,8,0,99.25,,112.0,
RWS01_MONIBAS_0760vwr0024ra,2,0,79.0,,79.0,
RWS01_MONIBAS_3250vwr0129ra,2,0,71.0,,71.0,
RWS01_MONIBAS_0590vwt1348ra,2,0,-1.0,,-1.0,
RWS01_MONIBAS_0071hrl0249ra,4,0,-1.0,,-1.0,
RWS01_MONICA_00D001136805D007000B,8,0,95.965,,104.0,
RWS01_MONIBAS_0020vwm1122ra,4,0,102.5,,110.0,
RWS01_MONICA_00D001136805D007000F,8,0,91.1425,,104.0,
RWS01_MONIBAS_0010vwn0072ra,2,0,102.0,,102.0,
RWS01_MONIBAS_0021hrl2567rb,4,0,-1.0,,-1.0,
RWS01_MONIBAS_0061hrr0532ra,4,0,102.5,,108.0,
RWS01_MONIBAS_0270vwf0839ra,4,0,88.0,,111.0,
RWS01_MONIBAS_0021hrl2567ra,4,0,68.5,,70.0,
RWS01_MONIBAS_0501hrr1917ra,6,0,92.33333333333333,,100.0,
RWS01_MONIBAS_0091hrr0636ra,6,0,102.0,,112.0,
RWS01_MONIBAS_0121hrl0412ra,8,0,49.25,,53.0,
RWS01_MONICA_00D009061C1988200007,8,0,72.5425,,105.0,
RWS01_MONIBAS_0091hrr0516ra,6,0,67.66666666666667,,108.0,
RWS01_MONICA_00D00103D41418200005,8,0,-1.0,,-1.0,
RWS01_MONIBAS_0020vwm1638ra,4,0,81.0,,83.0,
RWS01_MONIBAS_0091hrr0240ra,6,0,-1.0,,-1.0,
RWS01_MONIBAS_0090vwy0075ra,6,0,100.66666666666667,,117.0,
RWS01_MONIBAS_0011hrl0041rb,2,0,80.0,,80.0,
RWS01_MONIBAS_0011hrl0041ra,4,0,86.0,,89.0,
RWS01_MONICA_00D00909881FD0050185,8,0,-1.0,,-1.0,
RWS01_MONICA_10D0040B842E68200009,2,0,39.0,,39.0,
RWS01_MONIBAS_0121hrl0808ra,6,0,109.66666666666667,,122.0,
RWS01_MONIBAS_0121hrr1043ra,6,0,47.0,,59.0,
RWS01_MONIBAS_0021hrl2171ra,4,0,91.5,,97.0,
RWS01_MONICA_10D0040B842E68200005,2,0,48.0,,48.0,
RWS01_MONICA_00D00210BC2DD0070007,8,0,23.75,,32.0,
RWS01_MONIBAS_0670vwd0734ra,8,0,62.15,,88.0,
RWS01_MONICA_00D00405AC32D0050005,8,0,-1.0,,-1.0,
RWS01_MONIBAS_0041hrl0278ra,6,0,101.66666666666667,,110.0,
RWS01_MONIBAS_0010vwn0455ra,4,0,93.0,,104.0,
RWS01_MONIBAS_0061hrl0529ra,4,0,108.5,,117.0,
RWS01_MONIBAS_0121hrl0652ra,8,0,72.0,,83.0,
RWS01_MONICA_00D00405AC32D0050009,8,0,-1.0,,-1.0,
RWS01_MONICA_00D01C042C19B8200007,8,0,68.0325,,92.0,
RWS01_MONIBAS_0150vwy0474ra,4,0,104.5,,113.0,
RWS01_MONICA_00D00210BC2DD007000F,8,0,52.55,,56.0,
RWS01_MONIBAS_0121hrl1147ra,6,0,101.66666666666667,,111.0,
RWS01_MONICA_00D01C042C19B820000B,8,0,85.3625,,89.0,
RWS01_MONICA_00D00210BC2DD007000B,8,0,29.9175,,42.0,
RWS01_MONIBAS_0091hrl0555ra_1,16,0,75.30875,,109.0,
RWS01_MONICA_00D00C15505AC0200007,8,0,93.5125,,95.0,
RWS01_MONIBAS_0071hrr0145ra,6,0,78.66666666666667,,81.0,
RWS01_MONIBAS_0011hrl0317ra,4,0,103.0,,107.0,
RWS01_MONICA_00D00C15505AC020000B,8,0,91.595,,103.0,
RWS01_MONIBAS_0581hrl0275ra,4,0,81.0,,88.0,
RWS01_MONIBAS_0071hrl0116ra,6,0,101.66666666666667,,112.0,
RWS01_MONIBAS_0060vwp0472ra,2,0,89.0,,89.0,
RWS01_MONICA_00D00227FC25D0070307,8,0,39.5,,80.0,
RWS01_MONICA_00D00901545FB820000B,8,0,-1.0,,-1.0,
RWS01_MONIBAS_0091hrl0094ra,4,0,98.5,,101.0,
RWS01_MONICA_00D01401E034D007000B,8,0,72.75,,103.0,
RWS01_MONICA_00D0100B005A60200007,8,0,-1.0,,-1.0,
RWS01_MONIBAS_0021hrl1044ra,6,0,77.66666666666667,,130.0,
RWS01_MONIBAS_0021hrl0682ra,8,0,107.25,,128.0,
RWS01_MONICA_00D01401E034D0070007,8,0,55.5,,112.0,
RWS01_MONIBAS_0070vwd1835ra,8,0,-1.0,,-1.0,
RWS01_MONIBAS_3261hrr0019ra,8,0,-1.0,,-1.0,
RWS01_MONIBAS_0121hrl0425ra,8,0,86.5,,92.0,
RWS01_MONICA_00D03A088C55D007000B,8,0,77.545,,83.0,
RWS01_MONIBAS_0121hrr0704ra,8,0,19.75,,22.0,
RWS01_MONIBAS_0760vwa0045ra,2,0,84.0,,84.0,
RWS01_MONIBAS_0280vwa1415ra,8,0,-1.0,,-1.0,
RWS01_MONICA_00D00901545FB8200007,8,0,-1.0,,-1.0,
RWS01_MONIBAS_0011hrr0190ra,6,0,-1.0,,-1.0,
RWS01_MONICA_00D01B02584FD0050005,8,0,57.5,,116.0,
RWS01_MONIBAS_0011hrr1318ra,6,0,29.0,,89.0,
RWS01_MONIBAS_0091hrl0344ra,6,0,110.33333333333333,,125.0,
RWS01_MONIBAS_0151hrl0386ra,8,0,103.5,,118.0,
RWS01_MONIBAS_0090vwp0060ra,2,0,-1.0,,-1.0,
RWS01_MONIBAS_0151hrl0409ra,4,0,101.5,,112.0,
RWS01_MONIBAS_0121hrl0772ra,6,0,107.33333333333333,,119.0,
RWS01_MONICA_00D00C0C285FD007000F,8,0,-1.0,,-1.0,
RWS01_MONIBAS_0021hrr0734ra_1,48,0,-1.0,,-1.0,
RWS01_MONIBAS_0731hrr0165ra,4,0,95.5,,100.0,
RWS01_MONIBAS_0150vwf0602ra,2,0,94.0,,94.0,
RWS01_MONIBAS_0021hrr1563ra,4,0,27.0,,29.0,
RWS01_MONICA_00D00C0C285FD007000B,8,0,-1.0,,-1.0,
RWS01_MONIBAS_0011hrr0586ra,16,0,78.345,,97.0,
RWS01_MONIBAS_0091hrr0610ra,6,0,103.0,,111.0,
RWS01_MONICA_00D0321FD80A90200005,8,0,84.1675,,89.0,
RWS01_MONIBAS_0011hrr0810ra,16,0,-1.0,,-1.0,
RWS01_MONIBAS_0021hrl2327ra,6,0,85.66666666666667,,91.0,
RWS01_MONIBAS_0091hrl0081ra,4,0,94.5,,99.0,
RWS01_MONIBAS_0121hrr1413ra,4,0,100.0,,108.0,
RWS01_MONIBAS_0281hrr1136rb,4,0,95.0,,98.0,
RWS01_MONIBAS_0731hrr0178ra,4,0,-1.0,,-1.0,
RWS01_MONIBAS_0281hrl0972ra,8,0,94.5,,99.0,
RWS01_MONIBAS_0121hrl0438ra,8,0,60.25,,67.0,
RWS01_MONIBAS_0281hrr1136ra,4,0,102.5,,110.0,
RWS01_MONIBAS_0021hrr1719ra,6,0,100.66666666666667,,110.0,
RWS01_MONIBAS_0281hrl0362ra,4,0,99.0,,107.0,
RWS01_MONIBAS_0161hrl0641ra,6,0,101.0,,112.0,
RWS01_MONIBAS_0021hrr0854ra,8,0,41.25,,43.0,
RWS01_MONIBAS_0091hrr0399ra,6,0,47.666666666666664,,56.0,
RWS01_MONIBAS_0151hrl0529ra,6,0,101.0,,112.0,
RWS01_MONIBAS_0271hrr0088ra,4,0,102.5,,108.0,
RWS01_MONIBAS_0021hrl0945ra,6,0,116.33333333333333,,132.0,
RWS01_MONIBAS_0011hrl0424ra,6,0,99.0,,102.0,
RWS01_MONIBAS_0041hrl0502ra,8,0,40.0,,56.0,
RWS01_MONICA_10D01B03C80010200005,2,0,-1.0,,-1.0,
RWS01_MONICA_00D01407200AD007000B,8,0,90.7675,,93.0,
RWS01_MONIBAS_0121hrr0201ra,6,0,98.0,,108.0,
RWS01_MONIBAS_0590vwt0506ra,4,0,47.0,,95.0,
RWS01_MONICA_00D01407200AD0070007,8,0,66.715,,99.0,
RWS01_MONIBAS_0061hrr0438ra,8,0,107.0,,119.0,
RWS01_MONIBAS_3251hrr0169ra,2,0,42.0,,42.0,
RWS01_MONIBAS_0731hrr0152ra,4,0,88.0,,94.0,
RWS01_MONIBAS_0091hrr0279ra,6,0,93.33333333333333,,102.0,
RWS01_MONICA_00D0010ED841D0050005,8,0,-1.0,,-1.0,
RWS01_MONICA_00D01406DC00D0050005,8,0,64.6825,,90.0,
RWS01_MONIBAS_0071hrl0343ra,16,0,-1.0,,-1.0,
RWS01_MONIBAS_0671hrr0269ra,4,0,81.5,,87.0,
RWS01_MONIBAS_0501hrl1852ra,6,0,31.0,,43.0,
RWS01_MONIBAS_0121hrr0717ra,6,0,81.0,,84.0,
RWS01_MONIBAS_0120vwc0458ra,2,0,60.0,,60.0,
RWS01_MONIBAS_0501hrl1985ra,6,0,95.0,,109.0,
RWS01_MONICA_10D00716540ED0050005,2,0,108.0,,108.0,
RWS01_MONICA_00D0010ED841D005000D,8,0,-1.0,,-1.0,
RWS01_MONIBAS_0151hrl0863ra,4,0,73.5,,74.0,
RWS01_MONICA_00D00F073440D005000D,8,0,84.7625,,92.0,
RWS01_MONIBAS_0271hrr1140ra,16,0,65.61625000000001,,115.0,
RWS01_MONICA_00D00211800AD0050009,8,0,-1.0,,-1.0,
RWS01_MONICA_00D0010ED841D0050009,8,0,-1.0,,-1.0,
RWS01_MONICA_00D00F073440D0050005,8,0,60.0,,121.0,
RWS01_MONIBAS_0050vwn0074ra,4,0,104.5,,110.0,
RWS01_MONICA_00D00211800AD0050005,8,0,3.5,,8.0,
RWS01_MONICA_00D00F073440D0050009,8,0,50.0,,101.0,
RWS01_MONICA_10D00716540ED0050009,2,0,89.0,,89.0,
RWS01_MONICA_00D0010ED841D0050011,8,0,89.97,,100.0,
RWS01_MONIBAS_0041hrr0187ra,6,0,58.0,,63.0,
RWS01_MONIBAS_0020vwn1565ra,8,0,95.75,,113.0,
RWS01_MONICA_00D04302C812D007000B,8,0,87.9825,,98.0,
RWS01_MONICA_00D032183828D0050009,8,0,44.0,,59.0,
RWS01_MONIBAS_0021hrr0614ra,8,0,75.75,,113.0,
RWS01_MONICA_00D032183828D0050005,8,0,47.91,,76.0,
RWS01_MONIBAS_0221hrr0126ra,6,0,84.0,,95.0,
RWS01_MONICA_10D01D029C00D007000B,2,0,89.0,,89.0,
RWS01_MONIBAS_0021hrr0804ra_1,40,0,53.564,,98.0,
RWS01_MONICA_00D04302C812D0070007,8,0,74.9675,,101.0,
RWS01_MONIBAS_0201hrl0322ra,6,0,56.333333333333336,,59.0,
RWS01_MONIBAS_0730vwc0992ra,8,0,61.0625,,83.0,
RWS01_MONIBAS_0281hrl1574ra,16,0,-1.0,,-1.0,
RWS01_MONIBAS_0120vwa0590ra,4,0,69.5,,70.0,
RWS01_MONICA_00D00400A4506020000B,8,0,86.3675,,91.0,
RWS01_MONIBAS_0151hrl0996ra,4,0,39.0,,44.0,
RWS01_MONIBAS_0581hrr0852ra,16,0,-1.0,,-1.0,
RWS01_MONICA_00D00400A45060200007,8,0,74.295,,100.0,
RWS01_MONIBAS_0020vwn0616ra,6,0,67.0,,110.0,
RWS01_MONIBAS_0121hrl0055ra,10,0,30.4,,79.0,
RWS01_MONICA_10D00705A015D0050009,2,0,102.0,,102.0,
RWS01_MONICA_00D0010DA405D0070007,8,0,63.0,,127.0,
RWS01_MONIBAS_0120vwy1355ra,4,0,85.5,,89.0,
RWS01_MONICA_00D01B02584FD0050009,8,0,82.47,,97.0,
RWS01_MONIBAS_0090vwa0425ra,2,0,54.0,,54.0,
RWS01_MONIBAS_0150vwg0600ra,2,0,75.0,,75.0,
RWS01_MONIBAS_0151hrl0610ra,8,0,105.25,,125.0,
RWS01_MONIBAS_0281hrr1029ra,6,0,94.33333333333333,,100.0,
RWS01_MONIBAS_0010vwa1694ra,8,0,69.125,,71.0,
RWS01_MONICA_00D01406DC00D0050009,8,0,82.91,,85.0,
RWS01_MONICA_10D00705A015D0050005,2,0,115.0,,115.0,
RWS01_MONIBAS_0130vwa0070ra,2,0,-1.0,,-1.0,
RWS01_MONICA_00D0490D4C1410200005,8,0,43.5,,88.0,
RWS01_MONIBAS_0351hrl0709ra,8,0,-1.0,,-1.0,
RWS01_MONICA_00D0010DA405D007000F,8,0,93.1725,,103.0,
RWS01_MONICA_00D0320F305F10200009,8,0,42.0,,85.0,
RWS01_MONIBAS_0121hrr0334ra,8,0,106.75,,121.0,
RWS01_MONICA_10D01D029C00D0070007,2,0,104.0,,104.0,
RWS01_MONICA_00D0010DA405D007000B,8,0,55.0,,111.0,
RWS01_MONICA_00D0320F305F10200005,8,0,38.5,,78.0,
RWS01_MONIBAS_0021hrl2197ra,4,0,93.5,,101.0,
RWS01_MONICA_00D01401E034D0070087,8,0,84.9375,,99.0,
RWS01_MONICA_00D00405AC32D0050085,8,0,42.0,,85.0,
RWS01_MONICA_00D03A088C55D0070007,8,0,34.0,,69.0,
RWS01_MONIBAS_0021hrr0591ra,8,0,39.25,,84.0,
RWS01_MONICA_00D00405AC32D0050089,8,0,82.4475,,85.0,
RWS01_MONIBAS_0351hrl0553ra,6,0,83.33333333333333,,96.0,
RWS01_MONIBAS_0501hrl1998ra,6,0,98.66666666666667,,118.0,
RWS01_MONIBAS_0011hrl0054ra,10,0,96.8,,104.0,
RWS01_MONIBAS_0280vwh0854rb,2,0,9.0,,9.0,
RWS01_MONICA_00D0020DD05AD0050305,8,0,52.5,,106.0,
RWS01_MONIBAS_0121hrr0561ra,12,0,92.83333333333333,,108.0,
RWS01_MONIBAS_0280vwh0854ra,4,0,76.0,,82.0,
RWS01_MONIBAS_0281hrr0308ra,4,0,96.0,,103.0,
RWS01_MONIBAS_0151hrl1608ra,6,0,53.0,,84.0,
RWS01_MONIBAS_0201hrl0202ra,8,0,106.25,,115.0,
RWS01_MONIBAS_0020vwn1578ra,8,0,89.25,,104.0,
RWS01_MONIBAS_0151hrl0480ra,8,0,98.75,,110.0,
RWS01_MONIBAS_0500vwj1480ra,4,0,31.5,,64.0,
RWS01_MONIBAS_0280vwu0012ra,6,0,36.666666666666664,,66.0,
RWS01_MONIBAS_0761hrl0190ra,16,0,-1.0,,-1.0,
RWS01_MONIBAS_0041hrr0294ra,6,0,34.666666666666664,,38.0,
RWS01_MONIBAS_0021hrr2058ra,16,0,83.875,,103.0,
RWS01_MONIBAS_0121hrr0441ra,8,0,62.0,,66.0,
RWS01_MONIBAS_0051hrr0099ra,4,0,101.5,,108.0,
RWS01_MONIBAS_0281hrr0165ra,8,0,45.75,,67.0,
RWS01_MONIBAS_0501hrl1612ra,6,0,37.333333333333336,,62.0,
RWS01_MONIBAS_0020vwa1187ra,2,0,75.0,,75.0,
RWS01_MONIBAS_0071hrl0103ra,6,0,102.0,,114.0,
RWS01_MONIBAS_0151hrl0503ra,4,0,99.0,,104.0,
RWS01_MONIBAS_0121hrr1319ra,6,0,3.3333333333333335,,6.0,
RWS01_MONIBAS_0160vwp0250ra,2,0,62.0,,62.0,
RWS01_MONIBAS_0731hrr1136ra,8,0,44.75,,99.0,
RWS01_MONIBAS_0101hrl0233ra,6,0,72.0,,77.0,
RWS01_MONICA_00D04303903CD007000B,8,0,89.4625,,94.0,
RWS01_MONICA_00D00112E041D007000F,8,0,88.735,,95.0,
RWS01_MONIBAS_0051hrr0086ra,4,0,107.5,,113.0,
RWS01_MONIBAS_2051hrl0034ra,8,0,-1.0,,-1.0,
RWS01_MONICA_00D00C0B240FD007000F,8,0,69.2925,,71.0,
RWS01_MONICA_00D04303903CD0070007,8,0,47.0,,95.0,
RWS01_MONICA_00D00C0B240FD007000B,8,0,60.035,,83.0,
RWS01_MONIBAS_0151hrl1598ra,8,0,16.5,,24.0,
RWS01_MONICA_00D00112E041D0070007,8,0,78.2125,,106.0,
RWS01_MONICA_00D00607D80018200005,8,0,-1.0,,-1.0,
RWS01_MONICA_00D01002A419D0050305,8,0,41.2175,,56.0,
RWS01_MONIBAS_0121hrr0574ra,6,0,95.0,,104.0,
RWS01_MONICA_00D00607D80018200009,8,0,34.7,,53.0,
RWS01_MONICA_00D0060D980010200005,8,0,-1.0,,-1.0,
RWS01_MONIBAS_0671hrr0243ra,4,0,57.5,,63.0,
RWS01_MONIBAS_0071hrl0080ra,6,0,101.33333333333333,,113.0,
RWS01_MONICA_00D00112E041D007000B,8,0,99.92,,108.0,
RWS01_MONICA_00D01407102DD0050009,8,0,59.385,,61.0,
RWS01_MONICA_00D01002A419D0050309,8,0,38.87,,41.0,
RWS01_MONIBAS_0021hrr1349ra,6,0,103.66666666666667,,111.0,
RWS01_MONICA_00D01407102DD0050005,8,0,46.7,,65.0,
RWS01_MONIBAS_0020vwn0580ra,4,0,102.0,,107.0,
RWS01_MONIBAS_0041hrl0742ra,4,0,84.5,,86.0,
RWS01_MONIBAS_0100vwp0303ra_1,16,0,21.51375,,37.0,
RWS01_MONIBAS_0021hrr1216ra,6,0,107.66666666666667,,120.0,
RWS01_MONIBAS_0121hrr1163ra,6,0,95.66666666666667,,104.0,
RWS01_MONIBAS_0091hrr0039rb,2,0,87.0,,87.0,
RWS01_MONIBAS_0271hrl0273ra,4,0,95.5,,100.0,
RWS01_MONIBAS_0091hrr0039ra,6,0,105.0,,110.0,
RWS01_MONICA_00D00C0B240FD0070007,8,0,-1.0,,-1.0,
RWS01_MONICA_10D00401200028200005,2,0,111.0,,111.0,
RWS01_MONIBAS_0160vwy0279ra,6,0,90.66666666666667,,105.0,
RWS01_MONIBAS_0121hrl0068ra,4,0,105.5,,112.0,
RWS01_MONIBAS_0060vwn0521ra,6,0,107.33333333333333,,118.0,
RWS01_MONICA_10D00401200028200009,2,0,100.0,,100.0,
RWS01_MONIBAS_0011hrr0969ra,8,0,103.25,,119.0,
RWS01_MONIBAS_0091hrl0584ra,8,0,103.5,,120.0,
RWS01_MONICA_00D0021B7837D007000F,8,0,27.045,,30.0,
RWS01_MONIBAS_0160vwx0205ra,24,0,53.14666666666667,,101.0,
RWS01_MONIBAS_0161hrr0060ra,4,0,-1.0,,-1.0,
RWS01_MONIBAS_0731hrr1016ra,8,0,59.975,,61.0,
RWS01_MONIBAS_0070vwc1810ra,8,0,-1.0,,-1.0,
RWS01_MONIBAS_0671hrr0362ra,4,0,95.0,,101.0,
RWS01_MONIBAS_0150vwf1550ra,4,0,49.5,,100.0,
RWS01_MONIBAS_0081hrr0057ra,4,0,-1.0,,-1.0,
RWS01_MONIBAS_0270vwt0979ra,2,0,88.0,,88.0,
RWS01_MONICA_00D014020C1ED0050005,8,0,50.0,,101.0,
RWS01_MONICA_00D014020C1ED0050009,8,0,88.9475,,93.0,
RWS01_MONIBAS_0200vwu0238ra,6,0,87.0,,94.0,
RWS01_MONICA_00D0021B7837D0070007,8,0,23.61,,35.0,
RWS01_MONIBAS_0070vwc2150ra,8,0,38.0,,77.0,
RWS01_MONICA_00D0021B7837D007000B,8,0,13.985,,19.0,
RWS01_MONIBAS_0160vwx0182ra,4,0,95.5,,100.0,
RWS01_MONIBAS_0161hrr0336ra,4,0,75.5,,78.0,
RWS01_MONIBAS_0021hrr0364ra,6,0,98.0,,108.0,
RWS01_MONIBAS_0731hrl0243ra,4,0,96.0,,102.0,
RWS01_MONIBAS_0071hrr1979ra,4,0,84.0,,87.0,
RWS01_MONIBAS_3701hrr0036ra,4,0,88.0,,88.0,
RWS01_MONICA_00D001067C32D0050005,8,0,77.4575,,104.0,
RWS01_MONICA_00D001067C32D0050009,8,0,95.35,,97.0,
RWS01_MONIBAS_0161hrr0193ra,6,0,98.0,,105.0,
RWS01_MONIBAS_0021hrr0507ra,10,0,8.2,,12.0,
RWS01_MONICA_10D009082444D0050005,2,0,111.0,,111.0,
RWS01_MONIBAS_0270vwa0856ra,4,0,95.0,,95.0,
RWS01_MONICA_00D04302C812D0070087,8,0,78.9,,89.0,
RWS01_MONIBAS_0071hrr1979rb,4,0,78.0,,82.0,
RWS01_MONICA_10D009082444D0050009,2,0,100.0,,100.0,
RWS01_MONICA_00D005023C4AD0050305,8,0,50.0,,101.0,
RWS01_MONIBAS_0581hrr0505ra,4,0,78.0,,80.0,
RWS01_MONIBAS_0291hrl0140ra,6,0,73.0,,114.0,
RWS01_MONIBAS_0271hrr0551ra,6,0,96.66666666666667,,105.0,
RWS01_MONICA_00D00C0A541400200007,8,0,46.5,,94.0,
RWS01_MONIBAS_0271hrl0415ra,4,0,89.0,,94.0,
RWS01_MONIBAS_0120vwx0621ra,6,0,79.33333333333333,,82.0,
RWS01_MONIBAS_0281hrr0285ra,4,0,12.0,,13.0,
RWS01_MONIBAS_0581hrr0388ra,6,0,103.0,,119.0,
RWS01_MONIBAS_0150vwg0389ra,4,0,96.5,,98.0,
RWS01_MONIBAS_0121hrl1493ra,6,0,75.0,,86.0,
RWS01_MONIBAS_0160vwp0276ra,4,0,110.5,,119.0,
RWS01_MONIBAS_0021hrl1596ra,4,0,92.5,,98.0,
RWS01_MONIBAS_0151hrr1623ra,2,0,83.0,,83.0,
RWS01_MONIBAS_0010vwa0388ra,2,0,65.0,,65.0,
RWS01_MONICA_00D00103541280200005,8,0,-1.0,,-1.0,
RWS01_MONIBAS_0011hrl0901ra,6,0,117.66666666666667,,127.0,
RWS01_MONICA_00D04C007039C0200005,8,0,37.0,,75.0,
RWS01_MONIBAS_0500vwc2162ra,8,0,-1.0,,-1.0,
RWS01_MONIBAS_0761hrl0096ra,16,0,-1.0,,-1.0,
RWS01_MONIBAS_0071hrl1435ra,8,0,35.0,,71.0,
RWS01_MONIBAS_0280vwc0512ra,8,0,35.5,,72.0,
RWS01_MONIBAS_0021hrl0348ra,4,0,98.0,,101.0,
RWS01_MONICA_00D00F06A04100200007,8,0,-1.0,,-1.0,
RWS01_MONIBAS_0271hrr0444ra,4,0,86.0,,89.0,
RWS01_MONIBAS_0281hrr1085ra_1,24,0,67.0625,,116.0,
RWS01_MONICA_00D00E01FC27D007000B,8,0,-1.0,,-1.0,
RWS01_MONICA_00D00E01FC27D0070007,8,0,-1.0,,-1.0,
RWS01_MONIBAS_0581hrl1006ra,16,0,76.02375,,92.0,
RWS01_MONIBAS_0161hrr0086ra,6,0,104.66666666666667,,121.0,
RWS01_MONIBAS_0021hrl1400ra,6,0,102.33333333333333,,112.0,
RWS01_MONIBAS_0271hrr0707ra,6,0,100.66666666666667,,112.0,
RWS01_MONICA_00D01001D846D0070007,8,0,11.5,,24.0,
RWS01_MONIBAS_0120vwx0634ra,6,0,90.33333333333333,,101.0,
RWS01_MONIBAS_0761hrr0123ra,4,0,91.0,,97.0,
RWS01_MONICA_00D00607245068200009,8,0,96.26,,103.0,
RWS01_MONICA_00D01001D846D007000B,8,0,22.0425,,31.0,
RWS01_MONICA_00D00607245068200005,8,0,80.0,,107.0,
RWS01_MONIBAS_0010vwq0152ra,2,0,-1.0,,-1.0,
RWS01_MONICA_00D0021998586020000B,8,0,77.9525,,79.0,
RWS01_MONICA_00D0321F944BD0070087,8,0,34.0,,69.0,
RWS01_MONIBAS_0201hrl0108ra,4,0,84.0,,89.0,
RWS01_MONIBAS_0071hrr1966ra,8,0,72.5,,81.0,
RWS01_MONIBAS_0271hrr0697ra,8,0,99.75,,112.0,
RWS01_MONIBAS_0761hrl0083ra,4,0,98.0,,104.0,
RWS01_MONIBAS_0271hrl0788ra,8,0,25.5,,36.0,
RWS01_MONIBAS_0150vwn0606ra,2,0,91.0,,91.0,
RWS01_MONIBAS_0151hrr0438ra,10,0,101.0,,116.0,
RWS01_MONIBAS_0280vwd1988ra,8,0,-1.0,,-1.0,
RWS01_MONICA_00D00219985860200007,8,0,82.3925,,86.0,
RWS01_MONIBAS_0581hrr0518ra,4,0,69.0,,72.0,
RWS01_MONIBAS_2081hrl0090ra,4,0,93.0,,102.0,
RWS01_MONICA_00D1B201100AD0070007,8,0,45.0,,91.0,
RWS01_MONICA_00D00205C40C38200005,8,0,25.5,,52.0,
RWS01_MONICA_00D00205C40C38200009,8,0,-1.0,,-1.0,
RWS01_MONIBAS_0011hrr0226ra,6,0,95.0,,103.0,
RWS01_MONICA_00D00F09500438200009,8,0,68.545,,95.0,
RWS01_MONICA_00D006076C55D007000F,8,0,70.5875,,99.0,
RWS01_MONIBAS_0011hrl1278ra,6,0,106.0,,119.0,
RWS01_MONICA_00D00F09500438200005,8,0,79.51,,107.0,
RWS01_MONIBAS_0271hrl0895ra,6,0,104.66666666666667,,120.0,
RWS01_MONICA_00D03A087400D0050005,8,0,-1.0,,-1.0,
RWS01_MONICA_00D006076C55D007000B,8,0,54.0,,109.0,
RWS01_MONICA_00D00F060C1ED0070307,8,0,49.5,,100.0,
RWS01_MONICA_00D001145C05D007000F,8,0,-1.0,,-1.0,
RWS01_MONICA_00D03A087400D0050009,8,0,-1.0,,-1.0,
RWS01_MONIBAS_0320vwa0449ra,8,0,35.0,,71.0,
RWS01_MONIBAS_0020vwa2648ra,8,0,-1.0,,-1.0,
RWS01_MONICA_00D0021B7837D0070087,8,0,67.6,,76.0,
RWS01_MONICA_00D006076C55D0070007,8,0,52.0,,105.0,
RWS01_MONICA_00D00F060C1ED007030B,8,0,68.5525,,97.0,
RWS01_MONIBAS_0021hrl1726ra,4,0,92.0,,97.0,
RWS01_MONICA_00D0321E2805D0070187,8,0,84.0825,,86.0,
RWS01_MONIBAS_0021hrl1270ra,6,0,78.0,,78.0,
RWS01_MONIBAS_0121hrl1386ra,4,0,78.5,,85.0,
RWS01_MONIBAS_0021hrl1150ra,4,0,-1.0,,-1.0,
RWS01_MONICA_00D00C0C285FD0070007,8,0,50.5,,102.0,
RWS01_MONIBAS_0070vwa1649ra,8,0,33.5,,68.0,
RWS01_MONIBAS_0171hrl0001ra,4,0,20.5,,22.0,
RWS01_MONIBAS_0671hrl0321ra,4,0,98.5,,104.0,
RWS01_MONICA_00D00103EC2A10200005,8,0,-1.0,,-1.0,
RWS01_MONIBAS_4341hrl0063ra,2,0,81.0,,81.0,
RWS01_MONIBAS_0011hrl1398ra,6,0,105.66666666666667,,120.0,
RWS01_MONICA_00D0040AD81928200009,8,0,65.6425,,89.0,
RWS01_MONICA_00D0040AD81928200005,8,0,52.0,,105.0,
RWS01_MONICA_00D00F0CB041D0050005,8,0,73.7975,,100.0,
RWS01_MONIBAS_0020vwf0638ra,4,0,82.0,,83.0,
RWS01_MONIBAS_0120vwg0630ra,6,0,98.33333333333333,,108.0,
RWS01_MONICA_00D001145C05D0070007,8,0,64.0,,129.0,
RWS01_MONICA_00D00F0CB041D0050009,8,0,92.6575,,97.0,
RWS01_MONICA_00D001145C05D007000B,8,0,54.0,,109.0,
RWS01_MONIBAS_0021hrl0322ra,8,0,49.0,,102.0,
RWS01_MONIBAS_0071hrl1805ra,16,0,-1.0,,-1.0,
RWS01_MONIBAS_0011hrl0914ra,8,0,81.25,,114.0,
RWS01_MONIBAS_0021hrr1550ra,6,0,87.0,,93.0,
RWS01_MONIBAS_0011hrr0070ra,8,0,95.25,,103.0,
RWS01_MONIBAS_0351hrr0712ra,8,0,-1.0,,-1.0,
RWS01_MONIBAS_0011hrl1265ra,6,0,102.33333333333333,,112.0,
RWS01_MONIBAS_0061hrl0480ra,4,0,107.5,,109.0,
RWS01_MONICA_00D1B201100AD007000B,8,0,86.8125,,92.0,
RWS01_MONIBAS_0501hrr2388ra,2,0,-1.0,,-1.0,
RWS01_MONIBAS_0041hrr0531ra,4,0,102.0,,108.0,
RWS01_MONIBAS_0020vwm0640ra,4,0,76.5,,81.0,
RWS01_MONIBAS_0151hrr0808ra,6,0,8.333333333333334,,13.0,
RWS01_MONIBAS_0051hrl0044ra,4,0,103.0,,107.0,
RWS01_MONIBAS_0160vwg0154ra,2,0,81.0,,81.0,
RWS01_MONIBAS_0380vww0199ra,2,0,77.0,,77.0,
RWS01_MONIBAS_0091hrl0095ra,4,0,86.5,,89.0,
RWS01_MONIBAS_0021hrl2674ra,8,0,-1.0,,-1.0,
RWS01_MONIBAS_0160vwc0590ra,4,0,44.5,,48.0,
RWS01_MONIBAS_0021hrr2271ra,6,0,86.66666666666667,,93.0,
RWS01_MONIBAS_0021hrl2301ra,6,0,84.66666666666667,,93.0,
RWS01_MONIBAS_0201hrr0378ra,6,0,87.0,,92.0,
RWS01_MONIBAS_0040vwg0638ra,4,0,46.0,,93.0,
RWS01_MONIBAS_0121hrl1266ra,6,0,69.66666666666667,,74.0,
RWS01_MONICA_00D00901DC3CD007000B,8,0,80.3875,,88.0,
RWS01_MONICA_00D00901DC3CD0070007,8,0,48.5,,98.0,
RWS01_MONIBAS_0161hrr0589ra,6,0,98.33333333333333,,107.0,
RWS01_MONIBAS_0501hrr1654ra,6,0,78.0,,86.0,
RWS01_MONIBAS_0201hrr0232ra,6,0,104.0,,112.0,
RWS01_MONIBAS_0011hrl1252ra,6,0,103.33333333333333,,114.0,
RWS01_MONICA_00D0430ABC3C48200007,8,0,52.667500000000004,,56.0,
RWS01_MONIBAS_0061hrl0493ra,4,0,107.0,,112.0,
RWS01_MONIBAS_0041hrl0011ra,6,0,58.0,,66.0,
RWS01_MONIBAS_0041hrl0011rb,4,0,84.0,,86.0,
RWS01_MONIBAS_0671hrl0334ra,4,0,89.0,,92.0,
RWS01_MONIBAS_0731hrl0230ra,4,0,102.0,,109.0,
RWS01_MONIBAS_0160vwb0590ra,2,0,57.0,,57.0,
RWS01_MONIBAS_0151hrr1000ra,4,0,101.5,,106.0,
RWS01_MONIBAS_0760vws0023ra,4,0,84.5,,88.0,
RWS01_MONIBAS_0091hrr0493ra,4,0,96.0,,102.0,
RWS01_MONICA_10D002118C0068200005,2,0,-1.0,,-1.0,
RWS01_MONIBAS_0121hrl1133ra,6,0,99.33333333333333,,108.0,
RWS01_MONIBAS_0091hrr0493rb,4,0,98.0,,105.0,
RWS01_MONIBAS_0671hrl0191ra,4,0,90.5,,97.0,
RWS01_MONIBAS_0271hrr0337ra,4,0,82.0,,86.0,
RWS01_MONIBAS_0121hrl0798ra,6,0,108.0,,117.0,
RWS01_MONICA_10D002118C0068200009,2,0,-1.0,,-1.0,
RWS01_MONIBAS_0011hrr0239ra,6,0,-1.0,,-1.0,
RWS01_MONIBAS_0021hrl2554ra,4,0,28.5,,44.0,
RWS01_MONIBAS_0500vwd2293ra,8,0,-1.0,,-1.0,
RWS01_MONIBAS_0021hrl0718ra,10,0,103.6,,127.0,
RWS01_MONICA_00D00901DC3CD007000F,8,0,78.625,,82.0,
RWS01_MONIBAS_0501hrl1517ra,10,0,43.8,,57.0,
RWS01_MONIBAS_0021hrl1176ra,4,0,96.5,,102.0,
RWS01_MONIBAS_0041hrl0024ra,8,0,100.0,,116.0,
RWS01_MONIBAS_0041hrr0303ra,6,0,51.666666666666664,,58.0,
RWS01_MONIBAS_0121hrl1039ra,6,0,103.66666666666667,,119.0,
RWS01_MONIBAS_0011hrl0678ra,16,0,20.0,,83.0,
RWS01_MONIBAS_0151hrr1015ra,4,0,95.5,,102.0,
RWS01_MONIBAS_0091hrl0478ra,6,0,106.0,,121.0,
RWS01_MONIBAS_0151hrl0252ra,4,0,-1.0,,-1.0,
RWS01_MONIBAS_0091hrl0082ra,4,0,90.5,,96.0,
RWS01_MONIBAS_0011hrr0452ra,4,0,2.5,,6.0,
RWS01_MONIBAS_0041hrr0160ra,12,0,51.333333333333336,,73.0,
RWS01_MONICA_00D00101085518200005,8,0,42.0,,85.0,
RWS01_MONICA_00D00F071410D007000B,8,0,53.0,,107.0,
RWS01_MONICA_00D00501444650200005,8,0,53.1825,,62.0,
RWS01_MONIBAS_0091hrl0225ra,8,0,97.0,,104.0,
RWS01_MONICA_00D0020CB032D0070007,8,0,74.4225,,101.0,
RWS01_MONIBAS_0151hrr0773ra,6,0,42.333333333333336,,58.0,
RWS01_MONIBAS_0011hrl0282ra,4,0,-1.0,,-1.0,
RWS01_MONIBAS_0011hrr1189ra,8,0,103.75,,114.0,
RWS01_MONIBAS_0011hrl0282rb,4,0,100.5,,107.0,
RWS01_MONIBAS_0591hrl1026ra,16,0,57.215,,73.0,
RWS01_MONICA_00D00F071410D007000F,8,0,88.27250000000001,,96.0,
RWS01_MONIBAS_0200vwc0127ra,2,0,65.0,,65.0,
RWS01_MONICA_00D00F06F40000200007,8,0,62.59,,87.0,
RWS01_MONIBAS_0281hrl0840ra,6,0,96.33333333333333,,103.0,
RWS01_MONIBAS_0121hrl0664ra,8,0,103.0,,118.0,
RWS01_MONIBAS_0021hrr1192ra,10,0,99.6,,116.0,
RWS01_MONIBAS_0020vwf2414ra,2,0,74.0,,74.0,
RWS01_MONIBAS_0501hrr2004ra,6,0,103.33333333333333,,114.0,
RWS01_MONIBAS_0241hrr0019ra,6,0,103.0,,109.0,
RWS01_MONIBAS_0501hrl1637ra,6,0,88.0,,102.0,
RWS01_MONIBAS_0121hrl1159ra,6,0,101.66666666666667,,111.0,
RWS01_MONIBAS_3250vwx0133ra,2,0,111.0,,111.0,
RWS01_MONIBAS_0011hrl0558ra,24,0,-1.0,,-1.0,
RWS01_MONIBAS_0021hrl2555ra,4,0,27.5,,42.0,
RWS01_MONIBAS_0020vwa1068ra,2,0,78.0,,78.0,
RWS01_MONIBAS_0021hrl2555rc,2,0,44.0,,44.0,
RWS01_MONIBAS_0021hrl2555rb,2,0,12.0,,12.0,
RWS01_MONIBAS_0501hrr1905ra,6,0,93.0,,99.0,
RWS01_MONIBAS_0281hrl0853rb,4,0,-1.0,,-1.0,
RWS01_MONICA_00D0071EA011D007000B,8,0,56.942499999999995,,77.0,
RWS01_MONIBAS_0070vwd2295ra,8,0,65.5,,91.0,
RWS01_MONIBAS_0281hrl0853ra,2,0,-1.0,,-1.0,
RWS01_MONIBAS_0070vwd1956ra,2,0,63.0,,63.0,
RWS01_MONIBAS_0151hrl0372ra,6,0,118.66666666666667,,133.0,
RWS01_MONIBAS_0091hrl0105ra,4,0,103.5,,113.0,
RWS01_MONIBAS_0091hrl0105rb,2,0,92.0,,92.0,
RWS01_MONICA_00D0071EA011D0070007,8,0,44.5,,90.0,
RWS01_MONIBAS_0581hrl0396ra,6,0,97.0,,104.0,
RWS01_MONIBAS_0020vwa0331ra,4,0,85.5,,90.0,
RWS01_MONIBAS_0270vwx0361ra,4,0,103.0,,109.0,
RWS01_MONIBAS_0591hrl1399ra,4,0,90.0,,94.0,
RWS01_MONIBAS_0121hrl0281ra,10,0,26.0,,64.0,
RWS01_MONICA_00D0071F1832D007000B,8,0,71.19,,72.0,
RWS01_MONIBAS_0041hrl0157ra,12,0,96.66666666666667,,104.0,
RWS01_MONIBAS_0090vwy0087ra,4,0,111.5,,117.0,
RWS01_MONIBAS_0121hrl0784ra,6,0,66.33333333333333,,105.0,
RWS01_MONIBAS_0021hrl2568ra,4,0,-1.0,,-1.0,
RWS01_MONIBAS_0011hrr0728ra,16,0,-1.0,,-1.0,
RWS01_MONIBAS_0091hrl0598ra,6,0,73.0,,123.0,
RWS01_MONIBAS_0121hrr1438ra,4,0,113.0,,123.0,
RWS01_MONICA_00D0020CB032D007000F,8,0,65.78,,90.0,
RWS01_MONICA_00D00210D400D0050005,8,0,-1.0,,-1.0,
RWS01_MONIBAS_0011hrl0438ra,4,0,93.0,,98.0,
RWS01_MONIBAS_0010vwn0443ra,4,0,97.5,,102.0,
RWS01_MONIBAS_0151hrr0916ra,4,0,82.5,,86.0,
RWS01_MONICA_00D0071F1832D0070007,8,0,79.18,,82.0,
RWS01_MONICA_00D0021A683ED007008B,8,0,84.1975,,90.0,
RWS01_MONIBAS_0151hrr0640ra,4,0,99.0,,106.0,
RWS01_MONICA_00D0020CB032D007000B,8,0,71.5675,,97.0,
RWS01_MONIBAS_0121hrl0304ra,8,0,53.5,,57.0,
RWS01_MONICA_00D00210D400D0050009,8,0,82.1875,,112.0,
RWS01_MONICA_00D00F071410D0070007,8,0,59.0,,119.0,
RWS01_MONICA_00D00210D400D005000D,8,0,69.0325,,98.0,
RWS01_MONIBAS_0070vwc1468ra,8,0,44.5,,90.0,
RWS01_MONICA_00D0020CB032D0070013,8,0,79.2775,,87.0,
RWS01_MONIBAS_0581hrl0263ra,4,0,87.0,,92.0,
RWS01_MONICA_00D009066C0FD0050005,8,0,86.5325,,117.0,
RWS01_MONIBAS_0070vwd1930ra,8,0,-1.0,,-1.0,
RWS01_MONIBAS_0091hrr0408ra,6,0,54.0,,59.0,
RWS01_MONIBAS_0591hrl0925ra,16,0,94.83,,104.0,
RWS01_MONICA_00D009066C0FD0050009,8,0,52.0,,105.0,
RWS01_MONIBAS_0581hrr1037ra,16,0,86.71375,,95.0,
RWS01_MONIBAS_0090vwu0342ra,4,0,95.5,,103.0,
RWS01_MONIBAS_0011hrl0532ra,4,0,67.5,,69.0,
RWS01_MONIBAS_0011hrr0608ra,16,0,74.4275,,89.0,
RWS01_MONIBAS_0151hrr0880ra,4,0,94.0,,100.0,
RWS01_MONICA_00D0021A683ED0070087,8,0,46.5,,94.0,
RWS01_MONICA_00D004057C5A10200009,8,0,-1.0,,-1.0,
RWS01_MONICA_00D001047C0010200005,8,0,22.5,,46.0,
RWS01_MONICA_00D004057C5A10200005,8,0,-1.0,,-1.0,
RWS01_MONIBAS_0271hrr0076ra,4,0,49.0,,99.0,
RWS01_MONIBAS_0011hrr0955ra,8,0,103.75,,115.0,
RWS01_MONIBAS_0011hrr0598ra,16,0,84.1875,,103.0,
RWS01_MONIBAS_0020vwn0352ra,2,0,138.0,,138.0,
RWS01_MONIBAS_0041hrl0493ra,6,0,25.0,,32.0,
RWS01_MONIBAS_0121hrl0914ra,6,0,105.33333333333333,,115.0,
RWS01_MONIBAS_0581hrl0383ra,6,0,100.33333333333333,,114.0,
RWS01_MONIBAS_0150vwn0951rb,2,0,69.0,,69.0,
RWS01_MONICA_00D01C108C0010200005,8,0,41.5,,84.0,
RWS01_MONIBAS_0150vwn0951ra,4,0,51.0,,59.0,
RWS01_MONIBAS_0121hrr0862ra_1,24,0,60.93416666666667,,104.0,
RWS01_MONICA_00D001069000D0070007,8,0,84.385,,114.0,
RWS01_MONICA_00D0010F0446D0070007,8,0,54.5,,110.0,
RWS01_MONICA_00D001069000D007000F,8,0,73.635,,103.0,
RWS01_MONIBAS_0020vwc1136ra,2,0,64.0,,64.0,
RWS01_MONICA_00D001069000D007000B,8,0,76.9025,,104.0,
RWS01_MONIBAS_0301hrl0248ra,6,0,55.0,,60.0,
RWS01_MONIBAS_0011hrr0478ra,6,0,49.666666666666664,,54.0,
RWS01_MONIBAS_0051hrl0162ra,4,0,103.5,,110.0,
RWS01_MONIBAS_0021hrr0842ra,10,0,47.4,,67.0,
RWS01_MONIBAS_0501hrr2017ra,6,0,88.33333333333333,,91.0,
RWS01_MONIBAS_0771hrr0048ra,8,0,69.7,,97.0,
RWS01_MONICA_00D004001C46D007000F,8,0,84.11,,87.0,
RWS01_MONICA_00D01C003832A0200009,8,0,21.41,,23.0,
RWS01_MONIBAS_0131hrr0127ra,6,0,93.33333333333333,,102.0,
RWS01_MONICA_00D01C003832A0200005,8,0,28.5275,,40.0,
RWS01_MONICA_00D00900B83BA0200005,8,0,40.0,,81.0,
RWS01_MONICA_00D004001C46D0070007,8,0,77.52,,105.0,
RWS01_MONIBAS_0321hrl0091ra,6,0,57.333333333333336,,104.0,
RWS01_MONICA_00D01C10600018200009,8,0,62.697500000000005,,90.0,
RWS01_MONICA_00D04F001032D007000B,8,0,-1.0,,-1.0,
RWS01_MONICA_00D00900B83BA0200009,8,0,38.0,,77.0,
RWS01_MONIBAS_4341hrl0050ra,4,0,92.5,,99.0,
RWS01_MONICA_00D01C10600018200005,8,0,-1.0,,-1.0,
RWS01_MONICA_00D004001C46D007000B,8,0,70.0475,,95.0,
RWS01_MONIBAS_0011hrr0212ra,6,0,97.66666666666667,,108.0,
RWS01_MONIBAS_0101hrr0169ra,10,0,32.4,,52.0,
RWS01_MONIBAS_0281hrl0960ra,6,0,64.0,,110.0,
RWS01_MONIBAS_0011hrr0942ra,8,0,112.75,,132.0,
RWS01_MONIBAS_0071hrr0159ra,6,0,106.66666666666667,,116.0,
RWS01_MONIBAS_0021hrl2172ra,4,0,92.5,,100.0,
RWS01_MONICA_00D04F001032D0070007,8,0,-1.0,,-1.0,
RWS01_MONIBAS_0041hrr0280ra,6,0,-1.0,,-1.0,
RWS01_MONIBAS_0351hrl0325ra,4,0,76.0,,76.0,
RWS01_MONIBAS_0050vwg0083ra,4,0,-1.0,,-1.0,
RWS01_MONIBAS_0581hrl0370ra,6,0,98.66666666666667,,110.0,
RWS01_MONICA_00D01C123405D0070007,8,0,56.5,,114.0,
RWS01_MONIBAS_0761hrr0015ra,4,0,82.0,,86.0,
RWS01_MONICA_00D01C123405D007000B,8,0,96.185,,106.0,
RWS01_MONIBAS_0161hrl0655ra,6,0,108.0,,115.0,
RWS01_MONIBAS_0041hrl0623ra,8,0,104.0,,120.0,
RWS01_MONIBAS_0151hrl0995ra,4,0,42.0,,50.0,
RWS01_MONIBAS_0170vwb0213ra,8,0,32.5,,66.0,
RWS01_MONICA_00D0100A885F30200007,8,0,5.1775,,8.0,
RWS01_MONIBAS_0101hrl0138ra,8,0,92.25,,101.0,
RWS01_MONIBAS_0151hrl0742ra,6,0,93.33333333333333,,106.0,
RWS01_MONICA_00D0100A885F3020000B,8,0,6.5,,10.0,
RWS01_MONIBAS_0100vwb0183ra,2,0,40.0,,40.0,
RWS01_MONIBAS_0091hrl0572ra,8,0,102.0,,114.0,
RWS01_MONICA_00D00C0D5855D0050009,8,0,75.7075,,102.0,
RWS01_MONICA_10D30F111C28D007000B,2,0,-1.0,,-1.0,
RWS01_MONIBAS_0020vwn1673ra,4,0,75.5,,80.0,
RWS01_MONICA_00D007051432D007000B,8,0,-1.0,,-1.0,
RWS01_MONICA_00D00C0D5855D0050005,8,0,55.5,,112.0,
RWS01_MONICA_00D0071F442AD005000D,8,0,61.735,,83.0,
RWS01_MONICA_00D01402B41ED007000B,8,0,89.3275,,108.0,
RWS01_MONIBAS_0041hrr0066ra,8,0,101.25,,115.0,
RWS01_MONICA_00D01C1F1837D0070007,8,0,-1.0,,-1.0,
RWS01_MONICA_00D010028803D0050009,8,0,44.894999999999996,,61.0,
RWS01_MONICA_00D00C0D5855D005000D,8,0,105.075,,131.0,
RWS01_MONIBAS_0221hrr0114ra,4,0,80.5,,85.0,
RWS01_MONICA_10D30F111C28D007000F,2,0,-1.0,,-1.0,
RWS01_MONICA_00D010028803D0050005,8,0,34.0,,69.0,
RWS01_MONIBAS_0670vwc0423ra,8,0,66.125,,96.0,
RWS01_MONIBAS_0041hrr0209ra,8,0,37.75,,56.0,
RWS01_MONICA_00D01402B41ED0070007,8,0,51.5,,104.0,
RWS01_MONIBAS_0281hrr0059ra,6,0,100.33333333333333,,109.0,
RWS01_MONIBAS_0501hrl1864ra,6,0,57.666666666666664,,68.0,
RWS01_MONICA_00D0071F442AD0050009,8,0,47.5,,96.0,
RWS01_MONICA_00D01C1F1837D007000B,8,0,71.305,,98.0,
RWS01_MONICA_00D0071F442AD0050005,8,0,55.0,,111.0,
RWS01_MONICA_00D007051432D0070007,8,0,-1.0,,-1.0,
RWS01_MONIBAS_0020vwn0628ra,10,0,75.0,,107.0,
RWS01_MONICA_00D01C1F1837D007000F,8,0,43.5,,88.0,
RWS01_MONIBAS_0351hrl0578ra,16,0,72.28125,,105.0,
RWS01_MONICA_10D30F111C28D0070007,2,0,-1.0,,-1.0,
RWS01_MONIBAS_0131hrr0091ra,6,0,100.0,,109.0,
RWS01_MONIBAS_0150vwn0964rb,2,0,90.0,,90.0,
RWS01_MONICA_00D049074400D0050005,8,0,26.0,,53.0,
RWS01_MONIBAS_0050vwn0086ra,4,0,95.0,,103.0,
RWS01_MONIBAS_0011hrl1147ra,6,0,106.33333333333333,,123.0,
RWS01_MONICA_00D049074400D0050009,8,0,35.332499999999996,,51.0,
RWS01_MONICA_00D010023024D007000B,8,0,79.28999999999999,,80.0,
RWS01_MONIBAS_0010vwm0109ra,2,0,83.0,,83.0,
RWS01_MONIBAS_0150vwn0964ra,4,0,112.0,,134.0,
RWS01_MONICA_00D00C04580AD0070013,8,0,75.925,,83.0,
RWS01_MONIBAS_0161hrl0522ra,6,0,99.66666666666667,,113.0,
RWS01_MONIBAS_0011hrr1283ra,6,0,106.0,,122.0,
RWS01_MONIBAS_0271hrl1003ra,4,0,102.0,,106.0,
RWS01_MONIBAS_0281hrr0046ra,6,0,99.0,,109.0,
RWS01_MONICA_00D03A04A45AD0050009,8,0,-1.0,,-1.0,
RWS01_MONICA_00D0021A683ED007000B,8,0,92.10249999999999,,99.0,
RWS01_MONIBAS_0161hrr0099ra,8,0,95.0,,103.0,
RWS01_MONIBAS_0021hrr0602ra,8,0,70.5,,107.0,
RWS01_MONIBAS_0280vwa1284ra,8,0,39.5,,80.0,
RWS01_MONICA_00D00607482ED0050005,8,0,81.97,,110.0,
RWS01_MONICA_00D0021A683ED0070007,8,0,79.125,,108.0,
RWS01_MONICA_00D00607482ED0050009,8,0,96.5725,,101.0,
RWS01_MONICA_00D03A04A45AD0050005,8,0,7.805,,12.0,
RWS01_MONIBAS_0201hrl0310ra,6,0,77.33333333333333,,79.0,
RWS01_MONIBAS_0731hrr0164ra,4,0,94.0,,98.0,
RWS01_MONICA_00D010023024D0070007,8,0,64.1925,,88.0,
RWS01_MONIBAS_0270vwn0802rb,2,0,57.0,,57.0,
RWS01_MONIBAS_0040vwy0472ra,6,0,83.0,,86.0,
RWS01_MONIBAS_0270vwn0802ra,2,0,60.0,,60.0,
RWS01_MONIBAS_0170vwc0213ra,8,0,45.9275,,65.0,
RWS01_MONICA_10D00F0BB84BD0070087,2,0,61.0,,61.0,
RWS01_MONIBAS_0091hrl0332ra,6,0,108.66666666666667,,115.0,
RWS01_MONIBAS_0091hrr0418ra_1,24,0,31.31833333333333,,46.0,
RWS01_MONIBAS_0121hrr0682ra,8,0,57.0,,72.0,
RWS01_MONIBAS_0020vwe2414ra,2,0,79.0,,79.0,
RWS01_MONIBAS_0441hrl0195ra,4,0,101.0,,111.0,
RWS01_MONIBAS_0120vwy0632ra,4,0,75.0,,77.0,
RWS01_MONIBAS_0501hrl1877ra,6,0,47.666666666666664,,51.0,
RWS01_MONIBAS_0580vwc0806ra,8,0,-1.0,,-1.0,
RWS01_MONIBAS_0120vwy0632rb,2,0,71.0,,71.0,
RWS01_MONIBAS_0270vwr1177ra_1,16,0,60.4475,,115.0,
RWS01_MONIBAS_0580vws0944ra,16,0,69.14625,,105.0,
RWS01_MONIBAS_0150vwc0787ra,2,0,92.0,,92.0,
RWS01_MONIBAS_0161hrl0548ra,6,0,99.0,,107.0,
RWS01_MONIBAS_0121hrr0122ra_1,24,0,66.13083333333333,,115.0,
RWS01_MONIBAS_0021hrr0352ra,6,0,108.33333333333333,,135.0,
RWS01_MONIBAS_0671hrr0364ra,4,0,97.0,,105.0,
RWS01_MONIBAS_0501hrl1504ra,10,0,38.6,,58.0,
RWS01_MONIBAS_0161hrl0415ra,6,0,105.33333333333333,,114.0,
RWS01_MONIBAS_0010vwh0295ra,4,0,93.0,,98.0,
RWS01_MONIBAS_0131hrl0182ra_1,24,0,50.67166666666666,,78.0,
RWS01_MONIBAS_0160vwm0339ra,4,0,88.0,,95.0,
RWS01_MONIBAS_0151hrl0492ra,4,0,106.0,,115.0,
RWS01_MONIBAS_3250vwc0170ra,2,0,-1.0,,-1.0,
RWS01_MONIBAS_0020vwn0592ra,6,0,60.666666666666664,,100.0,
RWS01_MONIBAS_0271hrl0428ra,4,0,92.0,,100.0,
RWS01_MONICA_00D002284C53D007030B,8,0,-1.0,,-1.0,
RWS01_MONIBAS_0671hrr0377ra,4,0,90.0,,98.0,
RWS01_MONICA_00D002284C53D0070307,8,0,-1.0,,-1.0,
RWS01_MONIBAS_0281hrr0299ra,4,0,75.0,,80.0,
RWS01_MONICA_00D0010DA00F68200005,8,0,74.1775,,100.0,
RWS01_MONIBAS_0161hrl0392ra,6,0,103.0,,121.0,
RWS01_MONIBAS_0201hrl0456ra,4,0,50.5,,53.0,
RWS01_MONIBAS_0020vwn0602ra,6,0,68.66666666666667,,110.0,
RWS01_MONIBAS_0731hrr1148ra,2,0,25.0,,25.0,
RWS01_MONIBAS_0161hrl0668ra,6,0,95.66666666666667,,103.0,
RWS01_MONIBAS_0151hrl0635ra,6,0,97.0,,109.0,
RWS01_MONIBAS_0281hrl1599ra,16,0,-1.0,,-1.0,
RWS01_MONIBAS_0021hrr0748ra,8,0,37.75,,65.0,
RWS01_MONICA_10D014079846D0070007,2,0,96.0,,96.0,
RWS01_MONICA_10D014079846D007000B,2,0,86.0,,86.0,
RWS01_MONIBAS_0011hrr1270ra,6,0,105.66666666666667,,119.0,
RWS01_MONIBAS_0041hrl0730ra,4,0,84.0,,90.0,
RWS01_MONICA_00D00225745CD0050009,8,0,70.91,,98.0,
RWS01_MONICA_00D00225745CD0050005,8,0,52.5,,106.0,
RWS01_MONIBAS_0500vwa2248ra,8,0,-1.0,,-1.0,
RWS01_MONIBAS_0020vwn2417ra,4,0,52.0,,105.0,
RWS01_MONICA_00D00106A046D007000F,8,0,76.7375,,103.0,
RWS01_MONIBAS_0271hrl0284ra,4,0,101.0,,107.0,
RWS01_MONICA_00D00225745CD005000D,8,0,88.56,,94.0,
RWS01_MONIBAS_0160vwn0339ra,4,0,92.5,,100.0,
RWS01_MONIBAS_0071hrr0133ra_1,16,0,56.15875,,82.0,
RWS01_MONIBAS_0021hrr2413ra,4,0,96.5,,101.0,
RWS01_MONIBAS_0010vwa0269ra,2,0,-1.0,,-1.0,
RWS01_MONICA_10D00A015C3CD005000D,2,0,78.0,,78.0,
RWS01_MONIBAS_0051hrl0069ra,6,0,102.33333333333333,,111.0,
RWS01_MONIBAS_0290vwa0165ra,4,0,58.5,,62.0,
RWS01_MONIBAS_0101hrl0090ra,6,0,88.33333333333333,,93.0,
RWS01_MONICA_10D00A015C3CD0050005,2,0,84.0,,84.0,
RWS01_MONICA_00D01C1F203610200005,8,0,-1.0,,-1.0,
RWS01_MONIBAS_0021hrr2390ra,6,0,83.66666666666667,,95.0,
RWS01_MONIBAS_0671hrr0350ra,4,0,90.0,,95.0,
RWS01_MONIBAS_0761hrr0010ra_1,16,0,-1.0,,-1.0,
RWS01_MONIBAS_0670vwa0653ra,8,0,36.5,,74.0,
RWS01_MONICA_10D00A015C3CD0050009,2,0,83.0,,83.0,
RWS01_MONIBAS_0121hrr0108ra,6,0,97.0,,108.0,
RWS01_MONICA_00D00104684DD0050009,8,0,-1.0,,-1.0,
RWS01_MONIBAS_0060vwm0522ra,6,0,102.66666666666667,,108.0,
RWS01_MONICA_00D00608786160200007,8,0,73.0,,102.0,
RWS01_MONIBAS_0281hrr0153ra,6,0,17.333333333333332,,25.0,
RWS01_MONIBAS_0270vwd0063ra,2,0,32.0,,32.0,
RWS01_MONIBAS_0281hrl0149ra,6,0,102.66666666666667,,111.0,
RWS01_MONICA_00D00227741FD007000B,8,0,89.135,,91.0,
RWS01_MONIBAS_0580vws0717ra,4,0,93.5,,101.0,
RWS01_MONICA_00D00227741FD0070007,8,0,77.2125,,104.0,
RWS01_MONICA_00D00A01E055D005000D,8,0,91.1325,,96.0,
RWS01_MONICA_00D00204D40028200009,8,0,85.3325,,89.0,
RWS01_MONIBAS_0020vwe0365ra,4,0,-1.0,,-1.0,
RWS01_MONIBAS_0671hrr0496ra,16,0,93.85625,,111.0,
RWS01_MONIBAS_0040vwc0152ra,2,0,47.0,,47.0,
RWS01_MONIBAS_0500vwa1621ra,2,0,93.0,,93.0,
RWS01_MONICA_00D00104684DD0050005,8,0,-1.0,,-1.0,
RWS01_MONICA_00D0060878616020000B,8,0,47.5,,96.0,
RWS01_MONICA_00D00106A046D0070007,8,0,56.5,,114.0,
RWS01_MONIBAS_0501hrr0947ra,4,0,107.5,,116.0,
RWS01_MONICA_00D0010DF43260200007,8,0,76.7375,,103.0,
RWS01_MONIBAS_0161hrr0348ra,6,0,80.66666666666667,,85.0,
RWS01_MONICA_00D00204D40028200005,8,0,68.75,,92.0,
RWS01_MONICA_00D00225745CD0050011,8,0,47.0,,95.0,
RWS01_MONICA_00D00106A046D007000B,8,0,78.03,,105.0,
RWS01_MONICA_00D0010DF4326020000B,8,0,90.02250000000001,,96.0,
RWS01_MONIBAS_0150vwg0627ra,2,0,100.0,,100.0,
RWS01_MONIBAS_0161hrr0215ra,6,0,97.33333333333333,,108.0,
RWS01_MONICA_10D00F07205C98200007,2,0,85.0,,85.0,
RWS01_MONIBAS_0730vwr1143ra,6,0,55.0,,91.0,
RWS01_MONICA_00D0321EDC3A00200007,8,0,33.5,,68.0,
RWS01_MONIBAS_0060vwq0472ra,2,0,-1.0,,-1.0,
RWS01_MONICA_00D00A01E055D0050005,8,0,90.16,,122.0,
RWS01_MONICA_00D00A01E055D0050009,8,0,72.935,,100.0,
RWS01_MONIBAS_0120vwc1287ra,2,0,70.0,,70.0,
RWS01_MONIBAS_0500vwt0965ra,4,0,85.0,,90.0,
RWS01_MONIBAS_0020vwf0744ra,4,0,107.0,,112.0,
RWS01_MONIBAS_0020vwg2413ra,4,0,91.0,,93.0,
RWS01_MONIBAS_0201hrl0229ra,8,0,101.25,,115.0,
RWS01_MONIBAS_0150vwb0453ra,2,0,91.0,,91.0,
RWS01_MONIBAS_0171hrl0039ra,16,0,74.57625,,110.0,
RWS01_MONICA_00D00206AC00D0070187,8,0,61.417500000000004,,85.0,
RWS01_MONICA_10D009082444D0050185,2,0,-1.0,,-1.0,
RWS01_MONICA_00D01D019418A0200005,8,0,53.0,,107.0,
RWS01_MONIBAS_0050vwg0096ra,4,0,33.0,,36.0,
RWS01_MONICA_00D01D019418A0200009,8,0,90.9475,,97.0,
RWS01_MONIBAS_0500vws1553ra,2,0,79.0,,79.0,
RWS01_MONIBAS_0090vwf0502ra,2,0,-1.0,,-1.0,
RWS01_MONIBAS_0120vwr0570ra,2,0,26.0,,26.0,
RWS01_MONIBAS_0070vwf1654ra,8,0,-1.0,,-1.0,
RWS01_MONIBAS_0121hrl0863ra_1,24,0,75.61666666666666,,115.0,
RWS01_MONIBAS_0051hrr0060ra,4,0,96.5,,99.0,
RWS01_MONIBAS_0271hrr0565ra,4,0,-1.0,,-1.0,
RWS01_MONIBAS_0070vwb1992ra,2,0,58.0,,58.0,
RWS01_MONIBAS_0070vwa1757ra,8,0,-1.0,,-1.0,
RWS01_MONIBAS_0161hrr0562ra,6,0,97.0,,108.0,
RWS01_MONICA_00D0320F040AD007008B,8,0,71.13,,105.0,
RWS01_MONIBAS_0150vwx0461ra,4,0,93.0,,94.0,
RWS01_MONIBAS_0271hrr0685ra,8,0,105.5,,123.0,
RWS01_MONIBAS_0021hrl0484ra_1,40,0,-1.0,,-1.0,
RWS01_MONICA_00D01B08D823A0200005,8,0,39.0,,79.0,
RWS01_MONICA_00D0321EF04BD0050009,8,0,47.5,,96.0,
RWS01_MONICA_00D01B08D823A0200009,8,0,70.015,,74.0,
RWS01_MONICA_00D0321EF04BD0050005,8,0,52.0,,105.0,
RWS01_MONIBAS_0221hrr0113ra,4,0,79.0,,84.0,
RWS01_MONICA_00D04F029C5510200005,8,0,-1.0,,-1.0,
RWS01_MONIBAS_0010vwe1410ra,4,0,95.0,,105.0,
RWS01_MONIBAS_0270vws0369ra,2,0,75.0,,75.0,
RWS01_MONICA_00D0320F040AD0070087,8,0,75.35,,104.0,
RWS01_MONIBAS_0161hrl0153ra,4,0,22.5,,25.0,
RWS01_MONIBAS_3250vwa0232ra,2,0,-1.0,,-1.0,
RWS01_MONIBAS_0010vwd0563ra,8,0,66.89,,69.0,
RWS01_MONIBAS_0011hrr0105ra,12,0,109.16666666666667,,126.0,
RWS01_MONICA_00D00223704BD0050005,8,0,72.735,,98.0,
RWS01_MONICA_00D00223704BD0050009,8,0,44.0,,89.0,
RWS01_MONICA_00D0320F401438200009,8,0,36.5,,74.0,
RWS01_MONIBAS_0040vwe0054ra,2,0,90.0,,90.0,
RWS01_MONIBAS_0070vwc1837ra,8,0,-1.0,,-1.0,
RWS01_MONIBAS_0500vwc2296ra,8,0,-1.0,,-1.0,
RWS01_MONIBAS_0271hrl0099ra_1,16,0,51.5,,110.0,
RWS01_MONIBAS_0090vwx0078rb,4,0,49.5,,100.0,
RWS01_MONIBAS_0090vwx0078ra,2,0,113.0,,113.0,
RWS01_MONIBAS_0011hrr0384ra_1,32,0,77.460625,,122.0,
RWS01_MONIBAS_0271hrr0195ra,4,0,67.0,,70.0,
RWS01_MONIBAS_0070vwc1957ra,2,0,47.0,,47.0,
RWS01_MONIBAS_0301hrl0091ra,16,0,76.55,,100.0,
RWS01_MONICA_00D0320F401438200005,8,0,40.5,,82.0,
RWS01_MONICA_10D00F0ED83200200007,2,0,64.0,,64.0,
RWS01_MONICA_00D0321FE019B0200005,8,0,38.5,,78.0,
RWS01_MONIBAS_0051hrl0030ra,4,0,106.0,,112.0,
RWS01_MONIBAS_0010vwa0639ra,8,0,60.875,,87.0,
RWS01_MONIBAS_0290vwu0103ra,4,0,98.0,,103.0,
RWS01_MONICA_00D0010F0446D007000B,8,0,-1.0,,-1.0,
RWS01_MONIBAS_0071hrr1952rb,4,0,89.5,,90.0,
RWS01_MONIBAS_0071hrr1952ra,4,0,96.0,,103.0,
RWS01_MONICA_00D0010F0446D007000F,8,0,96.65,,98.0,
RWS01_MONIBAS_0501hrr1668ra,6,0,27.0,,83.0,
RWS01_MONICA_00D00218300AD0070007,8,0,50.5,,102.0,
RWS01_MONICA_00D00218300AD007000B,8,0,93.1875,,101.0,
RWS01_MONICA_00D0010F0446D0070013,8,0,86.5,,90.0,
RWS01_MONIBAS_0501hrr1535ra,10,0,82.0,,115.0,
RWS01_MONIBAS_0151hrr1517ra,6,0,65.0,,102.0,
RWS01_MONICA_00D00E020C54D0050009,8,0,22.5,,46.0,
RWS01_MONIBAS_0101hrr0276ra,10,0,15.2,,47.0,
RWS01_MONICA_00D00E020C54D0050005,8,0,26.0,,53.0,
RWS01_MONIBAS_0160vwx0219ra,4,0,100.0,,106.0,
RWS01_MONIBAS_0011hrl1386ra,6,0,102.33333333333333,,117.0,
RWS01_MONIBAS_0021hrr2306ra,6,0,89.66666666666667,,98.0,
RWS01_MONICA_10D00F09EC217820000B,2,0,93.0,,93.0,
RWS01_MONIBAS_0280vwa1904ra,8,0,45.0,,91.0,
RWS01_MONIBAS_0161hrr0442ra,6,0,-1.0,,-1.0,
RWS01_MONIBAS_0301hrl0114ra,16,0,-1.0,,-1.0,
RWS01_MONIBAS_3251hrl0232ra,4,0,75.0,,82.0,
RWS01_MONIBAS_0071hrl1423ra,16,0,61.815,,111.0,
RWS01_MONICA_10D00F09EC2178200007,2,0,-1.0,,-1.0,
RWS01_MONIBAS_0101hrl0304ra_1,16,0,25.54875,,56.0,
RWS01_MONIBAS_0041hrr0410ra,8,0,55.25,,60.0,
RWS01_MONIBAS_0021hrr1705ra,4,0,104.5,,113.0,
RWS01_MONICA_00D01C0F300AD0070007,8,0,-1.0,,-1.0,
RWS01_MONICA_00D01C0F300AD007000F,8,0,84.265,,95.0,
RWS01_MONIBAS_0091hrl0106ra,6,0,96.0,,110.0,
RWS01_MONICA_00D01C0F300AD007000B,8,0,-1.0,,-1.0,
RWS01_MONIBAS_0320vwr0478ra,8,0,65.75,,88.0,
RWS01_MONIBAS_0270vwn0708ra,4,0,21.0,,31.0,
RWS01_MONICA_00D01C1F1C0010200009,8,0,27.0,,55.0,
RWS01_MONIBAS_0081hrr0032ra,14,0,26.428571428571427,,64.0,
RWS01_MONICA_00D01C1F1C0010200005,8,0,-1.0,,-1.0,
RWS01_MONIBAS_0021hrl0441ra,10,0,96.6,,103.0,
RWS01_MONIBAS_0091hrl0555rb_1,16,0,57.25,,125.0,
RWS01_MONIBAS_0270vwf0837ra,4,0,39.5,,67.0,
RWS01_MONIBAS_0161hrr0322ra,10,0,53.2,,70.0,
RWS01_MONIBAS_0201hrr0366ra,10,0,64.0,,98.0,
RWS01_MONIBAS_0021hrr2559rb,4,0,80.5,,81.0,
RWS01_MONICA_00D03B0DE050D0050005,8,0,-1.0,,-1.0,
RWS01_MONIBAS_0021hrr2559ra,4,0,94.5,,99.0,
RWS01_MONIBAS_0021hrl1162ra,4,0,-1.0,,-1.0,
RWS01_MONIBAS_0130vwc0057ra,2,0,59.0,,59.0,
RWS01_MONIBAS_0091hrr0528ra,6,0,107.0,,123.0,
RWS01_MONIBAS_0120vwu0067ra,6,0,84.0,,92.0,
RWS01_MONIBAS_0270vwy0373ra,4,0,77.0,,82.0,
RWS01_MONIBAS_0091hrl0239ra,6,0,95.66666666666667,,103.0,
RWS01_MONICA_00D0320F040AD0070007,8,0,78.88,,109.0,
RWS01_MONIBAS_0121hrl0677ra,8,0,106.0,,119.0,
RWS01_MONIBAS_0281hrr0906ra,8,0,90.75,,108.0,
RWS01_MONICA_00D01C01C85FD007000B,8,0,34.1875,,36.0,
RWS01_MONIBAS_0200vwu0357ra,4,0,34.5,,36.0,
RWS01_MONIBAS_0270vwe0802ra,6,0,101.66666666666667,,109.0,
RWS01_MONIBAS_0271hrl0904ra,6,0,104.0,,120.0,
RWS01_MONIBAS_0011hrl1373ra,6,0,105.33333333333333,,110.0,
RWS01_MONICA_00D01C01C85FD0070007,8,0,27.6675,,39.0,
RWS01_MONICA_00D0320F040AD007000B,8,0,94.96000000000001,,99.0,
RWS01_MONIBAS_0061hrl0504ra,4,0,109.5,,117.0,
RWS01_MONIBAS_0051hrl0189ra,6,0,31.0,,95.0,
RWS01_MONIBAS_0071hrl1939ra,6,0,88.66666666666667,,98.0,
RWS01_MONIBAS_0271hrr0325ra,16,0,-1.0,,-1.0,
RWS01_MONIBAS_0161hrr0202ra,6,0,93.0,,100.0,
RWS01_MONIBAS_0091hrr0372ra,6,0,33.666666666666664,,37.0,
RWS01_MONIBAS_0091hrl0096ra,4,0,107.5,,114.0,
RWS01_MONIBAS_0011hrr0095ra,6,0,103.33333333333333,,115.0,
RWS01_MONICA_00D00C174046D0050009,8,0,54.855000000000004,,76.0,
RWS01_MONICA_10D00D02FC00D0070007,2,0,78.0,,78.0,
RWS01_MONICA_00D00C174046D0050005,8,0,45.5,,92.0,
RWS01_MONIBAS_0121hrr0098ra,6,0,93.66666666666667,,102.0,
RWS01_MONICA_00D01C01C85FD007000F,8,0,25.0,,25.0,
RWS01_MONIBAS_0060vwp0485ra,2,0,87.0,,87.0,
RWS01_MONIBAS_0271hrr0182ra,4,0,-1.0,,-1.0,
RWS01_MONIBAS_0010vwc1667ra,8,0,28.0,,57.0,
RWS01_MONIBAS_0051hrl0056ra,4,0,99.5,,104.0,
RWS01_MONIBAS_0671hrl0346ra,4,0,91.0,,94.0,
RWS01_MONIBAS_0091hrr0648ra,6,0,105.33333333333333,,114.0,
RWS01_MONIBAS_0071hrl2131ra,16,0,24.985,,69.0,
RWS01_MONIBAS_0091hrr0384ra,6,0,14.333333333333334,,27.0,
RWS01_MONIBAS_0021hrl0560ra,8,0,78.0,,113.0,
RWS01_MONICA_00D014023014D007000B,8,0,-1.0,,-1.0,
RWS01_MONICA_00D002284C53D007000B,8,0,-1.0,,-1.0,
RWS01_MONICA_00D002284C53D0070007,8,0,-1.0,,-1.0,
RWS01_MONIBAS_0200vwc0224ra,2,0,71.0,,71.0,
RWS01_MONIBAS_0270vwx0373ra,4,0,71.5,,79.0,
RWS01_MONICA_00D0021A641B68200009,8,0,60.875,,83.0,
RWS01_MONIBAS_0090vwy0086ra,4,0,102.0,,106.0,
RWS01_MONIBAS_0280vwd0632ra,8,0,-1.0,,-1.0,
RWS01_MONICA_00D0021A641B68200005,8,0,75.1575,,107.0,
RWS01_MONIBAS_0670vwb0655ra,8,0,22.5,,46.0,
RWS01_MONIBAS_0021hrl2160ra,4,0,98.5,,103.0,
RWS01_MONICA_10D00107400FD0070187,2,0,5.0,,5.0,
RWS01_MONIBAS_0501hrl1529ra,10,0,46.4,,65.0,
RWS01_MONICA_00D00909582ED0070187,8,0,-1.0,,-1.0,
RWS01_MONIBAS_0021hrl2676ra,16,0,-1.0,,-1.0,
RWS01_MONIBAS_0501hrr2027rb,4,0,89.5,,98.0,
RWS01_MONIBAS_0091hrl0070ra,4,0,93.5,,95.0,
RWS01_MONIBAS_0501hrr2027ra,4,0,105.5,,117.0,
RWS01_MONIBAS_0021hrr1071ra,6,0,110.0,,124.0,
RWS01_MONIBAS_0021hrr1334ra,8,0,102.5,,117.0,
RWS01_MONIBAS_0121hrl0401ra,8,0,50.25,,55.0,
RWS01_MONIBAS_0501hrr1578ra_1,24,0,18.833333333333332,,118.0,
RWS01_MONIBAS_0071hrl2034ra,4,0,69.5,,75.0,
RWS01_MONIBAS_0090vwc0317ra,4,0,63.5,,66.0,
RWS01_MONIBAS_0010vwh0285ra,4,0,101.5,,109.0,
RWS01_MONIBAS_0011hrl0688ra,24,0,11.833333333333334,,76.0,
RWS01_MONIBAS_0121hrl0894ra,6,0,104.0,,113.0,
RWS01_MONIBAS_0061hrl0518ra,4,0,111.0,,114.0,
RWS01_MONICA_00D01C11CC00D007000B,8,0,90.7875,,96.0,
RWS01_MONIBAS_0150vwy0463ra,4,0,117.5,,120.0,
RWS01_MONIBAS_0041hrr0520ra,8,0,35.0,,66.0,
RWS01_MONIBAS_0121hrr0920ra,6,0,86.33333333333333,,94.0,
RWS01_MONICA_00D01C11CC00D0070007,8,0,-1.0,,-1.0,
RWS01_MONIBAS_0091hrr0264ra,6,0,94.0,,102.0,
RWS01_MONIBAS_0151hrl0758ra,6,0,100.66666666666667,,109.0,
RWS01_MONICA_00D014023014D0070007,8,0,-1.0,,-1.0,
RWS01_MONICA_00D00901701EC0200009,8,0,-1.0,,-1.0,
RWS01_MONIBAS_0160vwm0338ra,4,0,82.5,,87.0,
RWS01_MONIBAS_0090vwy0099rb,4,0,90.5,,93.0,
RWS01_MONIBAS_0021hrl2556ra,4,0,28.0,,44.0,
RWS01_MONIBAS_0121hrl1389ra,4,0,75.5,,83.0,
RWS01_MONIBAS_0090vwy0099ra,2,0,84.0,,84.0,
RWS01_MONICA_00D00901701EC0200005,8,0,-1.0,,-1.0,
RWS01_MONIBAS_0271hrr0207ra,4,0,83.5,,89.0,
RWS01_MONIBAS_0500vwt1554ra,4,0,38.0,,77.0,
RWS01_MONIBAS_0091hrl0359ra,8,0,107.5,,124.0,
RWS01_MONIBAS_0041hrl0147ra,10,0,57.0,,101.0,
RWS01_MONIBAS_0591hrl0902ra,4,0,90.0,,97.0,
RWS01_MONIBAS_0021hrl2449ra,4,0,86.5,,91.0,
RWS01_MONICA_00D00F060C1ED0070007,8,0,105.105,,120.0,
RWS01_MONIBAS_0581hrl0251ra,4,0,97.0,,105.0,
RWS01_MONIBAS_0280vwd1114ra,2,0,94.0,,94.0,
RWS01_MONIBAS_0041hrl0539ra,4,0,28.5,,31.0,
RWS01_MONIBAS_0021hrl2569ra,4,0,67.5,,69.0,
RWS01_MONIBAS_0010vwe0442ra,4,0,-1.0,,-1.0,
RWS01_MONIBAS_0161hrl0665ra,6,0,98.66666666666667,,109.0,
RWS01_MONIBAS_0151hrl0638ra,6,0,96.33333333333333,,111.0,
RWS01_MONIBAS_0121hrr1402ra,4,0,102.5,,110.0,
RWS01_MONIBAS_0121hrr0813ra,6,0,34.666666666666664,,40.0,
RWS01_MONICA_00D03B07F035D0050005,8,0,-1.0,,-1.0,
RWS01_MONIBAS_0071hrl1948ra,6,0,95.66666666666667,,105.0,
RWS01_MONIBAS_0041hrr2342ra,8,0,26.715,,37.0,
RWS01_MONIBAS_0121hrl0271ra,6,0,93.0,,102.0,
RWS01_MONICA_00D03B07F035D0050009,8,0,-1.0,,-1.0,
RWS01_MONIBAS_0040vwh0003ra,4,0,19.0,,19.0,
RWS01_MONIBAS_0011hrr0718ra,16,0,-1.0,,-1.0,
RWS01_MONIBAS_0061hrl0865ra,16,0,-1.0,,-1.0,
RWS01_MONICA_00D03A06540AD007000B,8,0,36.5,,74.0,
RWS01_MONIBAS_0121hrl0151ra,6,0,103.33333333333333,,118.0,
RWS01_MONIBAS_0201hrr0127ra,4,0,97.5,,107.0,
RWS01_MONICA_00D03A06540AD007000F,8,0,47.0225,,66.0,
RWS01_MONIBAS_0021hrr0612ra,8,0,75.75,,113.0,
RWS01_MONIBAS_0161hrl0652ra,6,0,107.33333333333333,,121.0,
RWS01_MONICA_00D01401D80AD0050009,8,0,81.775,,97.0,
RWS01_MONIBAS_0041hrr2355ra,16,0,77.93125,,98.0,
RWS01_MONICA_00D00501E43DD007000B,8,0,90.18,,100.0,
RWS01_MONIBAS_0071hrl1935ra,6,0,-1.0,,-1.0,
RWS01_MONIBAS_0011hrl0568ra,16,0,-1.0,,-1.0,
RWS01_MONICA_00D00112A43700200007,8,0,62.582499999999996,,90.0,
RWS01_MONICA_00D00501E43DD0070007,8,0,56.0,,113.0,
RWS01_MONICA_00D00112A40AD0070007,8,0,55.0,,111.0,
RWS01_MONIBAS_0091hrr0621ra,6,0,97.0,,104.0,
RWS01_MONIBAS_0351hrr0344ra,2,0,81.0,,81.0,
RWS01_MONICA_00D01C0F3000D005000D,8,0,85.955,,88.0,
RWS01_MONIBAS_0120vwy1357ra,2,0,71.0,,71.0,
RWS01_MONIBAS_0021hrl2316ra,6,0,67.33333333333333,,74.0,
RWS01_MONIBAS_0021hrl2293ra,6,0,90.66666666666667,,100.0,
RWS01_MONICA_00D00112A40AD007000B,8,0,100.49,,104.0,
RWS01_MONICA_00D00F060C1ED007000B,8,0,71.22,,102.0,
RWS01_MONICA_00D00112A40AD007000F,8,0,88.48,,98.0,
RWS01_MONIBAS_0320vwa0421ra,8,0,-1.0,,-1.0,
RWS01_MONIBAS_0011hrr1066ra,8,0,95.25,,104.0,
RWS01_MONIBAS_0021hrr1587ra,4,0,60.0,,62.0,
RWS01_MONIBAS_0091hrl0213ra,4,0,-1.0,,-1.0,
RWS01_MONIBAS_0281hrl0983ra,6,0,99.0,,112.0,
RWS01_MONIBAS_0041hrl0027ra,10,0,96.4,,113.0,
RWS01_MONIBAS_0010vwk1550ra,8,0,36.0,,73.0,
RWS01_MONICA_00D00224B805D0070187,8,0,76.675,,80.0,
RWS01_MONIBAS_0011hrr1173ra,6,0,96.66666666666667,,107.0,
RWS01_MONIBAS_0020vwn0595ra,6,0,61.333333333333336,,100.0,
RWS01_MONICA_00D00904F00FD0050009,8,0,-1.0,,-1.0,
RWS01_MONIBAS_0161hrr0339ra,4,0,89.5,,93.0,
RWS01_MONICA_00D00207B448D0070017,8,0,78.8175,,80.0,
RWS01_MONICA_00D00904F00FD0050005,8,0,-1.0,,-1.0,
RWS01_MONIBAS_0161hrl0678ra,4,0,83.0,,91.0,
RWS01_MONICA_00D00207B448D0070013,8,0,59.41,,84.0,
RWS01_MONICA_00D0010DDC0068200005,8,0,69.8125,,98.0,
RWS01_MONIBAS_0121hrl0031ra,6,0,53.333333333333336,,86.0,
RWS01_MONIBAS_0151hrl0972ra,4,0,68.0,,74.0,
RWS01_MONICA_00D00C0FFC55D0050305,8,0,52.0,,105.0,
RWS01_MONICA_00D00207B448D007000F,8,0,68.8875,,100.0,
RWS01_MONICA_00D00904F00FD005000D,8,0,-1.0,,-1.0,
RWS01_MONICA_00D00106DC0AD007000B,8,0,79.9125,,83.0,
RWS01_MONICA_00D001011C6280200005,8,0,-1.0,,-1.0,
RWS01_MONIBAS_4341hrl0073ra,2,0,82.0,,82.0,
RWS01_MONICA_00D00106DC0AD0070007,8,0,69.5,,93.0,
RWS01_MONICA_00D00207B448D007000B,8,0,46.5,,94.0,
RWS01_MONIBAS_0060vwn0532ra,4,0,111.5,,120.0,
RWS01_MONICA_00D00904F00FD0050011,8,0,-1.0,,-1.0,
RWS01_MONIBAS_0041hrr0143ra_1,48,0,35.58625,,62.0,
RWS01_MONIBAS_0041hrr0319ra,6,0,63.0,,77.0,
RWS01_MONICA_00D01001084608200007,8,0,73.775,,76.0,
RWS01_MONICA_00D0071FDC5FD0070007,8,0,-1.0,,-1.0,
RWS01_MONICA_10D0020EB800D005000D,2,0,103.0,,103.0,
RWS01_MONICA_01D02400C019D0070007,8,0,-1.0,,-1.0,
RWS01_MONICA_00D00207B448D0070007,8,0,49.0,,99.0,
RWS01_MONIBAS_0221hrr0137ra,4,0,106.0,,109.0,
RWS01_MONICA_10D0020EB800D0050009,2,0,118.0,,118.0,
RWS01_MONICA_00D0071FDC5FD007000B,8,0,68.19,,92.0,
RWS01_MONIBAS_0671hrr0258ra,4,0,86.5,,92.0,
RWS01_MONIBAS_0011hrr1040ra,8,0,94.75,,111.0,
RWS01_MONIBAS_0581hrl0491ra,4,0,88.5,,90.0,
RWS01_MONICA_10D0020EB800D0050005,2,0,133.0,,133.0,
RWS01_MONICA_00D03A06540AD0070007,8,0,44.0,,89.0,
RWS01_MONICA_00D0071FDC5FD007000F,8,0,40.0,,81.0,
RWS01_MONIBAS_0041hrr0056ra,6,0,98.66666666666667,,107.0,
RWS01_MONIBAS_0041hrr0559ra,4,0,62.5,,74.0,
RWS01_MONIBAS_0151hrl0852ra,4,0,81.5,,84.0,
RWS01_MONIBAS_0021hrl2079ra,16,0,71.38875,,106.0,
RWS01_MONIBAS_0281hrr1997ra,4,0,83.0,,91.0,
RWS01_MONIBAS_0301hrr0081ra_1,16,0,56.823750000000004,,100.0,
RWS01_MONICA_00D01B04A02DD0050009,8,0,-1.0,,-1.0,
RWS01_MONIBAS_0121hrr0826ra,6,0,88.66666666666667,,95.0,
RWS01_MONIBAS_0501hrl1623ra,6,0,30.333333333333332,,36.0,
RWS01_MONICA_00D01B04A02DD0050005,8,0,-1.0,,-1.0,
RWS01_MONIBAS_0011hrr1053ra,6,0,99.66666666666667,,111.0,
RWS01_MONIBAS_0271hrl1175ra_1,24,0,74.06583333333333,,112.0,
RWS01_MONIBAS_0021hrl2186ra,4,0,95.5,,101.0,
RWS01_MONIBAS_0091hrl0320ra,12,0,109.16666666666667,,135.0,
RWS01_MONIBAS_0161hrl0162ra,4,0,64.5,,69.0,
RWS01_MONIBAS_0351hrl0542ra,16,0,87.31875,,98.0,
RWS01_MONIBAS_0021hrr0625ra,10,0,79.0,,105.0,
RWS01_MONICA_00D00224B45FD0050185,8,0,83.3575,,85.0,
RWS01_MONIBAS_0021hrr1097ra,6,0,88.33333333333333,,99.0,
RWS01_MONIBAS_0121hrl0164ra,6,0,94.66666666666667,,103.0,
RWS01_MONICA_00D03B0DC85F90200005,8,0,89.4075,,92.0,
RWS01_MONIBAS_0011hrr1556ra,16,0,38.88125,,106.0,
RWS01_MONIBAS_0161hrr0219ra,6,0,98.66666666666667,,108.0,
RWS01_MONICA_00D0090A982FD0070187,8,0,-1.0,,-1.0,
RWS01_MONIBAS_0020vwc1614ra,2,0,49.0,,49.0,
RWS01_MONIBAS_0021hrl0810ra,8,0,113.5,,132.0,
RWS01_MONIBAS_0101hrl0257ra,6,0,72.66666666666667,,79.0,
RWS01_MONIBAS_0590vwt0504ra,4,0,48.0,,97.0,
RWS01_MONIBAS_3250vwc0216ra,2,0,63.0,,63.0,
RWS01_MONIBAS_0091hrl0453ra,6,0,101.33333333333333,,115.0,
RWS01_MONIBAS_0021hrr1227ra,6,0,108.33333333333333,,121.0,
RWS01_MONICA_00D005023C4AD0050005,8,0,49.5,,100.0,
RWS01_MONICA_00D005023C4AD0050009,8,0,80.68,,89.0,
RWS01_MONIBAS_0761hrr0138ra,4,0,57.0,,86.0,
RWS01_MONIBAS_0121hrr1308ra,6,0,-1.0,,-1.0,
RWS01_MONIBAS_0020vwe1561ra,2,0,98.0,,98.0,
RWS01_MONIBAS_0021hrr0375ra,14,0,96.42857142857143,,123.0,
RWS01_MONIBAS_0011hrl1130ra_1,24,0,77.78583333333333,,124.0,
RWS01_MONIBAS_0121hrr0550ra,8,0,46.75,,101.0,
RWS01_MONIBAS_0010vwc0228ra,2,0,49.0,,49.0,
RWS01_MONIBAS_0101hrl0124ra,10,0,74.6,,98.0,
RWS01_MONIBAS_0151hrl0732ra,8,0,94.5,,107.0,
RWS01_MONIBAS_0011hrr1303ra,6,0,110.33333333333333,,129.0,
RWS01_MONIBAS_3250vwc0193ra,2,0,81.0,,81.0,
RWS01_MONIBAS_0201hrl0444ra,4,0,82.0,,86.0,
RWS01_MONIBAS_0021hrr1107ra,8,0,95.75,,110.0,
RWS01_MONICA_00D0071E9053D005000D,8,0,76.0,,76.0,
RWS01_MONICA_00D01C0D403238200005,8,0,60.295,,82.0,
RWS01_MONIBAS_0081hrl0025ra,12,0,83.5,,106.0,
RWS01_MONICA_00D01C0D403238200009,8,0,73.22,,75.0,
RWS01_MONIBAS_0021hrl0930ra,6,0,111.0,,130.0,
RWS01_MONICA_00D0071E9053D0050005,8,0,74.75,,100.0,
RWS01_MONICA_00D001026433D0070007,8,0,81.6625,,110.0,
RWS01_MONICA_00D0071E9053D0050009,8,0,86.1425,,88.0,
RWS01_MONICA_00D00C0D5C0FD007000B,8,0,50.0,,101.0,
RWS01_MONIBAS_0121hrr0696ra,8,0,25.75,,49.0,
RWS01_MONIBAS_0011hrr1160ra,6,0,104.66666666666667,,117.0,
RWS01_MONICA_00D00C0D5C0FD007000F,8,0,68.3625,,93.0,
RWS01_MONICA_00D0320F2C009820000B,8,0,61.57,,87.0,
RWS01_MONIBAS_0150vwp0581ra,4,0,106.5,,112.0,
RWS01_MONIBAS_0151hrl1587ra,6,0,59.333333333333336,,93.0,
RWS01_MONIBAS_0020vwn1589ra,8,0,81.75,,92.0,
RWS01_MONICA_00D00C0D5C0FD0070007,8,0,52.5,,106.0,
RWS01_MONIBAS_0581hrr0480ra,4,0,63.5,,69.0,
RWS01_MONIBAS_0671hrr0232ra,4,0,88.5,,89.0,
RWS01_MONIBAS_0041hrr0439ra,6,0,41.666666666666664,,46.0,
RWS01_MONICA_00D0320F2C0098200007,8,0,46.5,,94.0,
RWS01_MONIBAS_0281hrr0056ra,6,0,99.66666666666667,,110.0,
RWS01_MONIBAS_0041hrr0030ra,10,0,95.6,,111.0,
RWS01_MONIBAS_0131hrr0111ra,6,0,94.33333333333333,,100.0,
RWS01_MONIBAS_0020vwn1180ra,4,0,102.0,,110.0,
RWS01_MONIBAS_0271hrr0923ra,6,0,61.333333333333336,,67.0,
RWS01_MONIBAS_0121hrr1428ra,4,0,107.5,,117.0,
RWS01_MONIBAS_0161hrr0312ra,10,0,83.0,,94.0,
RWS01_MONIBAS_0271hrl0404ra,4,0,68.5,,138.0,
RWS01_MONIBAS_0271hrl0657ra,6,0,28.0,,41.0,
RWS01_MONICA_00D0010DDC0068200085,8,0,68.7225,,99.0,
RWS01_MONICA_00D00F0AF414D007000B,8,0,93.72749999999999,,98.0,
RWS01_MONICA_00D00C068814D005000D,8,0,-1.0,,-1.0,
RWS01_MONICA_00D00206AC00D0070017,8,0,75.905,,88.0,
RWS01_MONIBAS_0090vwq0060ra,2,0,-1.0,,-1.0,
RWS01_MONICA_00D0010DDC0068200089,8,0,86.735,,93.0,
RWS01_MONICA_00D00408E832D0050009,8,0,20.0175,,22.0,
RWS01_MONICA_00D00C068814D0050011,8,0,-1.0,,-1.0,
RWS01_MONICA_00D010019050D005000D,8,0,-1.0,,-1.0,
RWS01_MONICA_00D00408E832D0050005,8,0,15.9875,,22.0,
RWS01_MONICA_00D00F0AF414D0070007,8,0,80.4275,,110.0,
RWS01_MONIBAS_0201hrl0194ra,4,0,98.5,,104.0,
RWS01_MONIBAS_0201hrl0194rb,4,0,98.5,,99.0,
RWS01_MONIBAS_0121hrr0349ra,8,0,106.0,,122.0,
RWS01_MONICA_00D010019050D0050009,8,0,-1.0,,-1.0,
RWS01_MONIBAS_0281hrr0296ra,4,0,63.0,,71.0,
RWS01_MONIBAS_0271hrl0261ra,4,0,98.0,,103.0,
RWS01_MONIBAS_0201hrr0461ra,4,0,105.5,,106.0,
RWS01_MONICA_00D010019050D0050005,8,0,-1.0,,-1.0,
RWS01_MONICA_00D001036031D0050005,8,0,78.4925,,106.0,
RWS01_MONIBAS_0281hrr0043ra,6,0,101.66666666666667,,112.0,
RWS01_MONIBAS_0121hrl0058ra,4,0,76.0,,79.0,
RWS01_MONIBAS_0271hrr0936ra,6,0,48.333333333333336,,64.0,
RWS01_MONICA_00D001036031D0050009,8,0,-1.0,,-1.0,
RWS01_MONIBAS_0150vwx0473ra,4,0,97.0,,100.0,
RWS01_MONICA_00D00206AC00D0070007,8,0,78.1325,,107.0,
RWS01_MONICA_00D0321EF04BD0050185,8,0,87.0625,,93.0,
RWS01_MONICA_00D001026433D007000B,8,0,77.3075,,108.0,
RWS01_MONICA_00D00206AC00D007000B,8,0,74.5375,,101.0,
RWS01_MONICA_00D001026433D007000F,8,0,88.1975,,89.0,
RWS01_MONICA_00D01401FC0AD0070007,8,0,53.0,,107.0,
RWS01_MONICA_00D00C068814D0050009,8,0,-1.0,,-1.0,
RWS01_MONICA_00D01401FC0AD007000B,8,0,83.75,,95.0,
RWS01_MONICA_00D00206AC00D007000F,8,0,48.5,,98.0,
RWS01_MONIBAS_0131hrl0107ra,6,0,23.333333333333332,,26.0,
RWS01_MONIBAS_0280vwu0002ra,4,0,23.0,,26.0,
RWS01_MONICA_00D00C068814D0050005,8,0,-1.0,,-1.0,
RWS01_MONICA_00D00F0AF414D007000F,8,0,64.92,,93.0,
RWS01_MONICA_00D00206AC00D0070013,8,0,88.81,,94.0,
RWS01_MONIBAS_0040vwb0573ra,2,0,53.0,,53.0,
RWS01_MONICA_00D01C0F6C1ED0050009,8,0,-1.0,,-1.0,
RWS01_MONIBAS_0010vwh0882rb,2,0,91.0,,91.0,
RWS01_MONIBAS_0010vwh0882ra,4,0,95.0,,95.0,
RWS01_MONIBAS_0020vwc2203ra,8,0,65.0,,87.0,
RWS01_MONIBAS_0120vwx0632ra,4,0,93.0,,98.0,
RWS01_MONICA_00D01C0F6C1ED005000D,8,0,89.22,,93.0,
RWS01_MONIBAS_0010vwm0442ra,2,0,-1.0,,-1.0,
RWS01_MONICA_00D005002C4180200005,8,0,-1.0,,-1.0,
RWS01_MONIBAS_0161hrr0685ra,4,0,95.0,,102.0,
RWS01_MONIBAS_0020vwd2570ra,2,0,-1.0,,-1.0,
RWS01_MONIBAS_0221hrr0110ra,4,0,-1.0,,-1.0,
RWS01_MONIBAS_0170vwa0194ra,8,0,42.35,,58.0,
RWS01_MONIBAS_0161hrr0552ra,6,0,92.66666666666667,,101.0,
RWS01_MONIBAS_0020vwn1670ra,4,0,80.0,,84.0,
RWS01_MONIBAS_0581hrl0460ra_1,16,0,89.0325,,111.0,
RWS01_MONICA_00D01C04441E88200007,8,0,69.3325,,95.0,
RWS01_MONIBAS_0150vwf1552ra,4,0,46.5,,94.0,
RWS01_MONIBAS_0021hrl1585ra,4,0,93.0,,103.0,
RWS01_MONIBAS_0071hrr1968ra,4,0,77.0,,80.0,
RWS01_MONIBAS_0051hrr0096ra,4,0,104.0,,112.0,
RWS01_MONIBAS_0051hrr0096rb,2,0,93.0,,93.0,
RWS01_MONIBAS_0281hrr0319ra,4,0,102.5,,106.0,
RWS01_MONIBAS_0731hrr1018ra,16,0,13.90625,,24.0,
RWS01_MONIBAS_0090vwx0075rb,4,0,105.0,,114.0,
RWS01_MONIBAS_0090vwx0075ra,2,0,100.0,,100.0,
RWS01_MONIBAS_0161hrr0325ra,8,0,46.75,,49.0,
RWS01_MONICA_00D01C04441E8820000B,8,0,80.0,,84.0,
RWS01_MONIBAS_0071hrr1968rb,4,0,72.5,,74.0,
RWS01_MONIBAS_0291hrl0151ra,6,0,98.0,,105.0,
RWS01_MONICA_00D01C0F6C1ED0050005,8,0,-1.0,,-1.0,
RWS01_MONIBAS_0280vwa0660ra,8,0,38.0,,77.0,
RWS01_MONIBAS_0150vwg0637ra,4,0,103.0,,110.0,
RWS01_MONICA_00D01009A432D007000F,8,0,61.317499999999995,,83.0,
RWS01_MONIBAS_0221hrr0123ra,4,0,92.0,,102.0,
RWS01_MONIBAS_0150vwn0594ra,2,0,99.0,,99.0,
RWS01_MONIBAS_0120vwc0589ra,2,0,59.0,,59.0,
RWS01_MONIBAS_0060vwq0482ra,2,0,-1.0,,-1.0,
RWS01_MONIBAS_0071hrr1466ra,16,0,72.58,,109.0,
RWS01_MONIBAS_0161hrr0458ra,6,0,80.0,,84.0,
RWS01_MONIBAS_0020vwd0391ra,2,0,60.0,,60.0,
RWS01_MONIBAS_0280vwc2003ra,2,0,65.0,,65.0,
RWS01_MONIBAS_0060vwb0489ra,2,0,71.0,,71.0,
RWS01_MONICA_00D0100A985F28200005,8,0,27.27,,38.0,
RWS01_MONICA_00D00C04580AD007000F,8,0,71.145,,99.0,
RWS01_MONICA_00D01001FC4BD0070007,8,0,38.5,,78.0,
RWS01_MONICA_00D001060800D0050009,8,0,103.14,,112.0,
RWS01_MONICA_00D00C04580AD007000B,8,0,83.21000000000001,,112.0,
RWS01_MONICA_00D001060800D0050005,8,0,59.5,,120.0,
RWS01_MONIBAS_0501hrr2373ra,4,0,96.0,,101.0,
RWS01_MONICA_00D01402A43CD0050005,8,0,59.0,,119.0,
RWS01_MONICA_00D00210DC23D0050009,8,0,55.0,,111.0,
RWS01_MONICA_00D0021BE400D0050009,8,0,64.625,,66.0,
RWS01_MONIBAS_0161hrr0182ra,6,0,100.66666666666667,,109.0,
RWS01_MONICA_00D01001FC4BD007000B,8,0,50.0,,67.0,
RWS01_MONIBAS_0271hrl0022ra,4,0,99.0,,107.0,
RWS01_MONICA_00D00C04580AD0070007,8,0,58.5,,118.0,
RWS01_MONICA_00D0021BE400D0050005,8,0,53.41,,73.0,
RWS01_MONICA_00D00C0E6000D0070007,8,0,69.99,,94.0,
RWS01_MONICA_00D001060800D005000D,8,0,92.2075,,96.0,
RWS01_MONICA_00D00210DC23D0050005,8,0,-1.0,,-1.0,
RWS01_MONICA_00D010020407D0050009,8,0,-1.0,,-1.0,
RWS01_MONICA_00D00C0E6000D007000F,8,0,58.75,,82.0,
RWS01_MONIBAS_0161hrr0338ra,4,0,86.5,,92.0,
RWS01_MONICA_00D01002040FD007000B,8,0,68.7075,,71.0,
RWS01_MONICA_00D010020407D0050005,8,0,-1.0,,-1.0,
RWS01_MONIBAS_0090vwx0088ra,4,0,119.5,,126.0,
RWS01_MONICA_00D00C0E6000D007000B,8,0,67.0975,,97.0,
RWS01_MONICA_00D00210DC23D005000D,8,0,70.55,,101.0,
RWS01_MONIBAS_0021hrl1715ra,4,0,91.0,,98.0,
RWS01_MONICA_00D01402A43CD0050009,8,0,89.3575,,98.0,
RWS01_MONIBAS_0731hrl0147ra,4,0,100.0,,106.0,
RWS01_MONIBAS_0150vwn0617ra,6,0,92.0,,101.0,
RWS01_MONIBAS_0020vwn0618ra,4,0,99.5,,107.0,
RWS01_MONIBAS_0121hrr0469ra,8,0,32.75,,36.0,
RWS01_MONIBAS_0050vwn0077ra,2,0,125.0,,125.0,
RWS01_MONICA_00D005028819D0050009,8,0,48.5,,98.0,
RWS01_MONICA_00D001036031D005000D,8,0,90.9425,,97.0,
RWS01_MONICA_00D005028819D0050005,8,0,54.5,,110.0,
RWS01_MONIBAS_0040vwx0477ra,4,0,95.0,,102.0,
RWS01_MONIBAS_0761hrr0112ra,4,0,96.5,,100.0,
RWS01_MONIBAS_0040vwx0477rb,4,0,83.5,,88.0,
RWS01_MONICA_00D01E03E000D0050005,8,0,29.5,,60.0,
RWS01_MONICA_00D01002040FD0070007,8,0,39.0,,79.0,
RWS01_MONICA_00D01E03E000D0050009,8,0,26.5,,54.0,
RWS01_MONICA_00D01009A432D007000B,8,0,95.9025,,104.0,
RWS01_MONICA_00D01009A432D0070007,8,0,88.595,,97.0,
RWS01_MONIBAS_0280vwa1048ra,2,0,61.0,,61.0,
RWS01_MONIBAS_0021hrl0359ra,6,0,106.0,,126.0,
RWS01_MONICA_00D0010E7805D0050011,8,0,86.515,,89.0,
RWS01_MONICA_00D014031C05D005000D,8,0,74.23,,100.0,
RWS01_MONICA_00D00C102428D007000F,8,0,45.2175,,48.0,
RWS01_MONICA_00D014031C05D0050011,8,0,69.6625,,96.0,
RWS01_MONICA_00D03B14F405D0070007,8,0,39.7875,,43.0,
RWS01_MONIBAS_0021hrl0609ra,8,0,77.25,,113.0,
RWS01_MONIBAS_0201hrr0247ra,4,0,102.5,,111.0,
RWS01_MONICA_00D0010E7805D005000D,8,0,97.1075,,102.0,
RWS01_MONIBAS_0021hrl1281ra,6,0,97.66666666666667,,104.0,
RWS01_MONIBAS_0020vwm1600ra,4,0,22.0,,23.0,
RWS01_MONIBAS_0060vwp0475ra,2,0,-1.0,,-1.0,
RWS01_MONIBAS_0151hrl0389ra,4,0,103.5,,111.0,
RWS01_MONIBAS_0121hrr1059ra,6,0,86.33333333333333,,93.0,
RWS01_MONIBAS_0090vwp0062ra,4,0,-1.0,,-1.0,
RWS01_MONIBAS_0020vwg0351ra,4,0,74.0,,77.0,
RWS01_MONIBAS_0091hrl0097ra,4,0,101.0,,109.0,
RWS01_MONICA_00D01401D80AD0050005,8,0,-1.0,,-1.0,
RWS01_MONICA_00D00C102428D007000B,8,0,45.0375,,48.0,
RWS01_MONIBAS_0120vwg0641ra,6,0,100.33333333333333,,104.0,
RWS01_MONIBAS_0071hrr1479ra,16,0,81.35625,,100.0,
RWS01_MONIBAS_0090vws0395ra,4,0,102.0,,106.0,
RWS01_MONIBAS_0500vwb2162ra,8,0,-1.0,,-1.0,
RWS01_MONICA_00D03B14F405D007000B,8,0,25.6875,,35.0,
RWS01_MONICA_00D0010E7805D0050009,8,0,-1.0,,-1.0,
RWS01_MONIBAS_0151hrr0414ra,4,0,91.5,,97.0,
RWS01_MONICA_00D0010E7805D0050005,8,0,-1.0,,-1.0,
RWS01_MONIBAS_0120vws0582ra,4,0,82.5,,86.0,
RWS01_MONICA_00D00C102428D0070007,8,0,10.0,,21.0,
RWS01_MONIBAS_0151hrl0376ra,6,0,118.0,,134.0,
RWS01_MONIBAS_0021hrl0333ra,8,0,23.75,,98.0,
RWS01_MONICA_00D03A01EC03D0050005,8,0,-1.0,,-1.0,
RWS01_MONIBAS_0040vwg0636ra,4,0,40.5,,82.0,
RWS01_MONIBAS_0121hrl0547ra,10,0,42.4,,65.0,
RWS01_MONIBAS_0271hrl0048ra,4,0,96.5,,104.0,
RWS01_MONIBAS_0020vwg2410ra,4,0,92.0,,96.0,
RWS01_MONIBAS_0281hrl0013ra,2,0,99.0,,99.0,
RWS01_MONICA_00D00900B83FD0050085,8,0,71.0,,98.0,
RWS01_MONIBAS_0281hrl0133ra,6,0,106.0,,116.0,
RWS01_MONICA_00D00104984620200007,8,0,44.0,,89.0,
RWS01_MONIBAS_0201hrr0114ra,4,0,91.0,,99.0,
RWS01_MONIBAS_0021hrl0599ra,8,0,77.5,,114.0,
RWS01_MONIBAS_0021hrl0849ra,8,0,77.0,,106.0,
RWS01_MONIBAS_0281hrr0916ra,6,0,101.66666666666667,,108.0,
RWS01_MONIBAS_0221hrl0108ra,4,0,98.5,,110.0,
RWS01_MONIBAS_0020vwg0627ra,4,0,99.0,,103.0,
RWS01_MONIBAS_0500vwh1485ra,6,0,29.666666666666668,,60.0,
RWS01_MONIBAS_0021hrl2650ra,4,0,70.0,,73.0,
RWS01_MONIBAS_0021hrl1294ra,6,0,101.33333333333333,,112.0,
RWS01_MONICA_00D014031C05D0050009,8,0,88.985,,102.0,
RWS01_MONIBAS_0271hrr0063ra,4,0,101.5,,108.0,
RWS01_MONICA_00D014031C05D0050005,8,0,44.5,,90.0,
RWS01_MONIBAS_0151hrr0534ra,6,0,105.66666666666667,,118.0,
RWS01_MONIBAS_0011hrr0335ra,8,0,104.75,,120.0,
RWS01_MONIBAS_0061hrl0612ra,4,0,104.0,,109.0,
RWS01_MONIBAS_0201hrr0354ra,4,0,96.5,,102.0,
RWS01_MONICA_00D00206A85DD0050011,8,0,72.0175,,97.0,
RWS01_MONICA_00D00104684DD0050109,8,0,69.88,,94.0,
RWS01_MONIBAS_0280vwb2001ra,2,0,64.0,,64.0,
RWS01_MONIBAS_0091hrl0084ra,4,0,98.5,,104.0,
RWS01_MONIBAS_0501hrr1678ra,6,0,73.33333333333333,,85.0,
RWS01_MONICA_00D00206A85DD005000D,8,0,73.1925,,100.0,
RWS01_MONIBAS_0020vwe0362ra,4,0,68.0,,74.0,
RWS01_MONIBAS_0120vwu0055ra,8,0,84.25,,97.0,
RWS01_MONICA_00D00206A85DD0050009,8,0,74.75,,100.0,
RWS01_MONICA_00D01C04303CD0070007,8,0,77.2875,,104.0,
RWS01_MONICA_00D00206A85DD0050005,8,0,51.5,,104.0,
RWS01_MONIBAS_0100vwa0138ra,2,0,56.0,,56.0,
RWS01_MONIBAS_0040vwa0349ra,2,0,77.0,,77.0,
RWS01_MONIBAS_0101hrr0299ra,8,0,80.0,,114.0,
RWS01_MONICA_00D00104684DD0050105,8,0,80.045,,109.0,
RWS01_MONICA_00D01C04303CD007000B,8,0,89.5975,,97.0,
RWS01_MONIBAS_0581hrl0131ra,4,0,38.0,,61.0,
RWS01_MONICA_00D004089855D0070007,8,0,69.855,,94.0,
RWS01_MONIBAS_0161hrr0578ra,6,0,93.66666666666667,,102.0,
RWS01_MONIBAS_0091hrr0514ra,6,0,65.33333333333333,,104.0,
RWS01_MONIBAS_0200vwu0236ra,4,0,83.5,,90.0,
RWS01_MONIBAS_0200vwu0236rb,2,0,85.0,,85.0,
RWS01_MONICA_00D004089855D007000B,8,0,72.24,,75.0,
RWS01_MONIBAS_0021hrl1041ra,6,0,126.66666666666667,,143.0,
RWS01_MONIBAS_0760vws0034ra,4,0,99.5,,104.0,
RWS01_MONIBAS_0671hrl0323ra,4,0,87.5,,88.0,
RWS01_MONIBAS_0021hrl0823ra_1,40,0,69.988,,135.0,
RWS01_MONIBAS_0010vwn0457ra,4,0,44.0,,89.0,
RWS01_MONIBAS_0150vwq0567ra,4,0,100.5,,108.0,
RWS01_MONICA_00D00E022C08D0050005,8,0,37.0,,75.0,
RWS01_MONIBAS_0041hrr0760ra,6,0,86.0,,96.0,
RWS01_MONIBAS_0041hrl0253ra,6,0,107.33333333333333,,118.0,
RWS01_MONIBAS_0271hrr0459ra,4,0,83.5,,86.0,
RWS01_MONIBAS_3251hrl0235ra,4,0,68.5,,74.0,
RWS01_MONICA_00D00E022C08D0050009,8,0,37.0,,75.0,
RWS01_MONICA_00D00103D414D0050185,8,0,-1.0,,-1.0,
RWS01_MONIBAS_0271hrl0991ra,6,0,98.33333333333333,,104.0,
RWS01_MONIBAS_0150vwf0594ra,2,0,81.0,,81.0,
RWS01_MONIBAS_0091hrr0251ra,6,0,-1.0,,-1.0,
RWS01_MONIBAS_0020vwm1626ra,4,0,30.0,,36.0,
RWS01_MONIBAS_0071hrr0120ra,6,0,62.333333333333336,,64.0,
RWS01_MONIBAS_0021hrr2282ra,6,0,88.0,,94.0,
RWS01_MONICA_00D00608CC5A08200007,8,0,54.4025,,61.0,
RWS01_MONIBAS_0010vwd1668ra,8,0,55.167500000000004,,75.0,
RWS01_MONICA_00D00C14500FD0070007,8,0,4.5,,10.0,
RWS01_MONICA_00D00F08002C90200005,8,0,79.78,,84.0,
RWS01_MONIBAS_0071hrr0242ra,4,0,105.0,,109.0,
RWS01_MONIBAS_0131hrl0191ra,6,0,80.0,,84.0,
RWS01_MONICA_00D00C14500FD007000B,8,0,-1.0,,-1.0,
RWS01_MONIBAS_0021hrr2558ra,4,0,95.0,,99.0,
RWS01_MONIBAS_0101hrr0153ra,8,0,21.25,,26.0,
RWS01_MONIBAS_0101hrr0153rb,4,0,71.0,,72.0,
RWS01_MONICA_10D0321D080FD0050185,2,0,27.0,,27.0,
RWS01_MONIBAS_0201hrr0221ra,6,0,109.0,,117.0,
RWS01_MONICA_00D00C14500FD007000F,8,0,-1.0,,-1.0,
RWS01_MONIBAS_0121hrl0521ra,8,0,25.25,,42.0,
RWS01_MONIBAS_0581hrr0484ra_1,16,0,47.4875,,67.0,
RWS01_MONICA_00D00206A85DD0050015,8,0,88.285,,93.0,
RWS01_MONIBAS_0021hrl0835ra,8,0,87.75,,125.0,
RWS01_MONICA_00D03218485AD0050005,8,0,-1.0,,-1.0,
RWS01_MONIBAS_0011hrl0173ra,6,0,-1.0,,-1.0,
RWS01_MONIBAS_0021hrr1609ra,4,0,93.0,,97.0,
RWS01_MONIBAS_0021hrr1599ra,4,0,93.0,,98.0,
RWS01_MONICA_00D03218485AD0050009,8,0,-1.0,,-1.0,
RWS01_MONICA_10D0040B805B60200007,2,0,88.0,,88.0,
RWS01_MONIBAS_0021hrl2544ra,4,0,43.0,,49.0,
RWS01_MONIBAS_0280vwc1600ra,8,0,-1.0,,-1.0,
RWS01_MONIBAS_0021hrl2544rb,4,0,16.5,,21.0,
RWS01_MONIBAS_0021hrr1346ra,6,0,101.0,,109.0,
RWS01_MONIBAS_0091hrr0396ra,6,0,31.333333333333332,,37.0,
RWS01_MONICA_00D00C0A1005D0070013,8,0,91.725,,95.0,
RWS01_MONIBAS_0121hrl1028ra,8,0,100.0,,107.0,
RWS01_MONIBAS_0151hrl0361ra,4,0,100.0,,110.0,
RWS01_MONIBAS_0021hrr1213ra,6,0,101.33333333333333,,109.0,
RWS01_MONIBAS_0021hrl2424ra,4,0,99.0,,104.0,
RWS01_MONIBAS_0061hrr0422ra,6,0,101.0,,107.0,
RWS01_MONIBAS_0160vwm0337ra,4,0,83.0,,89.0,
RWS01_MONICA_00D00C0A1005D007000F,8,0,70.85,,100.0,
RWS01_MONIBAS_0580vwc0902ra,8,0,41.5,,84.0,
RWS01_MONICA_00D00C0A1005D007000B,8,0,100.7225,,106.0,
RWS01_MONIBAS_0071hrl0094ra,6,0,105.66666666666667,,116.0,
RWS01_MONIBAS_0090vwy0098ra,2,0,100.0,,100.0,
RWS01_MONIBAS_0011hrl0293ra,4,0,101.5,,109.0,
RWS01_MONIBAS_0591hrr0943ra,16,0,54.06625,,70.0,
RWS01_MONIBAS_0090vwy0098rb,4,0,90.5,,93.0,
RWS01_MONIBAS_0061hrl0483ra,4,0,107.0,,109.0,
RWS01_MONICA_00D00C0A1005D0070007,8,0,55.5,,112.0,
RWS01_MONICA_00D02E00940CD0070307,8,0,37.0,,75.0,
RWS01_MONICA_00D00906DC0AD0070007,8,0,35.0,,71.0,
RWS01_MONICA_00D00906DC0AD007000B,8,0,51.075,,75.0,
RWS01_MONICA_00D01B08BC3298200007,8,0,55.5,,112.0,
RWS01_MONIBAS_0291hrr0109ra,4,0,95.5,,96.0,
RWS01_MONIBAS_0581hrr0982ra,16,0,65.81375,,93.0,
RWS01_MONIBAS_0581hrl0145ra,4,0,21.0,,23.0,
RWS01_MONIBAS_0771hrr0046ra,16,0,75.2975,,113.0,
RWS01_MONIBAS_0021hrr0840ra,10,0,36.8,,55.0,
RWS01_MONIBAS_0281hrl0997ra,6,0,92.0,,96.0,
RWS01_MONIBAS_0281hrl1094ra,6,0,92.66666666666667,,105.0,
RWS01_MONIBAS_0351hrr0728ra,8,0,-1.0,,-1.0,
RWS01_MONICA_00D00904E432D0050105,8,0,-1.0,,-1.0,
RWS01_MONIBAS_0021hrr1729ra,6,0,67.66666666666667,,71.0,
RWS01_MONIBAS_0011hrr0574ra,16,0,37.36875,,80.0,
RWS01_MONICA_10D0040B805B6020000B,2,0,82.0,,82.0,
RWS01_MONIBAS_0281hrr1002ra,6,0,97.0,,106.0,
RWS01_MONICA_10D0040B805B6020000F,2,0,88.0,,88.0,
RWS01_MONIBAS_0300vwd0148ra,8,0,54.2,,75.0,
RWS01_MONIBAS_0090vwc0282ra,2,0,-1.0,,-1.0,
RWS01_MONIBAS_3251hrl0248ra,4,0,75.0,,75.0,
RWS01_MONICA_00D01B08BC329820000B,8,0,69.75,,98.0,
RWS01_MONIBAS_0501hrr1520ra,6,0,69.33333333333333,,110.0,
RWS01_MONICA_00D006075C2898200007,8,0,55.5,,112.0,
RWS01_MONIBAS_0121hrl0903ra,6,0,103.66666666666667,,118.0,
RWS01_MONIBAS_0090vwr0391ra,2,0,94.0,,94.0,
RWS01_MONICA_00D00C13EC5FD0050005,8,0,21.5625,,31.0,
RWS01_MONIBAS_0041hrl0384ra,8,0,60.0,,62.0,
RWS01_MONICA_00D00C13EC5FD0050009,8,0,26.735,,27.0,
RWS01_MONICA_00D006075C289820000B,8,0,71.75,,101.0,
RWS01_MONICA_00D00501A450D0050009,8,0,88.4275,,93.0,
RWS01_MONICA_00D00501A450D0050005,8,0,54.0,,109.0,
RWS01_MONICA_10D00D012000D0050005,2,0,93.0,,93.0,
RWS01_MONICA_10D00D012000D0050009,2,0,86.0,,86.0,
RWS01_MONIBAS_0581hrl0158ra,4,0,34.0,,39.0,
RWS01_MONICA_00D0090A982FD007000B,8,0,-1.0,,-1.0,
RWS01_MONIBAS_0270vwm0804ra,2,0,76.0,,76.0,
RWS01_MONIBAS_0301hrr0168ra,16,0,-1.0,,-1.0,
RWS01_MONIBAS_0040vws0086ra,4,0,88.5,,91.0,
RWS01_MONIBAS_0010vwp0152ra,2,0,-1.0,,-1.0,
RWS01_MONIBAS_0021hrl2557ra,4,0,41.0,,52.0,
RWS01_MONICA_00D0090A982FD0070007,8,0,-1.0,,-1.0,
RWS01_MONIBAS_0021hrr0720ra,10,0,65.2,,84.0,
RWS01_MONIBAS_0071hrr0360ra,4,0,105.0,,111.0,
RWS01_MONICA_10D00D012000D005000D,2,0,79.0,,79.0,
RWS01_MONIBAS_0121hrl0880ra,6,0,109.66666666666667,,120.0,
RWS01_MONIBAS_0151hrl0374ra,6,0,114.66666666666667,,126.0,
RWS01_MONIBAS_0090vwp0050ra,4,0,-1.0,,-1.0,
RWS01_MONIBAS_0290vwu0101ra,4,0,100.5,,107.0,
RWS01_MONIBAS_0351hrr0332ra,2,0,80.0,,80.0,
RWS01_MONICA_00D002188805D0070007,8,0,16.5,,34.0,
RWS01_MONIBAS_0011hrl0303ra,4,0,108.5,,114.0,
RWS01_MONIBAS_4341hrl0061ra,4,0,83.0,,84.0,
RWS01_MONICA_00D00909582ED007000F,8,0,-1.0,,-1.0,
RWS01_MONICA_00D00501444668200005,8,0,65.5,,132.0,
RWS01_MONIBAS_0100vwt0163ra,4,0,87.5,,92.0,
RWS01_MONICA_00D00909582ED007000B,8,0,-1.0,,-1.0,
RWS01_MONICA_00D00501444668200009,8,0,-1.0,,-1.0,
RWS01_MONICA_00D002188805D007000F,8,0,16.59,,23.0,
RWS01_MONICA_00D00909582ED0070007,8,0,-1.0,,-1.0,
RWS01_MONIBAS_0010vwn0075ra,4,0,100.5,,107.0,
RWS01_MONICA_00D002188805D007000B,8,0,26.715,,30.0,
RWS01_MONIBAS_0151hrl0517ra,4,0,102.0,,107.0,
RWS01_MONIBAS_0041hrr0545ra,6,0,99.0,,108.0,
RWS01_MONICA_00D009098829D007000B,8,0,-1.0,,-1.0,
RWS01_MONIBAS_0091hrl0467ra,6,0,102.66666666666667,,114.0,
RWS01_MONIBAS_0021hrr0600ra,8,0,71.25,,103.0,
RWS01_MONIBAS_0051hrl0173ra,4,0,104.5,,112.0,
RWS01_MONIBAS_0151hrl0241ra,4,0,92.0,,99.0,
RWS01_MONICA_00D009098829D0070007,8,0,-1.0,,-1.0,
RWS01_MONIBAS_0041hrl0371ra,8,0,66.5,,72.0,
RWS01_MONIBAS_0731hrr0166ra,4,0,94.5,,100.0,
RWS01_MONIBAS_0281hrr1148ra,4,0,-1.0,,-1.0,
RWS01_MONIBAS_0061hrr0542ra,4,0,106.0,,112.0,
RWS01_MONIBAS_0021hrl2437ra,4,0,91.0,,98.0,
RWS01_MONIBAS_0160vwx0199ra,2,0,83.0,,83.0,
RWS01_MONIBAS_0240vwt0048ra,4,0,98.5,,103.0,
RWS01_MONIBAS_0150vwh0602ra,4,0,101.5,,108.0,
RWS01_MONIBAS_0121hrr0431ra,8,0,17.25,,20.0,
RWS01_MONIBAS_0021hrr0866ra,8,0,23.25,,32.0,
RWS01_MONIBAS_0671hrr0246ra,4,0,-1.0,,-1.0,
RWS01_MONIBAS_0071hrr0148ra,4,0,84.0,,91.0,
RWS01_MONIBAS_0280vwv0276ra,2,0,53.0,,53.0,
RWS01_MONIBAS_0731hrl0148ra,4,0,99.5,,105.0,
RWS01_MONIBAS_0591hrl1407ra,6,0,85.33333333333333,,90.0,
RWS01_MONIBAS_0010vwq0155ra,4,0,-1.0,,-1.0,
RWS01_MONIBAS_0761hrl0011ra_1,16,0,70.36125,,102.0,
RWS01_MONIBAS_0041hrl0514ra,6,0,23.333333333333332,,30.0,
RWS01_MONIBAS_0761hrr0004ra,4,0,34.0,,40.0,
RWS01_MONIBAS_0581hrr0875ra,16,0,-1.0,,-1.0,
RWS01_MONIBAS_0011hrr1294ra,6,0,106.0,,118.0,
RWS01_MONIBAS_0121hrl0296ra,8,0,65.25,,80.0,
RWS01_MONIBAS_0731hrr0140ra,4,0,94.0,,99.0,
RWS01_MONICA_10D00107400FD0070007,2,0,6.0,,6.0,
RWS01_MONICA_00D0020DD05AD0050009,8,0,58.0,,117.0,
RWS01_MONIBAS_0161hrr0088ra,6,0,101.66666666666667,,112.0,
RWS01_MONICA_00D01B05442DD007000B,8,0,-1.0,,-1.0,
RWS01_MONICA_00D01B05442DD0070007,8,0,-1.0,,-1.0,
RWS01_MONIBAS_0121hrl0319ra,8,0,90.5,,104.0,
RWS01_MONIBAS_0121hrl0176ra,6,0,103.0,,115.0,
RWS01_MONICA_10D00107400FD007000B,2,0,5.0,,5.0,
RWS01_MONICA_00D0020DD05AD0050005,8,0,63.0,,127.0,
RWS01_MONIBAS_0731hrr0153ra,4,0,92.5,,97.0,
RWS01_MONIBAS_0021hrr1119ra,4,0,103.5,,109.0,
RWS01_MONICA_00D0020DD05AD0050011,8,0,94.0825,,102.0,
RWS01_MONICA_00D0020DD05AD005000D,8,0,51.0,,103.0,
RWS01_MONIBAS_0161hrr0075ra,6,0,107.0,,113.0,
RWS01_MONIBAS_0021hrr0879ra,8,0,41.75,,76.0,
RWS01_MONIBAS_0120vwj1072ra_1,8,0,43.5,,88.0,
RWS01_MONIBAS_3251hrr0157ra,4,0,44.0,,52.0,
RWS01_MONIBAS_0010vwq0142ra,4,0,-1.0,,-1.0,
RWS01_MONIBAS_0071hrl0331ra,4,0,105.5,,114.0,
RWS01_MONIBAS_0131hrl0099ra,8,0,54.5,,69.0,
RWS01_MONICA_00D00103882818200005,8,0,56.375,,76.0,
RWS01_MONIBAS_0020vwn0604ra,6,0,68.0,,108.0,
RWS01_MONIBAS_0150vwd0531ra,2,0,60.0,,60.0,
RWS01_MONIBAS_3251hrr0144ra,6,0,93.0,,98.0,
RWS01_MONIBAS_0021hrl1082ra_1,24,0,68.27499999999999,,111.0,
RWS01_MONIBAS_0281hrr0177ra,6,0,85.66666666666667,,94.0,
RWS01_MONIBAS_0041hrl0621ra,8,0,104.0,,121.0,
RWS01_MONIBAS_0010vwe0084ra,4,0,93.0,,95.0,
RWS01_MONIBAS_0271hrr0911ra,6,0,57.333333333333336,,59.0,
RWS01_MONICA_00D00224B45FD0050005,8,0,50.5,,102.0,
RWS01_MONICA_10D01601EC0178200007,2,0,-1.0,,-1.0,
RWS01_MONIBAS_0011hrl0066ra,8,0,102.0,,112.0,
RWS01_MONICA_00D010090850D007000B,8,0,95.3575,,98.0,
RWS01_MONIBAS_0081hrl0013ra,6,0,67.66666666666667,,108.0,
RWS01_MONICA_00D010090850D007000F,8,0,82.3125,,86.0,
RWS01_MONIBAS_0021hrr0496ra,10,0,87.6,,99.0,
RWS01_MONIBAS_0280vwu0000ra,4,0,17.5,,18.0,
RWS01_MONICA_10D01601EC017820000B,2,0,-1.0,,-1.0,
RWS01_MONICA_00D010090850D0070007,8,0,75.9925,,102.0,
RWS01_MONICA_00D002259833D007000B,8,0,84.13,,87.0,
RWS01_MONIBAS_0041hrl0754ra,10,0,93.6,,109.0,
RWS01_MONIBAS_0151hrl0624ra,8,0,103.0,,116.0,
RWS01_MONIBAS_0590vwt1345ra,2,0,7.0,,7.0,
RWS01_MONICA_00D032182850D0070187,8,0,-1.0,,-1.0,
RWS01_MONIBAS_0060vwu0416ra,4,0,45.0,,91.0,
RWS01_MONIBAS_0021hrl1599ra,4,0,96.0,,102.0,
RWS01_MONIBAS_0281hrr0182ra_1,24,0,74.3975,,99.0,
RWS01_MONIBAS_0161hrl0426ra,6,0,68.0,,73.0,
RWS01_MONIBAS_0501hrl1492ra,10,0,30.2,,64.0,
RWS01_MONICA_00D00224B45FD0050009,8,0,67.0175,,91.0,
RWS01_MONIBAS_0271hrl0394ra,4,0,52.0,,58.0,
RWS01_MONICA_00D001139000D005000D,8,0,-1.0,,-1.0,
RWS01_MONICA_00D01401C832D0070007,8,0,49.0,,99.0,
RWS01_MONICA_00D01401C832D007000B,8,0,79.375,,85.0,
RWS01_MONIBAS_0301hrr0142ra,16,0,-1.0,,-1.0,
RWS01_MONICA_00D001139000D0050009,8,0,75.8375,,106.0,
RWS01_MONICA_00D001139000D0050005,8,0,57.0,,115.0,
RWS01_MONIBAS_0121hrl0189ra,6,0,100.33333333333333,,109.0,
RWS01_MONIBAS_0091hrl0694ra,4,0,100.5,,106.0,
RWS01_MONICA_00D002259833D0070007,8,0,49.0,,99.0,
RWS01_MONIBAS_0280vwb1056ra,2,0,85.0,,85.0,
RWS01_MONIBAS_0020vwm1138ra,6,0,101.66666666666667,,108.0,
RWS01_MONIBAS_0150vwn0602ra,2,0,96.0,,96.0,
RWS01_MONIBAS_0731hrl0242ra,4,0,96.0,,102.0,
RWS01_MONIBAS_0010vwc0072ra,2,0,81.0,,81.0,
RWS01_MONIBAS_0160vwc0159ra,2,0,47.0,,47.0,
RWS01_MONIBAS_0151hrl1572ra,4,0,92.0,,98.0,
RWS01_MONICA_00D01B0C880A28200005,8,0,60.5,,85.0,
RWS01_MONICA_00D004085037D0050009,8,0,21.697499999999998,,22.0,
RWS01_MONIBAS_0280vwu0014ra,4,0,30.0,,39.0,
RWS01_MONIBAS_0021hrl1609ra,4,0,97.5,,104.0,
RWS01_MONICA_00D004085037D0050005,8,0,15.0875,,21.0,
RWS01_MONIBAS_2050vwr0037ra,4,0,98.0,,104.0,
RWS01_MONIBAS_0581hrr0145ra,6,0,37.666666666666664,,41.0,
RWS01_MONIBAS_0671hrr0615ra,16,0,73.61,,106.0,
RWS01_MONIBAS_0350vwd0475ra,8,0,-1.0,,-1.0,
RWS01_MONIBAS_0161hrl0503ra_1,24,0,83.98916666666666,,104.0,
RWS01_MONICA_00D04911E45A90200005,8,0,40.0,,81.0,
RWS01_MONIBAS_0170vwa0073ra,8,0,61.25,,82.0,
RWS01_MONIBAS_0021hrr2557ra,4,0,81.5,,82.0,
RWS01_MONIBAS_0281hrl0027ra,6,0,99.33333333333333,,109.0,
RWS01_MONIBAS_0121hrr0074ra,4,0,105.0,,112.0,
RWS01_MONIBAS_0130vwc0055ra,4,0,55.5,,63.0,
RWS01_MONIBAS_0161hrl0177ra,6,0,88.33333333333333,,99.0,
RWS01_MONIBAS_0161hrl0307ra,8,0,102.0,,117.0,
RWS01_MONICA_00D00102A046D0050305,8,0,72.14,,99.0,
RWS01_MONIBAS_0040vwm0439ra,4,0,2.0,,5.0,
RWS01_MONIBAS_0580vwd0804ra,8,0,-1.0,,-1.0,
RWS01_MONIBAS_0021hrr2544ra,4,0,95.0,,98.0,
RWS01_MONIBAS_0071hrl0132ra_1,16,0,71.99,,109.0,
RWS01_MONIBAS_0021hrr2544rc,4,0,85.5,,98.0,
RWS01_MONICA_00D03217345A38200185,8,0,-1.0,,-1.0,
RWS01_MONIBAS_0021hrr2544rb,2,0,75.0,,75.0,
RWS01_MONICA_00D001049437D0070007,8,0,53.0,,107.0,
RWS01_MONIBAS_0201hrl0205ra,8,0,105.75,,113.0,
RWS01_MONIBAS_0121hrr0061ra,4,0,95.5,,100.0,
RWS01_MONIBAS_0070vwc2186ra,8,0,41.5,,84.0,
RWS01_MONIBAS_0101hrr0109ra_1,32,0,83.961875,,114.0,
RWS01_MONICA_00D03218344690200005,8,0,-1.0,,-1.0,
RWS01_MONIBAS_0281hrl1117ra_1,24,0,80.23083333333334,,112.0,
RWS01_MONICA_00D00227A030D0050009,8,0,-1.0,,-1.0,
RWS01_MONIBAS_0060vwm0511ra,4,0,101.0,,111.0,
RWS01_MONICA_00D001049437D007000B,8,0,91.49,,97.0,
RWS01_MONICA_00D014076C00D0050009,8,0,14.0,,19.0,
RWS01_MONICA_00D00227A030D0050005,8,0,-1.0,,-1.0,
RWS01_MONIBAS_0731hrl0255ra,4,0,104.5,,111.0,
RWS01_MONIBAS_0271hrr0804ra,6,0,108.0,,120.0,
RWS01_MONIBAS_0021hrl1729ra,4,0,88.0,,93.0,
RWS01_MONICA_00D00607A41ED007000B,8,0,71.5875,,101.0,
RWS01_MONICA_00D00607A41ED0070007,8,0,87.1775,,118.0,
RWS01_MONICA_00D014076C00D0050005,8,0,11.0,,23.0,
RWS01_MONIBAS_0081hrr0069ra,4,0,99.0,,101.0,
RWS01_MONIBAS_0161hrr0337ra,4,0,85.0,,90.0,
RWS01_MONIBAS_0271hrl0380ra,6,0,48.666666666666664,,70.0,
RWS01_MONIBAS_0280vwd1856ra,8,0,42.832499999999996,,59.0,
RWS01_MONIBAS_0021hrl1573ra,8,0,105.25,,120.0,
RWS01_MONICA_00D00609903FD0050009,8,0,96.23,,101.0,
RWS01_MONIBAS_0021hrr2174ra,4,0,95.0,,103.0,
RWS01_MONIBAS_0271hrr0817ra,6,0,96.33333333333333,,105.0,
RWS01_MONIBAS_0221hrr0111ra,4,0,71.0,,81.0,
RWS01_MONIBAS_0121hrr0577ra,6,0,92.33333333333333,,104.0,
RWS01_MONIBAS_0040vwm0056ra,8,0,94.25,,100.0,
RWS01_MONICA_00D00609903FD0050005,8,0,79.8925,,109.0,
RWS01_MONIBAS_0271hrl0919ra,6,0,106.66666666666667,,116.0,
RWS01_MONIBAS_0201hrl0338ra,6,0,60.333333333333336,,64.0,
RWS01_MONIBAS_0070vwa1613ra,8,0,40.0,,81.0,
RWS01_MONIBAS_0090vwx0076rb,4,0,47.5,,96.0,
RWS01_MONIBAS_0090vwx0076ra,2,0,102.0,,102.0,
RWS01_MONIBAS_0731hrl0135ra,4,0,98.0,,104.0,
RWS01_MONICA_10D00F0BA819D0070087,2,0,78.0,,78.0,
RWS01_MONICA_00D0010DE42D60200087,8,0,65.25,,89.0,
RWS01_MONIBAS_0060vwm0537ra,4,0,-1.0,,-1.0,
RWS01_MONIBAS_0020vwn1684ra,4,0,85.0,,87.0,
RWS01_MONIBAS_0121hrr0457ra,8,0,54.0,,61.0,
RWS01_MONIBAS_0270vwc0866ra,2,0,100.0,,100.0,
RWS01_MONIBAS_0500vwh1471ra,6,0,5.333333333333333,,10.0,
RWS01_MONICA_00D01401BC00D0050009,8,0,78.4675,,82.0,
RWS01_MONIBAS_0221hrr0124ra,4,0,86.0,,93.0,
RWS01_MONICA_00D01401BC00D0050005,8,0,66.9575,,91.0,
RWS01_MONIBAS_0271hrl0034ra,4,0,104.5,,111.0,
RWS01_MONIBAS_0070vwd1576ra,8,0,-1.0,,-1.0,
RWS01_MONICA_10D01B03D02DD0050305,2,0,-1.0,,-1.0,
RWS01_MONIBAS_0020vwb1889ra,8,0,41.0,,83.0,
RWS01_MONIBAS_0161hrl0164ra,6,0,72.66666666666667,,79.0,
RWS01_MONIBAS_0651hrl0224ra,4,0,112.5,,116.0,
RWS01_MONIBAS_0020vwc1854ra,8,0,-1.0,,-1.0,
RWS01_MONIBAS_0121hrl1481ra,6,0,58.0,,92.0,
RWS01_MONIBAS_0041hrr0069ra,8,0,101.75,,122.0,
RWS01_MONIBAS_0101hrl0017ra,6,0,17.666666666666668,,27.0,
RWS01_MONIBAS_0021hrr2531ra,4,0,100.5,,104.0,
RWS01_MONIBAS_0151hrr1613ra,4,0,101.0,,112.0,
RWS01_MONIBAS_0040vwd0568ra,2,0,55.0,,55.0,
RWS01_MONIBAS_0021hrr2531rb,2,0,80.0,,80.0,
RWS01_MONIBAS_0271hrr0674ra,6,0,110.66666666666667,,145.0,
RWS01_MONIBAS_0201hrl0218ra,6,0,101.0,,114.0,
RWS01_MONICA_00D00219380568200005,8,0,85.7875,,87.0,
RWS01_MONIBAS_0021hrl1693ra,4,0,98.0,,104.0,
RWS01_MONIBAS_0280vwb1438ra,8,0,-1.0,,-1.0,
RWS01_MONICA_00D00219380568200009,8,0,77.0975,,79.0,
RWS01_MONICA_00D00F087050C0200005,8,0,-1.0,,-1.0,
RWS01_MONIBAS_0271hrr0541ra,4,0,99.5,,114.0,
RWS01_MONIBAS_0270vwn0706ra,4,0,33.5,,55.0,
RWS01_MONIBAS_0271hrl0883ra,6,0,104.0,,114.0,
RWS01_MONIBAS_0090vwx0089ra,4,0,115.0,,126.0,
RWS01_MONIBAS_0021hrr1703ra,4,0,107.5,,116.0,
RWS01_MONICA_00D006079C6380200005,8,0,-1.0,,-1.0,
RWS01_MONICA_00D005021841D0050009,8,0,-1.0,,-1.0,
RWS01_MONIBAS_0021hrr1560ra,4,0,23.0,,24.0,
RWS01_MONIBAS_0011hrl0926ra,8,0,46.0,,100.0,
RWS01_MONICA_00D005021841D0050005,8,0,-1.0,,-1.0,
RWS01_MONIBAS_0121hrl1121ra,6,0,110.0,,125.0,
RWS01_MONICA_00D01C0F3000D0050009,8,0,70.1975,,96.0,
RWS01_MONIBAS_0091hrr0500ra,6,0,64.0,,100.0,
RWS01_MONICA_00D01C0F3000D0050005,8,0,71.38,,100.0,
RWS01_MONIBAS_0011hrr0930ra,8,0,102.0,,123.0,
RWS01_MONIBAS_0151hrr0392ra,4,0,96.0,,98.0,
RWS01_MONIBAS_0280vwd0406ra,8,0,-1.0,,-1.0,
RWS01_MONIBAS_0011hrr0347ra,8,0,105.0,,119.0,
RWS01_MONIBAS_0021hrl1703ra,4,0,102.5,,110.0,
RWS01_MONICA_00D00F03C45AD0050009,8,0,42.0,,85.0,
RWS01_MONIBAS_0021hrl1703rb,4,0,84.0,,90.0,
RWS01_MONIBAS_0121hrl0559ra,10,0,67.2,,70.0,
RWS01_MONICA_00D01C1F340018200005,8,0,36.0,,73.0,
RWS01_MONIBAS_0011hrr0071ra,8,0,89.0,,99.0,
RWS01_MONICA_00D00F03C45AD0050005,8,0,49.0,,99.0,
RWS01_MONIBAS_0040vwm0069ra,4,0,89.5,,95.0,
RWS01_MONIBAS_0021hrr1680ra,6,0,94.33333333333333,,108.0,
RWS01_MONIBAS_0580vwr1040ra,8,0,-1.0,,-1.0,
RWS01_MONIBAS_0281hrl0121ra,6,0,106.66666666666667,,119.0,
RWS01_MONIBAS_0270vwa1138ra,8,0,68.75,,103.0,
RWS01_MONIBAS_0020vwg0639ra,6,0,79.33333333333333,,87.0,
RWS01_MONIBAS_0051hrl0187rb,4,0,45.0,,91.0,
RWS01_MONIBAS_0051hrl0187ra,4,0,93.0,,99.0,
RWS01_MONIBAS_3251hrl0221ra,4,0,75.5,,81.0,
RWS01_MONIBAS_0021hrr1573ra,6,0,20.333333333333332,,24.0,
RWS01_MONIBAS_0021hrr1320ra,6,0,109.0,,121.0,
RWS01_MONIBAS_0770vwc0082ra,8,0,40.0,,81.0,
RWS01_MONIBAS_0151hrr0402ra,4,0,101.0,,109.0,
RWS01_MONIBAS_0011hrl0410ra,4,0,103.5,,111.0,
RWS01_MONIBAS_0090vww0378ra,4,0,50.0,,101.0,
RWS01_MONIBAS_0071hrl1434ra,16,0,92.9425,,106.0,
RWS01_MONIBAS_0020vwm0630ra,4,0,47.0,,95.0,
RWS01_MONIBAS_0270vwt0976rb,4,0,91.0,,95.0,
RWS01_MONIBAS_0270vwt0976ra,2,0,89.0,,89.0,
RWS01_MONIBAS_0090vwb0433ra,2,0,32.0,,32.0,
RWS01_MONIBAS_0201hrr0235ra,4,0,106.5,,119.0,
RWS01_MONIBAS_0761hrl0107ra,4,0,94.0,,99.0,
RWS01_MONIBAS_0021hrl0478ra,12,0,95.16666666666667,,104.0,
RWS01_MONIBAS_0160vwa0297ra,4,0,81.0,,81.0,
RWS01_MONIBAS_0020vwa2384ra,2,0,77.0,,77.0,
RWS01_MONICA_10D001185017D007000B,2,0,77.0,,77.0,
RWS01_MONICA_00D0321E2805D007000B,8,0,72.0325,,100.0,
RWS01_MONICA_00D014027C50D0050009,8,0,90.8125,,99.0,
RWS01_MONIBAS_0101hrr0261ra,8,0,73.75,,78.0,
RWS01_MONICA_00D014027C50D0050005,8,0,54.5,,110.0,
RWS01_MONIBAS_0021hrr2317ra,6,0,86.33333333333333,,96.0,
RWS01_MONIBAS_0221hrl0097ra,4,0,108.5,,114.0,
RWS01_MONIBAS_0041hrr2237ra,16,0,93.055,,120.0,
RWS01_MONICA_10D001185017D0070007,2,0,95.0,,95.0,
RWS01_MONIBAS_0121hrr0087ra,6,0,95.33333333333333,,107.0,
RWS01_MONIBAS_0161hrr0431ra,6,0,99.33333333333333,,106.0,
RWS01_MONICA_00D0010DE42D6020000B,8,0,89.03999999999999,,95.0,
RWS01_MONIBAS_0091hrl0348ra,6,0,114.0,,127.0,
RWS01_MONIBAS_0280vwr0280ra,4,0,83.0,,94.0,
RWS01_MONIBAS_0130vwb0059ra,2,0,33.0,,33.0,
RWS01_MONIBAS_0021hrl1053ra,6,0,111.33333333333333,,126.0,
RWS01_MONIBAS_0160vwx0185ra,6,0,95.66666666666667,,105.0,
RWS01_MONICA_00D0010DE42D60200007,8,0,79.125,,109.0,
RWS01_MONICA_00D01406D000D0070007,8,0,45.2125,,61.0,
RWS01_MONIBAS_0731hrl1119ra,8,0,-1.0,,-1.0,
RWS01_MONICA_00D0071E3C29D0050005,8,0,-1.0,,-1.0,
RWS01_MONIBAS_0091hrl0072ra,4,0,95.5,,99.0,
RWS01_MONIBAS_0151hrr0895ra,4,0,89.5,,93.0,
RWS01_MONIBAS_0141hrr0119ra,4,0,74.5,,84.0,
RWS01_MONICA_00D01C0D4C0028200005,8,0,11.0,,11.0,
RWS01_MONICA_00D0071E3C29D0050009,8,0,-1.0,,-1.0,
RWS01_MONICA_00D01406D000D007000B,8,0,51.5875,,52.0,
RWS01_MONICA_00D00205905A68200305,8,0,-1.0,,-1.0,
RWS01_MONIBAS_0020vwm1591ra,8,0,50.0,,62.0,
RWS01_MONIBAS_3701hrr0039ra,2,0,74.0,,74.0,
RWS01_MONIBAS_3701hrr0039rb,2,0,81.0,,81.0,
RWS01_MONICA_00D0071E3C29D005000D,8,0,-1.0,,-1.0,
RWS01_MONIBAS_0021hrl0452ra,10,0,98.4,,104.0,
RWS01_MONICA_00D00205905A68200309,8,0,-1.0,,-1.0,
RWS01_MONIBAS_0060vwp0461ra,4,0,109.0,,111.0,
RWS01_MONIBAS_0581hrr0158ra,6,0,6.333333333333333,,7.0,
RWS01_MONIBAS_0501hrr1546ra,6,0,67.33333333333333,,107.0,
RWS01_MONIBAS_0101hrr0287ra,10,0,6.6,,18.0,
RWS01_MONIBAS_0151hrr1506ra,6,0,60.666666666666664,,99.0,
RWS01_MONICA_00D00101200810200005,8,0,40.0,,81.0,
RWS01_MONIBAS_0091hrl0085ra,4,0,104.5,,110.0,
RWS01_MONIBAS_0101hrr0141ra,10,0,66.2,,95.0,
RWS01_MONIBAS_0271hrr0291ra,4,0,55.5,,59.0,
RWS01_MONICA_00D002277415D0050005,8,0,19.0,,39.0,
RWS01_MONIBAS_0081hrr0056ra,4,0,82.5,,89.0,
RWS01_MONIBAS_0091hrr0539ra,6,0,66.0,,104.0,
RWS01_MONIBAS_0041hrl0132ra,10,0,100.0,,112.0,
RWS01_MONIBAS_0011hrl1407ra,6,0,98.66666666666667,,109.0,
RWS01_MONIBAS_0021hrr1693ra,4,0,103.5,,111.0,
RWS01_MONIBAS_0021hrr2437ra,16,0,81.64625,,99.0,
RWS01_MONIBAS_0021hrl1186ra,4,0,122.5,,138.0,
RWS01_MONIBAS_0501hrr0945ra,4,0,104.0,,111.0,
RWS01_MONIBAS_0011hrl0939ra,8,0,114.5,,127.0,
RWS01_MONIBAS_0041hrl0265ra,6,0,101.0,,110.0,
RWS01_MONIBAS_0281hrl1954ra,16,0,80.30125,,114.0,
RWS01_MONIBAS_0020vwm1614ra,4,0,77.0,,80.0,
RWS01_MONICA_00D002277415D0050009,8,0,34.68,,36.0,
RWS01_MONIBAS_0201hrr0475ra,4,0,85.0,,87.0,
RWS01_MONIBAS_0041hrl0398ra,8,0,33.75,,44.0,
RWS01_MONIBAS_0271hrr0314ra,4,0,65.5,,68.0,
RWS01_MONIBAS_0010vwa1193ra,2,0,87.0,,87.0,
RWS01_MONICA_00D0321E2805D0070007,8,0,84.10249999999999,,117.0,
RWS01_MONICA_10D023084C00D0050305,2,0,77.0,,77.0,
RWS01_MONIBAS_0021hrl2531ra,4,0,46.0,,46.0,
RWS01_MONIBAS_3251hrr0165ra,4,0,51.0,,52.0,
RWS01_MONIBAS_0021hrl2412ra,4,0,90.5,,92.0,
RWS01_MONIBAS_0501hrr1676ra,6,0,25.666666666666668,,79.0,
RWS01_MONIBAS_0731hrr0156ra,4,0,96.5,,101.0,
RWS01_MONIBAS_0041hrl0363ra,8,0,66.25,,85.0,
RWS01_MONIBAS_0151hrr0750ra,8,0,32.25,,44.0,
RWS01_MONIBAS_0011hrr1286ra,6,0,109.33333333333333,,129.0,
RWS01_MONIBAS_0151hrl0867ra,4,0,66.0,,66.0,
RWS01_MONIBAS_0091hrr0601ra,6,0,101.33333333333333,,110.0,
RWS01_MONIBAS_0021hrl0571ra,8,0,76.0,,110.0,
RWS01_MONIBAS_0150vwq0577ra,4,0,100.5,,107.0,
RWS01_MONIBAS_0061hrr0630ra,4,0,52.5,,53.0,
RWS01_MONIBAS_0151hrr0870ra,4,0,90.5,,96.0,
RWS01_MONIBAS_0170vwb0195ra,8,0,33.5,,45.0,
RWS01_MONICA_00D009068852D0050005,8,0,83.555,,115.0,
RWS01_MONICA_00D009098829D0070187,8,0,-1.0,,-1.0,
RWS01_MONICA_00D009068852D0050009,8,0,69.9325,,95.0,
RWS01_MONIBAS_0071hrr0110ra,6,0,88.33333333333333,,95.0,
RWS01_MONIBAS_0320vwa0578ra,8,0,39.5,,80.0,
RWS01_MONIBAS_0241hrr0029ra,6,0,110.33333333333333,,116.0,
RWS01_MONIBAS_0020vwn0612ra,6,0,69.0,,110.0,
RWS01_MONICA_00D002062051D0070007,8,0,53.0,,107.0,
RWS01_MONIBAS_0021hrl0584ra,8,0,-1.0,,-1.0,
RWS01_MONIBAS_0091hrl0379ra,6,0,101.66666666666667,,111.0,
RWS01_MONIBAS_0011hrr1299ra,6,0,109.0,,127.0,
RWS01_MONIBAS_0021hrr0610ra,8,0,75.5,,112.0,
RWS01_MONIBAS_0020vwb2464ra,8,0,44.927499999999995,,69.0,
RWS01_MONIBAS_0020vwa0563ra,4,0,-1.0,,-1.0,
RWS01_MONICA_00D0071F5039D0050005,8,0,54.0,,109.0,
RWS01_MONICA_00D01401A400D0050009,8,0,74.55,,78.0,
RWS01_MONIBAS_0281hrr1604ra,16,0,-1.0,,-1.0,
RWS01_MONIBAS_0501hrr2038ra,4,0,-1.0,,-1.0,
RWS01_MONIBAS_0010vwe1416ra,4,0,94.5,,104.0,
RWS01_MONICA_00D0071F5039D0050009,8,0,44.5,,90.0,
RWS01_MONICA_00D01401A400D0050005,8,0,57.2775,,81.0,
RWS01_MONIBAS_0021hrl1079ra,6,0,100.33333333333333,,106.0,
RWS01_MONIBAS_0040vwy0464ra,4,0,83.5,,90.0,
RWS01_MONIBAS_0041hrl0626ra,8,0,103.0,,119.0,
RWS01_MONICA_00D01002583130200087,8,0,29.5,,60.0,
RWS01_MONIBAS_0271hrl0891ra,6,0,104.0,,117.0,
RWS01_MONICA_00D00108A81ED0050005,8,0,55.285,,76.0,
RWS01_MONIBAS_0151hrl0591ra,6,0,103.66666666666667,,114.0,
RWS01_MONICA_00D00108A81ED0050009,8,0,55.295,,98.0,
RWS01_MONICA_00D01001EC2ED0050009,8,0,-1.0,,-1.0,
RWS01_MONIBAS_0011hrl0415ra,4,0,99.5,,103.0,
RWS01_MONIBAS_0011hrl0392ra,6,0,88.0,,94.0,
RWS01_MONICA_00D01001EC2ED0050005,8,0,-1.0,,-1.0,
RWS01_MONICA_00D00901B432D005000D,8,0,66.42,,91.0,
RWS01_MONICA_00D00108A81ED005000D,8,0,82.1425,,87.0,
RWS01_MONIBAS_0281hrr1857ra,16,0,87.72625,,113.0,
RWS01_MONIBAS_0041hrl0350ra,4,0,-1.0,,-1.0,
RWS01_MONIBAS_0010vwf0295ra,2,0,58.0,,58.0,
RWS01_MONIBAS_0270vwu0572ra,4,0,79.5,,84.0,
RWS01_MONICA_00D0071F5039D005000D,8,0,60.5,,81.0,
RWS01_MONIBAS_0041hrl2413ra,16,0,-1.0,,-1.0,
RWS01_MONIBAS_0501hrr1543ra,8,0,24.5,,101.0,
RWS01_MONICA_00D03A06282DD0070007,8,0,57.5,,116.0,
RWS01_MONICA_00D01B08C800D0050009,8,0,6.6,,9.0,
RWS01_MONIBAS_0041hrr0535ra,4,0,107.5,,114.0,
RWS01_MONIBAS_0151hrl0627ra,8,0,106.75,,124.0,
RWS01_MONICA_00D00901B432D0050085,8,0,45.0,,91.0,
RWS01_MONIBAS_0021hrl2558rb,4,0,9.0,,19.0,
RWS01_MONIBAS_0021hrl2558ra,4,0,54.5,,60.0,
RWS01_MONIBAS_0021hrl2305ra,6,0,87.66666666666667,,95.0,
RWS01_MONICA_00D04911E02DD0050085,8,0,51.667500000000004,,71.0,
RWS01_MONICA_00D01B08C800D0050005,8,0,-1.0,,-1.0,
RWS01_MONIBAS_0281hrr0049ra,6,0,96.33333333333333,,107.0,
RWS01_MONICA_00D03A06282DD007000F,8,0,64.9025,,90.0,
RWS01_MONIBAS_0091hrr0484ra,6,0,96.66666666666667,,107.0,
RWS01_MONIBAS_0151hrl0231ra,4,0,41.0,,83.0,
RWS01_MONIBAS_0651hrr0019ra,4,0,87.5,,94.0,
RWS01_MONICA_00D03A06282DD007000B,8,0,98.55,,102.0,
RWS01_MONIBAS_0501hrr0941ra,4,0,102.0,,109.0,
RWS01_MONIBAS_0501hrr1530ra,10,0,84.2,,121.0,
RWS01_MONIBAS_3251hrr0152ra,4,0,48.0,,51.0,
RWS01_MONICA_00D006078C36D0050005,8,0,54.0,,109.0,
RWS01_MONIBAS_0011hrl0668ra,16,0,20.5,,85.0,
RWS01_MONIBAS_0291hrr0098ra,4,0,88.5,,90.0,
RWS01_MONIBAS_0291hrr0098rb,2,0,86.0,,86.0,
RWS01_MONIBAS_0581hrr0621rb,4,0,97.0,,103.0,
RWS01_MONICA_00D006078C36D0050009,8,0,78.5,,105.0,
RWS01_MONIBAS_0581hrr0621ra,2,0,91.0,,91.0,
RWS01_MONIBAS_0071hrl2001ra,8,0,72.25,,111.0,
RWS01_MONIBAS_0041hrl0470ra,4,0,42.5,,46.0,
RWS01_MONIBAS_0280vwb0459ra,8,0,-1.0,,-1.0,
RWS01_MONIBAS_0121hrl1138ra,6,0,97.0,,106.0,
RWS01_MONIBAS_0071hrl0227ra,4,0,103.0,,106.0,
RWS01_MONIBAS_0301hrl0225ra,16,0,89.6625,,111.0,
RWS01_MONIBAS_0010vwm0448ra,2,0,-1.0,,-1.0,
RWS01_MONICA_00D010016028D007000F,8,0,65.845,,93.0,
RWS01_MONIBAS_0151hrl0351ra,4,0,101.5,,109.0,
RWS01_MONIBAS_0021hrl2282ra,6,0,89.33333333333333,,98.0,
RWS01_MONICA_00D010016028D007000B,8,0,76.225,,103.0,
RWS01_MONIBAS_0501hrr1650ra,6,0,54.333333333333336,,59.0,
RWS01_MONIBAS_0011hrl1377ra,6,0,103.66666666666667,,108.0,
RWS01_MONIBAS_0091hrr0507ra,6,0,63.0,,98.0,
RWS01_MONIBAS_0091hrr0111ra,6,0,82.33333333333333,,93.0,
RWS01_MONIBAS_0021hrl0691ra,10,0,99.2,,117.0,
RWS01_MONIBAS_0581hrl0480ra,4,0,92.5,,99.0,
RWS01_MONICA_00D002245041D0070187,8,0,82.16,,87.0,
RWS01_MONIBAS_0201hrr0369ra,10,0,63.0,,95.0,
RWS01_MONIBAS_0670vwd0493ra,8,0,36.0,,73.0,
RWS01_MONICA_00D0321F945068200005,8,0,36.75,,56.0,
RWS01_MONIBAS_0060vwn0525ra,6,0,104.66666666666667,,114.0,
RWS01_MONICA_00D00103D03ED0070187,8,0,62.932500000000005,,85.0,
RWS01_MONICA_00D01C058405D007000B,8,0,-1.0,,-1.0,
RWS01_MONICA_00D00101440320200007,8,0,-1.0,,-1.0,
RWS01_MONIBAS_0281hrl1205ra,16,0,89.77875,,117.0,
RWS01_MONICA_00D01C058405D0070007,8,0,-1.0,,-1.0,
RWS01_MONIBAS_0160vwm0336ra,4,0,78.5,,81.0,
RWS01_MONIBAS_0021hrl0714ra,10,0,-1.0,,-1.0,
RWS01_MONICA_00D002284C5FD0050309,8,0,-1.0,,-1.0,
RWS01_MONICA_00D00A026C5D88200007,8,0,44.6425,,65.0,
RWS01_MONIBAS_0300vwa0194ra,8,0,-1.0,,-1.0,
RWS01_MONICA_00D002284C5FD0050305,8,0,-1.0,,-1.0,
RWS01_MONICA_00D01001A40AD0070307,8,0,63.769999999999996,,86.0,
RWS01_MONIBAS_0151hrr0990ra,4,0,96.5,,105.0,
RWS01_MONIBAS_0671hrl0342ra,4,0,93.5,,101.0,
RWS01_MONICA_00D0010144032020000B,8,0,57.215,,85.0,
RWS01_MONICA_00D01B0D0419A8200007,8,0,33.0,,67.0,
RWS01_MONIBAS_0041hrr0285ra,6,0,57.666666666666664,,61.0,
RWS01_MONIBAS_0731hrr0250ra,4,0,101.0,,108.0,
RWS01_MONIBAS_0091hrl0100ra,4,0,95.5,,103.0,
RWS01_MONIBAS_0021hrr0889ra,10,0,57.0,,101.0,
RWS01_MONIBAS_0021hrr2650ra,4,0,105.5,,113.0,
RWS01_MONIBAS_0151hrr0260ra,4,0,103.0,,110.0,
RWS01_MONIBAS_0021hrr0493ra,10,0,88.6,,99.0,
RWS01_MONICA_00D03B15DC00D0050009,8,0,-1.0,,-1.0,
RWS01_MONIBAS_0271hrr0680ra,6,0,108.33333333333333,,130.0,
RWS01_MONICA_00D03B15DC00D0050005,8,0,46.5,,94.0,
RWS01_MONIBAS_0731hrr0899ra,8,0,31.5,,64.0,
RWS01_MONICA_10D0321EAC32D0050185,2,0,86.0,,86.0,
RWS01_MONIBAS_0581hrr0491ra,4,0,76.0,,81.0,
RWS01_MONIBAS_0281hrr1114ra,6,0,93.0,,105.0,
RWS01_MONIBAS_0020vwm1126ra,6,0,97.66666666666667,,107.0,
RWS01_MONIBAS_0020vwn1191ra,6,0,97.0,,106.0,
RWS01_MONIBAS_0121hrr0672ra,8,0,106.5,,130.0,
RWS01_MONIBAS_0581hrr0371ra,6,0,100.0,,115.0,
RWS01_MONIBAS_0150vwx0454ra,2,0,92.0,,92.0,
RWS01_MONIBAS_0100vws0206ra,4,0,93.0,,97.0,
RWS01_MONIBAS_0091hrl0233ra,6,0,94.33333333333333,,105.0,
RWS01_MONIBAS_0021hrr0516ra,10,0,59.2,,69.0,
RWS01_MONIBAS_0011hrl0308ra,4,0,108.0,,112.0,
RWS01_MONIBAS_0010vwq0143ra,4,0,-1.0,,-1.0,
RWS01_MONIBAS_0070vwf1435ra,8,0,44.5,,90.0,
RWS01_MONIBAS_0731hrl0247ra,4,0,97.0,,102.0,
RWS01_MONICA_00D01405A800A0200009,8,0,-1.0,,-1.0,
RWS01_MONIBAS_0121hrl1268ra_1,32,0,31.19125,,58.0,
RWS01_MONICA_00D014029841D007000B,8,0,67.765,,97.0,
RWS01_MONICA_00D01405A800A0200005,8,0,-1.0,,-1.0,
RWS01_MONIBAS_0061hrr0416ra,6,0,99.66666666666667,,107.0,
RWS01_MONIBAS_0121hrr0792ra,6,0,90.33333333333333,,97.0,
RWS01_MONICA_00D00608481400200007,8,0,51.5,,104.0,
RWS01_MONICA_00D004084C14D007000B,8,0,92.2,,97.0,
RWS01_MONIBAS_0091hrr0257ra,8,0,-1.0,,-1.0,
RWS01_MONIBAS_0351hrl0335ra,2,0,82.0,,82.0,
RWS01_MONIBAS_0041hrl0720ra,4,0,91.5,,97.0,
RWS01_MONICA_00D004084C14D0070007,8,0,79.865,,109.0,
RWS01_MONIBAS_0020vwe0743ra,4,0,14.0,,15.0,
RWS01_MONIBAS_0280vwc1122ra,2,0,47.0,,47.0,
RWS01_MONICA_00D0060848140020000B,8,0,62.6075,,88.0,
RWS01_MONIBAS_0281hrr0289ra,4,0,-1.0,,-1.0,
RWS01_MONICA_00D032182850D0070007,8,0,77.5425,,109.0,
RWS01_MONIBAS_0011hrl0298ra,4,0,101.0,,104.0,
RWS01_MONIBAS_0581hrr0251ra,4,0,77.0,,84.0,
RWS01_MONIBAS_0021hrr0769ra,10,0,66.6,,92.0,
RWS01_MONICA_00D014029841D0070007,8,0,52.5,,106.0,
RWS01_MONIBAS_0201hrl0420ra,6,0,103.0,,119.0,
RWS01_MONICA_00D032182850D007000B,8,0,91.5,,101.0,
RWS01_MONICA_00D00609443260200007,8,0,74.785,,105.0,
RWS01_MONIBAS_0160vwp0272ra,4,0,111.0,,119.0,
RWS01_MONIBAS_0281hrr0406ra,16,0,-1.0,,-1.0,
RWS01_MONIBAS_0150vwp0570ra,4,0,102.5,,103.0,
RWS01_MONIBAS_0011hrl0152ra,6,0,103.0,,114.0,
RWS01_MONICA_00D00101200878200007,8,0,75.7225,,102.0,
RWS01_MONIBAS_0221hrr0104ra,4,0,106.5,,115.0,
RWS01_MONIBAS_0670vwc0655ra,8,0,38.3,,55.0,
RWS01_MONIBAS_0041hrr0392ra,8,0,44.25,,49.0,
RWS01_MONIBAS_0040vwf0039ra,4,0,96.5,,99.0,
RWS01_MONICA_00D0060944326020000B,8,0,49.0,,99.0,
RWS01_MONIBAS_0581hrr0287ra_1,16,0,64.76375,,98.0,
RWS01_MONIBAS_0501hrl1647ra,6,0,91.33333333333333,,98.0,
RWS01_MONICA_00D00211C45568200005,8,0,13.25,,18.0,
RWS01_MONIBAS_0271hrr0573ra,8,0,-1.0,,-1.0,
RWS01_MONICA_00D00211C45568200009,8,0,6.0,,13.0,
RWS01_MONICA_00D03A04D42DD0050009,8,0,70.795,,72.0,
RWS01_MONIBAS_0150vwa0445ra,2,0,86.0,,86.0,
RWS01_MONIBAS_0091hrl0366ra,6,0,107.66666666666667,,119.0,
RWS01_MONICA_00D03A04D42DD0050005,8,0,44.5,,90.0,
RWS01_MONICA_00D010012C00D0050009,8,0,-1.0,,-1.0,
RWS01_MONICA_00D010012C00D0050005,8,0,-1.0,,-1.0,
RWS01_MONIBAS_0121hrl0309ra,8,0,78.75,,82.0,
RWS01_MONIBAS_0151hrl1563ra,6,0,56.666666666666664,,88.0,
RWS01_MONIBAS_3261hrl0052ra,16,0,-1.0,,-1.0,
RWS01_MONIBAS_0081hrl0036ra,10,0,104.8,,118.0,
RWS01_MONIBAS_0271hrl0041ra,4,0,97.5,,105.0,
RWS01_MONIBAS_0091hrl0509ra,8,0,75.75,,111.0,
RWS01_MONIBAS_0761hrr0127ra,4,0,90.5,,99.0,
RWS01_MONICA_00D010012C00D005000D,8,0,-1.0,,-1.0,
RWS01_MONICA_00D00400B83260200007,8,0,67.17,,92.0,
RWS01_MONICA_00D00400B8326020000B,8,0,84.89750000000001,,88.0,
RWS01_MONICA_00D00608CC396020000B,8,0,50.0,,101.0,
RWS01_MONICA_00D00608CC3960200007,8,0,59.0,,119.0,
RWS01_MONIBAS_0101hrl0135ra,10,0,90.2,,104.0,
RWS01_MONIBAS_0041hrr0152ra,10,0,55.8,,64.0,
RWS01_MONIBAS_0270vwt0574ra,4,0,100.0,,101.0,
RWS01_MONICA_00D01C05281ED0050005,8,0,52.0,,105.0,
RWS01_MONIBAS_0060vwx0471ra,2,0,100.0,,100.0,
RWS01_MONICA_00D01C05281ED0050009,8,0,91.885,,96.0,
RWS01_MONIBAS_0041hrr0272ra,6,0,94.0,,100.0,
RWS01_MONIBAS_0020vwn0625ra,4,0,103.0,,110.0,
RWS01_MONIBAS_0761hrr0007ra,4,0,36.0,,38.0,
RWS01_MONIBAS_0201hrl0290ra,4,0,88.5,,93.0,
RWS01_MONIBAS_0271hrr0969rb,4,0,65.0,,66.0,
RWS01_MONIBAS_0221hrr0117ra,4,0,94.5,,100.0,
RWS01_MONIBAS_0161hrl0293ra,10,0,99.2,,125.0,
RWS01_MONICA_00D0321A3014D0070007,8,0,-1.0,,-1.0,
RWS01_MONICA_00D0321A3014D007000B,8,0,-1.0,,-1.0,
RWS01_MONICA_00D01402FC0F68200005,8,0,39.5,,80.0,
RWS01_MONIBAS_3250vwx0136ra,4,0,98.5,,99.0,
RWS01_MONIBAS_0271hrr0969ra,4,0,27.5,,33.0,
RWS01_MONICA_00D0321A3014D007000F,8,0,80.2775,,81.0,
RWS01_MONIBAS_0020vwn0625rb,6,0,57.666666666666664,,87.0,
RWS01_MONIBAS_0121hrl0299ra,8,0,71.0,,79.0,
RWS01_MONIBAS_0271hrl0175ra,4,0,100.0,,105.0,
RWS01_MONIBAS_0121hrr0205ra,6,0,98.66666666666667,,111.0,
RWS01_MONIBAS_0161hrr0105ra,8,0,76.75,,87.0,
RWS01_MONIBAS_0041hrr0059ra,6,0,101.0,,110.0,
RWS01_MONIBAS_0070vwc2328ra,8,0,-1.0,,-1.0,
RWS01_MONICA_00D0321CB805D0070187,8,0,-1.0,,-1.0,
RWS01_MONICA_00D04302E0199820000B,8,0,60.125,,88.0,
RWS01_MONIBAS_0040vwc2356ra,8,0,30.0,,61.0,
RWS01_MONIBAS_0291hrl0162ra,4,0,101.0,,106.0,
RWS01_MONIBAS_0131hrr0122ra,8,0,93.5,,105.0,
RWS01_MONIBAS_0101hrr0271ra,10,0,64.0,,83.0,
RWS01_MONIBAS_4341hrr0029ra,4,0,76.5,,81.0,
RWS01_MONIBAS_0020vwg2403ra,4,0,94.5,,96.0,
RWS01_MONIBAS_0201hrl0183ra,4,0,98.5,,108.0,
RWS01_MONIBAS_0201hrl0313ra,6,0,71.0,,79.0,
RWS01_MONICA_00D01B00FC2818200005,8,0,-1.0,,-1.0,
RWS01_MONIBAS_0651hrr0220ra,4,0,108.5,,114.0,
RWS01_MONIBAS_0281hrl0509ra,16,0,85.85249999999999,,106.0,
RWS01_MONICA_00D010098C00D0070007,8,0,59.0,,119.0,
RWS01_MONICA_00D010098C00D007000F,8,0,67.4225,,101.0,
RWS01_MONICA_10D0020FBC2BD0050009,2,0,109.0,,109.0,
RWS01_MONICA_00D010098C00D007000B,8,0,95.8625,,104.0,
RWS01_MONIBAS_0280vwd1997ra,2,0,73.0,,73.0,
RWS01_MONIBAS_0271hrr0346ra,4,0,82.5,,89.0,
RWS01_MONIBAS_0280vwc0534ra,8,0,43.0,,87.0,
RWS01_MONICA_00D00C04305338200005,8,0,26.325,,40.0,
RWS01_MONICA_10D0020FBC2BD005000D,2,0,100.0,,100.0,
RWS01_MONIBAS_0021hrr0409ra,10,0,98.6,,105.0,
RWS01_MONICA_00D00C04305338200009,8,0,27.5,,31.0,
RWS01_MONIBAS_0271hrl0188ra,4,0,84.0,,93.0,
RWS01_MONIBAS_0010vwh0871ra,4,0,85.0,,90.0,
RWS01_MONICA_00D0010890071820000D,8,0,3.5,,5.0,
RWS01_MONIBAS_0021hrr2556ra,4,0,95.5,,100.0,
RWS01_MONIBAS_0101hrl0242ra,8,0,66.75,,75.0,
RWS01_MONICA_10D0020FBC2BD0050005,2,0,128.0,,128.0,
RWS01_MONIBAS_0021hrr2556rb,4,0,78.5,,81.0,
RWS01_MONIBAS_0131hrl0095ra,6,0,51.0,,53.0,
RWS01_MONIBAS_0050vwg0086ra,4,0,84.5,,88.0,
RWS01_MONICA_00D03217345A38200009,8,0,22.25,,30.0,
RWS01_MONIBAS_0090vwq0062ra,4,0,-1.0,,-1.0,
RWS01_MONICA_00D0430AB00060200007,8,0,-1.0,,-1.0,
RWS01_MONICA_00D01C035C37D007000B,8,0,89.18,,92.0,
RWS01_MONICA_00D03217345A38200005,8,0,43.17,,60.0,
RWS01_MONIBAS_0101hrl0027ra,6,0,20.666666666666668,,30.0,
RWS01_MONICA_00D01C035C37D0070007,8,0,77.6825,,105.0,
RWS01_MONIBAS_0671hrr0251ra,4,0,71.0,,75.0,
RWS01_MONIBAS_0021hrr2543rb,6,0,87.33333333333333,,106.0,
RWS01_MONIBAS_0021hrr2543ra,4,0,96.0,,98.0,
RWS01_MONIBAS_0010vwq0130ra,4,0,-1.0,,-1.0,
RWS01_MONICA_00D01C035C37D007000F,8,0,76.865,,78.0,
RWS01_MONICA_00D04F003818D0070107,8,0,-1.0,,-1.0,
RWS01_MONIBAS_0160vwg0150ra,4,0,70.0,,80.0,
RWS01_MONIBAS_0271hrr1189ra,4,0,108.0,,116.0,
RWS01_MONIBAS_0020vwn1574ra,8,0,92.0,,106.0,
RWS01_MONIBAS_0161hrr0544ra_1,24,0,43.0875,,96.0,
RWS01_MONIBAS_0161hrr0118ra,4,0,26.5,,29.0,
RWS01_MONIBAS_0090vwx0099rb,4,0,101.5,,107.0,
RWS01_MONIBAS_0100vwn0299ra,4,0,98.0,,103.0,
RWS01_MONIBAS_0071hrr1944ra,6,0,100.33333333333333,,115.0,
RWS01_MONIBAS_0011hrl1110ra,6,0,103.33333333333333,,121.0,
RWS01_MONIBAS_0060vwb0563ra,2,0,59.0,,59.0,
RWS01_MONIBAS_0090vwx0099ra,2,0,88.0,,88.0,
RWS01_MONIBAS_0021hrr2186ra,4,0,94.0,,97.0,
RWS01_MONIBAS_0271hrl0068ra,4,0,98.5,,110.0,
RWS01_MONIBAS_0041hrr0166ra,10,0,42.4,,52.0,
RWS01_MONIBAS_0171hrl0005ra,6,0,33.0,,67.0,
RWS01_MONIBAS_0021hrr2676ra,16,0,-1.0,,-1.0,
RWS01_MONIBAS_0281hrr1247ra,16,0,37.75625,,103.0,
RWS01_MONIBAS_0091hrl0580ra,6,0,103.0,,116.0,
RWS01_MONIBAS_4341hrr0016ra,4,0,93.0,,93.0,
RWS01_MONIBAS_0010vwb1697ra,8,0,-1.0,,-1.0,
RWS01_MONIBAS_0271hrr0200ra,4,0,73.5,,79.0,
RWS01_MONIBAS_0021hrl1302ra,6,0,101.33333333333333,,113.0,
RWS01_MONIBAS_0121hrr0325ra,8,0,100.5,,112.0,
RWS01_MONIBAS_0281hrl0019ra,2,0,103.0,,103.0,
RWS01_MONIBAS_0281hrl0019rb,4,0,97.0,,99.0,
RWS01_MONIBAS_0161hrl0187ra,6,0,92.33333333333333,,104.0,
RWS01_MONIBAS_0500vwc0975ra,2,0,88.0,,88.0,
RWS01_MONICA_00D01000F850D0050009,8,0,-1.0,,-1.0,
RWS01_MONICA_00D01000F850D0050005,8,0,-1.0,,-1.0,
RWS01_MONICA_00D001088C00D007000B,8,0,47.575,,50.0,
RWS01_MONICA_00D04302E01998200007,8,0,46.5,,94.0,
RWS01_MONICA_00D001088C00D0070007,8,0,25.5,,52.0,
RWS01_MONICA_00D022087C43D0050105,8,0,-1.0,,-1.0,
RWS01_MONIBAS_0091hrr0062ra_1,40,0,74.029,,118.0,
RWS01_MONIBAS_0280vwb0923ra,2,0,77.0,,77.0,
RWS01_MONIBAS_0151hrr0656ra,8,0,98.75,,112.0,
RWS01_MONIBAS_0021hrl1172ra,4,0,9.0,,9.0,
RWS01_MONIBAS_0121hrl1351ra,4,0,34.0,,69.0,
RWS01_MONIBAS_0081hrr0053ra,4,0,83.0,,90.0,
RWS01_MONIBAS_0301hrr0148ra,16,0,59.89125,,101.0,
RWS01_MONICA_00D03A021C08D005000D,8,0,71.4525,,76.0,
RWS01_MONICA_00D03A021C08D0050005,8,0,6.0275,,9.0,
RWS01_MONICA_00D03A021C08D0050009,8,0,30.765,,39.0,
RWS01_MONIBAS_0121hrl1351rb,2,0,-1.0,,-1.0,
RWS01_MONIBAS_0101hrr0297ra,8,0,72.0,,107.0,
RWS01_MONIBAS_0151hrl0365ra,6,0,109.0,,127.0,
RWS01_MONIBAS_0121hrl0536ra,8,0,24.25,,32.0,
RWS01_MONIBAS_0591hrl0934ra,16,0,83.84875,,107.0,
RWS01_MONIBAS_0151hrl0498ra,4,0,102.5,,111.0,
RWS01_MONIBAS_0060vwa0489ra,2,0,55.0,,55.0,
RWS01_MONIBAS_0051hrr0081ra,4,0,103.0,,108.0,
RWS01_MONICA_00D0071F4434D0070007,8,0,62.0,,83.0,
RWS01_MONICA_00D010016028D0070007,8,0,56.0,,113.0,
RWS01_MONIBAS_0090vwy0079ra,6,0,95.66666666666667,,102.0,
RWS01_MONIBAS_0011hrr0181ra,6,0,-1.0,,-1.0,
RWS01_MONIBAS_0121hrr1048ra,6,0,68.66666666666667,,77.0,
RWS01_MONICA_00D04911E02DD0050185,8,0,-1.0,,-1.0,
RWS01_MONIBAS_0061hrl0525ra,4,0,112.0,,120.0,
RWS01_MONICA_00D01407103CD007000B,8,0,93.9425,,100.0,
RWS01_MONICA_00D01C04FC2DD0050009,8,0,90.595,,97.0,
RWS01_MONIBAS_0151hrr0776ra,24,0,-1.0,,-1.0,
RWS01_MONICA_00D01C04FC2DD0050005,8,0,101.3475,,105.0,
RWS01_MONIBAS_0151hrr0523ra,8,0,110.0,,130.0,
RWS01_MONICA_00D01407103CD0070007,8,0,79.035,,109.0,
RWS01_MONIBAS_0051hrl0066ra,6,0,101.33333333333333,,115.0,
RWS01_MONICA_00D0321FD823D007000B,8,0,-1.0,,-1.0,
RWS01_MONIBAS_0201hrr0266ra_1,32,0,62.041875,,103.0,
RWS01_MONICA_00D0321FD823D0070007,8,0,-1.0,,-1.0,
RWS01_MONIBAS_0010vwm0302ra,8,0,94.75,,104.0,
RWS01_MONIBAS_0151hrl0508ra,4,0,99.0,,105.0,
RWS01_MONIBAS_0040vwg0473ra,4,0,89.5,,94.0,
RWS01_MONIBAS_0011hrl1363ra,6,0,113.33333333333333,,135.0,
RWS01_MONICA_00D01001602818200005,8,0,-1.0,,-1.0,
RWS01_MONIBAS_0101hrr0057ra,6,0,-1.0,,-1.0,
RWS01_MONIBAS_0021hrl0607ra,8,0,76.25,,112.0,
RWS01_MONIBAS_0281hrl0353ra,4,0,94.5,,98.0,
RWS01_MONIBAS_0501hrr1569ra,6,0,91.66666666666667,,100.0,
RWS01_MONIBAS_0011hrl0905rb,4,0,98.5,,102.0,
RWS01_MONICA_00D00206E437D005000D,8,0,72.99,,98.0,
RWS01_MONIBAS_0151hrr0906ra,4,0,77.5,,81.0,
RWS01_MONICA_00D00206E437D0050011,8,0,71.75,,96.0,
RWS01_MONIBAS_0011hrl0905ra,6,0,71.33333333333333,,113.0,
RWS01_MONIBAS_0121hrl1244ra,6,0,94.0,,100.0,
RWS01_MONICA_10D0020FD012D0050005,2,0,123.0,,123.0,
RWS01_MONIBAS_0021hrl0464ra,10,0,100.0,,105.0,
RWS01_MONIBAS_0500vww1547ra,2,0,58.0,,58.0,
RWS01_MONICA_00D03A030C1ED007000B,8,0,60.455,,65.0,
RWS01_MONICA_10D0020FD012D0050009,2,0,107.0,,107.0,
RWS01_MONICA_00D001106041D0070007,8,0,66.5,,134.0,
RWS01_MONICA_00D00E01F813D007000B,8,0,-1.0,,-1.0,
RWS01_MONICA_00D00206E437D0050015,8,0,84.5125,,87.0,
RWS01_MONIBAS_0131hrl0082ra,6,0,76.33333333333333,,84.0,
RWS01_MONICA_00D00108900718200009,8,0,1.0,,3.0,
RWS01_MONICA_00D001106041D007000B,8,0,89.75,,120.0,
RWS01_MONIBAS_0040vwd0020ra,2,0,66.0,,66.0,
RWS01_MONICA_00D03A030C1ED0070007,8,0,30.0,,61.0,
RWS01_MONICA_00D00108900718200005,8,0,11.5,,24.0,
RWS01_MONICA_00D002283041D0070007,8,0,56.75,,79.0,
RWS01_MONIBAS_0011hrr0194ra,6,0,-1.0,,-1.0,
RWS01_MONICA_00D00E01F813D0070007,8,0,-1.0,,-1.0,
RWS01_MONIBAS_0021hrl1208ra,6,0,112.33333333333333,,127.0,
RWS01_MONICA_00D002062051D0070017,8,0,85.215,,91.0,
RWS01_MONICA_10D0020FD012D005000D,2,0,96.0,,96.0,
RWS01_MONIBAS_0201hrr0343ra,8,0,96.25,,110.0,
RWS01_MONIBAS_0010vwn0446ra,6,0,74.33333333333333,,91.0,
RWS01_MONIBAS_0121hrl0643ra,4,0,47.0,,95.0,
RWS01_MONIBAS_0121hrl0643rb,4,0,60.5,,61.0,
RWS01_MONIBAS_0151hrr0643ra,4,0,90.0,,96.0,
RWS01_MONICA_00D002062051D0070013,8,0,95.1125,,98.0,
RWS01_MONIBAS_0081hrr0066ra,4,0,99.5,,103.0,
RWS01_MONICA_00D00212504668200005,8,0,41.5,,84.0,
RWS01_MONICA_00D002062051D007000F,8,0,71.9825,,97.0,
RWS01_MONICA_00D00206E437D0050009,8,0,74.49,,100.0,
RWS01_MONIBAS_0040vwm0048ra,8,0,95.25,,105.0,
RWS01_MONIBAS_0060vwq0475ra,2,0,-1.0,,-1.0,
RWS01_MONICA_00D00206E437D0050005,8,0,75.89,,103.0,
RWS01_MONIBAS_0021hrr2449ra,4,0,93.0,,100.0,
RWS01_MONICA_00D00212504668200009,8,0,64.5525,,65.0,
RWS01_MONIBAS_0281hrr1737ra,16,0,64.925,,115.0,
RWS01_MONICA_00D002062051D007000B,8,0,50.0,,101.0,
RWS01_MONIBAS_0021hrl1198ra,10,0,79.4,,111.0,
RWS01_MONICA_00D0071F4434D007000B,8,0,72.8325,,80.0,
RWS01_MONIBAS_0460vws0038ra,4,0,67.5,,70.0,
RWS01_MONICA_00D00A02483218200005,8,0,44.4325,,60.0,
RWS01_MONIBAS_0151hrr0630ra,4,0,103.0,,112.0,
RWS01_MONIBAS_0041hrl0507ra,8,0,40.25,,61.0,
RWS01_MONIBAS_0151hrr0630rb,4,0,103.5,,109.0,
RWS01_MONIBAS_0021hrr2569ra,2,0,79.0,,79.0,
RWS01_MONIBAS_0021hrr2569rb,2,0,78.0,,78.0,
RWS01_MONICA_00D007048040D0070007,8,0,-1.0,,-1.0,
RWS01_MONICA_00D00609B82CD0070007,8,0,14.0,,29.0,
RWS01_MONIBAS_0020vwn2412ra,2,0,75.0,,75.0,
RWS01_MONIBAS_0010vwn0300ra,2,0,94.0,,94.0,
RWS01_MONICA_00D00609B82CD007000B,8,0,11.0,,23.0,
RWS01_MONIBAS_0501hrr1556ra,4,0,93.0,,96.0,
RWS01_MONIBAS_0121hrl0040ra_1,24,0,37.333333333333336,,80.0,
RWS01_MONICA_00D00609B82CD007000F,8,0,19.1,,31.0,
RWS01_MONICA_00D00608F45060200007,8,0,60.0,,121.0,
RWS01_MONICA_00D001106041D007000F,8,0,96.715,,102.0,
RWS01_MONIBAS_0021hrr1715ra,6,0,101.33333333333333,,113.0,
RWS01_MONICA_00D01402181ED0050009,8,0,91.5275,,99.0,
RWS01_MONIBAS_0121hrl0919ra,8,0,103.25,,110.0,
RWS01_MONICA_00D001106041D0070013,8,0,-1.0,,-1.0,
RWS01_MONICA_00D01402181ED0050005,8,0,52.5,,106.0,
RWS01_MONIBAS_0021hrr2160ra,16,0,64.775,,90.0,
RWS01_MONIBAS_0151hrl0245ra,4,0,91.5,,99.0,
RWS01_MONICA_00D007048040D007000B,8,0,-1.0,,-1.0,
RWS01_MONIBAS_0011hrl0882ra,6,0,117.0,,132.0,
RWS01_MONIBAS_0651hrl0216ra,4,0,108.5,,115.0,
RWS01_MONIBAS_0271hrr0239ra,4,0,28.0,,32.0,
RWS01_MONIBAS_0021hrr2293ra,6,0,92.0,,102.0,
RWS01_MONICA_00D03A033C5AD007000B,8,0,46.2975,,48.0,
RWS01_MONIBAS_0761hrr0019ra,4,0,94.0,,98.0,
RWS01_MONICA_00D01C11880010200005,8,0,23.5,,48.0,
RWS01_MONICA_10D0040B403D68200005,2,0,76.0,,76.0,
RWS01_MONICA_10D0040B403D68200009,2,0,91.0,,91.0,
RWS01_MONICA_00D00104240AD0050005,8,0,-1.0,,-1.0,
RWS01_MONIBAS_0131hrl0086ra_1,24,0,69.96666666666667,,87.0,
RWS01_MONICA_00D002245041D0070007,8,0,51.0,,103.0,
RWS01_MONIBAS_0301hrl0083rb,2,0,80.0,,80.0,
RWS01_MONIBAS_0301hrl0083ra,4,0,93.5,,101.0,
RWS01_MONICA_00D01002A419D0050009,8,0,76.69,,78.0,
RWS01_MONICA_00D00608F4506020000B,8,0,74.375,,107.0,
RWS01_MONIBAS_0151hrl0746ra,6,0,92.66666666666667,,101.0,
RWS01_MONIBAS_0061hrl0419ra,6,0,108.33333333333333,,120.0,
RWS01_MONICA_10D0040B403D6820000D,2,0,74.0,,74.0,
RWS01_MONICA_00D03A033C5AD0070007,8,0,11.0,,23.0,
RWS01_MONIBAS_0150vwd0394ra,2,0,69.0,,69.0,
RWS01_MONICA_00D03A086405D007000B,8,0,-1.0,,-1.0,
RWS01_MONIBAS_0041hrl0627ra,8,0,104.0,,123.0,
RWS01_MONICA_00D01002A419D0050005,8,0,44.0,,89.0,
RWS01_MONIBAS_0071hrl0083ra,6,0,100.66666666666667,,113.0,
RWS01_MONICA_00D00104240AD0050009,8,0,-1.0,,-1.0,
RWS01_MONICA_00D03A086405D0070007,8,0,-1.0,,-1.0,
RWS01_MONIBAS_0011hrl0896ra,6,0,112.33333333333333,,121.0,
RWS01_MONIBAS_3251hrr0177ra,4,0,74.0,,88.0,
RWS01_MONIBAS_0041hrl0747ra,6,0,59.333333333333336,,95.0,
RWS01_MONIBAS_0041hrl0747rb,4,0,79.5,,83.0,
RWS01_MONIBAS_0121hrl1257ra,6,0,89.33333333333333,,97.0,
RWS01_MONICA_00D03A02DC41D0070007,8,0,-1.0,,-1.0,
RWS01_MONIBAS_0221hrr0118ra,4,0,97.0,,104.0,
RWS01_MONIBAS_0120vwy0623ra,4,0,73.5,,78.0,
RWS01_MONICA_00D03A02DC41D007000B,8,0,-1.0,,-1.0,
RWS01_MONICA_00D03A02DC41D007000F,8,0,-1.0,,-1.0,
RWS01_MONIBAS_0021hrl0606ra,8,0,76.0,,108.0,
RWS01_MONIBAS_0501hrl1539ra,6,0,7.666666666666667,,14.0,
RWS01_MONIBAS_0270vwu0560ra,4,0,64.0,,65.0,
RWS01_MONIBAS_0580vwa0825ra,8,0,-1.0,,-1.0,
RWS01_MONIBAS_0151hrr1499ra,6,0,62.666666666666664,,101.0,
RWS01_MONIBAS_0091hrr0230ra,6,0,-1.0,,-1.0,
RWS01_MONICA_00D00C0FFC55D0050005,8,0,82.345,,112.0,
RWS01_MONIBAS_0011hrr1167ra,6,0,95.0,,104.0,
RWS01_MONIBAS_0011hrl0260ra,6,0,96.0,,103.0,
RWS01_MONIBAS_0301hrr0242ra,32,0,45.56125,,80.0,
RWS01_MONIBAS_0021hrr0731ra,10,0,72.2,,95.0,
RWS01_MONIBAS_0010vws0095ra,2,0,90.0,,90.0,
RWS01_MONIBAS_0121hrr1286ra,6,0,4.333333333333333,,8.0,
RWS01_MONICA_00D00C0FFC55D005000D,8,0,95.8375,,102.0,
RWS01_MONICA_00D00406C80AD007000F,8,0,-1.0,,-1.0,
RWS01_MONICA_00D00C0FFC55D0050009,8,0,50.5,,102.0,
RWS01_MONICA_00D00406C80AD007000B,8,0,-1.0,,-1.0,
RWS01_MONIBAS_0501hrr1664ra,6,0,87.33333333333333,,102.0,
RWS01_MONICA_00D0021AE85FD007000B,8,0,98.375,,100.0,
RWS01_MONIBAS_0131hrr0086ra_1,24,0,77.89999999999999,,110.0,
RWS01_MONICA_00D00406C80AD0070007,8,0,-1.0,,-1.0,
RWS01_MONIBAS_0010vwn0314ra,4,0,102.5,,110.0,
RWS01_MONIBAS_0011hrl0536ra,6,0,38.0,,59.0,
RWS01_MONIBAS_0151hrl0470ra,6,0,104.0,,117.0,
RWS01_MONIBAS_0071hrl0070ra,6,0,100.33333333333333,,114.0,
RWS01_MONICA_00D0021AE85FD007000F,8,0,87.1175,,97.0,
RWS01_MONICA_00D002245041D007000B,8,0,45.5,,92.0,
RWS01_MONICA_00D0021AE85FD0070007,8,0,52.5,,106.0,
RWS01_MONICA_00D03A06282DD0070187,8,0,-1.0,,-1.0,
RWS01_MONIBAS_0020vwn0611ra,6,0,65.66666666666667,,104.0,
RWS01_MONIBAS_0091hrr0363ra,8,0,65.75,,78.0,
RWS01_MONICA_10D01009944138200009,2,0,88.0,,88.0,
RWS01_MONIBAS_0051hrl0184ra,4,0,95.5,,101.0,
RWS01_MONICA_10D01009944138200005,2,0,106.0,,106.0,
RWS01_MONIBAS_0071hrl0119ra,6,0,103.66666666666667,,113.0,
RWS01_MONICA_00D00502B40ED0050009,8,0,48.0,,97.0,
RWS01_MONICA_00D0010E780FD0070013,8,0,87.1325,,92.0,
RWS01_MONIBAS_0121hrr1380ra,4,0,104.0,,112.0,
RWS01_MONIBAS_0160vwd0629ra,2,0,84.0,,84.0,
RWS01_MONIBAS_0041hrl0015ra,6,0,81.33333333333333,,89.0,
RWS01_MONIBAS_0011hrr1261ra,6,0,112.0,,133.0,
RWS01_MONIBAS_0041hrl0015rb,4,0,93.0,,95.0,
RWS01_MONICA_00D00502B40ED0050005,8,0,55.5,,112.0,
RWS01_MONICA_00D00F07283B88200007,8,0,-1.0,,-1.0,
RWS01_MONIBAS_0121hrr1033ra,6,0,34.666666666666664,,44.0,
RWS01_MONIBAS_0121hrl0392ra,8,0,67.75,,76.0,
RWS01_MONIBAS_0070vwb2468ra,8,0,-1.0,,-1.0,
RWS01_MONIBAS_0581hrl0504ra,4,0,90.0,,96.0,
RWS01_MONIBAS_0301hrr0122ra,16,0,-1.0,,-1.0,
RWS01_MONIBAS_0091hrl0091ra,4,0,94.0,,98.0,
RWS01_MONIBAS_0121hrr1166ra,6,0,97.33333333333333,,107.0,
RWS01_MONICA_00D025039057D0050085,8,0,55.285,,59.0,
RWS01_MONIBAS_0011hrr0920ra,8,0,77.75,,111.0,
RWS01_MONIBAS_0581hrl0877ra,16,0,-1.0,,-1.0,
RWS01_MONICA_01D14600C43AD0050105,8,0,-1.0,,-1.0,
RWS01_MONIBAS_0011hrr0563ra,16,0,82.0525,,100.0,
RWS01_MONIBAS_0091hrr0496ra,4,0,99.0,,105.0,
RWS01_MONIBAS_0021hrl2559ra,4,0,-1.0,,-1.0,
RWS01_MONICA_00D01001BC50D0070007,8,0,12.0,,25.0,
RWS01_MONIBAS_0280vwh0857ra,4,0,47.0,,56.0,
RWS01_MONICA_00D00224B805D0070007,8,0,48.0,,97.0,
RWS01_MONIBAS_0271hrl0900ra,6,0,106.33333333333333,,126.0,
RWS01_MONIBAS_0021hrl2413ra,4,0,92.5,,94.0,
RWS01_MONICA_00D00423C84A00200007,8,0,49.625,,72.0,
RWS01_MONIBAS_0160vwm0348ra,4,0,81.5,,89.0,
RWS01_MONIBAS_0731hrr0155ra,4,0,93.0,,98.0,
RWS01_MONIBAS_0150vwy0560ra,6,0,75.66666666666667,,82.0,
RWS01_MONIBAS_0151hrl0483ra,8,0,99.0,,110.0,
RWS01_MONICA_00D004089C0AD0050005,8,0,44.425,,61.0,
RWS01_MONIBAS_0071hrl0239ra,4,0,103.5,,110.0,
RWS01_MONICA_00D0010E780FD007000F,8,0,96.2875,,102.0,
RWS01_MONICA_10D00401080028200005,2,0,105.0,,105.0,
RWS01_MONICA_00D0010E780FD007000B,8,0,107.3925,,110.0,
RWS01_MONICA_00D004089C0AD0050009,8,0,54.42,,58.0,
RWS01_MONICA_00D01002A419D005000D,8,0,53.75,,72.0,
RWS01_MONIBAS_0021hrl2270ra,6,0,91.33333333333333,,106.0,
RWS01_MONICA_00D004089C0AD005000D,8,0,46.655,,63.0,
RWS01_MONICA_00D00F07283B8820000B,8,0,56.5,,114.0,
RWS01_MONICA_10D00401080028200009,2,0,94.0,,94.0,
RWS01_MONIBAS_0121hrr1179ra,6,0,93.33333333333333,,107.0,
RWS01_MONIBAS_0091hrr0376ra,8,0,46.5,,69.0,
RWS01_MONICA_00D0010E780FD0070007,8,0,90.0575,,125.0,
RWS01_MONICA_00D01001BC50D007000B,8,0,14.52,,17.0,
RWS01_MONICA_00D00224B805D007000B,8,0,66.7575,,90.0,
RWS01_MONIBAS_0011hrr1274ra,6,0,105.0,,117.0,
RWS01_MONIBAS_0090vwy0078ra,6,0,100.33333333333333,,107.0,
RWS01_MONIBAS_0041hrl0734ra,4,0,86.0,,90.0,
RWS01_MONIBAS_0281hrr1102ra,6,0,90.0,,108.0,
RWS01_MONIBAS_0161hrl0531ra,6,0,97.66666666666667,,109.0,
RWS01_MONIBAS_0151hrl0506ra,4,0,104.0,,110.0,
RWS01_MONIBAS_0281hrl0581ra,16,0,-1.0,,-1.0,
RWS01_MONIBAS_0041hrr0307ra,6,0,54.333333333333336,,58.0,
RWS01_MONIBAS_0021hrr2199ra,4,0,95.0,,98.0,
RWS01_MONIBAS_0091hrl0221ra,8,0,91.5,,97.0,
RWS01_MONICA_00D00400FC5060200007,8,0,74.75,,102.0,
RWS01_MONICA_00D04C00A034D0050005,8,0,52.0,,105.0,
RWS01_MONIBAS_0021hrr0757ra,10,0,53.4,,68.0,
RWS01_MONIBAS_0011hrl0033ra,4,0,98.5,,103.0,
RWS01_MONIBAS_0021hrr0504ra,10,0,2.6,,17.0,
RWS01_MONIBAS_0581hrl0611ra,6,0,36.0,,42.0,
RWS01_MONIBAS_0091hrr0518ra_1,24,0,61.41833333333333,,111.0,
RWS01_MONICA_00D04C00A034D0050009,8,0,70.9825,,98.0,
RWS01_MONIBAS_0160vwr0250ra,2,0,87.0,,87.0,
RWS01_MONIBAS_0021hrr2079ra,16,0,77.87125,,95.0,
RWS01_MONIBAS_0731hrl0235ra,4,0,102.5,,109.0,
RWS01_MONIBAS_0581hrl0731ra,6,0,96.66666666666667,,104.0,
RWS01_MONICA_00D00103D03ED0070007,8,0,-1.0,,-1.0,
RWS01_MONICA_00D0100B182560200007,8,0,-1.0,,-1.0,
RWS01_MONIBAS_0041hrr0164ra,12,0,53.666666666666664,,71.0,
RWS01_MONICA_00D0071E3400D0050005,8,0,-1.0,,-1.0,
RWS01_MONIBAS_0071hrr0137ra,4,0,50.5,,51.0,
RWS01_MONICA_00D0071E3400D0050009,8,0,-1.0,,-1.0,
RWS01_MONIBAS_0071hrr2295ra,16,0,30.0,,123.0,
RWS01_MONIBAS_0161hrl0557ra,6,0,102.66666666666667,,113.0,
RWS01_MONIBAS_0020vwc0569ra,4,0,80.5,,89.0,
RWS01_MONIBAS_0121hrr0660ra,10,0,102.2,,119.0,
RWS01_MONIBAS_0091hrl0604ra,6,0,102.66666666666667,,112.0,
RWS01_MONIBAS_0581hrr0383ra,6,0,101.66666666666667,,114.0,
RWS01_MONIBAS_0281hrl0857ra,4,0,86.5,,92.0,
RWS01_MONIBAS_0011hrr1381ra,6,0,102.0,,115.0,
RWS01_MONICA_00D00103D03ED007000B,8,0,99.11,,214.0,
RWS01_MONIBAS_0021hrl0700ra,8,0,101.5,,117.0,
RWS01_MONIBAS_0021hrl2163ra,4,0,96.0,,103.0,
RWS01_MONIBAS_0121hrl0285ra,10,0,56.2,,71.0,
RWS01_MONICA_00D01000E00AD0070007,8,0,-1.0,,-1.0,
RWS01_MONICA_00D1B2009C41D007000B,8,0,49.86,,68.0,
RWS01_MONIBAS_0041hrr0044ra,6,0,102.33333333333333,,111.0,
RWS01_MONIBAS_0060vwm0530ra,4,0,111.0,,114.0,
RWS01_MONIBAS_0501hrr1891ra,6,0,87.0,,95.0,
RWS01_MONICA_00D01000E00AD007000B,8,0,-1.0,,-1.0,
RWS01_MONIBAS_0501hrr1891rb,24,0,89.8,,114.0,
RWS01_MONIBAS_0581hrr0263ra,4,0,86.0,,88.0,
RWS01_MONIBAS_0151hrr1006ra,4,0,98.0,,103.0,
RWS01_MONIBAS_0040vwx0471ra,4,0,91.0,,97.0,
RWS01_MONIBAS_0100vwd0197ra,2,0,61.0,,61.0,
RWS01_MONIBAS_0021hrr0481ra,10,0,88.8,,101.0,
RWS01_MONICA_00D00400FC506020000B,8,0,71.8175,,98.0,
RWS01_MONICA_00D1B2009C41D0070007,8,0,40.5,,82.0,
RWS01_MONIBAS_0021hrl2439ra,4,0,95.0,,100.0,
RWS01_MONICA_00D01001602800200007,8,0,57.7975,,82.0,
RWS01_MONIBAS_0071hrr2042ra,4,0,95.0,,101.0,
RWS01_MONIBAS_0061hrr0548rb,4,0,103.0,,109.0,
RWS01_MONIBAS_0061hrr0548ra,4,0,104.5,,108.0,
RWS01_MONICA_00D0021A001E10200005,8,0,-1.0,,-1.0,
RWS01_MONIBAS_0271hrr0944ra,6,0,76.66666666666667,,84.0,
RWS01_MONIBAS_0011hrr1404ra,6,0,101.33333333333333,,105.0,
RWS01_MONIBAS_0090vwx0060ra,2,0,-1.0,,-1.0,
RWS01_MONICA_00D00F076426D0070007,8,0,56.0,,113.0,
RWS01_MONIBAS_0011hrl1125ra,6,0,112.33333333333333,,122.0,
RWS01_MONIBAS_0100vwp0113ra,2,0,77.0,,77.0,
RWS01_MONIBAS_0670vwb0423ra,8,0,49.5,,100.0,
RWS01_MONIBAS_0020vwg2417ra,4,0,98.0,,102.0,
RWS01_MONIBAS_0671hrl0737ra,16,0,62.0275,,107.0,
RWS01_MONIBAS_0351hrl0334ra,2,0,80.0,,80.0,
RWS01_MONICA_00D0010E0C3CD007000F,8,0,89.22,,94.0,
RWS01_MONICA_00D03218344690200185,8,0,-1.0,,-1.0,
RWS01_MONIBAS_0071hrl0213ra,4,0,111.5,,119.0,
RWS01_MONIBAS_0100vws0312ra,6,0,4.333333333333333,,7.0,
RWS01_MONICA_00D0010D8C1ED0050005,8,0,-1.0,,-1.0,
RWS01_MONIBAS_0071hrl0190ra,4,0,97.0,,104.0,
RWS01_MONICA_00D0010D8C1ED0050009,8,0,53.0,,107.0,
RWS01_MONIBAS_0011hrr0826ra,4,0,104.0,,108.0,
RWS01_MONIBAS_0041hrl0291ra_1,24,0,82.61166666666666,,110.0,
RWS01_MONIBAS_0281hrr1128ra,8,0,98.0,,107.0,
RWS01_MONIBAS_0120vwu0578ra,4,0,-1.0,,-1.0,
RWS01_MONIBAS_0150vwh1552ra,4,0,44.0,,89.0,
RWS01_MONIBAS_0151hrl0986ra,4,0,25.0,,30.0,
RWS01_MONICA_00D0010D8C1ED005000D,8,0,96.3825,,104.0,
RWS01_MONIBAS_0061hrr0522ra,4,0,103.5,,110.0,
RWS01_MONIBAS_0671hrr0279ra,4,0,98.0,,103.0,
RWS01_MONIBAS_0020vwc0796ra,4,0,40.5,,82.0,
RWS01_MONICA_00D001012C61D005000D,8,0,95.065,,102.0,
RWS01_MONIBAS_0271hrr0837ra,8,0,78.25,,114.0,
RWS01_MONIBAS_0201hrl0301ra,8,0,81.5,,90.0,
RWS01_MONICA_00D01B0F980A18200005,8,0,-1.0,,-1.0,
RWS01_MONIBAS_0150vwy0453ra,2,0,-1.0,,-1.0,
RWS01_MONIBAS_0151hrl1575ra,4,0,86.0,,90.0,
RWS01_MONIBAS_0040vwx0484ra,6,0,45.333333333333336,,48.0,
RWS01_MONIBAS_0170vwa0210ra,8,0,31.5,,64.0,
RWS01_MONICA_00D001012C61D0050005,8,0,57.0,,115.0,
RWS01_MONIBAS_0200vwb0277ra,2,0,58.0,,58.0,
RWS01_MONIBAS_0041hrr0427ra,8,0,34.5,,45.0,
RWS01_MONICA_00D0321E5441D0070187,8,0,-1.0,,-1.0,
RWS01_MONIBAS_0671hrr0266ra,4,0,85.0,,89.0,
RWS01_MONIBAS_0160vwg0532ra,2,0,74.0,,74.0,
RWS01_MONICA_00D001012C61D0050009,8,0,79.7175,,108.0,
RWS01_MONIBAS_0091hrl0341ra,6,0,109.66666666666667,,120.0,
RWS01_MONIBAS_0150vwn0613ra,6,0,95.33333333333333,,103.0,
RWS01_MONICA_00D0010E0C3CD007000B,8,0,81.44,,116.0,
RWS01_MONIBAS_0101hrl0267ra,10,0,61.6,,81.0,
RWS01_MONICA_00D0021A100360200007,8,0,48.0,,97.0,
RWS01_MONIBAS_0141hrl0140ra,4,0,74.5,,78.0,
RWS01_MONIBAS_0501hrl1526ra,10,0,37.4,,49.0,
RWS01_MONICA_00D0021A10036020000B,8,0,59.36,,82.0,
RWS01_MONIBAS_0581hrl0984ra,16,0,79.36875,,103.0,
RWS01_MONICA_00D01403B830A0200009,8,0,80.8675,,90.0,
RWS01_MONICA_00D01402DC3C20200007,8,0,63.705,,86.0,
RWS01_MONICA_00D0010E0C3CD0070007,8,0,86.0775,,123.0,
RWS01_MONICA_00D01403B830A0200005,8,0,70.515,,96.0,
RWS01_MONICA_10D0040B545B68200005,2,0,69.0,,69.0,
RWS01_MONICA_00D00F076426D007000B,8,0,71.935,,99.0,
RWS01_MONIBAS_0591hrr0963ra,16,0,79.0225,,101.0,
RWS01_MONIBAS_0011hrl0273ra,6,0,99.33333333333333,,106.0,
RWS01_MONICA_10D0040B545B68200009,2,0,49.0,,49.0,
RWS01_MONIBAS_0060vwy0471ra,2,0,-1.0,,-1.0,
RWS01_MONIBAS_0041hrr2194ra,16,0,72.67875000000001,,107.0,
RWS01_MONIBAS_0100vwn0308ra,6,0,64.66666666666667,,102.0,
RWS01_MONIBAS_0011hrr0109ra,12,0,108.5,,132.0,
RWS01_MONICA_00D04C00A034D0050085,8,0,78.575,,107.0,
RWS01_MONIBAS_0271hrr0454ra,4,0,84.0,,87.0,
RWS01_MONIBAS_0730vwc1122ra,4,0,38.5,,78.0,
RWS01_MONIBAS_0021hrr2568ra,4,0,88.0,,90.0,
RWS01_MONICA_10D00C01F4500020000B,2,0,92.0,,92.0,
RWS01_MONIBAS_0120vwg0633ra,6,0,92.66666666666667,,100.0,
RWS01_MONICA_00D04C00A034D0050089,8,0,69.1775,,96.0,
RWS01_MONIBAS_0201hrl0434ra,4,0,97.5,,103.0,
RWS01_MONICA_10D00C01F45000200007,2,0,101.0,,101.0,
RWS01_MONICA_00D04F003818D007000B,8,0,-1.0,,-1.0,
RWS01_MONIBAS_0121hrr0699ra,2,0,64.0,,64.0,
RWS01_MONIBAS_0581hrr0419ra,4,0,47.5,,49.0,
RWS01_MONICA_00D001045C2AD0050305,8,0,63.935,,86.0,
RWS01_MONIBAS_0501hrl2114ra,16,0,-1.0,,-1.0,
RWS01_MONIBAS_0090vwx0074rb,6,0,100.0,,118.0,
RWS01_MONIBAS_0090vwx0074ra,2,0,102.0,,102.0,
RWS01_MONICA_00D032183828B0200005,8,0,41.0,,83.0,
RWS01_MONICA_00D00C14184128200005,8,0,73.0,,74.0,
RWS01_MONIBAS_0121hrl0046ra,6,0,53.666666666666664,,84.0,
RWS01_MONIBAS_0121hrr0709ra,6,0,60.333333333333336,,62.0,
RWS01_MONIBAS_0020vwm0645ra,6,0,55.333333333333336,,60.0,
RWS01_MONIBAS_0021hrr0387ra,12,0,96.66666666666667,,115.0,
RWS01_MONIBAS_0071hrr1956ra,4,0,86.0,,91.0,
RWS01_MONIBAS_0011hrr0086ra,8,0,99.0,,110.0,
RWS01_MONIBAS_0290vwu0107ra,4,0,102.0,,109.0,
RWS01_MONICA_00D03012105288200007,8,0,-1.0,,-1.0,
RWS01_MONIBAS_0050vwg0074ra,4,0,101.0,,109.0,
RWS01_MONICA_00D009075C00D0050009,8,0,80.1625,,117.0,
RWS01_MONIBAS_0161hrr0117ra,6,0,38.666666666666664,,51.0,
RWS01_MONIBAS_0271hrr0717ra,6,0,104.66666666666667,,115.0,
RWS01_MONIBAS_0161hrl0318ra,10,0,101.4,,112.0,
RWS01_MONIBAS_0021hrl1562ra,6,0,91.66666666666667,,101.0,
RWS01_MONICA_00D009075C00D0050005,8,0,56.5,,114.0,
RWS01_MONICA_00D0321A880A8820000B,8,0,-1.0,,-1.0,
RWS01_MONIBAS_0270vwn0806ra,4,0,75.5,,87.0,
RWS01_MONICA_00D00209D02BC8200005,8,0,44.0,,89.0,
RWS01_MONICA_00D0321A880A88200007,8,0,-1.0,,-1.0,
RWS01_MONIBAS_0731hrr1139ra,2,0,78.0,,78.0,
RWS01_MONIBAS_0731hrr1139rb,6,0,61.0,,99.0,
RWS01_MONIBAS_0121hrl1470ra,8,0,45.25,,99.0,
RWS01_MONIBAS_0321hrr0630ra,16,0,76.5525,,113.0,
RWS01_MONICA_00D00F076426D0070087,8,0,-1.0,,-1.0,
RWS01_MONIBAS_0281hrl0127ra,6,0,112.66666666666667,,128.0,
RWS01_MONICA_10D0321D080FD0050009,2,0,50.0,,50.0,
RWS01_MONIBAS_0670vwp0190ra,2,0,93.0,,93.0,
RWS01_MONICA_10D0321D080FD0050005,2,0,65.0,,65.0,
RWS01_MONIBAS_0090vwx0087ra,4,0,116.0,,128.0,
RWS01_MONICA_10D00405942868200309,2,0,119.0,,119.0,
RWS01_MONIBAS_0271hrl0569ra,4,0,9.0,,10.0,
RWS01_MONIBAS_0021hrr2208ra,16,0,79.21125,,99.0,
RWS01_MONIBAS_0041hrr0178ra,10,0,43.6,,71.0,
RWS01_MONICA_10D00405942868200305,2,0,93.0,,93.0,
RWS01_MONIBAS_0761hrl0073ra,4,0,97.0,,101.0,
RWS01_MONIBAS_0061hrl0620ra,4,0,107.5,,113.0,
RWS01_MONICA_00D0430AC43260200007,8,0,60.2,,83.0,
RWS01_MONIBAS_0591hrl1405ra,4,0,89.5,,93.0,
RWS01_MONIBAS_0591hrl1405rb,4,0,73.0,,78.0,
RWS01_MONIBAS_0051hrr0105ra,4,0,103.0,,111.0,
RWS01_MONIBAS_0121hrr0170ra,8,0,102.75,,119.0,
RWS01_MONIBAS_0021hrr2555ra,4,0,94.0,,99.0,
RWS01_MONIBAS_0760vws0028ra,4,0,94.5,,98.0,
RWS01_MONIBAS_0501hrl1500ra,10,0,42.4,,63.0,
RWS01_MONIBAS_0070vwk0047ra,6,0,57.666666666666664,,92.0,
RWS01_MONICA_00D00F08A400C0200005,8,0,-1.0,,-1.0,
RWS01_MONIBAS_0011hrl0047ra,4,0,87.0,,90.0,
RWS01_MONIBAS_0071hrl1401ra,16,0,81.8375,,101.0,
RWS01_MONICA_00D00607A43500200007,8,0,27.0,,55.0,
RWS01_MONIBAS_0160vwy0276ra,4,0,96.5,,100.0,
RWS01_MONICA_00D00F08A400C0200009,8,0,-1.0,,-1.0,
RWS01_MONIBAS_0121hrr0566ra,6,0,97.0,,107.0,
RWS01_MONIBAS_0021hrr2422ra,4,0,97.5,,104.0,
RWS01_MONICA_00D00608603C68200005,8,0,57.0,,115.0,
RWS01_MONIBAS_0050vwe0083ra,2,0,85.0,,85.0,
RWS01_MONICA_00D0071F145F18200005,8,0,25.0,,51.0,
RWS01_MONIBAS_0120vwx0611ra,4,0,75.5,,78.0,
RWS01_MONICA_00D0071F145F18200009,8,0,47.5125,,51.0,
RWS01_MONIBAS_0131hrl0119ra,10,0,25.8,,72.0,
RWS01_MONICA_00D04F003818D0070007,8,0,-1.0,,-1.0,
RWS01_MONIBAS_0020vwn1695ra,4,0,87.0,,94.0,
RWS01_MONICA_00D0321CB805D007000B,8,0,-1.0,,-1.0,
RWS01_MONIBAS_0011hrr0099ra,12,0,103.66666666666667,,116.0,
RWS01_MONIBAS_0021hrl1314ra,6,0,104.0,,116.0,
RWS01_MONICA_10D023085800D0050305,2,0,63.0,,63.0,
RWS01_MONICA_00D0321CB805D0070007,8,0,-1.0,,-1.0,
RWS01_MONIBAS_0281hrl0007ra,2,0,-1.0,,-1.0,
RWS01_MONIBAS_0160vwe0607ra,4,0,103.5,,114.0,
RWS01_MONICA_00D00608603C68200009,8,0,71.59,,99.0,
RWS01_MONIBAS_0021hrr2675ra,8,0,-1.0,,-1.0,
RWS01_MONIBAS_0761hrr0090ra,4,0,97.0,,104.0,
RWS01_MONIBAS_0151hrl0377ra,6,0,112.0,,126.0,
RWS01_MONIBAS_0101hrr0308ra,6,0,67.33333333333333,,105.0,
RWS01_MONIBAS_0101hrr0308rb,6,0,67.66666666666667,,113.0,
RWS01_MONIBAS_0271hrl0423ra,4,0,93.0,,100.0,
RWS01_MONICA_00D01B08C83298200007,8,0,50.5,,102.0,
RWS01_MONICA_00D01B08C8329820000B,8,0,64.3175,,93.0,
RWS01_MONICA_00D00211F80A3020000B,8,0,60.2825,,86.0,
RWS01_MONICA_00D001065850D0070007,8,0,86.34,,117.0,
RWS01_MONIBAS_0161hrr0331ra,4,0,64.0,,66.0,
RWS01_MONIBAS_0161hrr0331rb,4,0,63.5,,67.0,
RWS01_MONIBAS_0021hrl0489ra,12,0,95.16666666666667,,102.0,
RWS01_MONIBAS_0020vwn2413ra,4,0,42.0,,85.0,
RWS01_MONICA_00D00211F80A30200007,8,0,44.5,,90.0,
RWS01_MONICA_00D0020C9C2DD0070013,8,0,78.11,,80.0,
RWS01_MONIBAS_3251hrr0271ra,24,0,32.61416666666667,,71.0,
RWS01_MONIBAS_0161hrr0464ra,6,0,100.0,,109.0,
RWS01_MONIBAS_3251hrl0254ra,4,0,66.5,,71.0,
RWS01_MONICA_00D032182C00B0200005,8,0,-1.0,,-1.0,
RWS01_MONIBAS_0021hrr1584ra,4,0,54.5,,57.0,
RWS01_MONICA_00D001065850D007000B,8,0,73.1125,,101.0,
RWS01_MONICA_00D010023C0FD0050005,8,0,-1.0,,-1.0,
RWS01_MONIBAS_0101hrr0285ra,12,0,7.166666666666667,,20.0,
RWS01_MONICA_00D001065850D007000F,8,0,62.4625,,84.0,
RWS01_MONIBAS_0121hrl1363ra,8,0,28.5,,65.0,
RWS01_MONICA_00D01001AC3200200007,8,0,62.6875,,85.0,
RWS01_MONICA_00D001049C0028200005,8,0,42.9325,,59.0,
RWS01_MONIBAS_0071hrr0256ra,4,0,104.5,,109.0,
RWS01_MONICA_00D01B025859D0070007,8,0,98.485,,99.0,
RWS01_MONIBAS_0160vwa0153ra,2,0,59.0,,59.0,
RWS01_MONICA_00D0020C9C2DD0070007,8,0,48.0,,97.0,
RWS01_MONICA_00D01B025859D007000B,8,0,89.01,,94.0,
RWS01_MONICA_00D0020C9C2DD007000F,8,0,62.25,,85.0,
RWS01_MONICA_00D00207A414D0050005,8,0,50.5,,102.0,
RWS01_MONICA_00D0020C9C2DD007000B,8,0,64.845,,90.0,
RWS01_MONICA_00D00207A414D0050009,8,0,74.75,,100.0,
RWS01_MONIBAS_0101hrr0045ra,6,0,102.33333333333333,,111.0,
RWS01_MONIBAS_0011hrr0323ra,8,0,106.25,,121.0,
RWS01_MONIBAS_0091hrr0639ra,6,0,103.66666666666667,,113.0,
RWS01_MONICA_00D0071F503508200007,8,0,21.0,,43.0,
RWS01_MONIBAS_0151hrl0364ra,6,0,106.33333333333333,,119.0,
RWS01_MONICA_00D00207A414D005000D,8,0,71.8175,,98.0,
RWS01_MONIBAS_0151hrr0644ra,4,0,91.5,,98.0,
RWS01_MONICA_00D01002583130200007,8,0,39.5,,80.0,
RWS01_MONIBAS_0041hrl0498ra,6,0,16.666666666666668,,23.0,
RWS01_MONIBAS_0151hrr1592ra,6,0,33.666666666666664,,103.0,
RWS01_MONIBAS_0121hrr0089ra,6,0,93.0,,102.0,
RWS01_MONIBAS_0161hrr0344ra,4,0,74.5,,80.0,
RWS01_MONICA_00D00207A414D0050011,8,0,91.3075,,94.0,
RWS01_MONICA_00D0021B9841D0050005,8,0,75.8175,,106.0,
RWS01_MONICA_00D00207A414D0050015,8,0,85.75,,90.0,
RWS01_MONIBAS_0011hrr0589ra,16,0,80.645,,104.0,
RWS01_MONIBAS_0161hrr0211ra,6,0,96.0,,111.0,
RWS01_MONICA_00D0021B9841D0050009,8,0,84.675,,89.0,
RWS01_MONICA_10D00400FC0028200005,2,0,103.0,,103.0,
RWS01_MONIBAS_0071hrl1521ra,16,0,25.0,,103.0,
RWS01_MONICA_10D00400FC0028200009,2,0,95.0,,95.0,
RWS01_MONIBAS_0020vwf0748ra,4,0,104.5,,107.0,
RWS01_MONIBAS_0271hrl0926ra,6,0,104.66666666666667,,113.0,
RWS01_MONICA_00D001054C37D0050011,8,0,-1.0,,-1.0,
RWS01_MONIBAS_0271hrl0783ra,8,0,32.5,,39.0,
RWS01_MONIBAS_0161hrr0224rb,4,0,84.0,,87.0,
RWS01_MONIBAS_0020vwm1580ra,8,0,80.0,,90.0,
RWS01_MONIBAS_0060vwq0463ra,4,0,-1.0,,-1.0,
RWS01_MONIBAS_0011hrl1351ra,6,0,105.66666666666667,,122.0,
RWS01_MONIBAS_0170vwd0040ra,8,0,64.6925,,71.0,
RWS01_MONICA_00D00901B432D0050005,8,0,51.0,,103.0,
RWS01_MONICA_00D00901B432D0050009,8,0,65.8175,,91.0,
RWS01_MONIBAS_0161hrr0224ra,6,0,91.0,,103.0,
RWS01_MONIBAS_0161hrr0477ra,8,0,82.25,,88.0,
RWS01_MONIBAS_0731hrr0991ra,16,0,24.416249999999998,,47.0,
RWS01_MONIBAS_0041hrl0241ra,6,0,102.33333333333333,,114.0,
RWS01_MONIBAS_0281hrr0874ra,8,0,-1.0,,-1.0,
RWS01_MONIBAS_0020vwt0654ra,4,0,76.5,,77.0,
RWS01_MONICA_00D00F09043C80200005,8,0,53.0,,107.0,
RWS01_MONIBAS_0271hrl0410ra,4,0,87.5,,91.0,
RWS01_MONIBAS_0011hrr0469ra,6,0,5.666666666666667,,8.0,
RWS01_MONIBAS_0121hrl0788ra,6,0,104.33333333333333,,112.0,
RWS01_MONIBAS_0671hrl0235ra,4,0,92.0,,100.0,
RWS01_MONICA_00D001054C37D0050005,8,0,57.5,,116.0,
RWS01_MONIBAS_0501hrr0969ra,4,0,99.5,,107.0,
RWS01_MONIBAS_0281hrl0221ra,8,0,98.75,,111.0,
RWS01_MONICA_00D001054C37D0050009,8,0,98.725,,110.0,
RWS01_MONICA_00D00607D40B00200007,8,0,84.8,,117.0,
RWS01_MONIBAS_0270vwf0802ra,2,0,83.0,,83.0,
RWS01_MONICA_00D00F09043C80200009,8,0,68.485,,96.0,
RWS01_MONICA_00D00607D40B0020000B,8,0,-1.0,,-1.0,
RWS01_MONIBAS_0151hrr0764ra,6,0,24.0,,36.0,
RWS01_MONIBAS_0010vwd1040ra,2,0,83.0,,83.0,
RWS01_MONIBAS_0011hrl1627ra,8,0,-1.0,,-1.0,
RWS01_MONICA_00D001054C37D005000D,8,0,-1.0,,-1.0,
RWS01_MONIBAS_0121hrr0339ra,8,0,107.0,,123.0,
RWS01_MONIBAS_0281hrl0101ra,6,0,106.0,,115.0,
RWS01_MONIBAS_0501hrr0956rb,4,0,98.0,,98.0,
RWS01_MONIBAS_0501hrr0956ra,4,0,104.0,,109.0,
RWS01_MONIBAS_0271hrr0227ra,4,0,94.5,,102.0,
RWS01_MONICA_00D010023C0FD0050009,8,0,-1.0,,-1.0,
RWS01_MONIBAS_0170vwb0075ra,8,0,33.832499999999996,,49.0,
RWS01_MONIBAS_0501hrr1424ra,16,0,74.82124999999999,,110.0,
RWS01_MONICA_00D00106142DD0050005,8,0,-1.0,,-1.0,
RWS01_MONIBAS_0011hrr1048ra,8,0,109.75,,133.0,
RWS01_MONIBAS_0500vww1548ra,4,0,32.0,,65.0,
RWS01_MONICA_00D00106142DD0050009,8,0,-1.0,,-1.0,
RWS01_MONIBAS_0020vwm1603ra,4,0,39.5,,40.0,
RWS01_MONIBAS_0021hrl1077ra,6,0,92.0,,99.0,
RWS01_MONIBAS_0010vwd0692ra,8,0,-1.0,,-1.0,
RWS01_MONICA_00D01C0ED405D007000F,8,0,80.7125,,81.0,
RWS01_MONIBAS_0041hrl0628ra,8,0,103.25,,118.0,
RWS01_MONICA_00D01C0ED405D007000B,8,0,85.9375,,87.0,
RWS01_MONIBAS_0101hrr0298ra,8,0,77.0,,107.0,
RWS01_MONIBAS_3251hrl0147ra,6,0,92.0,,107.0,
RWS01_MONICA_00D01402C041D007000B,8,0,91.6525,,107.0,
RWS01_MONIBAS_0121hrr0196ra,6,0,99.33333333333333,,112.0,
RWS01_MONIBAS_0011hrr0216ra,6,0,102.0,,110.0,
RWS01_MONICA_00D01C0ED405D0070007,8,0,47.0,,95.0,
RWS01_MONICA_10D00407BC486020000B,2,0,75.0,,75.0,
RWS01_MONICA_10D00407BC486020000F,2,0,73.0,,73.0,
RWS01_MONIBAS_0121hrr0219ra,6,0,102.0,,113.0,
RWS01_MONIBAS_0151hrl0257ra,4,0,41.5,,84.0,
RWS01_MONIBAS_0271hrl0806ra,4,0,71.0,,76.0,
RWS01_MONIBAS_0041hrl0121ra,10,0,96.0,,114.0,
RWS01_MONIBAS_0101hrr0032ra,8,0,75.25,,112.0,
RWS01_MONICA_10D00407BC4860200007,2,0,62.0,,62.0,
RWS01_MONICA_00D01402C041D0070007,8,0,71.08,,101.0,
RWS01_MONIBAS_0131hrl0070ra,6,0,84.33333333333333,,92.0,
RWS01_MONIBAS_0021hrl0858ra,8,0,107.5,,119.0,
RWS01_MONIBAS_0071hrl0203ra,4,0,101.0,,114.0,
RWS01_MONIBAS_0151hrl0580ra,6,0,99.66666666666667,,113.0,
RWS01_MONIBAS_0060vwn0536ra,4,0,107.0,,115.0,
RWS01_MONICA_00D01C14F40050200005,8,0,30.5,,62.0,
RWS01_MONIBAS_0301hrr0132ra,16,0,70.52125,,107.0,
RWS01_MONIBAS_0151hrl0976ra,4,0,-1.0,,-1.0,
RWS01_MONIBAS_0071hrl0060ra,6,0,-1.0,,-1.0,
RWS01_MONIBAS_0011hrl0546ra,4,0,18.0,,18.0,
RWS01_MONIBAS_0441hrl0030ra,4,0,102.0,,107.0,
RWS01_MONICA_00D01B0B2000D007000B,8,0,77.355,,104.0,
RWS01_MONICA_00D00101C86068200005,8,0,41.5,,84.0,
RWS01_MONICA_00D00F07EC2790200005,8,0,-1.0,,-1.0,
RWS01_MONICA_00D01B0B2000D007000F,8,0,91.3225,,92.0,
RWS01_MONIBAS_0121hrl1323rb_1,24,0,74.4975,,115.0,
RWS01_MONIBAS_0161hrl0541ra,6,0,101.0,,112.0,
RWS01_MONIBAS_0160vwb0388ra,2,0,83.0,,83.0,
RWS01_MONIBAS_0050vwf0086ra,2,0,23.0,,23.0,
RWS01_MONICA_00D01B0B2000D0070007,8,0,85.285,,115.0,
RWS01_MONIBAS_0021hrr1236ra,6,0,107.66666666666667,,117.0,
RWS01_MONIBAS_0121hrr1370ra,8,0,68.5,,103.0,
RWS01_MONIBAS_0011hrr1044ra,12,0,100.66666666666667,,122.0,
RWS01_MONICA_00D01001F819D0050009,8,0,-1.0,,-1.0,
RWS01_MONIBAS_0011hrl0270ra,6,0,96.66666666666667,,101.0,
RWS01_MONIBAS_0040vwc0541ra,2,0,14.0,,14.0,
RWS01_MONIBAS_0121hrl1367ra,6,0,40.0,,53.0,
RWS01_MONIBAS_0010vwf0449ra,4,0,35.5,,72.0,
RWS01_MONICA_00D01001F819D0050005,8,0,-1.0,,-1.0,
RWS01_MONIBAS_0281hrl1060ra,6,0,92.33333333333333,,100.0,
RWS01_MONIBAS_3251hrr0141ra,6,0,88.66666666666667,,95.0,
RWS01_MONICA_00D01C055C55D0050009,8,0,96.1975,,102.0,
RWS01_MONIBAS_0500vwb2300ra,8,0,-1.0,,-1.0,
RWS01_MONICA_00D01C055C55D0050005,8,0,55.5,,112.0,
RWS01_MONICA_00D009066C0FD0050185,8,0,92.265,,94.0,
RWS01_MONICA_00D00C12D405D0050005,8,0,54.0,,109.0,
RWS01_MONIBAS_0011hrr0910ra,10,0,104.6,,127.0,
RWS01_MONIBAS_0070vwb1614ra,8,0,33.5,,68.0,
RWS01_MONIBAS_0081hrr0050ra,4,0,75.5,,79.0,
RWS01_MONIBAS_0021hrr0754ra,10,0,46.6,,64.0,
RWS01_MONIBAS_0591hrr0953ra,16,0,68.05125,,89.0,
RWS01_MONIBAS_0121hrr1263ra,6,0,40.333333333333336,,63.0,
RWS01_MONIBAS_0021hrl0618ra,8,0,46.0,,95.0,
RWS01_MONIBAS_0201hrr0118ra,4,0,91.0,,98.0,
RWS01_MONIBAS_0021hrl0595ra,8,0,77.75,,113.0,
RWS01_MONIBAS_0021hrr0621ra,10,0,79.0,,108.0,
RWS01_MONIBAS_0280vwc1743ra,8,0,-1.0,,-1.0,
RWS01_MONIBAS_0091hrl0488ra,6,0,69.66666666666667,,112.0,
RWS01_MONIBAS_0021hrr1619ra,4,0,93.0,,100.0,
RWS01_MONICA_00D005022429D007000B,8,0,70.57,,99.0,
RWS01_MONIBAS_0121hrl1487ra,6,0,55.0,,91.0,
RWS01_MONIBAS_0021hrr0823ra_1,32,0,73.385625,,106.0,
RWS01_MONICA_00D01C0D1032D0050005,8,0,52.5,,106.0,
RWS01_MONICA_00D005022429D0070007,8,0,55.5,,112.0,
RWS01_MONICA_10D007167413D0050005,2,0,100.0,,100.0,
RWS01_MONICA_00D0071F4C0600200007,8,0,50.65,,73.0,
RWS01_MONICA_00D01C0D1032D0050009,8,0,66.1875,,94.0,
RWS01_MONICA_10D007167413D0050009,2,0,80.0,,80.0,
RWS01_MONIBAS_0051hrl0050ra,4,0,-1.0,,-1.0,
RWS01_MONIBAS_0121hrr0911ra,6,0,76.0,,87.0,
RWS01_MONICA_00D01C03141ED0070007,8,0,72.3325,,99.0,
RWS01_MONICA_00D0321E5441D007000B,8,0,-1.0,,-1.0,
RWS01_MONIBAS_0091hrl0102ra,4,0,93.5,,100.0,
RWS01_MONIBAS_0580vwc0542ra,2,0,44.0,,44.0,
RWS01_MONIBAS_3251hrr0261ra,16,0,17.865000000000002,,39.0,
RWS01_MONIBAS_0071hrl0349ra,4,0,104.5,,110.0,
RWS01_MONICA_00D00101B02300200007,8,0,57.6,,79.0,
RWS01_MONICA_00D01C03141ED007000F,8,0,74.7575,,78.0,
RWS01_MONIBAS_0041hrl0112ra,10,0,52.2,,93.0,
RWS01_MONICA_00D010010832D007000B,8,0,87.4275,,95.0,
RWS01_MONIBAS_0301hrl0103ra,16,0,62.5175,,111.0,
RWS01_MONICA_00D01C03141ED007000B,8,0,87.3925,,90.0,
RWS01_MONICA_00D010010832D0070007,8,0,85.3575,,118.0,
RWS01_MONICA_00D0321E5441D0070007,8,0,-1.0,,-1.0,
RWS01_MONICA_00D03A05901ED0050009,8,0,51.0,,103.0,
RWS01_MONICA_00D00101B0230020000B,8,0,30.5,,62.0,
RWS01_MONIBAS_0151hrl0340ra,4,0,100.5,,110.0,
RWS01_MONIBAS_0581hrl0135ra,4,0,54.5,,71.0,
RWS01_MONICA_00D03A05901ED0050005,8,0,64.625,,89.0,
RWS01_MONIBAS_0121hrr1143ra,6,0,41.333333333333336,,52.0,
RWS01_MONIBAS_0120vwu0063ra,4,0,86.0,,91.0,
RWS01_MONIBAS_0151hrl0473ra,6,0,102.33333333333333,,114.0,
RWS01_MONICA_00D0071ED045D0050009,8,0,64.015,,67.0,
RWS01_MONIBAS_3481hrl0150ra,2,0,60.0,,60.0,
RWS01_MONIBAS_0011hrr1307ra,6,0,105.33333333333333,,117.0,
RWS01_MONIBAS_0090vwy0077ra,6,0,105.33333333333333,,122.0,
RWS01_MONIBAS_0201hrr0105ra,4,0,86.0,,94.0,
RWS01_MONIBAS_0121hrr1023ra,6,0,63.666666666666664,,75.0,
RWS01_MONIBAS_0121hrr1276ra,4,0,27.5,,29.0,
RWS01_MONICA_00D00104240AD0050185,8,0,-1.0,,-1.0,
RWS01_MONICA_00D014079032D0050005,8,0,18.5225,,32.0,
RWS01_MONICA_00D01C0F300AD0070307,8,0,85.91,,91.0,
RWS01_MONIBAS_0301hrr0158ra,24,0,11.333333333333334,,73.0,
RWS01_MONIBAS_0040vwj0087ra,4,0,89.5,,94.0,
RWS01_MONICA_00D00C115037D005000D,8,0,-1.0,,-1.0,
RWS01_MONIBAS_0081hrl0021rb,8,0,72.75,,101.0,
RWS01_MONICA_00D014079032D0050009,8,0,29.445,,35.0,
RWS01_MONICA_00D00C115037D0050005,8,0,55.5,,112.0,
RWS01_MONICA_00D00C115037D0050009,8,0,71.3925,,100.0,
RWS01_MONIBAS_0041hrl0624ra,8,0,102.75,,120.0,
RWS01_MONICA_00D0020DBC50D0070013,8,0,37.5,,76.0,
RWS01_MONIBAS_0150vwh0599ra,4,0,-1.0,,-1.0,
RWS01_MONIBAS_0730vws1145ra,4,0,40.0,,81.0,
RWS01_MONIBAS_0270vws0712ra,4,0,77.0,,83.0,
RWS01_MONIBAS_0270vws0712rb,2,0,74.0,,74.0,
RWS01_MONIBAS_0021hrl2547ra,4,0,46.5,,50.0,
RWS01_MONIBAS_0091hrl0115ra,4,0,91.5,,95.0,
RWS01_MONIBAS_0291hrr0119ra,8,0,95.25,,108.0,
RWS01_MONIBAS_0011hrr1164ra,6,0,99.66666666666667,,108.0,
RWS01_MONIBAS_0021hrl2547rb,4,0,20.5,,26.0,
RWS01_MONICA_00D0020DBC50D007000B,8,0,-1.0,,-1.0,
RWS01_MONIBAS_0020vwf2411ra,2,0,80.0,,80.0,
RWS01_MONICA_00D0020DBC50D007000F,8,0,46.7775,,49.0,
RWS01_MONIBAS_0011hrr0420ra,6,0,104.0,,113.0,
RWS01_MONIBAS_0091hrl0092ra,4,0,96.5,,101.0,
RWS01_MONIBAS_0081hrl0021ra,4,0,106.0,,113.0,
RWS01_MONIBAS_0081hrr0063ra,4,0,100.5,,104.0,
RWS01_MONIBAS_0121hrl1114ra,6,0,72.0,,119.0,
RWS01_MONICA_00D0020DBC50D0070007,8,0,22.0,,45.0,
RWS01_MONICA_00D0010E3819D0070017,8,0,81.69,,85.0,
RWS01_MONICA_00D04305B041D0050009,8,0,84.71000000000001,,87.0,
RWS01_MONICA_00D0010E3819D0070013,8,0,97.17,,101.0,
RWS01_MONICA_00D04305B041D0050005,8,0,69.27,,95.0,
RWS01_MONIBAS_0221hrr0102ra,4,0,97.5,,100.0,
RWS01_MONIBAS_0091hrr0388ra,6,0,14.0,,18.0,
RWS01_MONIBAS_0121hrr0804ra,6,0,64.66666666666667,,67.0,
RWS01_MONIBAS_0501hrl1898ra,6,0,63.333333333333336,,71.0,
RWS01_MONICA_00D0010E3819D007000F,8,0,79.51,,107.0,
RWS01_MONICA_00D01B038C19D007000B,8,0,87.4325,,93.0,
RWS01_MONICA_00D0010E3819D007000B,8,0,110.485,,119.0,
RWS01_MONIBAS_0010vwp0142ra,4,0,101.0,,105.0,
RWS01_MONICA_00D01B038C19D0070007,8,0,50.5,,102.0,
RWS01_MONIBAS_0271hrr0932ra,6,0,81.66666666666667,,85.0,
RWS01_MONIBAS_0011hrr1667ra,16,0,59.2325,,112.0,
RWS01_MONIBAS_0281hrl0867ra,4,0,84.0,,88.0,
RWS01_MONIBAS_0011hrl0189ra,6,0,-1.0,,-1.0,
RWS01_MONIBAS_0281hrl0867rb,4,0,82.5,,83.0,
RWS01_MONIBAS_0091hrl0462ra,6,0,104.33333333333333,,116.0,
RWS01_MONIBAS_0501hrr1924ra,6,0,93.0,,112.0,
RWS01_MONIBAS_0581hrl0852ra,16,0,-1.0,,-1.0,
RWS01_MONIBAS_0011hrr1401ra,6,0,100.0,,107.0,
RWS01_MONIBAS_0501hrl1512ra,10,0,22.4,,35.0,
RWS01_MONIBAS_0011hrr0816ra,16,0,-1.0,,-1.0,
RWS01_MONICA_00D0071ED045D0050005,8,0,58.7675,,80.0,
RWS01_MONIBAS_0150vwe0645ra,4,0,41.0,,83.0,
RWS01_MONIBAS_0121hrl0262ra,6,0,105.0,,115.0,
RWS01_MONIBAS_0161hrr0681ra,4,0,93.5,,99.0,
RWS01_MONIBAS_0761hrr0080ra,16,0,55.745,,98.0,
RWS01_MONIBAS_0121hrr1419ra,4,0,111.0,,118.0,
RWS01_MONICA_00D00C0B8400D005000D,8,0,71.47749999999999,,100.0,
RWS01_MONICA_00D0010E3819D0070007,8,0,63.0,,127.0,
RWS01_MONIBAS_0161hrl0314ra,10,0,106.4,,127.0,
RWS01_MONIBAS_0041hrl0744ra,6,0,27.0,,83.0,
RWS01_MONIBAS_0041hrl0744rb,4,0,78.0,,84.0,
RWS01_MONIBAS_0221hrr0092ra,4,0,98.5,,104.0,
RWS01_MONIBAS_0350vwc0481ra,16,0,-1.0,,-1.0,
RWS01_MONIBAS_0021hrl1589ra,4,0,90.5,,97.0,
RWS01_MONICA_00D00F07DC0698200007,8,0,-1.0,,-1.0,
RWS01_MONIBAS_0121hrr1396ra,4,0,97.0,,101.0,
RWS01_MONIBAS_0041hrl0611ra,8,0,108.5,,123.0,
RWS01_MONIBAS_0581hrr0512ra,4,0,69.5,,75.0,
RWS01_MONIBAS_0730vwb1020ra,8,0,34.5,,70.0,
RWS01_MONIBAS_0761hrr0103ra,16,0,-1.0,,-1.0,
RWS01_MONIBAS_0731hrl0138ra,4,0,96.0,,102.0,
RWS01_MONICA_00D00F07DC069820000B,8,0,69.4525,,94.0,
RWS01_MONIBAS_0041hrl0143ra_1,48,0,65.36874999999999,,103.0,
RWS01_MONIBAS_0501hrl0949ra,4,0,92.0,,97.0,
RWS01_MONIBAS_0271hrl0150ra,4,0,104.5,,117.0,
RWS01_MONIBAS_0091hrl0355ra,8,0,107.25,,123.0,
RWS01_MONIBAS_0151hrl0830ra,4,0,93.5,,100.0,
RWS01_MONIBAS_4341hrr0019ra,4,0,70.5,,72.0,
RWS01_MONICA_00D004086C31D0050005,8,0,22.8575,,32.0,
RWS01_MONIBAS_0090vwx0083ra,2,0,86.0,,86.0,
RWS01_MONIBAS_0090vwx0083rb,4,0,50.5,,102.0,
RWS01_MONIBAS_0010vwd0226ra,2,0,76.0,,76.0,
RWS01_MONICA_00D004086C31D0050009,8,0,19.5375,,27.0,
RWS01_MONIBAS_0011hrr0936ra,8,0,111.75,,127.0,
RWS01_MONIBAS_0121hrl0418ra,8,0,71.0,,75.0,
RWS01_MONIBAS_0501hrr1911ra,6,0,96.33333333333333,,106.0,
RWS01_MONICA_00D00209CC116020000B,8,0,76.89,,83.0,
RWS01_MONIBAS_0150vwf0960ra,2,0,87.0,,87.0,
RWS01_MONICA_00D00C12D405D0050009,8,0,76.64,,105.0,
RWS01_MONIBAS_0590vws0888ra,2,0,74.0,,74.0,
RWS01_MONIBAS_0021hrl2177ra,16,0,70.35375,,105.0,
RWS01_MONIBAS_0040vwh0007ra,4,0,83.0,,86.0,
RWS01_MONICA_00D01402A81E10200005,8,0,15.5,,32.0,
RWS01_MONICA_00D002236C19D007000B,8,0,43.5,,88.0,
RWS01_MONIBAS_0121hrr0817ra,6,0,62.666666666666664,,68.0,
RWS01_MONICA_00D002236C19D0070007,8,0,49.0,,99.0,
RWS01_MONICA_00D00C12D405D005000D,8,0,67.95,,96.0,
RWS01_MONICA_00D00209CC1160200007,8,0,59.042500000000004,,83.0,
RWS01_MONIBAS_0041hrl0731ra,4,0,87.0,,92.0,
RWS01_MONIBAS_0021hrl1719ra,4,0,88.0,,97.0,
RWS01_MONICA_00D0071F782348200007,8,0,59.9375,,84.0,
RWS01_MONIBAS_0280vwc0664ra,8,0,-1.0,,-1.0,
RWS01_MONICA_00D00219C84B68200005,8,0,73.0325,,99.0,
RWS01_MONICA_10D00104883268200005,2,0,97.0,,97.0,
RWS01_MONIBAS_0770vwd0078ra,8,0,59.905,,65.0,
RWS01_MONIBAS_0021hrl1576ra,8,0,103.25,,117.0,
RWS01_MONICA_00D00219C84B68200009,8,0,84.485,,87.0,
RWS01_MONIBAS_0581hrr0405ra,6,0,75.33333333333333,,88.0,
RWS01_MONICA_10D00104883268200009,2,0,100.0,,100.0,
RWS01_MONIBAS_0280vwc0411ra,8,0,-1.0,,-1.0,
RWS01_MONIBAS_0221hrr0128ra,8,0,82.5,,94.0,
RWS01_MONICA_00D0010DF432D0070007,8,0,61.5,,124.0,
RWS01_MONICA_00D0071F78234820000B,8,0,48.6875,,74.0,
RWS01_MONIBAS_0151hrl1552ra,6,0,80.0,,130.0,
RWS01_MONIBAS_0271hrr0958ra,6,0,69.0,,76.0,
RWS01_MONIBAS_0060vwn0510ra,4,0,109.5,,119.0,
RWS01_MONIBAS_0070vwb1961ra,2,0,63.0,,63.0,
RWS01_MONIBAS_0580vwd0915ra,8,0,-1.0,,-1.0,
RWS01_MONIBAS_0271hrl0163ra,4,0,110.0,,118.0,
RWS01_MONIBAS_0011hrr1414ra,2,0,94.0,,94.0,
RWS01_MONIBAS_0091hrl0618ra,6,0,104.66666666666667,,116.0,
RWS01_MONIBAS_0090vwx0096ra,2,0,93.0,,93.0,
RWS01_MONIBAS_0150vwb0433ra,2,0,76.0,,76.0,
RWS01_MONIBAS_0090vwx0096rb,4,0,99.5,,104.0,
RWS01_MONICA_00D00909A82818200005,8,0,-1.0,,-1.0,
RWS01_MONIBAS_0011hrr1391ra,6,0,99.0,,113.0,
RWS01_MONIBAS_0271hrl0307ra,4,0,52.0,,105.0,
RWS01_MONIBAS_0281hrl0987ra,6,0,89.0,,94.0,
RWS01_MONIBAS_0281hrl0987rb,6,0,30.0,,92.0,
RWS01_MONICA_10D00107202D10200005,2,0,79.0,,79.0,
RWS01_MONIBAS_0011hrl0296ra,4,0,101.0,,108.0,
RWS01_MONICA_00D00F076450B820000B,8,0,69.6825,,96.0,
RWS01_MONIBAS_0070vwa2462ra,8,0,61.9375,,90.0,
RWS01_MONIBAS_0010vwp0155ra,4,0,-1.0,,-1.0,
RWS01_MONICA_00D00F076450B8200007,8,0,49.5,,100.0,
RWS01_MONIBAS_0021hrr1129ra,4,0,98.5,,105.0,
RWS01_MONIBAS_0280vwf0851ra,2,0,11.0,,11.0,
RWS01_MONIBAS_0020vwm1115ra,4,0,95.0,,101.0,
RWS01_MONICA_00D01401B028D0050009,8,0,77.2675,,80.0,
RWS01_MONICA_00D01B04CC41D007000B,8,0,-1.0,,-1.0,
RWS01_MONIBAS_0351hrl0551ra,4,0,86.5,,90.0,
RWS01_MONIBAS_0121hrl0156ra,6,0,102.33333333333333,,115.0,
RWS01_MONIBAS_0671hrl0238ra,4,0,93.0,,102.0,
RWS01_MONICA_00D00C0D2041D0070007,8,0,53.5,,108.0,
RWS01_MONICA_00D00207A414D0050305,8,0,46.5,,94.0,
RWS01_MONICA_00D01B04CC41D0070007,8,0,-1.0,,-1.0,
RWS01_MONICA_00D01401B028D0050005,8,0,65.9525,,90.0,
RWS01_MONIBAS_0671hrl0358ra,4,0,91.0,,100.0,
RWS01_MONIBAS_0150vwr0458ra,4,0,56.5,,114.0,
RWS01_MONIBAS_0271hrl0439ra,4,0,91.0,,96.0,
RWS01_MONIBAS_0281hrl0137ra,6,0,103.0,,113.0,
RWS01_MONIBAS_0020vwn1692ra,4,0,89.5,,95.0,
RWS01_MONIBAS_0160vwe0467ra,4,0,101.0,,105.0,
RWS01_MONIBAS_0121hrr0447ra,8,0,41.5,,44.0,
RWS01_MONIBAS_0011hrr0219ra,6,0,102.66666666666667,,110.0,
RWS01_MONICA_00D0010DF432D007000F,8,0,95.1425,,102.0,
RWS01_MONIBAS_0090vwx0097ra,2,0,114.0,,114.0,
RWS01_MONICA_00D00207CC14D0050009,8,0,74.75,,100.0,
RWS01_MONIBAS_0090vwx0097rb,4,0,98.5,,103.0,
RWS01_MONICA_00D0010DF432D007000B,8,0,116.14,,139.0,
RWS01_MONICA_10D023085800D0050005,2,0,76.0,,76.0,
RWS01_MONICA_00D00207CC14D0050005,8,0,51.5,,104.0,
RWS01_MONICA_10D023085800D0050009,2,0,70.0,,70.0,
RWS01_MONICA_00D00207CC14D0050011,8,0,70.5325,,95.0,
RWS01_MONICA_00D00209D02B68200085,8,0,45.5,,92.0,
RWS01_MONIBAS_0591hrl1415ra,6,0,98.33333333333333,,108.0,
RWS01_MONIBAS_0021hrl1696ra,4,0,101.0,,108.0,
RWS01_MONICA_00D00207CC14D005000D,8,0,74.27,,100.0,
RWS01_MONIBAS_0011hrr0230ra_1,24,0,62.25333333333333,,114.0,
RWS01_MONICA_00D00209D02B68200089,8,0,64.8575,,93.0,
RWS01_MONIBAS_0121hrl0023ra,4,0,73.0,,81.0,
RWS01_MONICA_00D00104A00AD0050005,8,0,53.5,,108.0,
RWS01_MONIBAS_0590vwt0509ra,2,0,93.0,,93.0,
RWS01_MONICA_00D00104A00AD0050009,8,0,70.6975,,95.0,
RWS01_MONIBAS_0321hrl0580ra,16,0,71.54125,,122.0,
RWS01_MONIBAS_4341hrr0018ra,6,0,78.0,,85.0,
RWS01_MONICA_00D00207CC14D0050015,8,0,83.8275,,87.0,
RWS01_MONIBAS_0021hrr2567ra,4,0,90.5,,94.0,
RWS01_MONIBAS_0021hrr2567rb,4,0,77.0,,78.0,
RWS01_MONIBAS_0161hrr0227ra,10,0,85.2,,103.0,
RWS01_MONIBAS_0281hrr0274ra,4,0,94.5,,102.0,
RWS01_MONIBAS_0281hrl0017ra,2,0,101.0,,101.0,
RWS01_MONIBAS_0281hrl0017rb,4,0,87.5,,90.0,
RWS01_MONIBAS_0020vwg0355ra,4,0,83.5,,88.0,
RWS01_MONIBAS_0121hrl0289ra,8,0,54.75,,74.0,
RWS01_MONIBAS_0591hrl1402ra,4,0,82.0,,86.0,
RWS01_MONIBAS_0121hrl0036ra,8,0,91.75,,117.0,
RWS01_MONIBAS_0591hrl1402rb,4,0,31.5,,52.0,
RWS01_MONICA_10D0321EAC32D0050005,2,0,107.0,,107.0,
RWS01_MONICA_10D0321EAC32D0050009,2,0,-1.0,,-1.0,
RWS01_MONICA_00D00C0D2041D007000F,8,0,91.05,,95.0,
RWS01_MONIBAS_0161hrr0071ra,6,0,107.0,,135.0,
RWS01_MONICA_00D0100AF81818200005,8,0,14.2,,17.0,
RWS01_MONIBAS_0021hrl1683ra,6,0,64.66666666666667,,66.0,
RWS01_MONIBAS_0281hrr0141ra,6,0,16.0,,19.0,
RWS01_MONIBAS_0500vwh1481rb,4,0,34.0,,69.0,
RWS01_MONIBAS_0500vwh1481ra,4,0,76.5,,79.0,
RWS01_MONICA_00D00C0D2041D007000B,8,0,74.75,,100.0,
RWS01_MONIBAS_0021hrl1706ra,8,0,95.5,,108.0,
RWS01_MONICA_00D04303B80CD0050009,8,0,85.4325,,90.0,
RWS01_MONIBAS_0011hrr0339ra,8,0,107.0,,124.0,
RWS01_MONICA_00D04303B80CD0050005,8,0,50.5,,102.0,
RWS01_MONIBAS_0651hrl0214ra,4,0,118.0,,127.0,
RWS01_MONIBAS_0271hrr0562ra,4,0,48.5,,98.0,
RWS01_MONICA_00D01C11E04B30200007,8,0,72.865,,98.0,
RWS01_MONIBAS_0731hrr1116ra,16,0,-1.0,,-1.0,
RWS01_MONICA_00D04F00184ED0070087,8,0,62.15,,84.0,
RWS01_MONIBAS_0581hrr0275ra,4,0,94.5,,99.0,
RWS01_MONIBAS_0101hrl0253ra,6,0,74.66666666666667,,79.0,
RWS01_MONIBAS_0011hrr1774ra,16,0,12.125,,28.0,
RWS01_MONIBAS_0271hrl0799ra,4,0,15.0,,17.0,
RWS01_MONIBAS_0271hrl0546ra,6,0,15.0,,17.0,
RWS01_MONICA_00D00110E42DD0050005,8,0,54.0,,109.0,
RWS01_MONIBAS_0041hrr0155ra,12,0,68.5,,78.0,
RWS01_MONICA_00D01C11E04B3020000B,8,0,87.5525,,90.0,
RWS01_MONIBAS_0021hrr1690rb,4,0,90.0,,94.0,
RWS01_MONIBAS_0021hrr1690ra,4,0,101.0,,107.0,
RWS01_MONICA_00D00F07E051B8200007,8,0,47.0,,95.0,
RWS01_MONICA_00D01C057805D007000B,8,0,67.965,,95.0,
RWS01_MONICA_00D00110E42DD0050009,8,0,98.4,,105.0,
RWS01_MONICA_00D00C0B8400D0050009,8,0,52.5,,106.0,
RWS01_MONICA_00D00110E42DD005000D,8,0,91.71000000000001,,96.0,
RWS01_MONIBAS_0161hrr0574ra,6,0,97.33333333333333,,106.0,
RWS01_MONICA_00D01002344BD0070007,8,0,37.0,,75.0,
RWS01_MONIBAS_0021hrr2301ra,6,0,88.33333333333333,,96.0,
RWS01_MONICA_00D00C0B8400D0050005,8,0,58.5,,118.0,
RWS01_MONIBAS_0160vwg0674ra,4,0,8.0,,8.0,
RWS01_MONIBAS_0271hrl0809ra,4,0,80.5,,87.0,
RWS01_MONICA_00D009075C00D0050185,8,0,90.89,,95.0,
RWS01_MONICA_00D01002344BD007000B,8,0,85.53,,92.0,
RWS01_MONIBAS_0151hrr0382ra,8,0,103.5,,121.0,
RWS01_MONIBAS_0020vwc1888ra,8,0,-1.0,,-1.0,
RWS01_MONIBAS_0101hrl0120ra,6,0,104.0,,120.0,
RWS01_MONIBAS_0021hrl2058ra,16,0,80.7225,,105.0,
RWS01_MONIBAS_0160vwn0336ra,6,0,90.0,,97.0,
RWS01_MONIBAS_0121hrr0434ra,8,0,35.75,,40.0,
RWS01_MONIBAS_0011hrl0057ra,10,0,96.2,,103.0,
RWS01_MONIBAS_0200vwu0227ra,4,0,94.5,,98.0,
RWS01_MONIBAS_0200vwu0227rb,2,0,82.0,,82.0,
RWS01_MONIBAS_0171hrl0149ra,16,0,95.67,,158.0,
RWS01_MONIBAS_0271hrl0057ra,6,0,95.33333333333333,,108.0,
RWS01_MONIBAS_0020vwn1608ra,4,0,80.5,,86.0,
RWS01_MONICA_00D00209B43760200187,8,0,-1.0,,-1.0,
RWS01_MONIBAS_0151hrr0778ra,10,0,61.0,,84.0,
RWS01_MONICA_00D03A01E86080200009,8,0,-1.0,,-1.0,
RWS01_MONICA_00D03A01E86080200005,8,0,-1.0,,-1.0,
RWS01_MONICA_00D0010D840AD007008B,8,0,-1.0,,-1.0,
RWS01_MONICA_00D043044805D0070007,8,0,92.32,,97.0,
RWS01_MONIBAS_0120vwx0623ra,4,0,85.0,,90.0,
RWS01_MONIBAS_0021hrr2554ra,4,0,37.0,,75.0,
RWS01_MONICA_00D001045C2AD0050005,8,0,77.3875,,105.0,
RWS01_MONICA_10D01601C8177820000B,2,0,-1.0,,-1.0,
RWS01_MONICA_00D0010D840AD0070087,8,0,92.3875,,95.0,
RWS01_MONICA_00D001045C2AD0050009,8,0,88.395,,90.0,
RWS01_MONICA_00D043044805D007000B,8,0,80.845,,83.0,
RWS01_MONIBAS_0021hrl1326ra,6,0,102.33333333333333,,114.0,
RWS01_MONIBAS_0121hrl0658ra,8,0,100.75,,113.0,
RWS01_MONICA_10D01601C81778200007,2,0,-1.0,,-1.0,
RWS01_MONICA_00D00400B83260200307,8,0,75.0625,,108.0,
RWS01_MONIBAS_0020vwn1585ra,6,0,91.0,,99.0,
RWS01_MONICA_00D00102A046D0050005,8,0,55.0,,111.0,
RWS01_MONICA_00D00102A046D0050009,8,0,50.5,,102.0,
RWS01_MONIBAS_0021hrr1330ra,8,0,107.5,,120.0,
RWS01_MONICA_00D00A01C4009820000B,8,0,81.33500000000001,,82.0,
RWS01_MONICA_00D01402883CD0050009,8,0,88.5425,,96.0,
RWS01_MONIBAS_0121hrl0778ra,6,0,105.33333333333333,,113.0,
RWS01_MONICA_00D01402883CD0050005,8,0,56.5,,114.0,
RWS01_MONIBAS_0061hrl0501ra,4,0,78.0,,105.0,
RWS01_MONICA_00D0010D840AD007000F,8,0,91.1,,99.0,
RWS01_MONICA_00D00102A046D005000D,8,0,48.0,,97.0,
RWS01_MONIBAS_0201hrr0465ra,4,0,113.0,,129.0,
RWS01_MONIBAS_0051hrr0092ra,4,0,109.0,,112.0,
RWS01_MONIBAS_0351hrr0340ra,2,0,88.0,,88.0,
RWS01_MONIBAS_0021hrr1726ra,6,0,86.66666666666667,,92.0,
RWS01_MONICA_00D0010D840AD007000B,8,0,-1.0,,-1.0,
RWS01_MONICA_00D00A01C40098200007,8,0,70.575,,95.0,
RWS01_MONIBAS_0290vwu0094ra,4,0,105.5,,113.0,
RWS01_MONIBAS_0441hrr0193ra,4,0,-1.0,,-1.0,
RWS01_MONICA_00D00209D02B68200009,8,0,67.775,,93.0,
RWS01_MONICA_00D00227FC25D0070007,8,0,40.0,,81.0,
RWS01_MONICA_00D03B0E185FD0050009,8,0,59.965,,85.0,
RWS01_MONICA_00D03B0E185FD0050005,8,0,48.0,,97.0,
RWS01_MONIBAS_0040vwm0046rb,4,0,98.0,,100.0,
RWS01_MONIBAS_0071hrl1651ra,8,0,-1.0,,-1.0,
RWS01_MONIBAS_0151hrr0512ra,4,0,105.5,,111.0,
RWS01_MONIBAS_0271hrl0533ra,6,0,73.0,,122.0,
RWS01_MONIBAS_0761hrl0063ra,4,0,92.5,,98.0,
RWS01_MONIBAS_0040vwm0046ra,4,0,87.5,,89.0,
RWS01_MONICA_00D00209D02B68200005,8,0,53.0,,107.0,
RWS01_MONIBAS_0581hrl0268ra,4,0,84.0,,89.0,
RWS01_MONIBAS_0120vwy0627ra,6,0,68.0,,80.0,
RWS01_MONICA_00D00C0E2C23D007000B,8,0,-1.0,,-1.0,
RWS01_MONIBAS_0201hrr0332ra,6,0,36.0,,110.0,
RWS01_MONIBAS_0760vwr0021ra,2,0,73.0,,73.0,
RWS01_MONICA_00D00C0E2C23D0070007,8,0,36.5,,74.0,
RWS01_MONIBAS_0151hrr1603ra,6,0,66.66666666666667,,109.0,
RWS01_MONIBAS_0201hrr0478ra,4,0,94.0,,101.0,
RWS01_MONIBAS_0021hrr1596ra,4,0,83.0,,87.0,
RWS01_MONIBAS_0121hrl0898ra,6,0,103.33333333333333,,113.0,
RWS01_MONIBAS_0321hrl0486ra,16,0,76.63875,,110.0,
RWS01_MONIBAS_0021hrl0368rb,8,0,99.75,,108.0,
RWS01_MONIBAS_0021hrl0368ra,8,0,99.75,,108.0,
RWS01_MONIBAS_0301hrl0235ra,16,0,-1.0,,-1.0,
RWS01_MONIBAS_0501hrr0966ra,4,0,102.5,,112.0,
RWS01_MONIBAS_0581hrl0388ra,6,0,101.66666666666667,,116.0,
RWS01_MONIBAS_3251hrl0244ra,4,0,72.5,,75.0,
RWS01_MONICA_00D01C057805D0070007,8,0,75.7575,,102.0,
RWS01_MONIBAS_0160vwm0334ra,4,0,72.5,,76.0,
RWS01_MONIBAS_0671hrl0465ra,16,0,74.61625000000001,,108.0,
RWS01_MONICA_00D009068852D0050305,8,0,80.23,,84.0,
RWS01_MONICA_00D04302E819D0070007,8,0,66.1325,,90.0,
RWS01_MONIBAS_0120vwc1199ra,2,0,75.0,,75.0,
RWS01_MONIBAS_0200vws0232ra,2,0,96.0,,96.0,
RWS01_MONICA_00D009068852D0050309,8,0,43.0,,87.0,
RWS01_MONICA_00D00F07184610200005,8,0,54.0,,109.0,
RWS01_MONICA_00D00F07184610200009,8,0,46.0,,93.0,
RWS01_MONICA_00D00C0E2C23D007000F,8,0,-1.0,,-1.0,
RWS01_MONIBAS_0051hrl0077ra,4,0,100.5,,110.0,
RWS01_MONICA_00D018003846D0050005,8,0,-1.0,,-1.0,
RWS01_MONIBAS_0021hrl0355ra,4,0,97.5,,102.0,
RWS01_MONIBAS_0121hrl0632ra,4,0,78.5,,84.0,
RWS01_MONIBAS_0121hrl0885ra,6,0,104.66666666666667,,115.0,
RWS01_MONIBAS_0020vwe1117ra,2,0,-1.0,,-1.0,
RWS01_MONICA_00D018003846D0050009,8,0,58.5,,118.0,
RWS01_MONIBAS_0441hrr0180ra,4,0,120.0,,122.0,
RWS01_MONIBAS_0010vwm0313ra,4,0,102.0,,108.0,
RWS01_MONICA_00D00909C446D0070187,8,0,-1.0,,-1.0,
RWS01_MONIBAS_0731hrr0158ra,4,0,95.5,,99.0,
RWS01_MONIBAS_0041hrl0388ra,8,0,68.0,,72.0,
RWS01_MONICA_00D018003846D005000D,8,0,56.5,,114.0,
RWS01_MONIBAS_0101hrr0042ra,6,0,104.33333333333333,,114.0,
RWS01_MONIBAS_0281hrl0111ra,6,0,99.33333333333333,,114.0,
RWS01_MONIBAS_0070vwd1464ra,8,0,39.5,,80.0,
RWS01_MONIBAS_0271hrr0215ra,16,0,-1.0,,-1.0,
RWS01_MONIBAS_0071hrr0220ra,4,0,90.5,,92.0,
RWS01_MONIBAS_0021hrr1570ra,6,0,27.666666666666668,,34.0,
RWS01_MONIBAS_0011hrr1058ra,8,0,97.0,,106.0,
RWS01_MONIBAS_0101hrr0175ra,8,0,42.0,,45.0,
RWS01_MONIBAS_0011hrl1241ra,6,0,109.33333333333333,,123.0,
RWS01_MONIBAS_0160vwa0381ra,2,0,91.0,,91.0,
RWS01_MONICA_00D0010EAC46D005000D,8,0,78.27,,106.0,
RWS01_MONIBAS_0121hrr0184ra,6,0,105.33333333333333,,123.0,
RWS01_MONICA_00D0010EAC46D0050009,8,0,88.5375,,128.0,
RWS01_MONIBAS_0131hrl0103ra,8,0,44.25,,55.0,
RWS01_MONIBAS_0011hrr0459ra,8,0,1.75,,6.0,
RWS01_MONIBAS_0581hrl0518ra,4,0,94.0,,100.0,
RWS01_MONIBAS_0021hrr2171ra,4,0,87.5,,93.0,
RWS01_MONIBAS_0501hrr0979ra,4,0,97.5,,103.0,
RWS01_MONIBAS_0121hrl1473ra,8,0,69.25,,102.0,
RWS01_MONICA_00D0010EAC46D0050005,8,0,66.0,,133.0,
RWS01_MONIBAS_0161hrr0334ra,4,0,65.5,,68.0,
RWS01_MONIBAS_0271hrl0773ra,4,0,24.5,,26.0,
RWS01_MONIBAS_0040vwm0059ra,4,0,100.5,,101.0,
RWS01_MONIBAS_0011hrl0893ra,6,0,75.66666666666667,,118.0,
RWS01_MONIBAS_0151hrl0367ra,6,0,112.33333333333333,,131.0,
RWS01_MONICA_00D01B04CC37D0050005,8,0,-1.0,,-1.0,
RWS01_MONIBAS_0300vwc0153ra,8,0,-1.0,,-1.0,
RWS01_MONICA_00D0010D840AD0070007,8,0,52.5,,106.0,
RWS01_MONIBAS_0021hrr2327ra,6,0,96.33333333333333,,108.0,
RWS01_MONIBAS_0271hrr0072ra,4,0,99.5,,105.0,
RWS01_MONIBAS_0201hrr0452ra,4,0,97.0,,103.0,
RWS01_MONIBAS_0580vwn0157ra,2,0,59.0,,59.0,
RWS01_MONIBAS_0041hrl0375ra,10,0,55.0,,65.0,
RWS01_MONICA_00D00219FC306020000B,8,0,62.917500000000004,,90.0,
RWS01_MONICA_00D0010EAC46D0050011,8,0,90.4075,,100.0,
RWS01_MONIBAS_0040vwh0460ra,4,0,72.0,,72.0,
RWS01_MONICA_00D01B04CC37D0050009,8,0,-1.0,,-1.0,
RWS01_MONICA_10D007169440D0050009,2,0,98.0,,98.0,
RWS01_MONICA_00D00219FC3060200007,8,0,47.5,,96.0,
RWS01_MONIBAS_0050vwg0088ra,4,0,12.0,,17.0,
RWS01_MONICA_10D007169440D0050005,2,0,110.0,,110.0,
RWS01_MONIBAS_0091hrr0625ra,6,0,97.33333333333333,,105.0,
RWS01_MONIBAS_0161hrr0467ra,6,0,100.66666666666667,,111.0,
RWS01_MONIBAS_0150vwh0606ra,4,0,104.0,,109.0,
RWS01_MONIBAS_0121hrl1499ra,6,0,57.333333333333336,,89.0,
RWS01_MONIBAS_0011hrl0787ra,16,0,94.8,,106.0,
RWS01_MONIBAS_0021hrr0862ra,8,0,21.0,,24.0,
RWS01_MONIBAS_0021hrr1248ra,6,0,105.66666666666667,,117.0,
RWS01_MONIBAS_0091hrr0504ra,6,0,64.66666666666667,,102.0,
RWS01_MONIBAS_0161hrl0662ra,6,0,105.33333333333333,,118.0,
RWS01_MONIBAS_0060vwc0563ra,4,0,58.5,,60.0,
RWS01_MONICA_00D01403A03790200005,8,0,47.5,,96.0,
RWS01_MONIBAS_0281hrl1072ra,6,0,96.0,,107.0,
RWS01_MONIBAS_0010vwq0159ra,2,0,-1.0,,-1.0,
RWS01_MONIBAS_0071hrl0215ra,4,0,110.5,,118.0,
RWS01_MONICA_00D00909C446D007000B,8,0,-1.0,,-1.0,
RWS01_MONIBAS_0501hrr1688ra,8,0,42.0,,69.0,
RWS01_MONIBAS_0731hrr0144ra,4,0,89.5,,95.0,
RWS01_MONIBAS_0011hrl0654ra,16,0,18.0,,75.0,
RWS01_MONIBAS_0071hrl2516ra,16,0,-1.0,,-1.0,
RWS01_MONIBAS_0060vwp0482ra,2,0,95.0,,95.0,
RWS01_MONICA_00D00F035C0AD007000B,8,0,54.0,,109.0,
RWS01_MONIBAS_0120vwy1347ra,4,0,-1.0,,-1.0,
RWS01_MONIBAS_0501hrr1422ra,8,0,-1.0,,-1.0,
RWS01_MONICA_00D010022857D0050009,8,0,-1.0,,-1.0,
RWS01_MONIBAS_0281hrl0182ra_1,24,0,71.40666666666667,,114.0,
RWS01_MONIBAS_0280vwa0930ra,2,0,82.0,,82.0,
RWS01_MONICA_00D00F035C0AD0070007,8,0,68.5,,138.0,
RWS01_MONICA_00D01B0D601400200007,8,0,47.5,,96.0,
RWS01_MONIBAS_0041hrr0630rb,2,0,99.0,,99.0,
RWS01_MONIBAS_0041hrr0630ra,4,0,107.0,,120.0,
RWS01_MONIBAS_0041hrl0362ra,4,0,46.0,,48.0,
RWS01_MONIBAS_0041hrl0362rb,4,0,85.0,,86.0,
RWS01_MONIBAS_0020vwm1583ra,6,0,44.0,,51.0,
RWS01_MONIBAS_0020vwm1583rb,6,0,23.666666666666668,,28.0,
RWS01_MONICA_00D01B0D60140020000B,8,0,87.8325,,101.0,
RWS01_MONIBAS_0051hrl0062ra,4,0,89.0,,90.0,
RWS01_MONIBAS_0021hrr1115ra,4,0,105.0,,112.0,
RWS01_MONIBAS_0020vwn0600ra,6,0,33.666666666666664,,103.0,
RWS01_MONIBAS_0121hrl0871ra,6,0,107.66666666666667,,119.0,
RWS01_MONIBAS_0091hrl0329ra_1,32,0,82.901875,,134.0,
RWS01_MONIBAS_0201hrr0239ra,4,0,105.5,,113.0,
RWS01_MONIBAS_0121hrl1233ra,6,0,91.33333333333333,,102.0,
RWS01_MONIBAS_0021hrr0875ra,8,0,57.5,,64.0,
RWS01_MONIBAS_0091hrr0517ra,6,0,71.66666666666667,,117.0,
RWS01_MONIBAS_0040vwe0763ra,4,0,103.5,,106.0,
RWS01_MONIBAS_0151hrl0735ra,6,0,92.66666666666667,,105.0,
RWS01_MONICA_00D00A031C3210200005,8,0,-1.0,,-1.0,
RWS01_MONICA_00D010022857D0050005,8,0,-1.0,,-1.0,
RWS01_MONIBAS_0090vwy0076ra,6,0,97.0,,106.0,
RWS01_MONIBAS_0591hrr1327ra,4,0,95.5,,102.0,
RWS01_MONIBAS_0021hrr0742ra,8,0,64.0,,89.0,
RWS01_MONIBAS_0581hrl0626ra,4,0,30.0,,32.0,
RWS01_MONICA_00D01B022C32D0050005,8,0,80.4275,,110.0,
RWS01_MONICA_00D00904F42810200005,8,0,-1.0,,-1.0,
RWS01_MONICA_00D01B022C32D0050009,8,0,68.8325,,97.0,
RWS01_MONICA_00D00904F42810200009,8,0,-1.0,,-1.0,
RWS01_MONICA_00D00A031C3210200009,8,0,-1.0,,-1.0,
RWS01_MONIBAS_0161hrl0302ra,8,0,101.75,,123.0,
RWS01_MONIBAS_0011hrr1152ra,6,0,102.0,,115.0,
RWS01_MONIBAS_0581hrl0123ra,2,0,26.0,,26.0,
RWS01_MONIBAS_0070vwa0162ra,2,0,75.0,,75.0,
RWS01_MONIBAS_0041hrl0482ra,8,0,46.25,,48.0,
RWS01_MONIBAS_0381hrr0205ra,4,0,46.5,,94.0,
RWS01_MONIBAS_0071hrl0085ra,6,0,102.66666666666667,,112.0,
RWS01_MONIBAS_0120vwu0051ra,4,0,-1.0,,-1.0,
RWS01_MONIBAS_0281hrl1108ra,6,0,94.66666666666667,,109.0,
RWS01_MONIBAS_0010vwn0303rb,4,0,99.5,,103.0,
RWS01_MONIBAS_0010vwn0303ra,2,0,100.0,,100.0,
RWS01_MONIBAS_0021hrl0724ra,8,0,105.5,,118.0,
RWS01_MONICA_00D01B12944BD0070007,8,0,-1.0,,-1.0,
RWS01_MONIBAS_0071hrr0100ra,6,0,46.333333333333336,,47.0,
RWS01_MONIBAS_0731hrr0131ra,4,0,96.0,,97.0,
RWS01_MONIBAS_0100vwd0173ra,2,0,55.0,,55.0,
RWS01_MONICA_00D01B12944BD007000B,8,0,-1.0,,-1.0,
RWS01_MONICA_00D023080C3788200007,8,0,56.0,,113.0,
RWS01_MONIBAS_0671hrl0583ra,16,0,93.06375,,102.0,
RWS01_MONIBAS_0021hrr1092ra,6,0,104.33333333333333,,113.0,
RWS01_MONIBAS_0011hrl0521ra,4,0,87.0,,91.0,
RWS01_MONIBAS_0011hrl1389ra,6,0,97.66666666666667,,108.0,
RWS01_MONICA_00D00223704BD0050185,8,0,81.935,,83.0,
RWS01_MONIBAS_0010vwn0293ra,4,0,92.0,,94.0,
RWS01_MONIBAS_0021hrr1355ra,6,0,103.33333333333333,,111.0,
RWS01_MONIBAS_0281hrr0991ra,6,0,92.33333333333333,,103.0,
RWS01_MONIBAS_0021hrl0604ra,8,0,80.0,,117.0,
RWS01_MONIBAS_0041hrr2441ra,8,0,-1.0,,-1.0,
RWS01_MONIBAS_0021hrr0635ra,6,0,57.333333333333336,,94.0,
RWS01_MONIBAS_0121hrl0381ra,8,0,79.25,,85.0,
RWS01_MONICA_00D01403800AD005000D,8,0,-1.0,,-1.0,
RWS01_MONIBAS_0121hrr0079ra,6,0,93.33333333333333,,104.0,
RWS01_MONICA_00D00909881FD0050009,8,0,-1.0,,-1.0,
RWS01_MONIBAS_0011hrr0432ra,8,0,98.5,,109.0,
RWS01_MONIBAS_0040vwe0757ra_1,16,0,46.25,,94.0,
RWS01_MONIBAS_0120vwy0612ra,4,0,26.5,,28.0,
RWS01_MONICA_00D00909C446D0070007,8,0,-1.0,,-1.0,
RWS01_MONICA_00D01403800AD0050009,8,0,49.0,,99.0,
RWS01_MONICA_00D01403800AD0050005,8,0,49.0,,99.0,
RWS01_MONIBAS_0011hrl1256ra,6,0,107.0,,121.0,
RWS01_MONIBAS_0090vwy0089ra,4,0,96.0,,100.0,
RWS01_MONIBAS_0201hrr0346ra,4,0,92.5,,102.0,
RWS01_MONIBAS_0201hrr0346rb,4,0,46.0,,74.0,
RWS01_MONIBAS_0671hrl0330ra,4,0,84.5,,90.0,
RWS01_MONIBAS_0091hrl0369ra,8,0,102.0,,117.0,
RWS01_MONICA_00D00C0AEC0FD0070087,8,0,31.5,,64.0,
RWS01_MONIBAS_0041hrl0137rb,4,0,99.5,,100.0,
RWS01_MONICA_10D0040B6C386020000B,2,0,82.0,,82.0,
RWS01_MONIBAS_0041hrl0137ra,10,0,76.4,,106.0,
RWS01_MONICA_00D00909881FD0050005,8,0,-1.0,,-1.0,
RWS01_MONIBAS_0020vwm1596ra,4,0,54.5,,56.0,
RWS01_MONIBAS_0020vwm1596rb,4,0,89.5,,98.0,
RWS01_MONIBAS_0071hrl0072ra,6,0,100.0,,115.0,
RWS01_MONIBAS_0280vwb1990ra,2,0,45.0,,45.0,
RWS01_MONIBAS_0021hrl2535ra,8,0,57.5,,81.0,
RWS01_MONIBAS_0041hrl0004ra,6,0,23.333333333333332,,24.0,
RWS01_MONICA_10D0040B6C3860200007,2,0,96.0,,96.0,
RWS01_MONICA_00D00C0A10143020000F,8,0,71.75,,97.0,
RWS01_MONIBAS_0021hrr0348ra_1,24,0,29.352500000000003,,93.0,
RWS01_MONICA_00D00C0A10143020000B,8,0,75.6425,,105.0,
RWS01_MONIBAS_0731hrl0246ra,4,0,96.0,,101.0,
RWS01_MONICA_00D002284C5FD0050005,8,0,-1.0,,-1.0,
RWS01_MONIBAS_0581hrl0720ra,4,0,104.0,,107.0,
RWS01_MONIBAS_0021hrl2285ra,6,0,86.33333333333333,,93.0,
RWS01_MONIBAS_0050vwe0080ra,2,0,-1.0,,-1.0,
RWS01_MONIBAS_0020vwn1599ra,4,0,82.5,,86.0,
RWS01_MONICA_00D010011C3CD0070007,8,0,67.5,,136.0,
RWS01_MONIBAS_0500vwd0964ra,2,0,76.0,,76.0,
RWS01_MONIBAS_0021hrl2428ra,4,0,97.0,,103.0,
RWS01_MONICA_00D00C0A101430200007,8,0,74.7625,,101.0,
RWS01_MONICA_00D03B0A641ED0070007,8,0,43.305,,64.0,
RWS01_MONIBAS_0150vwh0700ra,4,0,98.5,,101.0,
RWS01_MONIBAS_0041hrr0020ra,8,0,107.0,,133.0,
RWS01_MONICA_00D010011C3CD007000F,8,0,81.36,,89.0,
RWS01_MONIBAS_0581hrr0394ra,8,0,76.25,,116.0,
RWS01_MONIBAS_0061hrr0426ra,6,0,103.66666666666667,,111.0,
RWS01_MONIBAS_0021hrr2553ra,4,0,95.0,,100.0,
RWS01_MONIBAS_0020vwm1619ra,6,0,56.666666666666664,,67.0,
RWS01_MONICA_00D010011C3CD007000B,8,0,70.795,,101.0,
RWS01_MONIBAS_0010vwd1069ra,2,0,49.0,,49.0,
RWS01_MONIBAS_0021hrl0711ra,10,0,105.4,,121.0,
RWS01_MONICA_00D002284C5FD0050009,8,0,-1.0,,-1.0,
RWS01_MONICA_00D0071F283C10200005,8,0,35.5,,72.0,
RWS01_MONICA_00D00223AC0518200005,8,0,48.3125,,66.0,
RWS01_MONICA_00D00F08A40010200005,8,0,43.5,,88.0,
RWS01_MONICA_00D00F08A40010200009,8,0,78.36,,81.0,
RWS01_MONIBAS_0121hrr0666ra_1,32,0,70.938125,,126.0,
RWS01_MONICA_10D00E020062D0070007,2,0,62.0,,62.0,
RWS01_MONICA_00D01001F823D007000B,8,0,47.2125,,64.0,
RWS01_MONIBAS_0071hrr0126ra,6,0,56.333333333333336,,87.0,
RWS01_MONICA_00D00227D003D007000B,8,0,83.4,,91.0,
RWS01_MONICA_00D01B0EA05AD0050005,8,0,60.0,,121.0,
RWS01_MONICA_10D00E020062D007000B,2,0,59.0,,59.0,
RWS01_MONIBAS_0010vwe0445ra,4,0,42.0,,85.0,
RWS01_MONICA_00D01B0EA05AD0050009,8,0,55.5,,112.0,
RWS01_MONICA_00D01001F823D0070007,8,0,37.0,,75.0,
RWS01_MONIBAS_0581hrr0524ra,4,0,26.0,,26.0,
RWS01_MONICA_00D00211C45568200305,8,0,49.91,,72.0,
RWS01_MONICA_00D00227D003D0070007,8,0,47.5,,96.0,
RWS01_MONICA_00D002236C19D0070187,8,0,83.71000000000001,,86.0,
RWS01_MONIBAS_0121hrl0141ra,6,0,102.66666666666667,,115.0,
RWS01_MONIBAS_0021hrr0648ra,10,0,29.4,,44.0,
RWS01_MONIBAS_0071hrr1839ra,16,0,-1.0,,-1.0,
RWS01_MONICA_00D01B0EA05AD005000D,8,0,95.5,,105.0,
RWS01_MONIBAS_0071hrl2039rb,4,0,92.5,,105.0,
RWS01_MONIBAS_0151hrl0962ra,4,0,85.5,,90.0,
RWS01_MONIBAS_0010vwp0130ra,4,0,105.0,,109.0,
RWS01_MONIBAS_0071hrl2039ra,4,0,52.5,,106.0,
RWS01_MONIBAS_0501hrl1657ra,6,0,83.0,,93.0,
RWS01_MONIBAS_0121hrl0274ra,10,0,62.4,,94.0,
RWS01_MONIBAS_0761hrr0092ra,4,0,97.0,,104.0,
RWS01_MONIBAS_0200vwe0190ra,2,0,91.0,,91.0,
RWS01_MONIBAS_0041hrl0732ra,4,0,86.5,,90.0,
RWS01_MONIBAS_0281hrr0035ra,6,0,109.33333333333333,,121.0,
RWS01_MONIBAS_0011hrr0948ra,8,0,112.25,,129.0,
RWS01_MONIBAS_0281hrl1718ra,16,0,89.46875,,112.0,
RWS01_MONICA_00D01D019C60A8200007,8,0,33.0,,67.0,
RWS01_MONIBAS_0091hrl0476ra,6,0,105.66666666666667,,118.0,
RWS01_MONIBAS_0281hrl0722ra,16,0,73.58625,,116.0,
RWS01_MONIBAS_0041hrr0403ra,8,0,54.75,,58.0,
RWS01_MONIBAS_0281hrr1139ra,4,0,46.5,,94.0,
RWS01_MONICA_00D04C00805390200005,8,0,72.6575,,105.0,
RWS01_MONICA_00D00A01FC3C18200005,8,0,58.25,,64.0,
RWS01_MONICA_00D0010D942338200009,8,0,48.5,,98.0,
RWS01_MONIBAS_0131hrr0147ra,6,0,96.66666666666667,,107.0,
RWS01_MONIBAS_0281hrr0022ra,6,0,108.0,,123.0,
RWS01_MONICA_00D0010D942338200005,8,0,65.5625,,94.0,
RWS01_MONIBAS_0281hrl0842ra,6,0,91.33333333333333,,102.0,
RWS01_MONIBAS_0501hrl0937ra,6,0,92.0,,97.0,
RWS01_MONIBAS_0241hrr0017ra,6,0,102.33333333333333,,112.0,
RWS01_MONIBAS_0021hrr0398ra,10,0,99.2,,103.0,
RWS01_MONIBAS_0011hrl0164ra,8,0,101.25,,112.0,
RWS01_MONIBAS_0221hrr0116ra,4,0,87.5,,92.0,
RWS01_MONIBAS_0270vwm0800ra,2,0,88.0,,88.0,
RWS01_MONICA_00D04C00805390200009,8,0,70.1775,,96.0,
RWS01_MONIBAS_0151hrr0263ra,6,0,96.66666666666667,,109.0,
RWS01_MONIBAS_0041hrr0290ra_1,24,0,8.68,,25.0,
RWS01_MONIBAS_0040vwn0491ra,6,0,78.0,,85.0,
RWS01_MONIBAS_0121hrl0021ra,4,0,69.5,,75.0,
RWS01_MONIBAS_0121hrr0662ra,8,0,106.0,,124.0,
RWS01_MONIBAS_0161hrl0328ra,8,0,99.5,,107.0,
RWS01_MONIBAS_0500vwt0962ra,8,0,89.0,,94.0,
RWS01_MONIBAS_0090vwx0084rb,4,0,50.0,,101.0,
RWS01_MONIBAS_0090vwx0084ra,2,0,89.0,,89.0,
RWS01_MONIBAS_0021hrr0528ra,10,0,37.0,,56.0,
RWS01_MONICA_00D010019050D0050305,8,0,-1.0,,-1.0,
RWS01_MONIBAS_0010vwp0143ra,4,0,100.0,,104.0,
RWS01_MONIBAS_0151hrl0722ra,6,0,-1.0,,-1.0,
RWS01_MONIBAS_0270vwu0562ra,4,0,37.5,,76.0,
RWS01_MONIBAS_0010vwq0133ra,4,0,-1.0,,-1.0,
RWS01_MONIBAS_0121hrl0034ra,6,0,75.33333333333333,,82.0,
RWS01_MONIBAS_0060vwm0532ra,4,0,109.5,,114.0,
RWS01_MONIBAS_0101hrl0013ra,8,0,23.5,,48.0,
RWS01_MONIBAS_0671hrr0388ra,4,0,91.5,,99.0,
RWS01_MONIBAS_0041hrr0549ra,6,0,90.0,,97.0,
RWS01_MONIBAS_0271hrl0296ra,4,0,93.0,,100.0,
RWS01_MONIBAS_0041hrr0416ra,8,0,45.5,,47.0,
RWS01_MONIBAS_0161hrl0172ra,10,0,61.0,,90.0,
RWS01_MONICA_00D1B200A046D0050005,8,0,45.5,,92.0,
RWS01_MONICA_00D1B200A046D0050009,8,0,59.192499999999995,,81.0,
RWS01_MONIBAS_0061hrr0546ra,8,0,101.75,,110.0,
RWS01_MONIBAS_0581hrr0537ra,4,0,59.0,,61.0,
RWS01_MONICA_00D00A026416D0070307,8,0,54.125,,78.0,
RWS01_MONICA_00D00227D004D0070007,8,0,35.5,,72.0,
RWS01_MONIBAS_0271hrr0809ra_1,24,0,84.035,,113.0,
RWS01_MONIBAS_0040vwx0487ra,6,0,31.0,,35.0,
RWS01_MONIBAS_0090vwx0085ra,4,0,104.5,,119.0,
RWS01_MONICA_00D00A026416D007030B,8,0,67.5,,71.0,
RWS01_MONIBAS_0121hrr0292ra,8,0,100.75,,113.0,
RWS01_MONIBAS_0150vwh1542ra,4,0,28.5,,58.0,
RWS01_MONIBAS_0060vwq0461ra,4,0,-1.0,,-1.0,
RWS01_MONIBAS_0201hrl0280ra,6,0,86.0,,96.0,
RWS01_MONIBAS_0150vwx0450ra,2,0,93.0,,93.0,
RWS01_MONIBAS_0151hrr0396ra,4,0,95.5,,99.0,
RWS01_MONICA_10D0040B6C3868200005,2,0,47.0,,47.0,
RWS01_MONICA_00D00105EC05D0070007,8,0,99.9225,,134.0,
RWS01_MONIBAS_0041hrr0047ra,6,0,102.0,,111.0,
RWS01_MONIBAS_0271hrr0826ra,8,0,101.25,,110.0,
RWS01_MONICA_00D00105EC05D007000B,8,0,86.13,,122.0,
RWS01_MONIBAS_0011hrr0075ra,12,0,97.5,,110.0,
RWS01_MONIBAS_0580vwb0826ra,8,0,-1.0,,-1.0,
RWS01_MONICA_00D03217203260200007,8,0,34.5,,70.0,
RWS01_MONIBAS_0671hrr0254ra,4,0,77.5,,80.0,
RWS01_MONICA_00D00105EC05D007000F,8,0,76.265,,104.0,
RWS01_MONICA_10D0040B6C3868200009,2,0,26.0,,26.0,
RWS01_MONICA_00D030121800B0200005,8,0,34.5,,70.0,
RWS01_MONICA_00D00105EC05D0070013,8,0,86.935,,89.0,
RWS01_MONIBAS_0201hrl0423ra,6,0,106.66666666666667,,119.0,
RWS01_MONIBAS_0150vwx0463ra,4,0,93.0,,94.0,
RWS01_MONIBAS_0151hrr0659ra,6,0,97.66666666666667,,121.0,
RWS01_MONIBAS_0161hrr0609ra,6,0,103.66666666666667,,122.0,
RWS01_MONIBAS_0281hrr0908ra,8,0,88.5,,103.0,
RWS01_MONICA_00D00108742DD0050005,8,0,19.0,,39.0,
RWS01_MONIBAS_0271hrr0791ra_1,24,0,75.54,,119.0,
RWS01_MONICA_00D00106C00FD0070007,8,0,79.795,,110.0,
RWS01_MONIBAS_0651hrr0232ra,4,0,101.0,,106.0,
RWS01_MONICA_00D01007942D00200007,8,0,62.125,,85.0,
RWS01_MONIBAS_0131hrl0117ra,10,0,31.8,,73.0,
RWS01_MONICA_00D00106C00FD007000B,8,0,95.64750000000001,,102.0,
RWS01_MONICA_00D00108742DD0050009,8,0,28.555,,39.0,
RWS01_MONIBAS_0020vwm1129ra,6,0,99.0,,106.0,
RWS01_MONIBAS_0151hrr0406ra,6,0,66.33333333333333,,109.0,
RWS01_MONIBAS_0051hrr0129ra,4,0,105.5,,111.0,
RWS01_MONIBAS_0021hrl2299ra,6,0,25.0,,77.0,
RWS01_MONIBAS_0280vwb1523ra,8,0,-1.0,,-1.0,
RWS01_MONIBAS_0090vwx0098ra,2,0,95.0,,95.0,
RWS01_MONIBAS_0090vwx0098rb,4,0,98.5,,104.0,
RWS01_MONICA_00D014075800D0070007,8,0,96.58250000000001,,131.0,
RWS01_MONIBAS_0021hrr2579ra,8,0,84.75,,102.0,
RWS01_MONICA_00D00209D02B68200185,8,0,-1.0,,-1.0,
RWS01_MONIBAS_0150vwg0593ra,4,0,92.0,,98.0,
RWS01_MONIBAS_0671hrr0374ra,4,0,93.0,,101.0,
RWS01_MONICA_00D014075800D007000B,8,0,86.62,,91.0,
RWS01_MONICA_00D01002782828200005,8,0,7.0,,15.0,
RWS01_MONIBAS_0501hrl1884ra,6,0,64.33333333333333,,71.0,
RWS01_MONICA_00D01002782828200009,8,0,10.025,,15.0,
RWS01_MONIBAS_0161hrr0083ra,6,0,104.66666666666667,,117.0,
RWS01_MONIBAS_0021hrl1827ra,16,0,-1.0,,-1.0,
RWS01_MONIBAS_0161hrr0586ra,6,0,98.66666666666667,,107.0,
RWS01_MONIBAS_0020vwm0621ra,6,0,81.0,,85.0,
RWS01_MONIBAS_0501hrr2010ra,6,0,91.66666666666667,,95.0,
RWS01_MONIBAS_0071hrr1932ra,4,0,103.0,,111.0,
RWS01_MONICA_00D014070400D0070007,8,0,68.78999999999999,,96.0,
RWS01_MONIBAS_0021hrr2566ra,4,0,80.0,,81.0,
RWS01_MONICA_00D01E01980018200005,8,0,40.9375,,57.0,
RWS01_MONIBAS_0201hrl0173ra,4,0,82.0,,95.0,
RWS01_MONIBAS_0091hrl0690ra,8,0,95.75,,106.0,
RWS01_MONICA_00D014070400D007000B,8,0,76.345,,83.0,
RWS01_MONICA_00D00F07EC2D18200005,8,0,41.0,,83.0,
RWS01_MONIBAS_0160vwn0337ra,4,0,85.5,,89.0,
RWS01_MONICA_00D01007B00018200005,8,0,55.5725,,64.0,
RWS01_MONIBAS_0150vwm0633ra,4,0,85.0,,88.0,
RWS01_MONIBAS_0731hrl0233ra,4,0,100.5,,106.0,
RWS01_MONIBAS_0021hrr1712ra,6,0,99.66666666666667,,111.0,
RWS01_MONIBAS_0040vwc2366ra,8,0,-1.0,,-1.0,
RWS01_MONICA_00D00702180000200007,8,0,-1.0,,-1.0,
RWS01_MONIBAS_0150vwe0634ra,4,0,97.5,,101.0,
RWS01_MONIBAS_0021hrr2290ra,6,0,92.33333333333333,,102.0,
RWS01_MONIBAS_0351hrr0711ra,8,0,-1.0,,-1.0,
RWS01_MONIBAS_0501hrl1631ra,6,0,86.33333333333333,,92.0,
RWS01_MONIBAS_0280vwb1416ra,8,0,38.5,,78.0,
RWS01_MONICA_00D00218945FD0050005,8,0,59.5,,120.0,
RWS01_MONICA_00D00218945FD0050009,8,0,99.6425,,108.0,
RWS01_MONICA_00D00901C85AD0070007,8,0,47.0,,95.0,
RWS01_MONIBAS_0011hrl0178ra,6,0,-1.0,,-1.0,
RWS01_MONIBAS_0071hrr1576ra,16,0,74.65,,112.0,
RWS01_MONIBAS_0071hrr0258ra,4,0,101.0,,103.0,
RWS01_MONIBAS_0011hrl1122ra,6,0,111.33333333333333,,127.0,
RWS01_MONIBAS_2421hrr0306ra,4,0,-1.0,,-1.0,
RWS01_MONICA_00D00218945FD005000D,8,0,56.0,,113.0,
RWS01_MONICA_00D00901C85AD007000B,8,0,-1.0,,-1.0,
RWS01_MONIBAS_0150vwx0570ra,2,0,98.0,,98.0,
RWS01_MONIBAS_0581hrr0460ra_1,16,0,5.76125,,11.0,
RWS01_MONICA_00D006076C556020000B,8,0,73.775,,102.0,
RWS01_MONICA_00D01001781908200007,8,0,52.75,,75.0,
RWS01_MONIBAS_0271hrr0576ra,8,0,103.5,,111.0,
RWS01_MONIBAS_0151hrr0370ra,6,0,107.66666666666667,,123.0,
RWS01_MONIBAS_0010vwe0089ra,2,0,96.0,,96.0,
RWS01_MONICA_00D00F05EC00C0200005,8,0,37.0,,75.0,
RWS01_MONICA_00D0071E600008200007,8,0,46.5,,94.0,
RWS01_MONIBAS_0090vwq0050ra,4,0,47.5,,96.0,
RWS01_MONICA_00D0010DB005D0070007,8,0,60.0,,121.0,
RWS01_MONIBAS_0120vwh1210ra,4,0,60.5,,66.0,
RWS01_MONICA_00D006076C5560200007,8,0,62.5,,126.0,
RWS01_MONIBAS_0090vws0392ra,4,0,107.0,,115.0,
RWS01_MONICA_00D0010DB005D007000B,8,0,55.0,,111.0,
RWS01_MONICA_00D00218945FD0050011,8,0,90.48,,95.0,
RWS01_MONICA_00D04C007C32A8200007,8,0,-1.0,,-1.0,
RWS01_MONICA_00D022088851D0050005,8,0,35.0,,71.0,
RWS01_MONIBAS_0120vwg0644ra,6,0,99.33333333333333,,102.0,
RWS01_MONICA_00D0010DB005D007000F,8,0,94.385,,104.0,
RWS01_MONIBAS_0201hrl0449ra,4,0,74.0,,80.0,
RWS01_MONIBAS_0201hrr0333ra,6,0,104.0,,113.0,
RWS01_MONIBAS_0151hrr0886ra,4,0,89.0,,94.0,
RWS01_MONICA_00D00F07DC0EC0200005,8,0,52.5,,106.0,
RWS01_MONIBAS_0151hrr0490ra,6,0,107.66666666666667,,120.0,
RWS01_MONICA_00D01009D45A00200007,8,0,8.5,,18.0,
RWS01_MONIBAS_0151hrl0486ra,8,0,101.0,,111.0,
RWS01_MONICA_00D0090A984BD0050185,8,0,-1.0,,-1.0,
RWS01_MONIBAS_0201hrr0190ra,4,0,88.5,,99.0,
RWS01_MONIBAS_0020vwa2505ra,8,0,42.5,,86.0,
RWS01_MONIBAS_0011hrr0708ra,16,0,-1.0,,-1.0,
RWS01_MONIBAS_0300vwa0089ra,8,0,32.375,,45.0,
RWS01_MONIBAS_0071hrr0245ra,4,0,-1.0,,-1.0,
RWS01_MONICA_00D01B04A037D007000B,8,0,-1.0,,-1.0,
RWS01_MONIBAS_0271hrr0469ra,4,0,85.0,,90.0,
RWS01_MONIBAS_0501hrr2023ra,8,0,93.0,,110.0,
RWS01_MONICA_00D01B04A037D0070007,8,0,-1.0,,-1.0,
RWS01_MONICA_00D00F05180ED0050009,8,0,100.0,,125.0,
RWS01_MONIBAS_0011hrr0698ra,16,0,-1.0,,-1.0,
RWS01_MONIBAS_0071hrl0098ra,6,0,102.0,,111.0,
RWS01_MONIBAS_0120vwu0065ra,4,0,85.5,,90.0,
RWS01_MONIBAS_0020vwn2424ra,16,0,52.0,,110.0,
RWS01_MONICA_00D00F05180ED0050005,8,0,50.5,,102.0,
RWS01_MONIBAS_0021hrl1218ra,8,0,74.0,,100.0,
RWS01_MONIBAS_0021hrr1222ra,8,0,101.75,,117.0,
RWS01_MONICA_00D0010DC823D0050005,8,0,56.5,,114.0,
RWS01_MONIBAS_0151hrr1581ra,4,0,100.0,,107.0,
RWS01_MONIBAS_0060vwq0487ra,2,0,-1.0,,-1.0,
RWS01_MONIBAS_0121hrl0524ra,8,0,22.5,,29.0,
RWS01_MONICA_00D0010DC823D0050009,8,0,73.515,,104.0,
RWS01_MONIBAS_0101hrr0189ra,10,0,38.8,,67.0,
RWS01_MONIBAS_0160vwm0346ra,6,0,74.66666666666667,,85.0,
RWS01_MONICA_00D00106C00FD007008B,8,0,95.595,,103.0,
RWS01_MONIBAS_0161hrr0453ra,6,0,77.66666666666667,,84.0,
RWS01_MONICA_00D0010DC823D005000D,8,0,92.6925,,100.0,
RWS01_MONIBAS_0151hrr0753ra,8,0,18.75,,32.0,
RWS01_MONIBAS_0291hrr0095ra,6,0,80.0,,83.0,
RWS01_MONIBAS_0101hrr0069ra,6,0,98.66666666666667,,107.0,
RWS01_MONIBAS_0271hrl0665ra,6,0,14.333333333333334,,17.0,
RWS01_MONICA_00D00209B4376020000B,8,0,-1.0,,-1.0,
RWS01_MONIBAS_0011hrr0445ra,4,0,14.5,,17.0,
RWS01_MONIBAS_0201hrl0186ra,4,0,97.5,,104.0,
RWS01_MONICA_00D00209B43760200007,8,0,-1.0,,-1.0,
RWS01_MONIBAS_0010vwh0289ra,4,0,98.0,,110.0,
RWS01_MONICA_00D00F18F86208200007,8,0,55.875,,76.0,
RWS01_MONIBAS_0071hrl0108ra,6,0,101.33333333333333,,115.0,
RWS01_MONIBAS_0151hrl0220ra,8,0,-1.0,,-1.0,
RWS01_MONIBAS_0271hrr0589ra,6,0,101.0,,113.0,
RWS01_MONIBAS_0071hrr0365ra,4,0,110.5,,120.0,
RWS01_MONIBAS_0011hrr0312ra,4,0,104.0,,110.0,
RWS01_MONIBAS_0010vwm0445ra,4,0,32.5,,66.0,
RWS01_MONIBAS_0281hrr0632ra,16,0,74.065,,111.0,
RWS01_MONIBAS_0581hrl0484ra_1,16,0,68.52875,,101.0,
RWS01_MONIBAS_0011hrr0205ra,6,0,91.66666666666667,,104.0,
RWS01_MONIBAS_0581hrl0376ra,6,0,93.0,,112.0,
RWS01_MONIBAS_0280vwx0009ra,6,0,86.33333333333333,,105.0,
RWS01_MONIBAS_0121hrl0907ra,6,0,105.66666666666667,,121.0,
RWS01_MONIBAS_0101hrr0163ra,6,0,34.666666666666664,,41.0,
RWS01_MONICA_00D0010E6032D0070007,8,0,-1.0,,-1.0,
RWS01_MONICA_00D0321E804610200005,8,0,45.0,,91.0,
RWS01_MONIBAS_0081hrr0078ra,4,0,90.0,,96.0,
RWS01_MONIBAS_0021hrl0487ra,12,0,94.33333333333333,,102.0,
RWS01_MONIBAS_0121hrl0511ra,8,0,19.5,,22.0,
RWS01_MONICA_00D0010E6032D007000B,8,0,78.4575,,107.0,
RWS01_MONIBAS_0121hrl0764ra,6,0,103.66666666666667,,117.0,
RWS01_MONICA_00D0010E6032D007000F,8,0,94.0,,98.0,
RWS01_MONIBAS_0500vwc0972ra,4,0,81.5,,85.0,
RWS01_MONIBAS_0011hrl1758ra,16,0,61.7,,95.0,
RWS01_MONIBAS_0271hrl0915ra,6,0,107.33333333333333,,117.0,
RWS01_MONICA_00D0010E6032D0070013,8,0,85.9225,,89.0,
RWS01_MONICA_00D01C0E6C55D005000D,8,0,85.4675,,88.0,
RWS01_MONICA_00D00106C00FD0070087,8,0,93.7875,,99.0,
RWS01_MONIBAS_0061hrl0515ra,4,0,109.0,,114.0,
RWS01_MONIBAS_0151hrr0620ra,8,0,98.25,,105.0,
RWS01_MONIBAS_0280vwb1906ra,8,0,23.0,,47.0,
RWS01_MONICA_00D01C0E6C55D0050009,8,0,50.0,,101.0,
RWS01_MONICA_00D01C0E6C55D0050005,8,0,52.5,,106.0,
RWS01_MONIBAS_0011hrr1179ra,6,0,103.0,,113.0,
RWS01_MONICA_00D01001E03BD0050009,8,0,-1.0,,-1.0,
RWS01_MONIBAS_0580vwr0563ra,4,0,48.5,,98.0,
RWS01_MONIBAS_0151hrr0993ra,4,0,97.0,,105.0,
RWS01_MONICA_00D01001E03BD0050005,8,0,-1.0,,-1.0,
RWS01_MONIBAS_0041hrl0230ra,6,0,104.33333333333333,,115.0,
RWS01_MONIBAS_0020vwa2242ra,2,0,73.0,,73.0,
RWS01_MONIBAS_0201hrl0199ra,8,0,95.5,,99.0,
RWS01_MONIBAS_0501hrl1991ra,6,0,88.0,,101.0,
RWS01_MONIBAS_0040vwg0470ra,6,0,92.0,,95.0,
RWS01_MONIBAS_0121hrr0208ra,6,0,96.33333333333333,,106.0,
RWS01_MONIBAS_0170vwc0197ra,8,0,25.5,,52.0,
RWS01_MONIBAS_0091hrr0481ra,6,0,98.66666666666667,,110.0,
RWS01_MONIBAS_0120vwb1196ra,2,0,64.0,,64.0,
RWS01_MONICA_00D0010DA82820200007,8,0,-1.0,,-1.0,
RWS01_MONIBAS_0151hrl0366ra,6,0,109.66666666666667,,126.0,
RWS01_MONIBAS_0161hrr0346ra,4,0,78.0,,81.0,
RWS01_MONIBAS_0171hrl0242ra,16,0,75.5625,,112.0,
RWS01_MONIBAS_0151hrr0840ra_1,24,0,17.889166666666668,,28.0,
RWS01_MONIBAS_0021hrl1088ra,6,0,96.33333333333333,,104.0,
RWS01_MONIBAS_0151hrr0740ra,6,0,84.33333333333333,,92.0,
RWS01_MONIBAS_0070vwc1617ra,8,0,34.0,,69.0,
RWS01_MONIBAS_3251hrl0136ra,4,0,98.5,,103.0,
HBR01_B294_294_294,12,0,15.0,,43.0,
HBR01_B162-162-162,24,0,19.166666666666668,,49.0,
HBR01_188A-188-188,12,0,24.0,,54.0,
HBR01_192-192B-192,24,0,9.166666666666666,,60.0,
HBR01_A292_292_292,12,0,12.333333333333334,,39.0,
HBR01_A160-160-160,12,0,-1.0,,-1.0,
HBR01_195A-195-195,24,0,21.75,,59.0,
HBR01_148-97120-148,12,0,34.666666666666664,,74.0,
HBR01_97210-161-161,24,0,5.5,,38.0,
HBR01_170-88060-170,12,0,25.333333333333332,,44.0,
HBR01_B194-194-194,12,0,31.0,,73.0,
HBR01_84070-177-177,24,0,19.5,,68.0,
HBR01_A293_293_293,24,0,20.166666666666668,,90.0,
HBR01_97290-97030-153,12,0,-1.0,,-1.0,
HBR01_A193_193_193,12,0,17.0,,53.0,
HBR01_B193_193_193,24,0,22.333333333333332,,49.0,
HBR01_B293_293_293,24,0,50.083333333333336,,126.0,
HBR01_B585_585_585,12,0,25.0,,77.0,
HBR01_177-84070-177,24,0,21.583333333333332,,62.0,
HBR01_97030-97290-153,24,0,12.666666666666666,,47.0,
HBR01_A172-172-172,12,0,20.0,,62.0,
HBR01_A162-162-162,24,0,-1.0,,-1.0,
HBR01_168-97100-168,12,0,35.666666666666664,,55.0,
HBR01_196A-196-196,12,0,28.333333333333332,,87.0,
HBR01_A169-169-169,12,0,22.333333333333332,,69.0,
HBR01_290A-290-290,12,0,23.0,,71.0,
HBR01_178-89020-178,24,0,26.166666666666668,,87.0,
HBR01_B163-163-163,12,0,8.666666666666666,,28.0,
HBR01_A294_294_294,12,0,13.666666666666666,,43.0,
HBR01_188-188B-188,12,0,19.666666666666668,,61.0,
HBR01_B172-172-172,12,0,19.0,,59.0,
HBR01_A163-163-163,12,0,9.666666666666666,,31.0,
HBR01_A147-147-147,12,0,-1.0,,-1.0,
HBR01_141-84070-141,24,0,12.75,,66.0,
HBR01_A585_585_585,12,0,-1.0,,-1.0,
HBR01_179-142-179,12,0,25.0,,67.0,
HBR01_B_295_295_295,24,0,10.5,,29.0,
HBR01_A190_190_190,12,0,-1.0,,-1.0,
HBR01_290-290C-290,12,0,24.333333333333332,,75.0,
HBR01_A157-157-157,12,0,-1.0,,-1.0,
HBR01_B176-176-176,24,0,13.0,,83.0,
HBR01_97090-152-152,24,0,6.333333333333333,,43.0,
HBR01_B143-143-143,12,0,27.333333333333332,,84.0,
HBR01_88060-170-170,24,0,9.333333333333334,,61.0,
HBR01_A296_296_296,12,0,-1.0,,-1.0,
HBR01_89020-178-178,24,0,43.416666666666664,,73.0,
HBR01_91010-95010-144,24,0,11.5,,74.0,
HBR01_A291_291_291,24,0,7.166666666666667,,48.0,
HBR01_191-191B-191,24,0,24.25,,77.0,
HBR01_182-97250-182,24,0,14.0,,89.0,
HBR01_142-84070-142,12,0,-1.0,,-1.0,
HBR01_B586_586_586,12,0,-1.0,,-1.0,
HBR01_B292_292_292,12,0,4.333333333333333,,15.0,
HBR01_97020-97120-150,12,0,25.0,,77.0,
HBR01_97060-159-159,12,0,23.666666666666668,,73.0,
HBR01_A155-155-155,12,0,24.666666666666668,,76.0,
HBR01_B146_146_146,12,0,16.833333333333332,,40.0,
HBR01_89020-180-180,12,0,-1.0,,-1.0,
HBR01_97120-148-148,12,0,31.0,,67.0,
HBR01_196B-196-196,12,0,24.0,,74.0,
HBR01_B1580350_1580350,24,0,11.5,,74.0,
HBR01_159-97060-159,12,0,23.333333333333332,,72.0,
HBR01_B156-156-156,12,0,6.666666666666667,,22.0,
HBR01_B189_189_189,12,0,11.0,,35.0,
HBR01_290B-290-290,12,0,-1.0,,-1.0,
HBR01_181-89020-181,12,0,16.666666666666668,,52.0,
HBR01_97160-97090-175,24,0,17.0,,107.0,
HBR01_97250-182-182,24,0,52.166666666666664,,134.0,
HBR01_A176-176-176,24,0,44.916666666666664,,124.0,
HBR01_154-97190-154,24,0,23.0,,74.0,
HBR01_88060-88050-171,36,0,18.166666666666668,,69.0,
HBR01_158-97060-158,12,0,17.666666666666668,,55.0,
HBR01_B190_190_190,12,0,-1.0,,-1.0,
HBR01_97290-97060-149,12,0,19.0,,59.0,
HBR01_152-97090-152,36,0,17.444444444444443,,64.0,
HBR01_A143-143-143,12,0,28.333333333333332,,87.0,
HBR01_97060-97290-149,24,0,4.583333333333333,,25.0,
HBR01_197-197B-197,12,0,24.333333333333332,,75.0,
HBR01_A146_146_146,24,0,6.166666666666667,,42.0,
HBR01_191A-191-191,48,0,14.916666666666666,,50.0,
HBR01_192A-192-192,24,0,19.0,,65.0,
HBR01_B169-169-169,12,0,27.0,,56.0,
HBR01_180-89020-180,12,0,-1.0,,-1.0,
HBR01_A295_295_295,24,0,2.8333333333333335,,22.0,
HBR01_97020-97160-151,24,0,13.0,,43.0,
HBR01_97090-97160-175,24,0,35.5,,98.0,
HBR01_97060-158-158,24,0,22.916666666666668,,60.0,
HBR01_B291_291_291,24,0,15.916666666666666,,45.0,
HBR01_97120-97020-150,12,0,25.0,,77.0,
HBR01_185n-185z-185,24,0,24.916666666666668,,78.0,
HBR01_197A-197-197,12,0,23.666666666666668,,73.0,
HBR01_A1580350_1580350,24,0,-1.0,,-1.0,
HBR01_161-97120-161,24,0,13.416666666666666,,45.0,
HBR01_84070-142-142,12,0,-1.0,,-1.0,
HBR01_B296_296_296,12,0,17.333333333333332,,54.0,
HBR01_A189_189_189,24,0,11.333333333333334,,50.0,
HBR01_B155-155-155,12,0,25.666666666666668,,79.0,
HBR01_187-187B-187,12,0,29.5,,62.0,
HBR01_89020-181-181,12,0,13.333333333333334,,42.0,
HBR01_92020-145-145,24,0,14.833333333333334,,63.0,
HBR01_187A-187-187,12,0,-1.0,,-1.0,
HBR01_97100-97020-168,12,0,22.333333333333332,,69.0,
HBR01_A586_586_586,12,0,-1.0,,-1.0,
HBR01_195-195B-195,24,0,26.166666666666668,,56.0,
HBR01_A156-156-156,12,0,17.333333333333332,,54.0,
HBR01_A194-194-194,12,0,40.166666666666664,,62.0,
HBR01_95010-91010-144,24,0,-1.0,,-1.0,
HBR01_B147-147-147,12,0,25.0,,53.0,
HBR01_84070-141-141,24,0,22.583333333333332,,63.0,
HBR01_97160-97020-151,24,0,5.333333333333333,,37.0,
HBR01_88050-88060-140,36,0,16.22222222222222,,57.0,
HBR01_142-179-179,24,0,5.5,,38.0,
HBR01_B160-160-160,12,0,-1.0,,-1.0,
HBR01_97190-154-154,12,0,-1.0,,-1.0,
HBR01_145-92020-145,24,0,10.166666666666666,,66.0,
HBR01_185z-185n-185,24,0,10.333333333333334,,67.0,
HBR01_B157-157-157,24,0,-1.0,,-1.0,
PLB05_271740_RI,12,0,22.0,,66.0,
PLB05_277170_LI,12,0,0.0,,0.0,
PLB05_273260_LI,12,0,56.833333333333336,,73.0,
PLB05_295250_RI,24,0,28.333333333333332,,80.0,
PLB05_291150_RI,12,0,0.0,,0.0,
PLB05_595120_LI,12,0,0.0,,0.0,
PLB05_295250_LI,24,0,25.0,,84.0,
PLB05_595150_RI,12,0,0.0,,0.0,
PLB05_277170_RI,12,0,0.0,,0.0,
PLB05_271150_RI,12,0,0.0,,0.0,
PLB05_275360_LI,12,0,44.5,,71.0,
PLB05_273260_RI,12,0,49.833333333333336,,77.0,
PLB05_271150_LI,12,0,0.0,,0.0,
PLB05_595120_RI,12,0,0.0,,0.0,
PLB05_291150_LI,12,0,0.0,,0.0,
PLB05_271740_LI,12,0,46.666666666666664,,59.0,
PLB05_275360_RI,12,0,39.333333333333336,,80.0,
PLB05_595150_LI,12,0,0.0,,0.0,
PFL01_TI157A,12,0,35.666666666666664,,107.0,
PFL01_TI121B,12,0,0.0,,0.0,
PFL01_TI121A,12,0,0.0,,0.0,
PFL01_TI133B,12,0,31.0,,93.0,
PFL01_TI133A,12,0,0.0,,0.0,
PFL01_TI157B,12,0,32.333333333333336,,97.0,
PFL01_TI120A,12,0,30.333333333333332,,91.0,
PFL01_TI132B,12,0,50.833333333333336,,117.0,
PFL01_TI132A,12,0,27.0,,81.0,
PFL01_TI156B,12,0,47.833333333333336,,112.0,
PFL01_TI156A,12,0,58.333333333333336,,91.0,
PFL01_TI120B,12,0,42.0,,84.0,
PFL01_TI135A,24,0,13.5,,81.0,
PFL01_TI159B,12,0,26.333333333333332,,79.0,
PFL01_TI159A,12,0,0.0,,0.0,
PFL01_TI111B,12,0,0.0,,0.0,
PFL01_TI111A,12,0,35.666666666666664,,74.0,
PFL01_TI123B,12,0,38.666666666666664,,79.0,
PFL01_TI123A,12,0,24.0,,72.0,
PFL01_TI135B,24,0,22.666666666666668,,93.0,
PFL01_TI08,36,0,32.888888888888886,,111.0,
PFL01_TI07,36,0,20.77777777777778,,99.0,
PFL01_TI09,12,0,62.166666666666664,,79.0,
PFL01_TI04,24,0,56.583333333333336,,93.0,
PFL01_TI03,24,0,41.333333333333336,,88.0,
PFL01_TI06,24,0,35.416666666666664,,101.0,
PFL01_TI05,24,0,24.0,,66.0,
PFL01_TI11,12,0,28.0,,84.0,
PFL01_TI10,12,0,22.666666666666668,,47.0,
PFL01_TI13,12,0,40.666666666666664,,87.0,
PFL01_TI12,12,0,45.333333333333336,,93.0,
PFL01_TI158B,12,0,30.0,,90.0,
PFL01_TI158A,12,0,25.0,,75.0,
PFL01_TI110B,12,0,32.666666666666664,,98.0,
PFL01_TI110A,12,0,31.333333333333332,,94.0,
PFL01_TI122B,12,0,39.0,,80.0,
PFL01_TI122A,12,0,32.0,,96.0,
PFL01_TI134B,12,0,39.166666666666664,,80.0,
PFL01_TI134A,12,0,35.0,,86.0,
PFL01_TI02,24,0,47.75,,105.0,
PFL01_TI01,24,0,58.083333333333336,,106.0,
PFL01_TI153A,24,0,43.5,,112.0,
PFL01_TI206B,12,0,29.0,,87.0,
PFL01_TI206A,12,0,27.666666666666668,,83.0,
PFL01_TI109B,12,0,27.666666666666668,,83.0,
PFL01_TI109A,12,0,33.333333333333336,,100.0,
PFL01_TI153B,24,0,42.583333333333336,,111.0,
PFL01_TI205B,12,0,39.666666666666664,,85.0,
PFL01_TI205A,12,0,40.5,,83.0,
PFL01_TI108B,12,0,29.666666666666668,,89.0,
PFL01_TI108A,12,0,35.5,,73.0,
PFL01_TI152B,12,0,32.0,,96.0,
PFL01_TI152A,12,0,45.5,,92.0,
PFL01_TI131A,12,0,33.166666666666664,,68.0,
PFL01_TI155B,12,0,21.666666666666668,,65.0,
PFL01_TI155A,12,0,33.5,,76.0,
PFL01_TI208B,12,0,29.0,,87.0,
PFL01_TI208A,12,0,0.0,,0.0,
PFL01_TI131B,12,0,23.333333333333332,,70.0,
PFL01_TI154B,12,0,24.666666666666668,,74.0,
PFL01_TI154A,12,0,26.666666666666668,,80.0,
PFL01_TI207B,12,0,26.666666666666668,,80.0,
PFL01_TI207A,12,0,0.0,,0.0,
PFL01_TI130B,24,0,41.666666666666664,,88.0,
PFL01_TI130A,24,0,31.0,,99.0,
PFL01_TI202B,24,0,35.666666666666664,,91.0,
PFL01_TI202A,24,0,46.0,,97.0,
PFL01_TI105B,12,0,27.333333333333332,,82.0,
PFL01_TI105A,12,0,43.0,,90.0,
PFL01_TI117B,12,0,0.0,,0.0,
PFL01_TI117A,12,0,39.833333333333336,,81.0,
PFL01_TI129B,24,0,25.833333333333332,,82.0,
PFL01_TI69,12,0,25.333333333333332,,76.0,
PFL01_TI129A,24,0,38.083333333333336,,83.0,
PFL01_TI77,12,0,42.5,,87.0,
PFL01_TI76,12,0,50.166666666666664,,79.0,
PFL01_TI78,12,0,41.833333333333336,,86.0,
PFL01_TI73,12,0,61.0,,95.0,
PFL01_TI72,12,0,0.0,,0.0,
PFL01_TI75,12,0,51.666666666666664,,104.0,
PFL01_TI74,12,0,27.0,,81.0,
PFL01_TI71,12,0,25.666666666666668,,77.0,
PFL01_TI70,12,0,25.0,,75.0,
PFL01_TI201A,12,0,24.666666666666668,,74.0,
PFL01_TI104B,12,0,39.333333333333336,,79.0,
PFL01_TI104A,12,0,28.0,,84.0,
PFL01_TI116B,12,0,0.0,,0.0,
PFL01_TI116A,12,0,42.5,,87.0,
PFL01_TI128B,24,0,32.583333333333336,,86.0,
PFL01_TI201B,12,0,26.0,,78.0,
PFL01_TI59,12,0,26.0,,78.0,
PFL01_TI128A,24,0,41.75,,91.0,
PFL01_TI58,12,0,43.666666666666664,,91.0,
PFL01_TI66,12,0,27.0,,81.0,
PFL01_TI65,12,0,26.666666666666668,,80.0,
PFL01_TI68,12,0,0.0,,0.0,
PFL01_TI67,12,0,0.0,,0.0,
PFL01_TI62,24,0,36.0,,117.0,
PFL01_TI61,24,0,15.833333333333334,,95.0,
PFL01_TI64,12,0,27.666666666666668,,83.0,
PFL01_TI63,12,0,31.0,,93.0,
PFL01_TI160A,24,0,40.666666666666664,,106.0,
PFL01_TI60,12,0,0.0,,0.0,
PFL01_TI160B,24,0,44.416666666666664,,96.0,
PFL01_TI204B,24,0,29.5,,102.0,
PFL01_TI204A,24,0,13.333333333333334,,80.0,
PFL01_TI107B,12,0,39.333333333333336,,83.0,
PFL01_TI107A,12,0,40.166666666666664,,88.0,
PFL01_TI119B,12,0,28.0,,84.0,
PFL01_TI119A,12,0,30.666666666666668,,92.0,
PFL01_TI151B,12,0,0.0,,0.0,
PFL01_TI151A,12,0,30.0,,90.0,
PFL01_TI203B,24,0,35.833333333333336,,78.0,
PFL01_TI203A,24,0,26.0,,83.0,
PFL01_TI106B,12,0,29.666666666666668,,89.0,
PFL01_TI106A,12,0,0.0,,0.0,
PFL01_TI150B,12,0,14.0,,42.0,
PFL01_TI150A,12,0,11.0,,33.0,
PFL01_TI113A,24,0,34.0,,89.0,
PFL01_TI125B,24,0,37.833333333333336,,99.0,
PFL01_TI125A,24,0,67.0,,115.0,
PFL01_TI101B,12,0,39.0,,80.0,
PFL01_TI101A,12,0,22.333333333333332,,67.0,
PFL01_TI113B,24,0,40.666666666666664,,91.0,
PFL01_TI29,12,0,30.0,,90.0,
PFL01_TI26,12,0,32.666666666666664,,98.0,
PFL01_TI25,12,0,22.666666666666668,,68.0,
PFL01_TI28,12,0,40.333333333333336,,82.0,
PFL01_TI27,12,0,53.833333333333336,,81.0,
PFL01_TI33,24,0,41.916666666666664,,112.0,
PFL01_TI32,24,0,42.666666666666664,,106.0,
PFL01_TI35,12,0,43.5,,87.0,
PFL01_TI34,24,0,43.833333333333336,,113.0,
PFL01_TI31,24,0,42.333333333333336,,90.0,
PFL01_TI30,12,0,33.0,,99.0,
PFL01_TI124A,24,0,42.583333333333336,,107.0,
PFL01_TI100B,12,0,28.333333333333332,,85.0,
PFL01_TI100A,12,0,39.5,,82.0,
PFL01_TI112B,12,0,31.333333333333332,,94.0,
PFL01_TI112A,12,0,25.666666666666668,,77.0,
PFL01_TI124B,24,0,62.25,,118.0,
PFL01_TI19,12,0,39.166666666666664,,86.0,
PFL01_TI18,12,0,41.166666666666664,,68.0,
PFL01_TI15,12,0,28.0,,84.0,
PFL01_TI14,12,0,45.833333333333336,,93.0,
PFL01_TI17,12,0,34.5,,70.0,
PFL01_TI16,12,0,42.833333333333336,,87.0,
PFL01_TI22,12,0,55.5,,88.0,
PFL01_TI21,12,0,37.333333333333336,,77.0,
PFL01_TI24,12,0,19.0,,57.0,
PFL01_TI23,12,0,32.5,,70.0,
PFL01_TI20,12,0,31.833333333333332,,65.0,
PFL01_TI103B,12,0,28.333333333333332,,85.0,
PFL01_TI103A,12,0,29.666666666666668,,89.0,
PFL01_TI115B,24,0,42.583333333333336,,86.0,
PFL01_TI127B,12,0,0.0,,0.0,
PFL01_TI115A,24,0,38.5,,102.0,
PFL01_TI127A,12,0,30.333333333333332,,91.0,
PFL01_TI200B,12,0,0.0,,0.0,
PFL01_TI200A,12,0,0.0,,0.0,
PFL01_TI48,24,0,15.833333333333334,,95.0,
PFL01_TI47,24,0,57.5,,114.0,
PFL01_TI49,12,0,24.0,,72.0,
PFL01_TI55,12,0,26.666666666666668,,80.0,
PFL01_TI54,12,0,28.0,,84.0,
PFL01_TI57,12,0,25.666666666666668,,77.0,
PFL01_TI56,12,0,39.833333333333336,,81.0,
PFL01_TI51,12,0,39.5,,83.0,
PFL01_TI50,12,0,28.0,,84.0,
PFL01_TI53,12,0,43.166666666666664,,92.0,
PFL01_TI52,12,0,25.666666666666668,,77.0,
PFL01_TI102A,12,0,28.0,,84.0,
PFL01_TI114B,12,0,38.166666666666664,,78.0,
PFL01_TI114A,12,0,27.0,,81.0,
PFL01_TI126B,12,0,25.666666666666668,,77.0,
PFL01_TI126A,12,0,27.666666666666668,,83.0,
PFL01_TI102B,12,0,32.333333333333336,,97.0,
PFL01_TI37,12,0,32.0,,96.0,
PFL01_TI36,12,0,25.666666666666668,,52.0,
PFL01_TI39,12,0,25.0,,75.0,
PFL01_TI38,12,0,50.666666666666664,,103.0,
PFL01_TI44,12,0,62.166666666666664,,97.0,
PFL01_TI43,12,0,34.333333333333336,,103.0,
PFL01_TI46,12,0,34.0,,102.0,
PFL01_TI45,12,0,48.0,,99.0,
PFL01_TI40,12,0,27.0,,81.0,
PFL01_TI42,12,0,0.0,,0.0,
PFL01_TI41,12,0,32.333333333333336,,97.0,
PNH02_PNHTI574r,24,0,0.0,,0.0,
PNH02_PNHTI550r,12,0,27.0,,81.0,
GZS01_ZND_TI1008-B,24,0,23.333333333333332,,72.0,
GZS01_ZND_TI1008-A,24,0,26.166666666666668,,68.0,
PNH02_PNHTI598r,12,0,25.666666666666668,,77.0,
GRT02_MORO_1698_2,36,0,10.055555555555555,,49.0,
PNH02_TI719R,12,0,32.333333333333336,,97.0,
GRT02_MORO_1750_2,36,0,19.88888888888889,,66.0,
RDH01_TI251-B,12,0,1.6666666666666667,,5.0,
GRT02_MORO_1870_2,24,0,17.583333333333332,,44.0,
RDH01_TI251-A,12,0,0.0,,0.0,
PNH02_TI719L,12,0,35.0,,105.0,
GRT02_MORO_1336_2,24,0,14.0,,36.0,
GRT02_MORO_1904_2,12,0,15.333333333333334,,46.0,
RDH01_TI153R,12,0,14.333333333333334,,31.0,
GRT02_MORO_2802_2,12,0,12.0,,36.0,
PNH02_PNHTI573r,24,0,40.916666666666664,,108.0,
RDH01_TI155R,12,0,27.5,,59.0,
RDH01_TI046R,12,0,15.666666666666666,,47.0,
PNH02_PNHTI597r,12,0,0.0,,0.0,
RDH01_TI155L,12,0,0.0,,0.0,
RDH01_TI046L,12,0,22.666666666666668,,50.0,
RDH01_TI209-A,12,0,17.0,,51.0,
GRT02_MORO_1456_2,12,0,6.833333333333333,,15.0,
RDH01_TI209-B,12,0,17.5,,36.0,
RDH01_TI1005-B,12,0,20.333333333333332,,61.0,
RDH01_TI1005-A,12,0,17.666666666666668,,53.0,
GRT02_MORO_1325_2,24,0,16.666666666666668,,52.0,
RDH01_TI023R,12,0,15.333333333333334,,46.0,
PNH02_PNHTI596r,12,0,32.333333333333336,,65.0,
GRT02_MORO_5684_2,24,0,21.833333333333332,,57.0,
PNH02_PNHTI572r,12,0,43.0,,89.0,
RDH01_TI023L,12,0,0.0,,0.0,
GRT02_MORO_1676_2,12,0,35.666666666666664,,72.0,
GRT02_MORO_1071_2,24,0,15.5,,40.0,
GRT02_MORO_1180_2,24,0,21.666666666666668,,48.0,
GRT02_MORO_1007_2,24,0,20.5,,51.0,
RDH01_TI177-B,12,0,0.0,,0.0,
RDH01_TI177-A,12,0,5.333333333333333,,12.0,
GRT02_MORO_1774_2,12,0,22.333333333333332,,48.0,
PNH02_PNHTI595r,12,0,19.0,,57.0,
RDH01_TI024R,12,0,12.666666666666666,,38.0,
PNH02_PNHTI571r,12,0,35.5,,76.0,
GRT02_MORO_1105_2,36,0,30.055555555555557,,68.0,
RDH01_TI024L,12,0,17.0,,36.0,
GRT02_MORO_1082_2,12,0,0.0,,0.0,
RDH01_TI188-A,24,0,8.5,,51.0,
GRT02_MORO_1347_2,12,0,16.666666666666668,,50.0,
RDH01_TI188-B,24,0,21.833333333333332,,72.0,
PNH02_PNHTI530r,24,0,30.416666666666668,,75.0,
RDH01_TI025R,12,0,0.0,,0.0,
GRT02_MORO_5664_2,12,0,15.0,,45.0,
RDH01_TI158R,12,0,30.5,,62.0,
PNH02_PNHTI578r,12,0,0.0,,0.0,
PNH02_PNHTI554r,24,0,46.333333333333336,,85.0,
RDH01_TI025L,12,0,20.333333333333332,,61.0,
GRT02_MORO_1401_2,24,0,15.166666666666666,,41.0,
GRT02_MORO_1804_2,12,0,22.333333333333332,,46.0,
RDH01_TI158L,12,0,19.0,,57.0,
PNH02_TI714R,12,0,16.333333333333332,,49.0,
PNH02_TI715R,12,0,41.166666666666664,,83.0,
PNH02_TI715L,12,0,41.166666666666664,,85.0,
RDH01_TI253-B,12,0,17.5,,39.0,
RDH01_TI253-A,12,0,18.833333333333332,,39.0,
GRT02_MORO_1798_2,12,0,24.666666666666668,,50.0,
PNH02_PNHTI577r,24,0,28.666666666666668,,87.0,
RDH01_TI159R,12,0,16.666666666666668,,50.0,
PNH02_PNHTI553r,24,0,22.75,,56.0,
GRT02_MORO_1293_2,24,0,11.083333333333334,,45.0,
RDH01_TI159L,12,0,23.333333333333332,,51.0,
PNH02_TI716R,12,0,5.166666666666667,,11.0,
RDH01_TI1003-B,12,0,23.666666666666668,,48.0,
RDH01_TI1003-A,12,0,28.166666666666668,,50.0,
PNH02_TI716L,12,0,22.333333333333332,,45.0,
PNH02_PNHTI552r,12,0,29.5,,59.0,
RDH01_TI027R,12,0,12.0,,36.0,
PNH02_PNHTI576r,12,0,27.666666666666668,,83.0,
RDH01_TI027L,12,0,14.0,,42.0,
PNH02_TI717R,12,0,32.666666666666664,,67.0,
RDH01_TI231-B,24,0,20.75,,59.0,
PNH02_TI717L,12,0,35.5,,73.0,
RDH01_TI231-A,24,0,22.75,,60.0,
RDH01_TI179-B,12,0,0.0,,0.0,
RDH01_TI179-A,12,0,21.333333333333332,,64.0,
RDH01_TI113R,12,0,20.5,,43.0,
PNH02_PNHTI599r,12,0,23.0,,69.0,
GRT02_MORO_1621_2,12,0,18.333333333333332,,55.0,
RDH01_TI028R,12,0,0.0,,0.0,
PNH02_PNHTI575r,12,0,35.166666666666664,,71.0,
RDH01_TI113L,12,0,4.166666666666667,,9.0,
RDH01_TI028L,12,0,0.0,,0.0,
PNH02_TI718R,12,0,50.666666666666664,,102.0,
PNH02_TI718L,12,0,48.666666666666664,,107.0,
GZS01_ZND_TI1004-B,24,0,0.0,,0.0,
GZS01_ZND_TI1004-A,24,0,33.416666666666664,,67.0,
RDH01_TI114R,12,0,17.0,,51.0,
GRT02_MORO_1610_2,24,0,18.166666666666668,,44.0,
PNH02_PNHTI534r,24,0,29.666666666666668,,65.0,
PNH02_PNHTI510r,12,0,25.0,,75.0,
GRT02_MORO_1099_2,12,0,8.666666666666666,,18.0,
GRT02_MORO_1053_2,12,0,17.333333333333332,,52.0,
RDH01_TI114L,12,0,16.666666666666668,,50.0,
PNH02_TI710R,12,0,33.666666666666664,,69.0,
GRT02_MORO_1449_2,12,0,13.666666666666666,,41.0,
PNH02_TI734R,12,0,19.333333333333332,,58.0,
PNH02_TI867R,12,0,26.0,,78.0,
PNH02_TI758R,12,0,31.333333333333332,,63.0,
PNH02_TI759R,12,0,19.333333333333332,,58.0,
PNH02_TI711L,12,0,25.0,,75.0,
PNH02_TI735L,12,0,40.5,,84.0,
PNH02_TI868L,12,0,10.333333333333334,,20.0,
PNH02_TI759L,12,0,34.333333333333336,,71.0,
PNH02_PNHTI533r,12,0,60.166666666666664,,75.0,
GRT02_MORO_1064_2,36,0,25.22222222222222,,72.0,
PNH02_PNHTI557r,12,0,34.333333333333336,,53.0,
PNH02_TI711R,12,0,35.833333333333336,,74.0,
PNH02_TI735R,12,0,29.0,,87.0,
PNH02_TI868R,12,0,20.666666666666668,,62.0,
PNH02_TI869R,24,0,47.833333333333336,,86.0,
PNH02_TI712L,12,0,35.666666666666664,,72.0,
RDH01_TI1001-B,12,0,18.666666666666668,,56.0,
RDH01_TI220-B,12,0,13.0,,39.0,
PNH02_TI736L,12,0,28.333333333333332,,85.0,
PNH02_TI869L,24,0,43.916666666666664,,96.0,
GRT02_MORO_1911_2,48,0,7.666666666666667,,48.0,
GRT02_MORO_2105_2,24,0,21.666666666666668,,68.0,
RDH01_TI1001-A,12,0,17.333333333333332,,52.0,
GRT02_MORO_1380_2,24,0,0.0,,0.0,
RDH01_TI220-A,12,0,18.5,,41.0,
PNH02_PNHTI556r,12,0,47.833333333333336,,73.0,
RDH01_TI007R,12,0,24.666666666666668,,74.0,
PNH02_PNHTI532r,24,0,36.5,,81.0,
RDH01_TI007L,12,0,0.0,,0.0,
GRT02_MORO_1427_2,24,0,25.5,,89.0,
PNH02_TI712R,12,0,35.666666666666664,,73.0,
PNH02_TI736R,12,0,69.16666666666667,,91.0,
PNH02_TI737R,12,0,42.166666666666664,,86.0,
GRT02_MORO_4006_2,12,0,18.333333333333332,,55.0,
PNH02_TI713L,12,0,27.0,,81.0,
PNH02_TI737L,12,0,40.5,,82.0,
PNH02_TI1021-L,12,0,32.833333333333336,,71.0,
PNH02_TI1021-R,12,0,29.333333333333332,,53.0,
PNH02_PNHTI555r,24,0,16.0,,37.0,
PNH02_PNHTI531r,24,0,25.833333333333332,,83.0,
PNH02_PNHTI579r,12,0,0.0,,0.0,
PNH02_TI713R,12,0,37.333333333333336,,78.0,
GRT02_MORO_1669_2,12,0,28.166666666666668,,62.0,
PNH02_TI738R,12,0,23.666666666666668,,71.0,
RDH01_TI244-B,12,0,19.666666666666668,,59.0,
PNH02_TI714L,12,0,18.333333333333332,,55.0,
RDH01_TI244-A,12,0,28.333333333333332,,58.0,
PNH02_TI738L,12,0,23.0,,69.0,
PNH02_TI1010-L,24,0,48.416666666666664,,106.0,
PNH02_TI1010-R,24,0,44.833333333333336,,113.0,
GRT02_MORO_1979_2,12,0,0.0,,0.0,
GZS01_ZND_TI1006-A,12,0,14.0,,42.0,
GZS01_ZND_TI1006-B,12,0,19.333333333333332,,44.0,
PNH02_PNHTI538r,12,0,23.333333333333332,,70.0,
PNH02_TI730R,12,0,54.166666666666664,,88.0,
PNH02_TI863R,12,0,23.0,,69.0,
PNH02_PNHTI514r,24,0,21.833333333333332,,55.0,
PNH02_TI887R,12,0,24.833333333333332,,56.0,
PNH02_TI730L,12,0,41.333333333333336,,83.0,
PNH02_TI731L,12,0,22.333333333333332,,67.0,
PNH02_TI864L,24,0,28.833333333333332,,77.0,
PNH02_TI888L,12,0,15.0,,45.0,
PNH02_TI1001-L,12,0,28.333333333333332,,85.0,
GRT02_MORO_1164_2,24,0,5.666666666666667,,34.0,
GRT02_MORO_1503_2,36,0,9.88888888888889,,45.0,
PNH02_TI1001-R,12,0,49.166666666666664,,77.0,
GRT02_MORO_1601_2,12,0,17.666666666666668,,53.0,
GRT02_MORO_1811_2,12,0,16.666666666666668,,50.0,
PNH02_PNHTI537r,12,0,37.5,,86.0,
PNH02_PNHTI513r,12,0,51.333333333333336,,82.0,
PNH02_TI731R,12,0,20.666666666666668,,62.0,
PNH02_TI864R,24,0,35.333333333333336,,82.0,
PNH02_TI888R,12,0,21.166666666666668,,45.0,
PNH02_TI732L,12,0,29.333333333333332,,63.0,
PNH02_TI865L,12,0,20.333333333333332,,45.0,
RDH01_TI222-A,24,0,22.916666666666668,,55.0,
RDH01_TI222-B,24,0,14.166666666666666,,55.0,
GRT02_MORO_1199_2,24,0,8.166666666666666,,26.0,
GRT02_MORO_1153_2,24,0,34.583333333333336,,75.0,
GRT02_MORO_1822_2,12,0,18.0,,54.0,
PNH02_PNHTI512r,12,0,37.5,,75.0,
PNH02_PNHTI536r,12,0,22.333333333333332,,67.0,
PNH02_TI732R,12,0,37.333333333333336,,75.0,
PNH02_TI865R,12,0,16.666666666666668,,50.0,
PNH02_TI733L,12,0,0.0,,0.0,
GRT02_MORO_4008_2,12,0,8.5,,19.0,
PNH02_TI866L,12,0,15.333333333333334,,46.0,
PNH02_TI757L,24,0,34.333333333333336,,89.0,
GRT02_MORO_1318_2,12,0,12.333333333333334,,37.0,
GRT02_MORO_1395_2,36,0,12.11111111111111,,59.0,
PNH02_PNHTI559r,12,0,16.833333333333332,,36.0,
PNH02_PNHTI535r,12,0,35.666666666666664,,80.0,
GRT02_MORO_5342_2,48,0,14.0,,43.0,
PNH02_TI733R,12,0,27.0,,81.0,
PNH02_TI866R,12,0,34.166666666666664,,72.0,
PNH02_TI757R,24,0,41.416666666666664,,79.0,
PNH02_TI710L,12,0,19.0,,57.0,
PNH02_TI734L,12,0,29.166666666666668,,61.0,
PNH02_TI867L,12,0,41.0,,83.0,
PNH02_TI758L,12,0,21.0,,63.0,
PNH02_TI1012-L,24,0,65.41666666666667,,108.0,
GRT02_MORO_1175_2,24,0,19.083333333333332,,50.0,
PNH02_TI1012-R,24,0,52.25,,113.0,
GRT02_MORO_1769_2,12,0,26.333333333333332,,56.0,
PNH02_PNHTI509,12,0,30.833333333333332,,68.0,
GRT02_MORO_1592_2,36,0,11.555555555555555,,50.0,
PNH02_PNHTI507,36,0,28.333333333333332,,97.0,
PNH02_TI871R,36,0,47.44444444444444,,93.0,
PNH02_PNHTI603r,12,0,25.166666666666668,,55.0,
PNH02_TI895R,24,0,30.583333333333332,,59.0,
PNH02_TI871L,24,0,28.5,,89.0,
GRT02_MORO_1241_2,24,0,7.0,,24.0,
PNH02_PNHTI518r,24,0,0.0,,0.0,
PNH02_TI895L,24,0,19.5,,60.0,
GRT02_MORO_4014_2,12,0,11.333333333333334,,34.0,
PNH02_TI896L,24,0,19.333333333333332,,49.0,
PNH02_PNHTI501,24,0,31.333333333333332,,87.0,
PNH02_PNHTI502,12,0,15.333333333333334,,46.0,
PNH02_TI851-Rb,12,0,24.666666666666668,,74.0,
PNH02_TI1003-L,12,0,38.5,,80.0,
PNH02_PNHTI505,24,0,35.083333333333336,,90.0,
PNH02_TI1003-R,12,0,45.666666666666664,,80.0,
PNH02_PNHTI503,24,0,28.583333333333332,,70.0,
PNH02_PNHTI504,24,0,35.583333333333336,,93.0,
GRT02_MORO_1878_2,48,0,8.833333333333334,,46.0,
PNH02_TI872R,36,0,41.888888888888886,,91.0,
GRT02_MORO_5527_2,36,0,25.833333333333332,,56.0,
PNH02_TI896R,24,0,21.5,,55.0,
PNH02_PNHTI602r,12,0,0.0,,0.0,
PNH02_PNHTI517r,12,0,36.833333333333336,,74.0,
PNH02_TI872L,24,0,48.5,,94.0,
GRT02_MORO_4003_2,12,0,16.333333333333332,,49.0,
RDH01_TI224-B,12,0,23.0,,50.0,
PNH02_TI897L,12,0,13.833333333333334,,34.0,
GRT02_MORO_1724_2,24,0,14.0,,45.0,
RDH01_TI224-A,12,0,18.666666666666668,,56.0,
GRT02_MORO_1132_2,24,0,17.583333333333332,,47.0,
GRT02_MORO_1408_2,12,0,21.333333333333332,,46.0,
PNH02_PNHTI516r,12,0,24.166666666666668,,53.0,
PNH02_TI873R,36,0,45.55555555555556,,91.0,
PNH02_PNHTI601r,12,0,40.166666666666664,,85.0,
PNH02_TI897R,12,0,21.333333333333332,,64.0,
PNH02_TI873L,24,0,34.25,,84.0,
RDH01_TI237-B,24,0,4.916666666666667,,15.0,
PNH02_TI874L,24,0,27.833333333333332,,90.0,
GRT02_MORO_2042_2,24,0,20.083333333333332,,51.0,
RDH01_TI237-A,12,0,19.833333333333332,,42.0,
GRT02_MORO_1759_2,48,0,13.375,,50.0,
GRT02_MORO_1350_2,12,0,11.333333333333334,,34.0,
PNH02_PNHTI600r,12,0,21.0,,63.0,
PNH02_PNHTI515r,24,0,0.0,,0.0,
PNH02_TI850R,36,0,27.555555555555557,,89.0,
PNH02_TI741R,12,0,26.333333333333332,,79.0,
PNH02_TI874R,24,0,44.0,,94.0,
PNH02_TI898R,24,0,42.583333333333336,,91.0,
GRT02_MORO_1252_2,24,0,15.333333333333334,,48.0,
GZS01_ZND_TI1010-B,12,0,21.666666666666668,,65.0,
PNH02_PNHTI539r,12,0,50.666666666666664,,85.0,
PNH02_TI850L,24,0,30.166666666666668,,63.0,
GZS01_ZND_TI1010-A,12,0,38.833333333333336,,60.0,
PNH02_TI741L,12,0,27.0,,81.0,
PNH02_TI875L,12,0,42.5,,89.0,
PNH02_TI899L,24,0,0.0,,0.0,
RDH01_TI091R,12,0,18.666666666666668,,56.0,
PNH02_TI1014-L,24,0,34.666666666666664,,108.0,
PNH02_TI1014-R,24,0,54.166666666666664,,123.0,
RDH01_TI091L,12,0,0.0,,0.0,
RDH01_TI093L,12,0,14.166666666666666,,32.0,
GRT02_MORO_1341_2,24,0,19.583333333333332,,38.0,
GRT02_MORO_1387_2,48,0,0.0,,0.0,
PNH02_TI1005-R,36,0,66.11111111111111,,112.0,
PNH02_TI891R,12,0,28.0,,60.0,
PNH02_TI891L,12,0,22.666666666666668,,68.0,
PNH02_PNHTI607r,12,0,17.333333333333332,,52.0,
GRT02_MORO_4005_2,12,0,9.0,,27.0,
RDH01_TI092R,12,0,22.666666666666668,,46.0,
PNH02_TI1005-L,36,0,40.111111111111114,,105.0,
RDH01_TI092L,12,0,16.666666666666668,,50.0,
GRT02_MORO_1330_2,24,0,16.333333333333332,,43.0,
GRT02_MORO_1123_2,12,0,0.0,,0.0,
GRT02_MORO_1169_2,24,0,23.5,,70.0,
PNH02_TI892R,12,0,24.333333333333332,,73.0,
PNH02_TI892L,12,0,27.5,,57.0,
PNH02_PNHTI606r,12,0,18.333333333333332,,55.0,
RDH01_TI226-A,24,0,19.916666666666668,,52.0,
GRT02_MORO_1974_2,24,0,7.416666666666667,,18.0,
RDH01_TI226-B,24,0,24.083333333333332,,62.0,
RDH01_TI093R,12,0,11.333333333333334,,34.0,
RDH01_TI071L,24,0,13.166666666666666,,42.0,
GRT02_MORO_1572_2,36,0,3.7222222222222223,,13.0,
GRT02_MORO_1887_2,48,0,18.333333333333332,,70.0,
PNH02_TI760R,12,0,20.0,,60.0,
PNH02_TI893R,12,0,23.666666666666668,,71.0,
GZS01_ZND_TI1001-B,24,0,29.583333333333332,,64.0,
PNH02_TI760L,12,0,21.0,,63.0,
GZS01_ZND_TI1001-A,24,0,18.833333333333332,,61.0,
PNH02_TI893L,12,0,22.666666666666668,,68.0,
PNH02_PNHTI605r,12,0,18.333333333333332,,55.0,
PNH02_TI851-Lc,12,0,35.5,,79.0,
RDH01_TI070R,12,0,0.0,,0.0,
RDH01_TI070L,12,0,0.0,,0.0,
RDH01_TI072L,12,0,18.0,,54.0,
GRT02_MORO_1145_2,24,0,16.166666666666668,,50.0,
PNH02_TI1016-R,24,0,45.916666666666664,,121.0,
PNH02_TI870R,36,0,37.888888888888886,,95.0,
PNH02_TI761R,12,0,17.333333333333332,,52.0,
PNH02_TI894R,12,0,19.666666666666668,,59.0,
PNH02_PNHTI604r,12,0,28.333333333333332,,85.0,
PNH02_PNHTI519r,24,0,39.833333333333336,,102.0,
PNH02_TI870L,36,0,49.27777777777778,,98.0,
PNH02_TI761L,12,0,15.333333333333334,,46.0,
PNH02_TI894L,12,0,23.666666666666668,,48.0,
GRT02_MORO_4016_2,12,0,0.0,,0.0,
GRT02_MORO_1058_2,36,0,29.0,,85.0,
PNH02_TI1016-L,24,0,41.5,,104.0,
RDH01_TI071R,12,0,13.333333333333334,,40.0,
GRT02_MORO_1091_2,12,0,17.666666666666668,,53.0,
PNH02_TI1007-R,48,0,44.75,,123.0,
RDH01_TI073L,12,0,25.5,,51.0,
GRT02_MORO_1550_2,36,0,0.0,,0.0,
GRT02_MORO_4010_2,12,0,17.666666666666668,,53.0,
RDH01_TI217-B,12,0,16.0,,48.0,
GRT02_MORO_1234_2,24,0,0.0,,0.0,
RDH01_TI172-A,24,0,19.416666666666668,,51.0,
RDH01_TI217-A,12,0,19.333333333333332,,58.0,
RDH01_TI172-B,24,0,29.5,,52.0,
GRT02_MORO_1961_2,36,0,11.38888888888889,,44.0,
RDH01_TI072R,12,0,19.0,,57.0,
GRT02_MORO_1739_2,24,0,16.833333333333332,,53.0,
PNH02_TI1007-L,36,0,44.0,,110.0,
RDH01_TI050L,12,0,21.833333333333332,,44.0,
RDH01_TI074L,12,0,12.333333333333334,,37.0,
GRT02_MORO_5569_2,24,0,0.0,,0.0,
GRT02_MORO_1038_2,24,0,19.75,,80.0,
RDH01_TI183-A,24,0,0.0,,0.0,
GRT02_MORO_2079_2,24,0,6.833333333333333,,41.0,
GRT02_MORO_2033_2,12,0,14.666666666666666,,44.0,
RDH01_TI183-B,24,0,0.0,,0.0,
RDH01_TI073R,12,0,16.666666666666668,,50.0,
GRT02_MORO_1321_2,12,0,16.0,,48.0,
GRT02_MORO_1367_2,24,0,7.833333333333333,,47.0,
GRT02_MORO_1919_2,36,0,22.11111111111111,,64.0,
GRT02_MORO_1158_2,24,0,18.333333333333332,,60.0,
GRT02_MORO_1112_2,36,0,27.944444444444443,,70.0,
RDH01_TI051L,12,0,17.0,,51.0,
GRT02_MORO_1256_2,24,0,5.0,,22.0,
GRT02_MORO_5521_2,24,0,17.5,,57.0,
GRT02_MORO_1049_2,24,0,21.25,,54.0,
RDH01_TI050R,12,0,18.333333333333332,,38.0,
RDH01_TI074R,12,0,16.666666666666668,,34.0,
GRT02_MORO_1717_2,12,0,16.166666666666668,,33.0,
PNH02_TI1018-R,24,0,54.75,,133.0,
PNH02_TI890R,12,0,38.666666666666664,,81.0,
PNH02_TI890L,12,0,19.0,,57.0,
RDH01_TI206-B,12,0,16.666666666666668,,50.0,
PNH02_PNHTI608r,24,0,47.083333333333336,,121.0,
GRT02_MORO_1210_2,12,0,12.333333333333334,,37.0,
PNH02_PNHTI609r,24,0,47.583333333333336,,89.0,
RDH01_TI206-A,12,0,17.666666666666668,,53.0,
RDH01_TI051R,12,0,22.666666666666668,,47.0,
PNH02_TI1018-L,12,0,49.166666666666664,,99.0,
PNH02_PNHTI582r,12,0,20.0,,60.0,
RDH01_TI053L,12,0,26.5,,42.0,
GRT02_MORO_1138_2,36,0,8.333333333333334,,27.0,
PNH02_TI1009-R,24,0,52.5,,131.0,
GRT02_MORO_4012_2,12,0,21.833333333333332,,48.0,
RDH01_TI174-A,12,0,14.666666666666666,,32.0,
RDH01_TI174-B,12,0,21.666666666666668,,46.0,
PNH02_TI1009-L,24,0,56.833333333333336,,114.0,
GRT02_MORO_1587_2,12,0,22.833333333333332,,46.0,
RDH01_TI078R,12,0,6.166666666666667,,13.0,
RDH01_TI030L,12,0,23.833333333333332,,50.0,
RDH01_TI163L,12,0,17.333333333333332,,52.0,
RDH01_TI054L,12,0,0.0,,0.0,
GRT02_MORO_1127_2,24,0,9.25,,38.0,
RDH01_TI078L,12,0,17.0,,51.0,
GRT02_MORO_1685_2,24,0,16.333333333333332,,55.0,
GRT02_MORO_4001_2,12,0,19.0,,57.0,
RDH01_TI185-B,24,0,20.833333333333332,,67.0,
GRT02_MORO_1970_2,12,0,5.0,,13.0,
RDH01_TI185-A,24,0,18.5,,56.0,
PNH02_PNHTI581r,12,0,19.0,,57.0,
RDH01_TI053R,12,0,25.5,,56.0,
GRT02_MORO_1598_2,12,0,15.666666666666666,,47.0,
GRT02_MORO_5721_2,24,0,6.833333333333333,,41.0,
GRT02_MORO_1565_2,24,0,14.25,,59.0,
RDH01_TI250-B,12,0,15.666666666666666,,47.0,
RDH01_TI250-A,12,0,4.666666666666667,,10.0,
PNH02_PNHTI580r,12,0,21.666666666666668,,65.0,
RDH01_TI030R,12,0,20.166666666666668,,41.0,
RDH01_TI163R,12,0,20.0,,60.0,
RDH01_TI054R,12,0,19.0,,57.0,
GRT02_MORO_1928_2,60,0,8.433333333333334,,49.0,
GRT02_MORO_5732_2,24,0,8.833333333333334,,53.0,
GRT02_MORO_1016_2,12,0,29.333333333333332,,60.0,
RDH01_TI033R,12,0,7.333333333333333,,22.0,
PNH02_PNHTI562r,12,0,33.0,,99.0,
RDH01_TI033L,12,0,6.0,,18.0,
PNH02_PNHTI586r,24,0,24.833333333333332,,76.0,
GRT02_MORO_1422_2,24,0,27.166666666666668,,88.0,
GRT02_MORO_1829_2,24,0,27.25,,67.0,
GRT02_MORO_1468_2,24,0,6.5,,39.0,
GRT02_MORO_1991_2,24,0,1.8333333333333333,,11.0,
PNH02_TI900R,12,0,23.333333333333332,,70.0,
PNH02_TI707R,12,0,24.333333333333332,,73.0,
PNH02_TI901L,24,0,35.0,,87.0,
RDH01_TI176-A,36,0,21.22222222222222,,46.0,
RDH01_TI176-B,24,0,17.0,,53.0,
PNH02_TI707L,12,0,27.0,,81.0,
PNH02_PNHTI585r,12,0,23.5,,59.0,
RDH01_TI058R,12,0,23.0,,47.0,
PNH02_PNHTI561r,12,0,39.166666666666664,,81.0,
RDH01_TI010L,12,0,0.0,,0.0,
RDH01_TI058L,12,0,17.833333333333332,,36.0,
GRT02_MORO_1204_2,12,0,10.0,,30.0,
PNH02_TI901R,24,0,37.083333333333336,,83.0,
PNH02_PNHTI174,24,0,35.083333333333336,,73.0,
PNH02_PNHTI175,12,0,7.333333333333333,,14.0,
PNH02_PNHTI173,24,0,31.5,,82.0,
PNH02_TI708R,12,0,29.333333333333332,,88.0,
PNH02_PNHTI176,12,0,24.333333333333332,,73.0,
PNH02_TI902L,12,0,0.0,,0.0,
PNH02_TI708L,12,0,65.16666666666667,,85.0,
RDH01_TI011R,12,0,0.0,,0.0,
PNH02_PNHTI584r,12,0,25.0,,75.0,
PNH02_PNHTI560r,12,0,30.666666666666668,,92.0,
RDH01_TI011L,12,0,0.0,,0.0,
GZS01_ZND_TI1007-B,24,0,36.583333333333336,,86.0,
GRT02_MORO_5661_2,12,0,22.166666666666668,,46.0,
GZS01_ZND_TI1007-A,24,0,18.666666666666668,,75.0,
GRT02_MORO_1446_2,12,0,19.833333333333332,,43.0,
PNH02_TI709R,12,0,26.666666666666668,,80.0,
PNH02_TI709L,12,0,27.0,,81.0,
GRT02_MORO_2801_2,36,0,13.722222222222221,,44.0,
RDH01_TI010R,12,0,21.666666666666668,,65.0,
RDH01_TI012R,12,0,0.0,,0.0,
RDH01_TI036R,12,0,9.333333333333334,,20.0,
PNH02_PNHTI583r,12,0,26.333333333333332,,79.0,
RDH01_TI012L,12,0,14.333333333333334,,43.0,
GRT02_MORO_1816_2,12,0,22.0,,47.0,
RDH01_TI036L,12,0,10.5,,22.0,
GRT02_MORO_1411_2,12,0,5.666666666666667,,17.0,
RDH01_TI1004-A,12,0,18.333333333333332,,55.0,
RDH01_TI1004-B,12,0,18.666666666666668,,56.0,
GRT02_MORO_1786_2,24,0,0.0,,0.0,
RDH01_TI146R,12,0,15.0,,45.0,
PNH02_PNHTI566r,24,0,41.833333333333336,,88.0,
RDH01_TI146L,12,0,19.333333333333332,,58.0,
GRT02_MORO_1217_2,24,0,12.5,,39.0,
PNH02_TI727R,12,0,38.666666666666664,,79.0,
PNH02_TI703L,12,0,45.666666666666664,,93.0,
PNH02_TI727L,12,0,41.833333333333336,,86.0,
PNH02_TI1020-L,12,0,33.166666666666664,,71.0,
RDH01_TI230-A,12,0,19.833333333333332,,42.0,
RDH01_TI178-A,12,0,15.333333333333334,,46.0,
RDH01_TI230-B,12,0,21.0,,43.0,
PNH02_TI1020-R,12,0,34.166666666666664,,69.0,
RDH01_TI178-B,12,0,17.0,,33.0,
PNH02_PNHTI541r,12,0,30.833333333333332,,66.0,
RDH01_TI123R,12,0,25.5,,41.0,
PNH02_PNHTI589r,12,0,27.166666666666668,,56.0,
PNH02_PNHTI565r,24,0,34.5,,67.0,
RDH01_TI123L,12,0,15.666666666666666,,47.0,
GRT02_MORO_1435_2,12,0,22.333333333333332,,50.0,
GRT02_MORO_1085_2,12,0,0.0,,0.0,
GRT02_MORO_1666_2,12,0,15.333333333333334,,46.0,
PNH02_TI703R,12,0,28.333333333333332,,85.0,
PNH02_TI704R,12,0,28.333333333333332,,85.0,
PNH02_TI728R,12,0,41.166666666666664,,85.0,
PNH02_TI704L,12,0,44.5,,93.0,
GRT02_MORO_5761_2,12,0,0.0,,0.0,
PNH02_TI728L,12,0,28.0,,84.0,
PNH02_PNHTI540r,12,0,16.666666666666668,,50.0,
GZS01_ZND_TI1009-B,24,0,10.333333333333334,,62.0,
PNH02_PNHTI588r,12,0,0.0,,0.0,
GZS01_ZND_TI1009-A,24,0,25.5,,65.0,
PNH02_PNHTI564r,24,0,35.916666666666664,,77.0,
GRT02_MORO_2037_2,24,0,22.083333333333332,,55.0,
GRT02_MORO_2100_2,24,0,29.166666666666668,,73.0,
GRT02_MORO_1655_2,24,0,0.0,,0.0,
PNH02_TI705R,12,0,25.666666666666668,,54.0,
PNH02_TI729R,12,0,41.0,,87.0,
RDH01_TI254-B,12,0,23.666666666666668,,71.0,
RDH01_TI254-A,12,0,23.666666666666668,,71.0,
PNH02_TI705L,12,0,25.333333333333332,,52.0,
GRT02_MORO_2002_2,24,0,0.0,,0.0,
PNH02_TI729L,12,0,24.333333333333332,,73.0,
PNH02_PNHTI563r,12,0,44.666666666666664,,92.0,
RDH01_TI016R,12,0,11.333333333333334,,34.0,
PNH02_PNHTI587r,12,0,41.166666666666664,,85.0,
GRT02_MORO_2048_2,36,0,23.666666666666668,,57.0,
GRT02_MORO_1228_2,36,0,0.0,,0.0,
RDH01_TI016L,12,0,0.0,,0.0,
GRT02_MORO_1644_2,24,0,22.25,,58.0,
PNH02_PNHTI593,12,0,26.0,,78.0,
PNH02_PNHTI592,12,0,24.166666666666668,,50.0,
PNH02_TI706R,12,0,42.166666666666664,,85.0,
PNH02_PNHTI590,36,0,5.111111111111111,,46.0,
RDH01_TI1002-A,12,0,18.833333333333332,,39.0,
PNH02_PNHTI597,12,0,23.0,,69.0,
PNH02_TI900L,12,0,0.0,,0.0,
RDH01_TI1002-B,12,0,15.333333333333334,,46.0,
PNH02_PNHTI596,12,0,22.333333333333332,,67.0,
PNH02_PNHTI595,12,0,25.666666666666668,,53.0,
PNH02_PNHTI594,24,0,0.0,,0.0,
RDH01_TI167-A,24,0,19.083333333333332,,60.0,
PNH02_TI706L,12,0,29.0,,87.0,
PNH02_PNHTI599,12,0,30.666666666666668,,62.0,
RDH01_TI167-B,24,0,13.416666666666666,,41.0,
PNH02_PNHTI598,12,0,26.333333333333332,,79.0,
GRT02_MORO_1557_2,36,0,0.0,,0.0,
RDH01_TI102R,12,0,17.333333333333332,,52.0,
PNH02_PNHTI522r,12,0,17.333333333333332,,52.0,
GRT02_MORO_1076_2,24,0,19.333333333333332,,51.0,
RDH01_TI102L,12,0,0.0,,0.0,
PNH02_TI722R,12,0,40.0,,80.0,
GRT02_MORO_5726_2,24,0,14.25,,57.0,
PNH02_TI855R,12,0,40.333333333333336,,82.0,
GRT02_MORO_1825_2,12,0,26.166666666666668,,53.0,
PNH02_TI746R,12,0,17.333333333333332,,52.0,
PNH02_TI879R,12,0,22.333333333333332,,46.0,
PNH02_PNHTI582,12,0,26.666666666666668,,80.0,
PNH02_PNHTI581,12,0,29.333333333333332,,62.0,
PNH02_PNHTI580,12,0,22.0,,66.0,
GRT02_MORO_4007_2,12,0,0.0,,0.0,
PNH02_PNHTI586,24,0,29.833333333333332,,74.0,
PNH02_TI856L,12,0,52.0,,89.0,
PNH02_PNHTI585,12,0,15.666666666666666,,47.0,
PNH02_TI747L,12,0,27.0,,81.0,
GRT02_MORO_1731_2,24,0,0.0,,0.0,
RDH01_TI232-A,24,0,0.0,,0.0,
PNH02_PNHTI584,12,0,25.333333333333332,,76.0,
RDH01_TI232-B,24,0,0.0,,0.0,
PNH02_PNHTI583,12,0,34.833333333333336,,70.0,
PNH02_PNHTI589,12,0,27.166666666666668,,55.0,
PNH02_PNHTI588,12,0,0.0,,0.0,
PNH02_PNHTI587,12,0,19.0,,57.0,
GRT02_MORO_1524_2,60,0,8.166666666666666,,40.0,
PNH02_PNHTI545r,12,0,20.666666666666668,,62.0,
RDH01_TI127R,12,0,17.666666666666668,,53.0,
RDH01_TI018R,12,0,15.333333333333334,,46.0,
PNH02_PNHTI521r,12,0,37.166666666666664,,75.0,
PNH02_PNHTI569r,12,0,39.5,,82.0,
RDH01_TI127L,12,0,17.333333333333332,,52.0,
GRT02_MORO_5737_2,24,0,0.0,,0.0,
RDH01_TI018L,12,0,0.0,,0.0,
PNH02_TI856R,12,0,46.0,,70.0,
PNH02_TI747R,12,0,35.333333333333336,,106.0,
PNH02_PNHTI571,12,0,27.333333333333332,,82.0,
PNH02_TI748R,12,0,25.0,,75.0,
PNH02_PNHTI575,12,0,42.333333333333336,,86.0,
PNH02_TI724L,12,0,28.333333333333332,,85.0,
PNH02_TI1011-L,24,0,62.75,,173.0,
PNH02_PNHTI574,24,0,0.0,,0.0,
PNH02_TI857L,12,0,25.0,,56.0,
GRT02_MORO_1720_2,12,0,21.666666666666668,,47.0,
RDH01_TI243-A,24,0,14.916666666666666,,40.0,
PNH02_PNHTI573,24,0,48.583333333333336,,102.0,
PNH02_TI748L,12,0,35.166666666666664,,72.0,
RDH01_TI243-B,24,0,11.833333333333334,,48.0,
PNH02_PNHTI572,12,0,28.666666666666668,,86.0,
PNH02_PNHTI579,12,0,0.0,,0.0,
PNH02_PNHTI578,12,0,0.0,,0.0,
PNH02_PNHTI577,12,0,42.166666666666664,,86.0,
PNH02_PNHTI576,12,0,54.333333333333336,,86.0,
PNH02_TI1011-R,24,0,52.5,,113.0,
GZS01_ZND_TI1003-B,24,0,0.0,,0.0,
GZS01_ZND_TI1003-A,24,0,32.916666666666664,,78.0,
RDH01_TI104R,12,0,18.166666666666668,,38.0,
PNH02_PNHTI520r,24,0,0.0,,0.0,
PNH02_PNHTI568r,24,0,51.666666666666664,,131.0,
RDH01_TI104L,12,0,16.333333333333332,,37.0,
PNH02_TI724R,12,0,44.833333333333336,,96.0,
PNH02_TI857R,12,0,35.666666666666664,,72.0,
PNH02_PNHTI560,12,0,41.166666666666664,,86.0,
PNH02_TI858R,12,0,27.0,,58.0,
PNH02_TI749R,12,0,14.333333333333334,,31.0,
PNH02_TI701L,12,0,18.333333333333332,,55.0,
RDH01_TI256-B,12,0,18.666666666666668,,56.0,
PNH02_PNHTI564,36,0,44.111111111111114,,109.0,
RDH01_TI256-A,12,0,18.0,,54.0,
PNH02_PNHTI563,12,0,43.833333333333336,,88.0,
PNH02_TI725L,12,0,21.666666666666668,,65.0,
PNH02_PNHTI562,12,0,42.0,,84.0,
PNH02_TI858L,12,0,16.666666666666668,,50.0,
PNH02_PNHTI561,12,0,28.333333333333332,,85.0,
PNH02_TI749L,12,0,17.333333333333332,,52.0,
PNH02_PNHTI568,24,0,47.416666666666664,,85.0,
PNH02_PNHTI567,24,0,34.333333333333336,,87.0,
PNH02_PNHTI566,24,0,36.916666666666664,,79.0,
PNH02_PNHTI565,24,0,38.333333333333336,,85.0,
PNH02_PNHTI569,12,0,38.833333333333336,,84.0,
GRT02_MORO_2008_2,24,0,10.75,,43.0,
PNH02_PNHTI567r,24,0,33.416666666666664,,87.0,
PNH02_PNHTI543r,24,0,5.666666666666667,,16.0,
PNH02_TI701R,12,0,27.666666666666668,,56.0,
GRT02_MORO_1415_2,12,0,10.833333333333334,,19.0,
PNH02_TI725R,12,0,19.0,,57.0,
PNH02_TI726R,12,0,31.166666666666668,,74.0,
PNH02_TI859R,24,0,30.166666666666668,,76.0,
GRT02_MORO_1744_2,24,0,6.666666666666667,,40.0,
PNH02_PNHTI553,24,0,22.333333333333332,,79.0,
PNH02_PNHTI552,12,0,18.333333333333332,,55.0,
RDH01_TI1000-A,12,0,26.833333333333332,,55.0,
PNH02_TI726L,12,0,27.0,,81.0,
RDH01_TI1000-B,12,0,31.166666666666668,,66.0,
PNH02_PNHTI550,12,0,28.666666666666668,,86.0,
PNH02_TI859L,24,0,25.166666666666668,,79.0,
PNH02_PNHTI557,12,0,45.5,,70.0,
PNH02_PNHTI556,12,0,14.833333333333334,,23.0,
RDH01_TI169-A,12,0,15.333333333333334,,46.0,
PNH02_PNHTI555,24,0,40.416666666666664,,89.0,
PNH02_PNHTI554,36,0,33.388888888888886,,96.0,
RDH01_TI169-B,12,0,14.333333333333334,,43.0,
PNH02_PNHTI559,12,0,0.0,,0.0,
GRT02_MORO_2017_2,36,0,5.333333333333333,,48.0,
PNH02_PNHTI526r,24,0,42.583333333333336,,94.0,
PNH02_TI851R,24,0,16.0,,96.0,
PNH02_PNHTI502r,12,0,17.333333333333332,,52.0,
PNH02_TI875R,12,0,9.0,,16.0,
GRT02_MORO_1635_2,48,0,0.0,,0.0,
PNH02_TI851L,24,0,35.416666666666664,,97.0,
PNH02_TI852L,36,0,27.666666666666668,,67.0,
PNH02_TI743L,12,0,0.0,,0.0,
PNH02_TI876L,12,0,27.666666666666668,,83.0,
RDH01_TI234-A,12,0,19.0,,57.0,
RDH01_TI234-B,12,0,27.333333333333332,,56.0,
PNH02_PNHTI541,12,0,23.0,,69.0,
GRT02_MORO_1492_2,12,0,14.333333333333334,,39.0,
PNH02_PNHTI540,12,0,52.833333333333336,,75.0,
PNH02_PNHTI545,12,0,20.666666666666668,,62.0,
PNH02_PNHTI543,12,0,42.333333333333336,,65.0,
PNH02_PNHTI548,12,0,23.0,,69.0,
PNH02_PNHTI547,12,0,37.5,,78.0,
GRT02_MORO_1834_2,24,0,24.833333333333332,,63.0,
PNH02_PNHTI501r,24,0,33.333333333333336,,87.0,
GRT02_MORO_1439_2,12,0,15.333333333333334,,46.0,
RDH01_TI107R,12,0,19.0,,57.0,
GRT02_MORO_1043_2,24,0,34.916666666666664,,101.0,
PNH02_TI852R,36,0,28.11111111111111,,71.0,
PNH02_PNHTI525r,24,0,46.5,,102.0,
PNH02_TI743R,12,0,0.0,,0.0,
PNH02_TI876R,12,0,64.16666666666667,,104.0,
RDH01_TI107L,12,0,22.0,,66.0,
PNH02_TI720L,12,0,27.0,,81.0,
PNH02_TI853L,24,0,41.833333333333336,,119.0,
PNH02_TI744L,12,0,22.0,,66.0,
PNH02_TI877L,12,0,24.166666666666668,,49.0,
GRT02_MORO_5574_2,24,0,0.0,,0.0,
PNH02_PNHTI531,24,0,27.5,,98.0,
PNH02_PNHTI530,24,0,39.083333333333336,,87.0,
GRT02_MORO_1308_2,36,0,0.0,,0.0,
PNH02_PNHTI535,12,0,35.333333333333336,,85.0,
PNH02_PNHTI534,24,0,31.916666666666668,,74.0,
PNH02_PNHTI533,12,0,33.0,,67.0,
PNH02_TI1013-L,36,0,44.22222222222222,,105.0,
PNH02_PNHTI532,24,0,37.0,,84.0,
PNH02_PNHTI539,12,0,23.333333333333332,,70.0,
PNH02_TI1013-R,36,0,59.333333333333336,,129.0,
PNH02_PNHTI538,12,0,32.166666666666664,,67.0,
GRT02_MORO_2092_2,24,0,35.0,,72.0,
PNH02_PNHTI537,12,0,23.666666666666668,,71.0,
PNH02_PNHTI536,12,0,31.833333333333332,,64.0,
GZS01_ZND_TI1005-B,24,0,15.833333333333334,,48.0,
GZS01_ZND_TI1005-A,24,0,21.666666666666668,,50.0,
GRT02_MORO_1845_2,24,0,11.666666666666666,,49.0,
PNH02_PNHTI548r,12,0,25.666666666666668,,77.0,
PNH02_PNHTI524r,36,0,32.666666666666664,,88.0,
PNH02_TI720R,12,0,24.333333333333332,,73.0,
GRT02_MORO_1261_2,12,0,21.0,,43.0,
PNH02_TI853R,24,0,44.333333333333336,,96.0,
PNH02_TI744R,12,0,20.333333333333332,,61.0,
PNH02_TI877R,24,0,26.25,,59.0,
PNH02_TI721L,12,0,27.0,,81.0,
PNH02_TI854L,36,0,37.888888888888886,,91.0,
PNH02_TI745L,12,0,12.333333333333334,,37.0,
PNH02_PNHTI520,24,0,0.0,,0.0,
PNH02_TI878L,12,0,0.0,,0.0,
PNH02_TI1000-L,12,0,27.333333333333332,,82.0,
RDH01_TI212-B,12,0,19.0,,57.0,
RDH01_TI212-A,12,0,0.0,,0.0,
PNH02_PNHTI524,36,0,37.5,,97.0,
PNH02_PNHTI523,12,0,25.333333333333332,,54.0,
PNH02_PNHTI522,12,0,18.333333333333332,,55.0,
PNH02_PNHTI521,12,0,25.666666666666668,,77.0,
PNH02_PNHTI528,24,0,6.0,,36.0,
PNH02_PNHTI527,24,0,31.666666666666668,,80.0,
PNH02_PNHTI526,24,0,52.916666666666664,,113.0,
PNH02_TI1000-R,12,0,36.0,,74.0,
PNH02_PNHTI525,24,0,44.5,,101.0,
PNH02_PNHTI519,24,0,44.916666666666664,,94.0,
PNH02_PNHTI518,24,0,0.0,,0.0,
PNH02_PNHTI523r,12,0,18.666666666666668,,56.0,
RDH01_TI109R,12,0,0.0,,0.0,
PNH02_PNHTI547r,12,0,33.666666666666664,,68.0,
PNH02_TI721R,12,0,25.666666666666668,,77.0,
PNH02_TI854R,36,0,42.388888888888886,,92.0,
PNH02_TI745R,12,0,13.333333333333334,,40.0,
PNH02_TI878R,12,0,0.0,,0.0,
RDH01_TI109L,12,0,0.0,,0.0,
PNH02_TI722L,12,0,34.833333333333336,,78.0,
PNH02_TI855L,12,0,53.166666666666664,,81.0,
PNH02_TI746L,12,0,18.333333333333332,,55.0,
PNH02_TI879L,12,0,17.333333333333332,,52.0,
RDH01_TI223-B,12,0,16.333333333333332,,38.0,
RDH01_TI223-A,12,0,18.5,,38.0,
PNH02_PNHTI513,12,0,42.666666666666664,,87.0,
PNH02_PNHTI512,12,0,51.666666666666664,,82.0,
PNH02_PNHTI510,12,0,35.333333333333336,,78.0,
PNH02_PNHTI517,12,0,25.333333333333332,,76.0,
PNH02_PNHTI516,12,0,19.5,,41.0,
PNH02_PNHTI515,24,0,0.0,,0.0,
PNH02_PNHTI514,24,0,30.25,,62.0,
PNH02_TI750R,12,0,51.0,,80.0,
PNH02_TI883R,24,0,22.416666666666668,,56.0,
PNH02_TI750L,12,0,40.833333333333336,,86.0,
PNH02_TI883L,24,0,1.3333333333333333,,8.0,
GRT02_MORO_1264_2,12,0,16.333333333333332,,49.0,
RDH01_TI191-A,12,0,18.5,,38.0,
RDH01_TI236-A,24,0,8.833333333333334,,28.0,
GRT02_MORO_1299_2,48,0,3.3333333333333335,,40.0,
RDH01_TI191-B,12,0,12.0,,36.0,
RDH01_TI236-B,24,0,2.6666666666666665,,16.0,
GRT02_MORO_5820_2,12,0,21.833333333333332,,44.0,
GRT02_MORO_1120_2,12,0,0.0,,0.0,
GRT02_MORO_1649_2,24,0,18.0,,60.0,
PNH02_TI1015-R,24,0,42.083333333333336,,111.0,
GRT02_MORO_1418_2,12,0,10.0,,22.0,
PNH02_PNHTI617,24,0,32.416666666666664,,80.0,
PNH02_TI860R,12,0,9.333333333333334,,31.0,
PNH02_PNHTI505r,24,0,40.833333333333336,,87.0,
PNH02_TI751R,12,0,39.5,,79.0,
PNH02_TI884R,12,0,27.666666666666668,,59.0,
GZS01_ZND_TI1011-B,24,0,27.416666666666668,,67.0,
PNH02_TI860L,12,0,35.0,,71.0,
GZS01_ZND_TI1011-A,24,0,20.5,,68.0,
PNH02_TI751L,12,0,0.0,,0.0,
PNH02_TI884L,12,0,18.333333333333332,,55.0,
PNH02_TI885L,12,0,19.333333333333332,,58.0,
GRT02_MORO_1516_2,36,0,17.666666666666668,,59.0,
GRT02_MORO_1288_2,24,0,12.666666666666666,,41.0,
GRT02_MORO_1953_2,36,0,1.9444444444444444,,15.0,
PNH02_PNHTI612,24,0,37.083333333333336,,76.0,
PNH02_TI1015-L,24,0,49.333333333333336,,106.0,
PNH02_PNHTI611,24,0,38.5,,88.0,
PNH02_PNHTI616,24,0,41.166666666666664,,84.0,
PNH02_PNHTI615,24,0,24.833333333333332,,79.0,
PNH02_PNHTI614,24,0,39.666666666666664,,88.0,
PNH02_PNHTI609,24,0,48.333333333333336,,88.0,
PNH02_PNHTI608,24,0,42.666666666666664,,93.0,
PNH02_PNHTI607,12,0,21.0,,63.0,
PNH02_PNHTI606,12,0,29.333333333333332,,60.0,
PNH02_TI861R,24,0,26.166666666666668,,71.0,
PNH02_PNHTI504r,24,0,45.583333333333336,,113.0,
PNH02_TI752R,12,0,37.333333333333336,,75.0,
PNH02_TI885R,12,0,19.0,,57.0,
GRT02_MORO_4013_2,12,0,13.0,,39.0,
PNH02_PNHTI528r,24,0,0.0,,0.0,
PNH02_TI861L,24,0,32.583333333333336,,74.0,
PNH02_TI752L,12,0,48.166666666666664,,77.0,
PNH02_TI886L,12,0,27.0,,81.0,
GRT02_MORO_2065_2,24,0,31.666666666666668,,102.0,
PNH02_PNHTI601,12,0,35.833333333333336,,75.0,
PNH02_PNHTI600,12,0,20.666666666666668,,48.0,
PNH02_TI1002-L,12,0,45.333333333333336,,70.0,
PNH02_PNHTI605,12,0,35.166666666666664,,71.0,
PNH02_TI1002-R,12,0,40.333333333333336,,86.0,
PNH02_PNHTI604,12,0,24.666666666666668,,74.0,
PNH02_PNHTI603,12,0,33.0,,71.0,
PNH02_PNHTI602,12,0,23.166666666666668,,48.0,
GRT02_MORO_1627_2,36,0,0.0,,0.0,
GRT02_MORO_1373_2,24,0,0.0,,0.0,
PNH02_PNHTI527r,12,0,46.5,,73.0,
PNH02_TI862R,24,0,22.0,,58.0,
PNH02_PNHTI503r,24,0,18.333333333333332,,56.0,
PNH02_TI886R,12,0,25.666666666666668,,77.0,
GRT02_MORO_4002_2,12,0,22.5,,45.0,
PNH02_TI862L,24,0,24.0,,58.0,
RDH01_TI225-B,36,0,18.5,,69.0,
PNH02_TI863L,12,0,33.833333333333336,,69.0,
RDH01_TI225-A,24,0,20.0,,52.0,
GRT02_MORO_1460_2,36,0,17.27777777777778,,48.0,
PNH02_TI887L,12,0,21.166666666666668,,44.0,
GRT02_MORO_2030_2,12,0,22.666666666666668,,48.0,
GRT02_MORO_1691_2,36,0,3.111111111111111,,28.0,
RDH01_TI301-A,12,0,17.333333333333332,,52.0,
GZS01_ZND_TI1002-B,24,0,26.583333333333332,,64.0,
RDH01_TI301-B,12,0,24.5,,50.0,
GZS01_ZND_TI1002-A,24,0,18.75,,48.0,
GRT02_MORO_1616_2,12,0,22.833333333333332,,47.0,
GRT02_MORO_1940_2,72,0,12.166666666666666,,82.0,
GRT02_MORO_1986_2,24,0,6.666666666666667,,40.0,
GRT02_MORO_2085_2,36,0,15.444444444444445,,74.0,
GRT02_MORO_1002_2,24,0,24.666666666666668,,70.0,
GRT02_MORO_1680_2,24,0,0.0,,0.0,
PNH02_PNHTI174r,24,0,28.0,,58.0,
PNH02_TI1017-R,24,0,54.333333333333336,,120.0,
PNH02_TI880R,24,0,37.5,,80.0,
PNH02_TI880L,24,0,41.916666666666664,,97.0,
PNH02_PNHTI509r,12,0,37.0,,78.0,
GRT02_MORO_1605_2,24,0,21.333333333333332,,53.0,
GRT02_MORO_1484_2,36,0,10.666666666666666,,39.0,
GRT02_MORO_1997_2,24,0,7.833333333333333,,47.0,
GRT02_MORO_4017_2,12,0,0.0,,0.0,
GRT02_MORO_1013_2,12,0,28.333333333333332,,57.0,
RDH01_TI081R,12,0,0.0,,0.0,
PNH02_PNHTI173r,24,0,33.416666666666664,,78.0,
PNH02_TI1017-L,24,0,49.666666666666664,,108.0,
RDH01_TI081L,12,0,0.0,,0.0,
RDH01_TI083L,12,0,16.0,,48.0,
PNH02_TI1004-R,24,0,46.416666666666664,,99.0,
PNH02_TI881R,24,0,3.3333333333333335,,15.0,
GRT02_MORO_5350_2,24,0,24.416666666666668,,61.0,
PNH02_TI881L,24,0,42.25,,90.0,
GRT02_MORO_4015_2,12,0,13.0,,39.0,
RDH01_TI171-B,12,0,0.0,,0.0,
RDH01_TI171-A,12,0,15.666666666666666,,47.0,
PNH02_TI1004-L,24,0,44.083333333333336,,92.0,
PNH02_TI882R,12,0,25.666666666666668,,77.0,
PNH02_TI882L,12,0,28.166666666666668,,60.0,
PNH02_PNHTI507r,36,0,8.777777777777779,,79.0,
GRT02_MORO_4004_2,12,0,10.0,,30.0,
GRT02_MORO_1497_2,36,0,11.333333333333334,,54.0,
GRT02_MORO_2074_2,24,0,8.75,,36.0,
RDH01_TI083R,12,0,17.666666666666668,,53.0,
RDH01_TI061L,12,0,0.0,,0.0,
GRT02_MORO_1780_2,36,0,0.0,,0.0,
GRT02_MORO_1840_2,24,0,20.0,,63.0,
GRT02_MORO_1509_2,24,0,18.0,,60.0,
PNH02_PNHTI590r,12,0,27.833333333333332,,57.0,
RDH01_TI062L,12,0,19.666666666666668,,59.0,
PNH02_TI1019-R,12,0,41.166666666666664,,83.0,
GRT02_MORO_1851_2,60,0,21.266666666666666,,68.0,
GRT02_MORO_1246_2,24,0,18.25,,47.0,
GRT02_MORO_2056_2,48,0,22.666666666666668,,60.0,
RDH01_TI061R,12,0,0.0,,0.0,
PNH02_TI1019-L,12,0,53.5,,83.0,
PNH02_TI1006-R,36,0,55.111111111111114,,123.0,
PNH02_PNHTI176r,12,0,24.666666666666668,,74.0,
GRT02_MORO_1442_2,12,0,22.833333333333332,,48.0,
RDH01_TI148,12,0,0.0,,0.0,
RDH01_TI173-B,24,0,6.833333333333333,,41.0,
RDH01_TI173-A,24,0,15.0,,54.0,
GRT02_MORO_2023_2,24,0,0.0,,0.0,
GRT02_MORO_1660_2,24,0,0.0,,0.0,
RDH01_TI062R,12,0,18.333333333333332,,55.0,
PNH02_TI1006-L,24,0,47.333333333333336,,105.0,
GRT02_MORO_1907_2,12,0,16.666666666666668,,50.0,
RDH01_TI088R,12,0,15.666666666666666,,47.0,
PNH02_PNHTI175r,12,0,23.333333333333332,,70.0,
RDH01_TI088L,12,0,17.333333333333332,,52.0,
GRT02_MORO_1793_2,12,0,24.0,,48.0,
GRT02_MORO_2069_2,12,0,18.5,,38.0,
RDH01_TI229-B,12,0,21.333333333333332,,64.0,
RDH01_TI229-A,24,0,15.416666666666666,,66.0,
GRT02_MORO_1453_2,12,0,8.333333333333334,,19.0,
GRT02_MORO_1222_2,24,0,18.666666666666668,,41.0,
GRT02_MORO_5764_2,12,0,0.0,,0.0,
RDH01_TI184-A,24,0,14.25,,42.0,
RDH01_TI184-B,24,0,13.166666666666666,,41.0,
RDH01_TI041L,12,0,14.0,,42.0,
PNH02_PNHTI594r,24,0,0.0,,0.0,
GRT02_MORO_1673_2,12,0,16.333333333333332,,49.0,
GRT02_MORO_1213_2,12,0,12.333333333333334,,37.0,
RDH01_TI197-A,12,0,22.0,,66.0,
RDH01_TI197-B,12,0,29.333333333333332,,60.0,
GRT02_MORO_1982_2,12,0,0.0,,0.0,
GRT02_MORO_2800_2,12,0,17.333333333333332,,52.0,
PNH02_PNHTI593r,12,0,22.0,,66.0,
GRT02_MORO_1895_2,36,0,19.444444444444443,,64.0,
RDH01_TI207-A,12,0,41.833333333333336,,68.0,
GRT02_MORO_1477_2,36,0,15.444444444444445,,56.0,
RDH01_TI207-B,12,0,28.333333333333332,,58.0,
RDH01_TI041R,12,0,23.666666666666668,,39.0,
RDH01_TI067R,24,0,15.833333333333334,,49.0,
RDH01_TI152L,12,0,29.333333333333332,,88.0,
GRT02_MORO_1860_2,48,0,27.083333333333332,,72.0,
PNH02_TI1008-R,24,0,60.833333333333336,,120.0,
RDH01_TI067L,12,0,15.333333333333334,,46.0,
GRT02_MORO_4011_2,12,0,15.666666666666666,,47.0,
GRT02_MORO_1807_2,12,0,22.0,,50.0,
PNH02_TI1008-L,24,0,48.0,,107.0,
PNH02_PNHTI592r,12,0,37.5,,75.0,
GRT02_MORO_5679_2,24,0,16.5,,51.0,
RDH01_TI153L,12,0,11.5,,26.0,
GRT02_MORO_4000_2,12,0,17.0,,51.0,
RDH01_TI186-A,24,0,22.083333333333332,,56.0,
RDH01_TI186-B,24,0,14.833333333333334,,47.0,
RDH01_TI152R,12,0,22.666666666666668,,68.0,
GAD02_Amstd_31_0,24,0,20.0,,57.0,
GAD02_Amstd_31_2,24,0,14.833333333333334,,49.0,
GAD02_Amstd_33_0,24,0,-1.0,,-1.0,
GAD02_Amstd_33_2,24,0,-1.0,,-1.0,
GAD02_Amstd_34_0,24,0,34.416666666666664,,86.0,
GAD02_Amstd_34_2,24,0,32.75,,82.0,
